[2026/05/19 08:41:38.423047,  5, pid=3900001, effective(0, 0), real(0, 0)] lib/util/debug.c:931(debug_dump_status)
  INFO: Current debug levels:
    all: 10
    tdb: 10
    printdrivers: 10
    lanman: 10
    smb: 10
    rpc_parse: 10
    rpc_srv: 10
    rpc_cli: 10
    passdb: 10
    sam: 10
    auth: 10
    winbind: 10
    vfs: 10
    idmap: 10
    quota: 10
    acls: 10
    locking: 10
    msdfs: 10
    dmapi: 10
    registry: 10
    scavenger: 10
    dns: 10
    ldb: 10
    tevent: 10
    auth_audit: 10
    auth_json_audit: 10
    kerberos: 10
    drs_repl: 10
    smb2: 10
    smb2_credits: 10
    dsdb_audit: 10
    dsdb_json_audit: 10
    dsdb_password_audit: 10
    dsdb_password_json_audit: 10
    dsdb_transaction_audit: 10
    dsdb_transaction_json_audit: 10
    dsdb_group_audit: 10
    dsdb_group_json_audit: 10
[2026/05/19 08:41:38.423259,  6, pid=3900001, effective(0, 0), real(0, 0)] source3/param/loadparm.c:2398(lp_file_list_changed)
  lp_file_list_changed()
  file /etc/samba/smb.conf -> /etc/samba/smb.conf  last mod_time: 2026-05-19 08:41:14.148744459
[2026/05/19 08:41:38.423316,  3, pid=3900001, effective(0, 0), real(0, 0), class=locking] source3/smbd/smb2_oplock.c:1408(init_oplocks)
  init_oplocks: initializing messages.
[2026/05/19 08:41:38.423334,  5, pid=3900001, effective(0, 0), real(0, 0)] source3/lib/messages.c:711(messaging_register)
  Registering messaging pointer for type 774 - private_data=0x6087dc1755e0
[2026/05/19 08:41:38.423354,  5, pid=3900001, effective(0, 0), real(0, 0)] source3/lib/messages.c:711(messaging_register)
  Registering messaging pointer for type 778 - private_data=0x6087dc1755e0
[2026/05/19 08:41:38.423372,  5, pid=3900001, effective(0, 0), real(0, 0)] source3/lib/messages.c:711(messaging_register)
  Registering messaging pointer for type 770 - private_data=0x6087dc1755e0
[2026/05/19 08:41:38.423390,  5, pid=3900001, effective(0, 0), real(0, 0)] source3/lib/messages.c:711(messaging_register)
  Registering messaging pointer for type 801 - private_data=0x6087dc1755e0
[2026/05/19 08:41:38.423408,  5, pid=3900001, effective(0, 0), real(0, 0)] source3/lib/messages.c:711(messaging_register)
  Registering messaging pointer for type 787 - private_data=0x6087dc1755e0
[2026/05/19 08:41:38.423432,  5, pid=3900001, effective(0, 0), real(0, 0)] source3/lib/messages.c:711(messaging_register)
  Registering messaging pointer for type 779 - private_data=0x6087dc1755e0
[2026/05/19 08:41:38.423451,  5, pid=3900001, effective(0, 0), real(0, 0)] source3/lib/messages.c:711(messaging_register)
  Registering messaging pointer for type 15 - private_data=(nil)
[2026/05/19 08:41:38.423469,  5, pid=3900001, effective(0, 0), real(0, 0)] source3/lib/messages.c:727(messaging_register)
  Overriding messaging pointer for type 15 - private_data=(nil)
[2026/05/19 08:41:38.423486,  5, pid=3900001, effective(0, 0), real(0, 0)] source3/lib/messages.c:759(messaging_deregister)
  Deregistering messaging pointer for type 16 - private_data=(nil)
[2026/05/19 08:41:38.423504,  5, pid=3900001, effective(0, 0), real(0, 0)] source3/lib/messages.c:711(messaging_register)
  Registering messaging pointer for type 16 - private_data=0x6087dc1755e0
[2026/05/19 08:41:38.423522,  5, pid=3900001, effective(0, 0), real(0, 0)] source3/lib/messages.c:759(messaging_deregister)
  Deregistering messaging pointer for type 33 - private_data=0x6087dc15d5b0
[2026/05/19 08:41:38.423540,  5, pid=3900001, effective(0, 0), real(0, 0)] source3/lib/messages.c:711(messaging_register)
  Registering messaging pointer for type 33 - private_data=0x6087dc1755e0
[2026/05/19 08:41:38.423558,  5, pid=3900001, effective(0, 0), real(0, 0)] source3/lib/messages.c:759(messaging_deregister)
  Deregistering messaging pointer for type 790 - private_data=(nil)
[2026/05/19 08:41:38.423575,  5, pid=3900001, effective(0, 0), real(0, 0)] source3/lib/messages.c:711(messaging_register)
  Registering messaging pointer for type 790 - private_data=0x6087dc1755e0
[2026/05/19 08:41:38.423593,  5, pid=3900001, effective(0, 0), real(0, 0)] source3/lib/messages.c:759(messaging_deregister)
  Deregistering messaging pointer for type 791 - private_data=(nil)
[2026/05/19 08:41:38.423618,  5, pid=3900001, effective(0, 0), real(0, 0)] source3/lib/messages.c:759(messaging_deregister)
  Deregistering messaging pointer for type 1 - private_data=(nil)
[2026/05/19 08:41:38.423637,  5, pid=3900001, effective(0, 0), real(0, 0)] source3/lib/messages.c:711(messaging_register)
  Registering messaging pointer for type 1 - private_data=(nil)
[2026/05/19 08:41:38.423657, 10, pid=3900001, effective(0, 0), real(0, 0)] source3/lib/util_event.c:100(event_add_idle)
  event_add_idle: idle_evt(keepalive) 0x6087dc161660
[2026/05/19 08:41:38.423676, 10, pid=3900001, effective(0, 0), real(0, 0)] source3/lib/util_event.c:100(event_add_idle)
  event_add_idle: idle_evt(deadtime) 0x6087dc1621b0
[2026/05/19 08:41:38.423695, 10, pid=3900001, effective(0, 0), real(0, 0)] source3/lib/util_event.c:100(event_add_idle)
  event_add_idle: idle_evt(housekeeping) 0x6087dc173390
[2026/05/19 08:41:38.423774, 10, pid=3900001, effective(0, 0), real(0, 0)] source3/lib/util_sock.c:180(read_smb_length_return_keepalive)
  got smb length of 47
[2026/05/19 08:41:38.423800,  6, pid=3900001, effective(0, 0), real(0, 0)] source3/smbd/smb2_process.c:574(process_smb)
  got message type 0x0 of len 0x2f
[2026/05/19 08:41:38.423830,  3, pid=3900001, effective(0, 0), real(0, 0)] source3/smbd/smb2_process.c:576(process_smb)
  Transaction 0 of length 51 (0 toread)
[2026/05/19 08:41:38.423862,  5, pid=3900001, effective(0, 0), real(0, 0)] source3/lib/util.c:150(show_msg)
  size=47
  smb_com=0x72
  smb_rcls=0
  smb_reh=0
  smb_err=0
  smb_flg=0
  smb_flg2=51201
  smb_tid=0
  smb_pid=16799
  smb_uid=0
  smb_mid=1
  smt_wct=0
  smb_bcc=12
[2026/05/19 08:41:38.423937, 10, pid=3900001, effective(0, 0), real(0, 0)] lib/util/util.c:578(dump_data)
  [0000] 02 4E 54 20 4C 4D 20 30   2E 31 32 00               .NT LM 0 .12.
[2026/05/19 08:41:38.423973,  3, pid=3900001, effective(0, 0), real(0, 0)] source3/smbd/smb1_process.c:1112(switch_message)
  switch message SMBnegprot (pid 3900001) conn 0x0
[2026/05/19 08:41:38.424020,  4, pid=3900001, effective(0, 0), real(0, 0)] source3/smbd/sec_ctx.c:317(set_sec_ctx_internal)
  setting sec ctx (0, 0) - sec_ctx_stack_ndx = 0
[2026/05/19 08:41:38.424056,  5, pid=3900001, effective(0, 0), real(0, 0)] libcli/security/security_token.c:49(security_token_debug)
  Security token: (NULL)
[2026/05/19 08:41:38.424091,  5, pid=3900001, effective(0, 0), real(0, 0)] source3/auth/token_util.c:873(debug_unix_user_token)
  UNIX token of user 0
  Primary group is 0 and contains 0 supplementary groups
[2026/05/19 08:41:38.424139,  5, pid=3900001, effective(0, 0), real(0, 0)] source3/smbd/uid.c:494(smbd_change_to_root_user)
  change_to_root_user: now uid=(0,0) gid=(0,0)
[2026/05/19 08:41:38.425526,  3, pid=3900001, effective(0, 0), real(0, 0)] source3/smbd/smb1_negprot.c:545(reply_negprot)
  Requested protocol [NT LM 0.12]
[2026/05/19 08:41:38.425578, 10, pid=3900001, effective(0, 0), real(0, 0)] source3/lib/util.c:1082(set_remote_arch)
  set_remote_arch: Client arch is 'CIFSFS'
[2026/05/19 08:41:38.425627,  5, pid=3900001, effective(0, 0), real(0, 0)] lib/util/debug.c:931(debug_dump_status)
  INFO: Current debug levels:
    all: 10
    tdb: 10
    printdrivers: 10
    lanman: 10
    smb: 10
    rpc_parse: 10
    rpc_srv: 10
    rpc_cli: 10
    passdb: 10
    sam: 10
    auth: 10
    winbind: 10
    vfs: 10
    idmap: 10
    quota: 10
    acls: 10
    locking: 10
    msdfs: 10
    dmapi: 10
    registry: 10
    scavenger: 10
    dns: 10
    ldb: 10
    tevent: 10
    auth_audit: 10
    auth_json_audit: 10
    kerberos: 10
    drs_repl: 10
    smb2: 10
    smb2_credits: 10
    dsdb_audit: 10
    dsdb_json_audit: 10
    dsdb_password_audit: 10
    dsdb_password_json_audit: 10
    dsdb_transaction_audit: 10
    dsdb_transaction_json_audit: 10
    dsdb_group_audit: 10
    dsdb_group_json_audit: 10
[2026/05/19 08:41:38.425820,  6, pid=3900001, effective(0, 0), real(0, 0)] source3/param/loadparm.c:2398(lp_file_list_changed)
  lp_file_list_changed()
  file /etc/samba/smb.conf -> /etc/samba/smb.conf  last mod_time: 2026-05-19 08:41:14.148744459
[2026/05/19 08:41:38.425905,  5, pid=3900001, effective(0, 0), real(0, 0)] lib/util/debug.c:931(debug_dump_status)
  INFO: Current debug levels:
    all: 10
    tdb: 10
    printdrivers: 10
    lanman: 10
    smb: 10
    rpc_parse: 10
    rpc_srv: 10
    rpc_cli: 10
    passdb: 10
    sam: 10
    auth: 10
    winbind: 10
    vfs: 10
    idmap: 10
    quota: 10
    acls: 10
    locking: 10
    msdfs: 10
    dmapi: 10
    registry: 10
    scavenger: 10
    dns: 10
    ldb: 10
    tevent: 10
    auth_audit: 10
    auth_json_audit: 10
    kerberos: 10
    drs_repl: 10
    smb2: 10
    smb2_credits: 10
    dsdb_audit: 10
    dsdb_json_audit: 10
    dsdb_password_audit: 10
    dsdb_password_json_audit: 10
    dsdb_transaction_audit: 10
    dsdb_transaction_json_audit: 10
    dsdb_group_audit: 10
    dsdb_group_json_audit: 10
[2026/05/19 08:41:38.426088,  6, pid=3900001, effective(0, 0), real(0, 0)] source3/param/loadparm.c:2398(lp_file_list_changed)
  lp_file_list_changed()
  file /etc/samba/smb.conf -> /etc/samba/smb.conf  last mod_time: 2026-05-19 08:41:14.148744459
[2026/05/19 08:41:38.426176,  5, pid=3900001, effective(0, 0), real(0, 0), class=auth] source3/auth/auth.c:575(make_auth3_context_for_ntlm)
  make_auth3_context_for_ntlm: Making default auth method list for server role = 'standalone server', encrypt passwords = yes
[2026/05/19 08:41:38.426214,  5, pid=3900001, effective(0, 0), real(0, 0), class=auth] source3/auth/auth.c:52(smb_register_auth)
  Attempting to register auth backend anonymous
[2026/05/19 08:41:38.426240,  5, pid=3900001, effective(0, 0), real(0, 0), class=auth] source3/auth/auth.c:64(smb_register_auth)
  Successfully added auth method 'anonymous'
[2026/05/19 08:41:38.426259,  5, pid=3900001, effective(0, 0), real(0, 0), class=auth] source3/auth/auth.c:52(smb_register_auth)
  Attempting to register auth backend sam
[2026/05/19 08:41:38.426277,  5, pid=3900001, effective(0, 0), real(0, 0), class=auth] source3/auth/auth.c:64(smb_register_auth)
  Successfully added auth method 'sam'
[2026/05/19 08:41:38.426295,  5, pid=3900001, effective(0, 0), real(0, 0), class=auth] source3/auth/auth.c:52(smb_register_auth)
  Attempting to register auth backend sam_ignoredomain
[2026/05/19 08:41:38.426327,  5, pid=3900001, effective(0, 0), real(0, 0), class=auth] source3/auth/auth.c:64(smb_register_auth)
  Successfully added auth method 'sam_ignoredomain'
[2026/05/19 08:41:38.426346,  5, pid=3900001, effective(0, 0), real(0, 0), class=auth] source3/auth/auth.c:52(smb_register_auth)
  Attempting to register auth backend sam_netlogon3
[2026/05/19 08:41:38.426363,  5, pid=3900001, effective(0, 0), real(0, 0), class=auth] source3/auth/auth.c:64(smb_register_auth)
  Successfully added auth method 'sam_netlogon3'
[2026/05/19 08:41:38.426381,  5, pid=3900001, effective(0, 0), real(0, 0), class=auth] source3/auth/auth.c:52(smb_register_auth)
  Attempting to register auth backend winbind
[2026/05/19 08:41:38.426398,  5, pid=3900001, effective(0, 0), real(0, 0), class=auth] source3/auth/auth.c:64(smb_register_auth)
  Successfully added auth method 'winbind'
[2026/05/19 08:41:38.426415,  5, pid=3900001, effective(0, 0), real(0, 0), class=auth] source3/auth/auth.c:52(smb_register_auth)
  Attempting to register auth backend unix
[2026/05/19 08:41:38.426433,  5, pid=3900001, effective(0, 0), real(0, 0), class=auth] source3/auth/auth.c:64(smb_register_auth)
  Successfully added auth method 'unix'
[2026/05/19 08:41:38.426450,  5, pid=3900001, effective(0, 0), real(0, 0), class=auth] source3/auth/auth.c:436(load_auth_module)
  load_auth_module: Attempting to find an auth method to match anonymous
[2026/05/19 08:41:38.426469,  5, pid=3900001, effective(0, 0), real(0, 0), class=auth] source3/auth/auth.c:461(load_auth_module)
  load_auth_module: auth method anonymous has a valid init
[2026/05/19 08:41:38.426486,  5, pid=3900001, effective(0, 0), real(0, 0), class=auth] source3/auth/auth.c:436(load_auth_module)
  load_auth_module: Attempting to find an auth method to match sam_ignoredomain
[2026/05/19 08:41:38.426510,  5, pid=3900001, effective(0, 0), real(0, 0), class=auth] source3/auth/auth.c:461(load_auth_module)
  load_auth_module: auth method sam_ignoredomain has a valid init
[2026/05/19 08:41:38.429039,  3, pid=3900001, effective(0, 0), real(0, 0), class=auth] auth/gensec/gensec_start.c:1083(gensec_register)
  GENSEC backend 'gssapi_spnego' registered
[2026/05/19 08:41:38.429080,  3, pid=3900001, effective(0, 0), real(0, 0), class=auth] auth/gensec/gensec_start.c:1083(gensec_register)
  GENSEC backend 'gssapi_krb5' registered
[2026/05/19 08:41:38.429100,  3, pid=3900001, effective(0, 0), real(0, 0), class=auth] auth/gensec/gensec_start.c:1083(gensec_register)
  GENSEC backend 'gssapi_krb5_sasl' registered
[2026/05/19 08:41:38.429118,  3, pid=3900001, effective(0, 0), real(0, 0), class=auth] auth/gensec/gensec_start.c:1083(gensec_register)
  GENSEC backend 'spnego' registered
[2026/05/19 08:41:38.429137,  3, pid=3900001, effective(0, 0), real(0, 0), class=auth] auth/gensec/gensec_start.c:1083(gensec_register)
  GENSEC backend 'schannel' registered
[2026/05/19 08:41:38.429155,  3, pid=3900001, effective(0, 0), real(0, 0), class=auth] auth/gensec/gensec_start.c:1083(gensec_register)
  GENSEC backend 'ncalrpc_as_system' registered
[2026/05/19 08:41:38.429174,  3, pid=3900001, effective(0, 0), real(0, 0), class=auth] auth/gensec/gensec_start.c:1083(gensec_register)
  GENSEC backend 'sasl-EXTERNAL' registered
[2026/05/19 08:41:38.429192,  3, pid=3900001, effective(0, 0), real(0, 0), class=auth] auth/gensec/gensec_start.c:1083(gensec_register)
  GENSEC backend 'ntlmssp' registered
[2026/05/19 08:41:38.429211,  3, pid=3900001, effective(0, 0), real(0, 0), class=auth] auth/gensec/gensec_start.c:1083(gensec_register)
  GENSEC backend 'ntlmssp_resume_ccache' registered
[2026/05/19 08:41:38.429229,  3, pid=3900001, effective(0, 0), real(0, 0), class=auth] auth/gensec/gensec_start.c:1083(gensec_register)
  GENSEC backend 'http_basic' registered
[2026/05/19 08:41:38.429247,  3, pid=3900001, effective(0, 0), real(0, 0), class=auth] auth/gensec/gensec_start.c:1083(gensec_register)
  GENSEC backend 'http_ntlm' registered
[2026/05/19 08:41:38.429265,  3, pid=3900001, effective(0, 0), real(0, 0), class=auth] auth/gensec/gensec_start.c:1083(gensec_register)
  GENSEC backend 'http_negotiate' registered
[2026/05/19 08:41:38.429288,  3, pid=3900001, effective(0, 0), real(0, 0), class=auth] auth/gensec/gensec_start.c:1083(gensec_register)
  GENSEC backend 'krb5' registered
[2026/05/19 08:41:38.429306,  3, pid=3900001, effective(0, 0), real(0, 0), class=auth] auth/gensec/gensec_start.c:1083(gensec_register)
  GENSEC backend 'fake_gssapi_krb5' registered
[2026/05/19 08:41:38.429457,  5, pid=3900001, effective(0, 0), real(0, 0), class=auth] auth/gensec/gensec_start.c:844(gensec_start_mech)
  Starting GENSEC mechanism spnego
[2026/05/19 08:41:38.429532,  5, pid=3900001, effective(0, 0), real(0, 0), class=auth] auth/gensec/gensec_start.c:844(gensec_start_mech)
  Starting GENSEC submechanism ntlmssp
[2026/05/19 08:41:38.429591, 10, pid=3900001, effective(0, 0), real(0, 0), class=auth] auth/gensec/gensec.c:457(gensec_update_send)
  gensec_update_send: spnego[0x6087dc17a5d0]: subreq: 0x6087dc186ff0
[2026/05/19 08:41:38.429617, 10, pid=3900001, effective(0, 0), real(0, 0), class=auth] auth/gensec/gensec.c:549(gensec_update_done)
  gensec_update_done: spnego[0x6087dc17a5d0]: NT_STATUS_MORE_PROCESSING_REQUIRED tevent_req[0x6087dc186ff0/auth/gensec/spnego.c:1631]: state[2] error[0 (0x0)]  state[struct gensec_spnego_update_state (0x6087dc1871d0)] timer[(nil)] finish[auth/gensec/spnego.c:2116]
[2026/05/19 08:41:38.429675,  3, pid=3900001, effective(0, 0), real(0, 0)] source3/smbd/smb1_negprot.c:336(reply_nt1)
  using SPNEGO
[2026/05/19 08:41:38.429693,  3, pid=3900001, effective(0, 0), real(0, 0)] source3/smbd/smb1_negprot.c:684(reply_negprot)
  Selected protocol NT LM 0.12
[2026/05/19 08:41:38.429711,  5, pid=3900001, effective(0, 0), real(0, 0)] source3/smbd/smb1_negprot.c:686(reply_negprot)
  reply_negprot: negprot index=0
[2026/05/19 08:41:38.429751,  5, pid=3900001, effective(0, 0), real(0, 0)] source3/lib/util.c:150(show_msg)
  size=159
  smb_com=0x72
  smb_rcls=0
  smb_reh=0
  smb_err=0
  smb_flg=128
  smb_flg2=51201
  smb_tid=0
  smb_pid=16799
  smb_uid=0
  smb_mid=1
  smt_wct=17
  smb_vwv[ 0]=    0 (0x0)
  smb_vwv[ 1]=12803 (0x3203)
  smb_vwv[ 2]=  256 (0x100)
  smb_vwv[ 3]= 1024 (0x400)
  smb_vwv[ 4]=   65 (0x41)
  smb_vwv[ 5]=    0 (0x0)
  smb_vwv[ 6]=  256 (0x100)
  smb_vwv[ 7]=24832 (0x6100)
  smb_vwv[ 8]=15234 (0x3B82)
  smb_vwv[ 9]=64768 (0xFD00)
  smb_vwv[10]=33011 (0x80F3)
  smb_vwv[11]=61824 (0xF180)
  smb_vwv[12]=60331 (0xEBAB)
  smb_vwv[13]= 8158 (0x1FDE)
  smb_vwv[14]=56551 (0xDCE7)
  smb_vwv[15]=58369 (0xE401)
  smb_vwv[16]=  253 (0xFD)
  smb_bcc=90
[2026/05/19 08:41:38.429907, 10, pid=3900001, effective(0, 0), real(0, 0)] lib/util/util.c:578(dump_data)
  [0000] 61 77 73 2D 6D 6D 6E 73   2D 67 65 6E 65 72 69 00   aws-mmns -generi.
  [0010] 60 48 06 06 2B 06 01 05   05 02 A0 3E 30 3C A0 0E   `H..+... ...>0<..
  [0020] 30 0C 06 0A 2B 06 01 04   01 82 37 02 02 0A A3 2A   0...+... ..7....*
  [0030] 30 28 A0 26 1B 24 6E 6F   74 5F 64 65 66 69 6E 65   0(.&.$no t_define
  [0040] 64 5F 69 6E 5F 52 46 43   34 31 37 38 40 70 6C 65   d_in_RFC 4178@ple
  [0050] 61 73 65 5F 69 67 6E 6F   72 65                     ase_igno re
[2026/05/19 08:41:38.739334, 10, pid=3900001, effective(0, 0), real(0, 0)] source3/lib/util_sock.c:180(read_smb_length_return_keepalive)
  got smb length of 196
[2026/05/19 08:41:38.739388,  6, pid=3900001, effective(0, 0), real(0, 0)] source3/smbd/smb2_process.c:574(process_smb)
  got message type 0x0 of len 0xc4
[2026/05/19 08:41:38.739407,  3, pid=3900001, effective(0, 0), real(0, 0)] source3/smbd/smb2_process.c:576(process_smb)
  Transaction 1 of length 200 (0 toread)
[2026/05/19 08:41:38.739438,  5, pid=3900001, effective(0, 0), real(0, 0)] source3/lib/util.c:150(show_msg)
  size=196
  smb_com=0x73
  smb_rcls=0
  smb_reh=0
  smb_err=0
  smb_flg=0
  smb_flg2=55297
  smb_tid=0
  smb_pid=16799
  smb_uid=0
  smb_mid=2
  smt_wct=12
  smb_vwv[ 0]=  255 (0xFF)
  smb_vwv[ 1]=    0 (0x0)
  smb_vwv[ 2]=16468 (0x4054)
  smb_vwv[ 3]=   50 (0x32)
  smb_vwv[ 4]=    1 (0x1)
  smb_vwv[ 5]=    0 (0x0)
  smb_vwv[ 6]=    0 (0x0)
  smb_vwv[ 7]=   32 (0x20)
  smb_vwv[ 8]=    0 (0x0)
  smb_vwv[ 9]=    0 (0x0)
  smb_vwv[10]=53468 (0xD0DC)
  smb_vwv[11]=32896 (0x8080)
  smb_bcc=137
[2026/05/19 08:41:38.739550, 10, pid=3900001, effective(0, 0), real(0, 0)] lib/util/util.c:578(dump_data)
  [0000] 4E 54 4C 4D 53 53 50 00   01 00 00 00 05 02 08 A0   NTLMSSP. ........
  [0010] 00 00 00 00 00 00 00 00   00 00 00 00 00 00 00 00   ........ ........
  [0020] 00 4C 00 69 00 6E 00 75   00 78 00 20 00 76 00 65   .L.i.n.u .x. .v.e
  [0030] 00 72 00 73 00 69 00 6F   00 6E 00 20 00 33 00 2E   .r.s.i.o .n. .3..
  [0040] 00 31 00 34 00 2E 00 31   00 37 00 2D 00 61 00 6D   .1.4...1 .7.-.a.m
  [0050] 00 69 00 00 00 43 00 49   00 46 00 53 00 20 00 56   .i...C.I .F.S. .V
  [0060] 00 46 00 53 00 20 00 43   00 6C 00 69 00 65 00 6E   .F.S. .C .l.i.e.n
  [0070] 00 74 00 20 00 66 00 6F   00 72 00 20 00 4C 00 69   .t. .f.o .r. .L.i
  [0080] 00 6E 00 75 00 78 00 00   00                        .n.u.x.. .
[2026/05/19 08:41:38.739742,  3, pid=3900001, effective(0, 0), real(0, 0)] source3/smbd/smb1_process.c:1112(switch_message)
  switch message SMBsesssetupX (pid 3900001) conn 0x0
[2026/05/19 08:41:38.739765,  4, pid=3900001, effective(0, 0), real(0, 0)] source3/smbd/sec_ctx.c:317(set_sec_ctx_internal)
  setting sec ctx (0, 0) - sec_ctx_stack_ndx = 0
[2026/05/19 08:41:38.739785,  5, pid=3900001, effective(0, 0), real(0, 0)] libcli/security/security_token.c:49(security_token_debug)
  Security token: (NULL)
[2026/05/19 08:41:38.739804,  5, pid=3900001, effective(0, 0), real(0, 0)] source3/auth/token_util.c:873(debug_unix_user_token)
  UNIX token of user 0
  Primary group is 0 and contains 0 supplementary groups
[2026/05/19 08:41:38.739855,  5, pid=3900001, effective(0, 0), real(0, 0)] source3/smbd/uid.c:494(smbd_change_to_root_user)
  change_to_root_user: now uid=(0,0) gid=(0,0)
[2026/05/19 08:41:38.739948,  3, pid=3900001, effective(0, 0), real(0, 0)] source3/smbd/smb1_sesssetup.c:605(reply_sesssetup_and_X)
  wct=12 flg2=0xd801
[2026/05/19 08:41:38.739974,  3, pid=3900001, effective(0, 0), real(0, 0)] source3/smbd/smb1_sesssetup.c:107(reply_sesssetup_and_X_spnego)
  Doing spnego session setup
[2026/05/19 08:41:38.740006,  3, pid=3900001, effective(0, 0), real(0, 0)] source3/smbd/smb1_sesssetup.c:147(reply_sesssetup_and_X_spnego)
  NativeOS=[Linux version 3.14.17-ami] NativeLanMan=[CIFS VFS Client for Linux] PrimaryDomain=[]
[2026/05/19 08:41:38.740046,  5, pid=3900001, effective(0, 0), real(0, 0)] lib/dbwrap/dbwrap.c:172(dbwrap_lock_order_lock)
  dbwrap_lock_order_lock: check lock order 1 for /run/samba/smbXsrv_session_global.tdb
[2026/05/19 08:41:38.740080, 10, pid=3900001, effective(0, 0), real(0, 0)] lib/dbwrap/dbwrap.c:157(debug_lock_order)
  lock order:  1:/run/samba/smbXsrv_session_global.tdb 2:<none> 3:<none> 4:<none>
[2026/05/19 08:41:38.740105, 10, pid=3900001, effective(0, 0), real(0, 0)] lib/dbwrap/dbwrap_tdb.c:60(db_tdb_log_key)
  db_tdb_log_key: Locking key 4387B7D5
[2026/05/19 08:41:38.740162, 10, pid=3900001, effective(0, 0), real(0, 0)] lib/dbwrap/dbwrap_tdb.c:153(db_tdb_fetch_locked_internal)
  db_tdb_fetch_locked_internal: Allocated locked data 0x6087dc187b40
[2026/05/19 08:41:38.740214, 10, pid=3900001, effective(0, 0), real(0, 0)] source3/lib/dbwrap/dbwrap_watch.c:507(dbwrap_watched_record_prepare_wakeup)
  dbwrap_watched_record_prepare_wakeup: No watchers
[2026/05/19 08:41:38.740303, 10, pid=3900001, effective(0, 0), real(0, 0)] source3/smbd/smbXsrv_session.c:974(smbXsrv_session_global_store)
  smbXsrv_session_global_store: smbXsrv_session_global_store: key '4387B7D5' stored
[2026/05/19 08:41:38.740324,  1, pid=3900001, effective(0, 0), real(0, 0), class=rpc_parse] source3/smbd/smbXsrv_session.c:976(smbXsrv_session_global_store)
       &global_blob: struct smbXsrv_session_globalB
          version                  : SMBXSRV_VERSION_0 (0)
          seqnum                   : 0x00000001 (1)
          info                     : union smbXsrv_session_globalU(case 0)
          info0                    : *
              info0: struct smbXsrv_session_global0
                  db_rec                   : *
                  session_global_id        : 0x4387b7d5 (1132967893)
                  session_wire_id          : 0x000000000000d3e4 (54244)
                  creation_time            : Tue May 19 08:41:39 AM 2026 JST
                  expiration_time          : Thu Sep 14 11:48:05 AM 30828 JST
                  auth_time                : NTTIME(0)
                  auth_session_info_seqnum : 0x00000000 (0)
                  auth_session_info        : NULL
                  connection_dialect       : 0x0000 (0)
                  signing_flags            : 0x00 (0)
                         0: SMBXSRV_SIGNING_REQUIRED 
                         0: SMBXSRV_PROCESSED_SIGNED_PACKET
                         0: SMBXSRV_PROCESSED_UNSIGNED_PACKET
                  signing_algo             : 0x0000 (0)
                  encryption_flags         : 0x00 (0)
                         0: SMBXSRV_ENCRYPTION_REQUIRED
                         0: SMBXSRV_ENCRYPTION_DESIRED
                         0: SMBXSRV_PROCESSED_ENCRYPTED_PACKET
                         0: SMBXSRV_PROCESSED_UNENCRYPTED_PACKET
                  encryption_cipher        : 0x0000 (0)
                  signing_key              : NULL
                  encryption_key           : NULL
                  decryption_key           : NULL
                  application_key          : NULL
                  num_channels             : 0x00000001 (1)
                  channels: ARRAY(1)
                      channels: struct smbXsrv_channel_global0
                          server_id: struct server_id
                              pid                      : 0x00000000003b8261 (3900001)
                              task_id                  : 0x00000000 (0)
                              vnn                      : 0xffffffff (4294967295)
                              unique_id                : 0xd2c33d9fcd33ff8f (-3259693948734275697)
                          channel_id               : 0x0000000000000001 (1)
                          creation_time            : Tue May 19 08:41:39 AM 2026 JST
                          local_address            : 'ipv4:10.1.6.1:445'
                          remote_address           : 'ipv4:10.254.254.9:46618'
                          remote_name              : '10.254.254.9'
                          signing_key              : NULL
                          auth_session_info_seqnum : 0x00000000 (0)
                          connection               : *
                          signing_algo             : 0x0000 (0)
                          encryption_cipher        : 0x0000 (0)
[2026/05/19 08:41:38.740688,  5, pid=3900001, effective(0, 0), real(0, 0)] lib/dbwrap/dbwrap.c:204(dbwrap_lock_order_unlock)
  dbwrap_lock_order_unlock: release lock order 1 for /run/samba/smbXsrv_session_global.tdb
[2026/05/19 08:41:38.740709, 10, pid=3900001, effective(0, 0), real(0, 0)] lib/dbwrap/dbwrap_tdb.c:60(db_tdb_log_key)
  db_tdb_log_key: Unlocking key 4387B7D5
[2026/05/19 08:41:38.740727, 10, pid=3900001, effective(0, 0), real(0, 0)] source3/lib/dbwrap/dbwrap_watch.c:550(dbwrap_watched_trigger_wakeup)
  dbwrap_watched_trigger_wakeup: No one to wakeup
[2026/05/19 08:41:38.740759, 10, pid=3900001, effective(0, 0), real(0, 0)] source3/smbd/smbXsrv_session.c:1403(smbXsrv_session_create)
  smbXsrv_session_create: smbXsrv_session_create: global_id (0x4387b7d5) stored
[2026/05/19 08:41:38.740777,  1, pid=3900001, effective(0, 0), real(0, 0), class=rpc_parse] source3/smbd/smbXsrv_session.c:1405(smbXsrv_session_create)
       &session_blob: struct smbXsrv_sessionB
          version                  : SMBXSRV_VERSION_0 (0)
          reserved                 : 0x00000000 (0)
          info                     : union smbXsrv_sessionU(case 0)
          info0                    : *
              info0: struct smbXsrv_session
                  table                    : *
                  db_rec                   : NULL
                  client                   : *
                  local_id                 : 0x0000d3e4 (54244)
                  global                   : *
                      global: struct smbXsrv_session_global0
                          db_rec                   : NULL
                          session_global_id        : 0x4387b7d5 (1132967893)
                          session_wire_id          : 0x000000000000d3e4 (54244)
                          creation_time            : Tue May 19 08:41:39 AM 2026 JST
                          expiration_time          : Thu Sep 14 11:48:05 AM 30828 JST
                          auth_time                : NTTIME(0)
                          auth_session_info_seqnum : 0x00000000 (0)
                          auth_session_info        : NULL
                          connection_dialect       : 0x0000 (0)
                          signing_flags            : 0x00 (0)
                                 0: SMBXSRV_SIGNING_REQUIRED 
                                 0: SMBXSRV_PROCESSED_SIGNED_PACKET
                                 0: SMBXSRV_PROCESSED_UNSIGNED_PACKET
                          signing_algo             : 0x0000 (0)
                          encryption_flags         : 0x00 (0)
                                 0: SMBXSRV_ENCRYPTION_REQUIRED
                                 0: SMBXSRV_ENCRYPTION_DESIRED
                                 0: SMBXSRV_PROCESSED_ENCRYPTED_PACKET
                                 0: SMBXSRV_PROCESSED_UNENCRYPTED_PACKET
                          encryption_cipher        : 0x0000 (0)
                          signing_key              : NULL
                          encryption_key           : NULL
                          decryption_key           : NULL
                          application_key          : NULL
                          num_channels             : 0x00000001 (1)
                          channels: ARRAY(1)
                              channels: struct smbXsrv_channel_global0
                                  server_id: struct server_id
                                      pid                      : 0x00000000003b8261 (3900001)
                                      task_id                  : 0x00000000 (0)
                                      vnn                      : 0xffffffff (4294967295)
                                      unique_id                : 0xd2c33d9fcd33ff8f (-3259693948734275697)
                                  channel_id               : 0x0000000000000001 (1)
                                  creation_time            : Tue May 19 08:41:39 AM 2026 JST
                                  local_address            : 'ipv4:10.1.6.1:445'
                                  remote_address           : 'ipv4:10.254.254.9:46618'
                                  remote_name              : '10.254.254.9'
                                  signing_key              : NULL
                                  auth_session_info_seqnum : 0x00000000 (0)
                                  connection               : *
                                  signing_algo             : 0x0000 (0)
                                  encryption_cipher        : 0x0000 (0)
                  status                   : NT_STATUS_MORE_PROCESSING_REQUIRED
                  idle_time                : Tue May 19 08:41:39 AM 2026 JST
                  nonce_high_random        : 0x0000000000000000 (0)
                  nonce_high_max           : 0x0000000000000000 (0)
                  nonce_high               : 0x0000000000000000 (0)
                  nonce_low                : 0x0000000000000000 (0)
                  tcon_table               : NULL
                  homes_snum               : 0xffffffff (4294967295)
                  pending_auth             : NULL
[2026/05/19 08:41:38.741256,  5, pid=3900001, effective(0, 0), real(0, 0), class=auth] source3/auth/auth.c:575(make_auth3_context_for_ntlm)
  make_auth3_context_for_ntlm: Making default auth method list for server role = 'standalone server', encrypt passwords = yes
[2026/05/19 08:41:38.741280,  5, pid=3900001, effective(0, 0), real(0, 0), class=auth] source3/auth/auth.c:436(load_auth_module)
  load_auth_module: Attempting to find an auth method to match anonymous
[2026/05/19 08:41:38.741300,  5, pid=3900001, effective(0, 0), real(0, 0), class=auth] source3/auth/auth.c:461(load_auth_module)
  load_auth_module: auth method anonymous has a valid init
[2026/05/19 08:41:38.741318,  5, pid=3900001, effective(0, 0), real(0, 0), class=auth] source3/auth/auth.c:436(load_auth_module)
  load_auth_module: Attempting to find an auth method to match sam_ignoredomain
[2026/05/19 08:41:38.741337,  5, pid=3900001, effective(0, 0), real(0, 0), class=auth] source3/auth/auth.c:461(load_auth_module)
  load_auth_module: auth method sam_ignoredomain has a valid init
[2026/05/19 08:41:38.741444,  5, pid=3900001, effective(0, 0), real(0, 0), class=auth] auth/gensec/gensec_start.c:844(gensec_start_mech)
  Starting GENSEC mechanism spnego
[2026/05/19 08:41:38.741470,  4, pid=3900001, effective(0, 0), real(0, 0)] source3/smbd/sec_ctx.c:206(push_sec_ctx)
  push_sec_ctx(0, 0) : sec_ctx_stack_ndx = 1
[2026/05/19 08:41:38.741518,  4, pid=3900001, effective(0, 0), real(0, 0)] source3/smbd/uid.c:566(push_conn_ctx)
  push_conn_ctx(0) : conn_ctx_stack_ndx = 0
[2026/05/19 08:41:38.741538,  4, pid=3900001, effective(0, 0), real(0, 0)] source3/smbd/sec_ctx.c:317(set_sec_ctx_internal)
  setting sec ctx (0, 0) - sec_ctx_stack_ndx = 1
[2026/05/19 08:41:38.741556,  5, pid=3900001, effective(0, 0), real(0, 0)] libcli/security/security_token.c:49(security_token_debug)
  Security token: (NULL)
[2026/05/19 08:41:38.741574,  5, pid=3900001, effective(0, 0), real(0, 0)] source3/auth/token_util.c:873(debug_unix_user_token)
  UNIX token of user 0
  Primary group is 0 and contains 0 supplementary groups
[2026/05/19 08:41:38.741635,  5, pid=3900001, effective(0, 0), real(0, 0), class=auth] auth/gensec/gensec_start.c:844(gensec_start_mech)
  Starting GENSEC submechanism ntlmssp
[2026/05/19 08:41:38.741675,  3, pid=3900001, effective(0, 0), real(0, 0), class=auth] auth/ntlmssp/ntlmssp_util.c:72(debug_ntlmssp_flags)
  Got NTLMSSP neg_flags=0xa0080205
    NTLMSSP_NEGOTIATE_UNICODE
    NTLMSSP_REQUEST_TARGET
    NTLMSSP_NEGOTIATE_NTLM
    NTLMSSP_NEGOTIATE_EXTENDED_SESSIONSECURITY
    NTLMSSP_NEGOTIATE_128
    NTLMSSP_NEGOTIATE_56
[2026/05/19 08:41:38.741752,  1, pid=3900001, effective(0, 0), real(0, 0), class=rpc_parse] auth/ntlmssp/ntlmssp_server.c:151(gensec_ntlmssp_server_negotiate)
       negotiate: struct NEGOTIATE_MESSAGE
          Signature                : 'NTLMSSP'
          MessageType              : NtLmNegotiate (1)
          NegotiateFlags           : 0xa0080205 (2684879365)
                 1: NTLMSSP_NEGOTIATE_UNICODE
                 0: NTLMSSP_NEGOTIATE_OEM    
                 1: NTLMSSP_REQUEST_TARGET   
                 0: NTLMSSP_NEGOTIATE_SIGN   
                 0: NTLMSSP_NEGOTIATE_SEAL   
                 0: NTLMSSP_NEGOTIATE_DATAGRAM
                 0: NTLMSSP_NEGOTIATE_LM_KEY 
                 0: NTLMSSP_NEGOTIATE_NETWARE
                 1: NTLMSSP_NEGOTIATE_NTLM   
                 0: NTLMSSP_NEGOTIATE_NT_ONLY
                 0: NTLMSSP_ANONYMOUS        
                 0: NTLMSSP_NEGOTIATE_OEM_DOMAIN_SUPPLIED
                 0: NTLMSSP_NEGOTIATE_OEM_WORKSTATION_SUPPLIED
                 0: NTLMSSP_NEGOTIATE_THIS_IS_LOCAL_CALL
                 0: NTLMSSP_NEGOTIATE_ALWAYS_SIGN
                 0: NTLMSSP_TARGET_TYPE_DOMAIN
                 0: NTLMSSP_TARGET_TYPE_SERVER
                 0: NTLMSSP_TARGET_TYPE_SHARE
                 1: NTLMSSP_NEGOTIATE_EXTENDED_SESSIONSECURITY
                 0: NTLMSSP_NEGOTIATE_IDENTIFY
                 0: NTLMSSP_REQUEST_NON_NT_SESSION_KEY
                 0: NTLMSSP_NEGOTIATE_TARGET_INFO
                 0: NTLMSSP_NEGOTIATE_VERSION
                 1: NTLMSSP_NEGOTIATE_128    
                 0: NTLMSSP_NEGOTIATE_KEY_EXCH
                 1: NTLMSSP_NEGOTIATE_56     
          DomainNameLen            : 0x0000 (0)
          DomainNameMaxLen         : 0x0000 (0)
          DomainName               : NULL
          WorkstationLen           : 0x0000 (0)
          WorkstationMaxLen        : 0x0000 (0)
          Workstation              : NULL
[2026/05/19 08:41:38.742086,  1, pid=3900001, effective(0, 0), real(0, 0), class=rpc_parse] auth/ntlmssp/ntlmssp_server.c:277(gensec_ntlmssp_server_negotiate)
       challenge: struct CHALLENGE_MESSAGE
          Signature                : 'NTLMSSP'
          MessageType              : NtLmChallenge (0x2)
          TargetNameLen            : 0x0020 (32)
          TargetNameMaxLen         : 0x0020 (32)
          TargetName               : *
              TargetName               : 'AWS-MMNS-GENERIC'
          NegotiateFlags           : 0xa28a0205 (2726953477)
                 1: NTLMSSP_NEGOTIATE_UNICODE
                 0: NTLMSSP_NEGOTIATE_OEM    
                 1: NTLMSSP_REQUEST_TARGET   
                 0: NTLMSSP_NEGOTIATE_SIGN   
                 0: NTLMSSP_NEGOTIATE_SEAL   
                 0: NTLMSSP_NEGOTIATE_DATAGRAM
                 0: NTLMSSP_NEGOTIATE_LM_KEY 
                 0: NTLMSSP_NEGOTIATE_NETWARE
                 1: NTLMSSP_NEGOTIATE_NTLM   
                 0: NTLMSSP_NEGOTIATE_NT_ONLY
                 0: NTLMSSP_ANONYMOUS        
                 0: NTLMSSP_NEGOTIATE_OEM_DOMAIN_SUPPLIED
                 0: NTLMSSP_NEGOTIATE_OEM_WORKSTATION_SUPPLIED
                 0: NTLMSSP_NEGOTIATE_THIS_IS_LOCAL_CALL
                 0: NTLMSSP_NEGOTIATE_ALWAYS_SIGN
                 0: NTLMSSP_TARGET_TYPE_DOMAIN
                 1: NTLMSSP_TARGET_TYPE_SERVER
                 0: NTLMSSP_TARGET_TYPE_SHARE
                 1: NTLMSSP_NEGOTIATE_EXTENDED_SESSIONSECURITY
                 0: NTLMSSP_NEGOTIATE_IDENTIFY
                 0: NTLMSSP_REQUEST_NON_NT_SESSION_KEY
                 1: NTLMSSP_NEGOTIATE_TARGET_INFO
                 1: NTLMSSP_NEGOTIATE_VERSION
                 1: NTLMSSP_NEGOTIATE_128    
                 0: NTLMSSP_NEGOTIATE_KEY_EXCH
                 1: NTLMSSP_NEGOTIATE_56     
          ServerChallenge          : 70c07f23c6f4574f
          Reserved                 : 0000000000000000
          TargetInfoLen            : 0x0080 (128)
          TargetInfoMaxLen         : 0x0080 (128)
          TargetInfo               : *
              TargetInfo: struct AV_PAIR_LIST
                  count                    : 0x00000006 (6)
                  pair: ARRAY(6)
                      pair: struct AV_PAIR
                          AvId                     : MsvAvNbDomainName (0x2)
                          AvLen                    : 0x0020 (32)
                          Value                    : union ntlmssp_AvValue(case 0x2)
                          AvNbDomainName           : 'AWS-MMNS-GENERIC'
                      pair: struct AV_PAIR
                          AvId                     : MsvAvNbComputerName (0x1)
                          AvLen                    : 0x0020 (32)
                          Value                    : union ntlmssp_AvValue(case 0x1)
                          AvNbComputerName         : 'AWS-MMNS-GENERIC'
                      pair: struct AV_PAIR
                          AvId                     : MsvAvDnsDomainName (0x4)
                          AvLen                    : 0x0000 (0)
                          Value                    : union ntlmssp_AvValue(case 0x4)
                          AvDnsDomainName          : ''
                      pair: struct AV_PAIR
                          AvId                     : MsvAvDnsComputerName (0x3)
                          AvLen                    : 0x0020 (32)
                          Value                    : union ntlmssp_AvValue(case 0x3)
                          AvDnsComputerName        : 'aws-mmns-generic'
                      pair: struct AV_PAIR
                          AvId                     : MsvAvTimestamp (0x7)
                          AvLen                    : 0x0008 (8)
                          Value                    : union ntlmssp_AvValue(case 0x7)
                          AvTimestamp              : Tue May 19 08:41:39 AM 2026 JST
                      pair: struct AV_PAIR
                          AvId                     : MsvAvEOL (0x0)
                          AvLen                    : 0x0000 (0)
                          Value                    : union ntlmssp_AvValue(case 0x0)
          Version: struct ntlmssp_VERSION
              ProductMajorVersion      : NTLMSSP_WINDOWS_MAJOR_VERSION_6 (0x6)
              ProductMinorVersion      : NTLMSSP_WINDOWS_MINOR_VERSION_1 (0x1)
              ProductBuild             : 0x0000 (0)
              Reserved                 : 000000
              NTLMRevisionCurrent      : NTLMSSP_REVISION_W2K3 (0xF)
[2026/05/19 08:41:38.742562, 10, pid=3900001, effective(0, 0), real(0, 0), class=auth] auth/gensec/gensec.c:457(gensec_update_send)
  gensec_update_send: ntlmssp[0x6087dc188350]: subreq: 0x6087dc14b2a0
[2026/05/19 08:41:38.742581, 10, pid=3900001, effective(0, 0), real(0, 0), class=auth] auth/gensec/gensec.c:457(gensec_update_send)
  gensec_update_send: spnego[0x6087dc187360]: subreq: 0x6087dc187f20
[2026/05/19 08:41:38.742607, 10, pid=3900001, effective(0, 0), real(0, 0), class=auth] auth/gensec/gensec.c:549(gensec_update_done)
  gensec_update_done: ntlmssp[0x6087dc188350]: NT_STATUS_MORE_PROCESSING_REQUIRED tevent_req[0x6087dc14b2a0/auth/ntlmssp/ntlmssp.c:180]: state[2] error[0 (0x0)]  state[struct gensec_ntlmssp_update_state (0x6087dc14b480)] timer[(nil)] finish[auth/ntlmssp/ntlmssp.c:215]
[2026/05/19 08:41:38.742643, 10, pid=3900001, effective(0, 0), real(0, 0), class=auth] auth/gensec/gensec.c:549(gensec_update_done)
  gensec_update_done: spnego[0x6087dc187360]: NT_STATUS_MORE_PROCESSING_REQUIRED tevent_req[0x6087dc187f20/auth/gensec/spnego.c:1631]: state[2] error[0 (0x0)]  state[struct gensec_spnego_update_state (0x6087dc188100)] timer[(nil)] finish[auth/gensec/spnego.c:2116]
[2026/05/19 08:41:38.742691,  4, pid=3900001, effective(0, 0), real(0, 0)] source3/smbd/sec_ctx.c:443(pop_sec_ctx)
  pop_sec_ctx (0, 0) - sec_ctx_stack_ndx = 0
[2026/05/19 08:41:38.742746,  5, pid=3900001, effective(0, 0), real(0, 0)] source3/lib/util.c:150(show_msg)
  size=344
  smb_com=0x73
  smb_rcls=22
  smb_reh=0
  smb_err=49152
  smb_flg=128
  smb_flg2=51203
  smb_tid=0
  smb_pid=16799
  smb_uid=54244
  smb_mid=2
  smt_wct=4
  smb_vwv[ 0]=  255 (0xFF)
  smb_vwv[ 1]=    0 (0x0)
  smb_vwv[ 2]=    0 (0x0)
  smb_vwv[ 3]=  216 (0xD8)
  smb_bcc=301
[2026/05/19 08:41:38.742839, 10, pid=3900001, effective(0, 0), real(0, 0)] lib/util/util.c:578(dump_data)
  [0000] 4E 54 4C 4D 53 53 50 00   02 00 00 00 20 00 20 00   NTLMSSP. .... . .
  [0010] 38 00 00 00 05 02 8A A2   70 C0 7F 23 C6 F4 57 4F   8....... p..#..WO
  [0020] 00 00 00 00 00 00 00 00   80 00 80 00 58 00 00 00   ........ ....X...
  [0030] 06 01 00 00 00 00 00 0F   41 00 57 00 53 00 2D 00   ........ A.W.S.-.
  [0040] 4D 00 4D 00 4E 00 53 00   2D 00 47 00 45 00 4E 00   M.M.N.S. -.G.E.N.
  [0050] 45 00 52 00 49 00 43 00   02 00 20 00 41 00 57 00   E.R.I.C. .. .A.W.
  [0060] 53 00 2D 00 4D 00 4D 00   4E 00 53 00 2D 00 47 00   S.-.M.M. N.S.-.G.
  [0070] 45 00 4E 00 45 00 52 00   49 00 43 00 01 00 20 00   E.N.E.R. I.C... .
  [0080] 41 00 57 00 53 00 2D 00   4D 00 4D 00 4E 00 53 00   A.W.S.-. M.M.N.S.
  [0090] 2D 00 47 00 45 00 4E 00   45 00 52 00 49 00 43 00   -.G.E.N. E.R.I.C.
  [00A0] 04 00 00 00 03 00 20 00   61 00 77 00 73 00 2D 00   ...... . a.w.s.-.
  [00B0] 6D 00 6D 00 6E 00 73 00   2D 00 67 00 65 00 6E 00   m.m.n.s. -.g.e.n.
  [00C0] 65 00 72 00 69 00 63 00   07 00 08 00 AE D0 1B DF   e.r.i.c. ........
  [00D0] 1F E7 DC 01 00 00 00 00   00 57 00 69 00 6E 00 64   ........ .W.i.n.d
  [00E0] 00 6F 00 77 00 73 00 20   00 36 00 2E 00 31 00 00   .o.w.s.  .6...1..
  [00F0] 00 53 00 61 00 6D 00 62   00 61 00 20 00 34 00 2E   .S.a.m.b .a. .4..
  [0100] 00 31 00 39 00 2E 00 35   00 2D 00 55 00 62 00 75   .1.9...5 .-.U.b.u
  [0110] 00 6E 00 74 00 75 00 00   00 57 00 4F 00 52 00 4B   .n.t.u.. .W.O.R.K
  [0120] 00 47 00 52 00 4F 00 55   00 50 00 00 00            .G.R.O.U .P...
[2026/05/19 08:41:39.058965, 10, pid=3900001, effective(0, 0), real(0, 0)] source3/lib/util_sock.c:180(read_smb_length_return_keepalive)
  got smb length of 460
[2026/05/19 08:41:39.059137,  6, pid=3900001, effective(0, 0), real(0, 0)] source3/smbd/smb2_process.c:574(process_smb)
  got message type 0x0 of len 0x1cc
[2026/05/19 08:41:39.059197,  3, pid=3900001, effective(0, 0), real(0, 0)] source3/smbd/smb2_process.c:576(process_smb)
  Transaction 2 of length 464 (0 toread)
[2026/05/19 08:41:39.059291,  5, pid=3900001, effective(0, 0), real(0, 0)] source3/lib/util.c:150(show_msg)
  size=460
  smb_com=0x73
  smb_rcls=0
  smb_reh=0
  smb_err=0
  smb_flg=0
  smb_flg2=55297
  smb_tid=0
  smb_pid=16799
  smb_uid=54244
  smb_mid=3
  smt_wct=12
  smb_vwv[ 0]=  255 (0xFF)
  smb_vwv[ 1]=    0 (0x0)
  smb_vwv[ 2]=16468 (0x4054)
  smb_vwv[ 3]=   50 (0x32)
  smb_vwv[ 4]=    1 (0x1)
  smb_vwv[ 5]=    0 (0x0)
  smb_vwv[ 6]=    0 (0x0)
  smb_vwv[ 7]=  296 (0x128)
  smb_vwv[ 8]=    0 (0x0)
  smb_vwv[ 9]=    0 (0x0)
  smb_vwv[10]=53468 (0xD0DC)
  smb_vwv[11]=32896 (0x8080)
  smb_bcc=401
[2026/05/19 08:41:39.059429, 10, pid=3900001, effective(0, 0), real(0, 0)] lib/util/util.c:578(dump_data)
  [0000] 4E 54 4C 4D 53 53 50 00   03 00 00 00 00 00 00 00   NTLMSSP. ........
  [0010] 40 00 00 00 AC 00 AC 00   40 00 00 00 20 00 20 00   @....... @... . .
  [0020] EC 00 00 00 0A 00 0A 00   0C 01 00 00 00 00 00 00   ........ ........
  [0030] 16 01 00 00 10 00 10 00   18 01 00 00 05 02 88 A0   ........ ........
  [0040] A1 AE A7 5E D1 ED E9 8B   8D 4C 87 61 01 29 36 8D   ...^.... .L.a.)6.
  [0050] 01 01 00 00 00 00 00 00   00 80 22 34 6D E7 DC 01   ........ .."4m...
  [0060] 99 56 52 86 C4 BB F9 19   00 00 00 00 02 00 20 00   .VR..... ...... .
  [0070] 41 00 57 00 53 00 2D 00   4D 00 4D 00 4E 00 53 00   A.W.S.-. M.M.N.S.
  [0080] 2D 00 47 00 45 00 4E 00   45 00 52 00 49 00 43 00   -.G.E.N. E.R.I.C.
  [0090] 01 00 20 00 41 00 57 00   53 00 2D 00 4D 00 4D 00   .. .A.W. S.-.M.M.
  [00A0] 4E 00 53 00 2D 00 47 00   45 00 4E 00 45 00 52 00   N.S.-.G. E.N.E.R.
  [00B0] 49 00 43 00 04 00 00 00   03 00 20 00 61 00 77 00   I.C..... .. .a.w.
  [00C0] 73 00 2D 00 6D 00 6D 00   6E 00 73 00 2D 00 67 00   s.-.m.m. n.s.-.g.
  [00D0] 65 00 6E 00 65 00 72 00   69 00 63 00 07 00 08 00   e.n.e.r. i.c.....
  [00E0] AE D0 1B DF 1F E7 DC 01   00 00 00 00 41 00 57 00   ........ ....A.W.
  [00F0] 53 00 2D 00 4D 00 4D 00   4E 00 53 00 2D 00 47 00   S.-.M.M. N.S.-.G.
  [0100] 45 00 4E 00 45 00 52 00   49 00 43 00 67 00 75 00   E.N.E.R. I.C.g.u.
  [0110] 65 00 73 00 74 00 00 00   6F 84 5F C3 34 24 55 2D   e.s.t... o._.4$U-
  [0120] 95 EB E5 76 8C CC EB 64   00 4C 00 69 00 6E 00 75   ...v...d .L.i.n.u
  [0130] 00 78 00 20 00 76 00 65   00 72 00 73 00 69 00 6F   .x. .v.e .r.s.i.o
  [0140] 00 6E 00 20 00 33 00 2E   00 31 00 34 00 2E 00 31   .n. .3.. .1.4...1
  [0150] 00 37 00 2D 00 61 00 6D   00 69 00 00 00 43 00 49   .7.-.a.m .i...C.I
  [0160] 00 46 00 53 00 20 00 56   00 46 00 53 00 20 00 43   .F.S. .V .F.S. .C
  [0170] 00 6C 00 69 00 65 00 6E   00 74 00 20 00 66 00 6F   .l.i.e.n .t. .f.o
  [0180] 00 72 00 20 00 4C 00 69   00 6E 00 75 00 78 00 00   .r. .L.i .n.u.x..
  [0190] 00                                                  .
[2026/05/19 08:41:39.060016,  3, pid=3900001, effective(0, 0), real(0, 0)] source3/smbd/smb1_process.c:1112(switch_message)
  switch message SMBsesssetupX (pid 3900001) conn 0x0
[2026/05/19 08:41:39.060045,  4, pid=3900001, effective(0, 0), real(0, 0)] source3/smbd/sec_ctx.c:317(set_sec_ctx_internal)
  setting sec ctx (0, 0) - sec_ctx_stack_ndx = 0
[2026/05/19 08:41:39.060064,  5, pid=3900001, effective(0, 0), real(0, 0)] libcli/security/security_token.c:49(security_token_debug)
  Security token: (NULL)
[2026/05/19 08:41:39.060083,  5, pid=3900001, effective(0, 0), real(0, 0)] source3/auth/token_util.c:873(debug_unix_user_token)
  UNIX token of user 0
  Primary group is 0 and contains 0 supplementary groups
[2026/05/19 08:41:39.060128,  5, pid=3900001, effective(0, 0), real(0, 0)] source3/smbd/uid.c:494(smbd_change_to_root_user)
  change_to_root_user: now uid=(0,0) gid=(0,0)
[2026/05/19 08:41:39.060153,  5, pid=3900001, effective(0, 0), real(0, 0)] lib/dbwrap/dbwrap.c:172(dbwrap_lock_order_lock)
  dbwrap_lock_order_lock: check lock order 1 for /run/samba/smbXsrv_session_global.tdb
[2026/05/19 08:41:39.060172, 10, pid=3900001, effective(0, 0), real(0, 0)] lib/dbwrap/dbwrap.c:157(debug_lock_order)
  lock order:  1:/run/samba/smbXsrv_session_global.tdb 2:<none> 3:<none> 4:<none>
[2026/05/19 08:41:39.060195, 10, pid=3900001, effective(0, 0), real(0, 0)] lib/dbwrap/dbwrap_tdb.c:60(db_tdb_log_key)
  db_tdb_log_key: Locking key 4387B7D5
[2026/05/19 08:41:39.060220, 10, pid=3900001, effective(0, 0), real(0, 0)] lib/dbwrap/dbwrap_tdb.c:153(db_tdb_fetch_locked_internal)
  db_tdb_fetch_locked_internal: Allocated locked data 0x6087dc148590
[2026/05/19 08:41:39.060258, 10, pid=3900001, effective(0, 0), real(0, 0)] source3/lib/dbwrap/dbwrap_watch.c:507(dbwrap_watched_record_prepare_wakeup)
  dbwrap_watched_record_prepare_wakeup: No watchers
[2026/05/19 08:41:39.060294, 10, pid=3900001, effective(0, 0), real(0, 0)] source3/smbd/smbXsrv_session.c:974(smbXsrv_session_global_store)
  smbXsrv_session_global_store: smbXsrv_session_global_store: key '4387B7D5' stored
[2026/05/19 08:41:39.060314,  1, pid=3900001, effective(0, 0), real(0, 0), class=rpc_parse] source3/smbd/smbXsrv_session.c:976(smbXsrv_session_global_store)
       &global_blob: struct smbXsrv_session_globalB
          version                  : SMBXSRV_VERSION_0 (0)
          seqnum                   : 0x00000002 (2)
          info                     : union smbXsrv_session_globalU(case 0)
          info0                    : *
              info0: struct smbXsrv_session_global0
                  db_rec                   : *
                  session_global_id        : 0x4387b7d5 (1132967893)
                  session_wire_id          : 0x000000000000d3e4 (54244)
                  creation_time            : Tue May 19 08:41:39 AM 2026 JST
                  expiration_time          : Thu Sep 14 11:48:05 AM 30828 JST
                  auth_time                : NTTIME(0)
                  auth_session_info_seqnum : 0x00000000 (0)
                  auth_session_info        : NULL
                  connection_dialect       : 0x0000 (0)
                  signing_flags            : 0x00 (0)
                         0: SMBXSRV_SIGNING_REQUIRED 
                         0: SMBXSRV_PROCESSED_SIGNED_PACKET
                         0: SMBXSRV_PROCESSED_UNSIGNED_PACKET
                  signing_algo             : 0x0000 (0)
                  encryption_flags         : 0x08 (8)
                         0: SMBXSRV_ENCRYPTION_REQUIRED
                         0: SMBXSRV_ENCRYPTION_DESIRED
                         0: SMBXSRV_PROCESSED_ENCRYPTED_PACKET
                         1: SMBXSRV_PROCESSED_UNENCRYPTED_PACKET
                  encryption_cipher        : 0x0000 (0)
                  signing_key              : NULL
                  encryption_key           : NULL
                  decryption_key           : NULL
                  application_key          : NULL
                  num_channels             : 0x00000001 (1)
                  channels: ARRAY(1)
                      channels: struct smbXsrv_channel_global0
                          server_id: struct server_id
                              pid                      : 0x00000000003b8261 (3900001)
                              task_id                  : 0x00000000 (0)
                              vnn                      : 0xffffffff (4294967295)
                              unique_id                : 0xd2c33d9fcd33ff8f (-3259693948734275697)
                          channel_id               : 0x0000000000000001 (1)
                          creation_time            : Tue May 19 08:41:39 AM 2026 JST
                          local_address            : 'ipv4:10.1.6.1:445'
                          remote_address           : 'ipv4:10.254.254.9:46618'
                          remote_name              : '10.254.254.9'
                          signing_key              : NULL
                          auth_session_info_seqnum : 0x00000000 (0)
                          connection               : *
                          signing_algo             : 0x0000 (0)
                          encryption_cipher        : 0x8000 (32768)
[2026/05/19 08:41:39.060654,  5, pid=3900001, effective(0, 0), real(0, 0)] lib/dbwrap/dbwrap.c:204(dbwrap_lock_order_unlock)
  dbwrap_lock_order_unlock: release lock order 1 for /run/samba/smbXsrv_session_global.tdb
[2026/05/19 08:41:39.060675, 10, pid=3900001, effective(0, 0), real(0, 0)] lib/dbwrap/dbwrap_tdb.c:60(db_tdb_log_key)
  db_tdb_log_key: Unlocking key 4387B7D5
[2026/05/19 08:41:39.060694, 10, pid=3900001, effective(0, 0), real(0, 0)] source3/lib/dbwrap/dbwrap_watch.c:550(dbwrap_watched_trigger_wakeup)
  dbwrap_watched_trigger_wakeup: No one to wakeup
[2026/05/19 08:41:39.060726, 10, pid=3900001, effective(0, 0), real(0, 0)] source3/smbd/smbXsrv_session.c:1507(smbXsrv_session_update)
  smbXsrv_session_update: smbXsrv_session_update: global_id (0x4387b7d5) stored
[2026/05/19 08:41:39.060744,  1, pid=3900001, effective(0, 0), real(0, 0), class=rpc_parse] source3/smbd/smbXsrv_session.c:1509(smbXsrv_session_update)
       &session_blob: struct smbXsrv_sessionB
          version                  : SMBXSRV_VERSION_0 (0)
          reserved                 : 0x00000000 (0)
          info                     : union smbXsrv_sessionU(case 0)
          info0                    : *
              info0: struct smbXsrv_session
                  table                    : *
                  db_rec                   : NULL
                  client                   : *
                  local_id                 : 0x0000d3e4 (54244)
                  global                   : *
                      global: struct smbXsrv_session_global0
                          db_rec                   : NULL
                          session_global_id        : 0x4387b7d5 (1132967893)
                          session_wire_id          : 0x000000000000d3e4 (54244)
                          creation_time            : Tue May 19 08:41:39 AM 2026 JST
                          expiration_time          : Thu Sep 14 11:48:05 AM 30828 JST
                          auth_time                : NTTIME(0)
                          auth_session_info_seqnum : 0x00000000 (0)
                          auth_session_info        : NULL
                          connection_dialect       : 0x0000 (0)
                          signing_flags            : 0x00 (0)
                                 0: SMBXSRV_SIGNING_REQUIRED 
                                 0: SMBXSRV_PROCESSED_SIGNED_PACKET
                                 0: SMBXSRV_PROCESSED_UNSIGNED_PACKET
                          signing_algo             : 0x0000 (0)
                          encryption_flags         : 0x08 (8)
                                 0: SMBXSRV_ENCRYPTION_REQUIRED
                                 0: SMBXSRV_ENCRYPTION_DESIRED
                                 0: SMBXSRV_PROCESSED_ENCRYPTED_PACKET
                                 1: SMBXSRV_PROCESSED_UNENCRYPTED_PACKET
                          encryption_cipher        : 0x0000 (0)
                          signing_key              : NULL
                          encryption_key           : NULL
                          decryption_key           : NULL
                          application_key          : NULL
                          num_channels             : 0x00000001 (1)
                          channels: ARRAY(1)
                              channels: struct smbXsrv_channel_global0
                                  server_id: struct server_id
                                      pid                      : 0x00000000003b8261 (3900001)
                                      task_id                  : 0x00000000 (0)
                                      vnn                      : 0xffffffff (4294967295)
                                      unique_id                : 0xd2c33d9fcd33ff8f (-3259693948734275697)
                                  channel_id               : 0x0000000000000001 (1)
                                  creation_time            : Tue May 19 08:41:39 AM 2026 JST
                                  local_address            : 'ipv4:10.1.6.1:445'
                                  remote_address           : 'ipv4:10.254.254.9:46618'
                                  remote_name              : '10.254.254.9'
                                  signing_key              : NULL
                                  auth_session_info_seqnum : 0x00000000 (0)
                                  connection               : *
                                  signing_algo             : 0x0000 (0)
                                  encryption_cipher        : 0x8000 (32768)
                  status                   : NT_STATUS_MORE_PROCESSING_REQUIRED
                  idle_time                : Tue May 19 08:41:39 AM 2026 JST
                  nonce_high_random        : 0x0000000000000000 (0)
                  nonce_high_max           : 0x0000000000000000 (0)
                  nonce_high               : 0x0000000000000000 (0)
                  nonce_low                : 0x0000000000000000 (0)
                  tcon_table               : NULL
                  homes_snum               : 0xffffffff (4294967295)
                  pending_auth             : *
                      pending_auth: struct smbXsrv_session_auth0
                          prev                     : *
                          next                     : NULL
                          session                  : *
                          connection               : *
                          gensec                   : *
                          preauth                  : NULL
                          in_flags                 : 0x00 (0)
                          in_security_mode         : 0x00 (0)
                          creation_time            : Tue May 19 08:41:39 AM 2026 JST
                          idle_time                : Tue May 19 08:41:39 AM 2026 JST
                          channel_id               : 0x0000000000000001 (1)
[2026/05/19 08:41:39.061305,  3, pid=3900001, effective(0, 0), real(0, 0)] source3/smbd/smb1_sesssetup.c:605(reply_sesssetup_and_X)
  wct=12 flg2=0xd801
[2026/05/19 08:41:39.061325,  3, pid=3900001, effective(0, 0), real(0, 0)] source3/smbd/smb1_sesssetup.c:107(reply_sesssetup_and_X_spnego)
  Doing spnego session setup
[2026/05/19 08:41:39.061347,  3, pid=3900001, effective(0, 0), real(0, 0)] source3/smbd/smb1_sesssetup.c:147(reply_sesssetup_and_X_spnego)
  NativeOS=[Linux version 3.14.17-ami] NativeLanMan=[CIFS VFS Client for Linux] PrimaryDomain=[]
[2026/05/19 08:41:39.061368,  4, pid=3900001, effective(0, 0), real(0, 0)] source3/smbd/sec_ctx.c:206(push_sec_ctx)
  push_sec_ctx(0, 0) : sec_ctx_stack_ndx = 1
[2026/05/19 08:41:39.061389,  4, pid=3900001, effective(0, 0), real(0, 0)] source3/smbd/uid.c:566(push_conn_ctx)
  push_conn_ctx(0) : conn_ctx_stack_ndx = 0
[2026/05/19 08:41:39.061407,  4, pid=3900001, effective(0, 0), real(0, 0)] source3/smbd/sec_ctx.c:317(set_sec_ctx_internal)
  setting sec ctx (0, 0) - sec_ctx_stack_ndx = 1
[2026/05/19 08:41:39.061424,  5, pid=3900001, effective(0, 0), real(0, 0)] libcli/security/security_token.c:49(security_token_debug)
  Security token: (NULL)
[2026/05/19 08:41:39.061441,  5, pid=3900001, effective(0, 0), real(0, 0)] source3/auth/token_util.c:873(debug_unix_user_token)
  UNIX token of user 0
  Primary group is 0 and contains 0 supplementary groups
[2026/05/19 08:41:39.061551,  1, pid=3900001, effective(0, 0), real(0, 0), class=rpc_parse] auth/ntlmssp/ntlmssp_server.c:502(ntlmssp_server_preauth)
       authenticate: struct AUTHENTICATE_MESSAGE
          Signature                : 'NTLMSSP'
          MessageType              : NtLmAuthenticate (3)
          LmChallengeResponseLen   : 0x0000 (0)
          LmChallengeResponseMaxLen: 0x0000 (0)
          LmChallengeResponse      : *
              LmChallengeResponse      : union ntlmssp_LM_RESPONSE_with_len(case 0)
          NtChallengeResponseLen   : 0x00ac (172)
          NtChallengeResponseMaxLen: 0x00ac (172)
          NtChallengeResponse      : *
              NtChallengeResponse      : union ntlmssp_NTLM_RESPONSE_with_len(case 172)
              v2: struct NTLMv2_RESPONSE
                  Response                 : a1aea75ed1ede98b8d4c87610129368d
                  Challenge: struct NTLMv2_CLIENT_CHALLENGE
                      RespType                 : 0x01 (1)
                      HiRespType               : 0x01 (1)
                      Reserved1                : 0x0000 (0)
                      Reserved2                : 0x00000000 (0)
                      TimeStamp                : Tue May 19 05:55:13 PM 2026 JST
                      ChallengeFromClient      : 99565286c4bbf919
                      Reserved3                : 0x00000000 (0)
                      AvPairs: struct AV_PAIR_LIST
                          count                    : 0x00000006 (6)
                          pair: ARRAY(6)
                              pair: struct AV_PAIR
                                  AvId                     : MsvAvNbDomainName (0x2)
                                  AvLen                    : 0x0020 (32)
                                  Value                    : union ntlmssp_AvValue(case 0x2)
                                  AvNbDomainName           : 'AWS-MMNS-GENERIC'
                              pair: struct AV_PAIR
                                  AvId                     : MsvAvNbComputerName (0x1)
                                  AvLen                    : 0x0020 (32)
                                  Value                    : union ntlmssp_AvValue(case 0x1)
                                  AvNbComputerName         : 'AWS-MMNS-GENERIC'
                              pair: struct AV_PAIR
                                  AvId                     : MsvAvDnsDomainName (0x4)
                                  AvLen                    : 0x0000 (0)
                                  Value                    : union ntlmssp_AvValue(case 0x4)
                                  AvDnsDomainName          : ''
                              pair: struct AV_PAIR
                                  AvId                     : MsvAvDnsComputerName (0x3)
                                  AvLen                    : 0x0020 (32)
                                  Value                    : union ntlmssp_AvValue(case 0x3)
                                  AvDnsComputerName        : 'aws-mmns-generic'
                              pair: struct AV_PAIR
                                  AvId                     : MsvAvTimestamp (0x7)
                                  AvLen                    : 0x0008 (8)
                                  Value                    : union ntlmssp_AvValue(case 0x7)
                                  AvTimestamp              : Tue May 19 08:41:39 AM 2026 JST
                              pair: struct AV_PAIR
                                  AvId                     : MsvAvEOL (0x0)
                                  AvLen                    : 0x0000 (0)
                                  Value                    : union ntlmssp_AvValue(case 0x0)
          DomainNameLen            : 0x0020 (32)
          DomainNameMaxLen         : 0x0020 (32)
          DomainName               : *
              DomainName               : 'AWS-MMNS-GENERIC'
          UserNameLen              : 0x000a (10)
          UserNameMaxLen           : 0x000a (10)
          UserName                 : *
              UserName                 : 'guest'
          WorkstationLen           : 0x0000 (0)
          WorkstationMaxLen        : 0x0000 (0)
          Workstation              : *
              Workstation              : ''
          EncryptedRandomSessionKeyLen: 0x0010 (16)
          EncryptedRandomSessionKeyMaxLen: 0x0010 (16)
          EncryptedRandomSessionKey: *
              EncryptedRandomSessionKey: DATA_BLOB length=16
  [0000] 6F 84 5F C3 34 24 55 2D   95 EB E5 76 8C CC EB 64   o._.4$U- ...v...d
          NegotiateFlags           : 0xa0880205 (2693267973)
                 1: NTLMSSP_NEGOTIATE_UNICODE
                 0: NTLMSSP_NEGOTIATE_OEM    
                 1: NTLMSSP_REQUEST_TARGET   
                 0: NTLMSSP_NEGOTIATE_SIGN   
                 0: NTLMSSP_NEGOTIATE_SEAL   
                 0: NTLMSSP_NEGOTIATE_DATAGRAM
                 0: NTLMSSP_NEGOTIATE_LM_KEY 
                 0: NTLMSSP_NEGOTIATE_NETWARE
                 1: NTLMSSP_NEGOTIATE_NTLM   
                 0: NTLMSSP_NEGOTIATE_NT_ONLY
                 0: NTLMSSP_ANONYMOUS        
                 0: NTLMSSP_NEGOTIATE_OEM_DOMAIN_SUPPLIED
                 0: NTLMSSP_NEGOTIATE_OEM_WORKSTATION_SUPPLIED
                 0: NTLMSSP_NEGOTIATE_THIS_IS_LOCAL_CALL
                 0: NTLMSSP_NEGOTIATE_ALWAYS_SIGN
                 0: NTLMSSP_TARGET_TYPE_DOMAIN
                 0: NTLMSSP_TARGET_TYPE_SERVER
                 0: NTLMSSP_TARGET_TYPE_SHARE
                 1: NTLMSSP_NEGOTIATE_EXTENDED_SESSIONSECURITY
                 0: NTLMSSP_NEGOTIATE_IDENTIFY
                 0: NTLMSSP_REQUEST_NON_NT_SESSION_KEY
                 1: NTLMSSP_NEGOTIATE_TARGET_INFO
                 0: NTLMSSP_NEGOTIATE_VERSION
                 1: NTLMSSP_NEGOTIATE_128    
                 0: NTLMSSP_NEGOTIATE_KEY_EXCH
                 1: NTLMSSP_NEGOTIATE_56     
[2026/05/19 08:41:39.062221,  3, pid=3900001, effective(0, 0), real(0, 0), class=auth] auth/ntlmssp/ntlmssp_server.c:509(ntlmssp_server_preauth)
  Got user=[guest] domain=[AWS-MMNS-GENERIC] workstation=[] len1=0 len2=172
[2026/05/19 08:41:39.062261,  1, pid=3900001, effective(0, 0), real(0, 0), class=rpc_parse] auth/ntlmssp/ntlmssp_server.c:553(ntlmssp_server_preauth)
       &v2_resp: struct NTLMv2_RESPONSE
          Response                 : a1aea75ed1ede98b8d4c87610129368d
          Challenge: struct NTLMv2_CLIENT_CHALLENGE
              RespType                 : 0x01 (1)
              HiRespType               : 0x01 (1)
              Reserved1                : 0x0000 (0)
              Reserved2                : 0x00000000 (0)
              TimeStamp                : Tue May 19 05:55:13 PM 2026 JST
              ChallengeFromClient      : 99565286c4bbf919
              Reserved3                : 0x00000000 (0)
              AvPairs: struct AV_PAIR_LIST
                  count                    : 0x00000006 (6)
                  pair: ARRAY(6)
                      pair: struct AV_PAIR
                          AvId                     : MsvAvNbDomainName (0x2)
                          AvLen                    : 0x0020 (32)
                          Value                    : union ntlmssp_AvValue(case 0x2)
                          AvNbDomainName           : 'AWS-MMNS-GENERIC'
                      pair: struct AV_PAIR
                          AvId                     : MsvAvNbComputerName (0x1)
                          AvLen                    : 0x0020 (32)
                          Value                    : union ntlmssp_AvValue(case 0x1)
                          AvNbComputerName         : 'AWS-MMNS-GENERIC'
                      pair: struct AV_PAIR
                          AvId                     : MsvAvDnsDomainName (0x4)
                          AvLen                    : 0x0000 (0)
                          Value                    : union ntlmssp_AvValue(case 0x4)
                          AvDnsDomainName          : ''
                      pair: struct AV_PAIR
                          AvId                     : MsvAvDnsComputerName (0x3)
                          AvLen                    : 0x0020 (32)
                          Value                    : union ntlmssp_AvValue(case 0x3)
                          AvDnsComputerName        : 'aws-mmns-generic'
                      pair: struct AV_PAIR
                          AvId                     : MsvAvTimestamp (0x7)
                          AvLen                    : 0x0008 (8)
                          Value                    : union ntlmssp_AvValue(case 0x7)
                          AvTimestamp              : Tue May 19 08:41:39 AM 2026 JST
                      pair: struct AV_PAIR
                          AvId                     : MsvAvEOL (0x0)
                          AvLen                    : 0x0000 (0)
                          Value                    : union ntlmssp_AvValue(case 0x0)
[2026/05/19 08:41:39.062557,  5, pid=3900001, effective(0, 0), real(0, 0), class=auth] source3/auth/auth_util.c:125(make_user_info_map)
  Mapping user [AWS-MMNS-GENERIC]\[guest] from workstation []
[2026/05/19 08:41:39.062595,  5, pid=3900001, effective(0, 0), real(0, 0), class=auth] source3/auth/user_info.c:64(make_user_info)
  attempting to make a user_info for guest (guest)
[2026/05/19 08:41:39.062614,  5, pid=3900001, effective(0, 0), real(0, 0), class=auth] source3/auth/user_info.c:72(make_user_info)
  making strings for guest's user_info struct
[2026/05/19 08:41:39.062634,  5, pid=3900001, effective(0, 0), real(0, 0), class=auth] source3/auth/user_info.c:117(make_user_info)
  making blobs for guest's user_info struct
[2026/05/19 08:41:39.062652, 10, pid=3900001, effective(0, 0), real(0, 0), class=auth] source3/auth/user_info.c:163(make_user_info)
  made a user_info for guest (guest)
[2026/05/19 08:41:39.062671,  3, pid=3900001, effective(0, 0), real(0, 0), class=auth] source3/auth/auth.c:202(auth_check_ntlm_password)
  auth_check_ntlm_password: check_ntlm_password:  Checking password for unmapped user [AWS-MMNS-GENERIC]\[guest]@[] with the new password interface
[2026/05/19 08:41:39.062690,  3, pid=3900001, effective(0, 0), real(0, 0), class=auth] source3/auth/auth.c:208(auth_check_ntlm_password)
  auth_check_ntlm_password: check_ntlm_password:  mapped user is: [AWS-MMNS-GENERIC]\[guest]@[]
[2026/05/19 08:41:39.062708, 10, pid=3900001, effective(0, 0), real(0, 0), class=auth] source3/auth/auth.c:220(auth_check_ntlm_password)
  check_ntlm_password: auth_context challenge created by random
[2026/05/19 08:41:39.062725, 10, pid=3900001, effective(0, 0), real(0, 0), class=auth] source3/auth/auth.c:223(auth_check_ntlm_password)
  challenge is: 
[2026/05/19 08:41:39.062742,  5, pid=3900001, effective(0, 0), real(0, 0)] lib/util/util.c:578(dump_data)
  [0000] 70 C0 7F 23 C6 F4 57 4F                             p..#..WO
[2026/05/19 08:41:39.062776, 10, pid=3900001, effective(0, 0), real(0, 0), class=auth] source3/auth/auth_builtin.c:42(check_anonymous_security)
  Check auth for: [guest]
[2026/05/19 08:41:39.062794, 10, pid=3900001, effective(0, 0), real(0, 0), class=auth] source3/auth/auth.c:256(auth_check_ntlm_password)
  auth_check_ntlm_password: anonymous had nothing to say
[2026/05/19 08:41:39.062821, 10, pid=3900001, effective(0, 0), real(0, 0), class=auth] source3/auth/auth_sam.c:46(auth_sam_ignoredomain_auth)
  auth_sam_ignoredomain_auth: Check auth for: [AWS-MMNS-GENERIC]\[guest]
[2026/05/19 08:41:39.062853,  4, pid=3900001, effective(0, 0), real(0, 0)] source3/smbd/sec_ctx.c:206(push_sec_ctx)
  push_sec_ctx(0, 0) : sec_ctx_stack_ndx = 2
[2026/05/19 08:41:39.062888,  4, pid=3900001, effective(0, 0), real(0, 0)] source3/smbd/uid.c:566(push_conn_ctx)
  push_conn_ctx(0) : conn_ctx_stack_ndx = 1
[2026/05/19 08:41:39.062906,  4, pid=3900001, effective(0, 0), real(0, 0)] source3/smbd/sec_ctx.c:317(set_sec_ctx_internal)
  setting sec ctx (0, 0) - sec_ctx_stack_ndx = 2
[2026/05/19 08:41:39.062923,  5, pid=3900001, effective(0, 0), real(0, 0)] libcli/security/security_token.c:49(security_token_debug)
  Security token: (NULL)
[2026/05/19 08:41:39.062940,  5, pid=3900001, effective(0, 0), real(0, 0)] source3/auth/token_util.c:873(debug_unix_user_token)
  UNIX token of user 0
  Primary group is 0 and contains 0 supplementary groups
[2026/05/19 08:41:39.062999,  5, pid=3900001, effective(0, 0), real(0, 0), class=passdb] source3/passdb/pdb_tdb.c:602(tdbsam_getsampwnam)
  pdb_getsampwnam (TDB): error fetching database.
   Key: USER_guest
[2026/05/19 08:41:39.063032,  4, pid=3900001, effective(0, 0), real(0, 0)] source3/smbd/sec_ctx.c:443(pop_sec_ctx)
  pop_sec_ctx (0, 0) - sec_ctx_stack_ndx = 1
[2026/05/19 08:41:39.063052,  3, pid=3900001, effective(0, 0), real(0, 0), class=auth] source3/auth/check_samsec.c:408(check_sam_security)
  check_sam_security: Couldn't find user 'guest' in passdb.
[2026/05/19 08:41:39.063071,  5, pid=3900001, effective(0, 0), real(0, 0), class=auth] source3/auth/auth.c:265(auth_check_ntlm_password)
  auth_check_ntlm_password: sam_ignoredomain authentication for user [guest] FAILED with error NT_STATUS_NO_SUCH_USER, authoritative=1
[2026/05/19 08:41:39.063102,  2, pid=3900001, effective(0, 0), real(0, 0), class=auth] source3/auth/auth.c:353(auth_check_ntlm_password)
  check_ntlm_password:  Authentication for user [guest] -> [guest] FAILED with error NT_STATUS_NO_SUCH_USER, authoritative=1
[2026/05/19 08:41:39.063169,  2, pid=3900001, effective(0, 0), real(0, 0), class=auth_audit] auth/auth_log.c:858(log_authentication_event_human_readable)
  Auth: [SMB,(null)] user [AWS-MMNS-GENERIC]\[guest] at [Tue, 19 May 2026 08:41:39.063147 JST] with [NTLMv2] status [NT_STATUS_NO_SUCH_USER] workstation [] remote host [ipv4:10.254.254.9:46618] mapped to [AWS-MMNS-GENERIC]\[guest]. local host [ipv4:10.1.6.1:445] 
  {"timestamp": "2026-05-19T08:41:39.063387+0900", "type": "Authentication", "Authentication": {"version": {"major": 1, "minor": 3}, "eventId": 4625, "logonId": "0", "logonType": 3, "status": "NT_STATUS_NO_SUCH_USER", "localAddress": "ipv4:10.1.6.1:445", "remoteAddress": "ipv4:10.254.254.9:46618", "serviceDescription": "SMB", "authDescription": null, "clientDomain": "AWS-MMNS-GENERIC", "clientAccount": "guest", "workstation": "", "becameAccount": null, "becameDomain": null, "becameSid": null, "mappedAccount": "guest", "mappedDomain": "AWS-MMNS-GENERIC", "netlogonComputer": null, "netlogonTrustAccount": null, "netlogonNegotiateFlags": "0x00000000", "netlogonSecureChannelType": 0, "netlogonTrustAccountSid": null, "passwordType": "NTLMv2", "clientPolicyAccessCheck": null, "serverPolicyAccessCheck": null, "duration": 322118}}
[2026/05/19 08:41:39.063455,  5, pid=3900001, effective(0, 0), real(0, 0)] source3/auth/auth_ntlmssp.c:213(auth3_check_password_send)
  auth3_check_password_send: Checking NTLMSSP password for AWS-MMNS-GENERIC\guest failed: NT_STATUS_NO_SUCH_USER, authoritative=1
[2026/05/19 08:41:39.063478,  3, pid=3900001, effective(0, 0), real(0, 0), class=auth] source3/auth/auth_util.c:2327(do_map_to_guest_server_info)
  No such user guest [AWS-MMNS-GENERIC] - using guest account
[2026/05/19 08:41:39.063517,  3, pid=3900001, effective(0, 0), real(0, 0)] source3/param/loadparm.c:3997(lp_load_ex)
  lp_load_ex: refreshing parameters
[2026/05/19 08:41:39.063538,  5, pid=3900001, effective(0, 0), real(0, 0)] source3/param/loadparm.c:1406(free_param_opts)
  Freeing parametrics:
[2026/05/19 08:41:39.063625,  3, pid=3900001, effective(0, 0), real(0, 0)] source3/param/loadparm.c:559(init_globals)
  Initialising global parameters
[2026/05/19 08:41:39.063777,  3, pid=3900001, effective(0, 0), real(0, 0)] source3/param/loadparm.c:2899(lp_do_section)
  Processing section "[global]"
  doing parameter log level = 10
[2026/05/19 08:41:39.063828,  5, pid=3900001, effective(0, 0), real(0, 0)] lib/util/debug.c:931(debug_dump_status)
  INFO: Current debug levels:
    all: 10
    tdb: 10
    printdrivers: 10
    lanman: 10
    smb: 10
    rpc_parse: 10
    rpc_srv: 10
    rpc_cli: 10
    passdb: 10
    sam: 10
    auth: 10
    winbind: 10
    vfs: 10
    idmap: 10
    quota: 10
    acls: 10
    locking: 10
    msdfs: 10
    dmapi: 10
    registry: 10
    scavenger: 10
    dns: 10
    ldb: 10
    tevent: 10
    auth_audit: 10
    auth_json_audit: 10
    kerberos: 10
    drs_repl: 10
    smb2: 10
    smb2_credits: 10
    dsdb_audit: 10
    dsdb_json_audit: 10
    dsdb_password_audit: 10
    dsdb_password_json_audit: 10
    dsdb_transaction_audit: 10
    dsdb_transaction_json_audit: 10
    dsdb_group_audit: 10
    dsdb_group_json_audit: 10
  doing parameter workgroup = WORKGROUP
  doing parameter server string = %h server (Samba, Ubuntu)
  doing parameter server min protocol = NT1
  doing parameter client min protocol = NT1
  doing parameter ntlm auth = ntlmv1-permitted
  doing parameter lanman auth = yes
[2026/05/19 08:41:39.064178,  1, pid=3900001, effective(0, 0), real(0, 0)] lib/param/loadparm.c:1909(lpcfg_do_global_parameter)
  lpcfg_do_global_parameter: WARNING: The "lanman auth" option is deprecated
  doing parameter log file = /var/log/samba/log.%m
  doing parameter max log size = 1000
  doing parameter logging = file
  doing parameter panic action = /usr/share/samba/panic-action %d
  doing parameter server role = standalone server
  doing parameter obey pam restrictions = yes
  doing parameter unix password sync = yes
  doing parameter passwd program = /usr/bin/passwd %u
  doing parameter passwd chat = *Enter\snew\s*\spassword:* %n\n *Retype\snew\s*\spassword:* %n\n *password\supdated\ssuccessfully* .
  doing parameter pam password change = yes
  doing parameter map to guest = bad user
  doing parameter guest account = nobody
  doing parameter guest ok = yes
  doing parameter usershare allow guests = yes
[2026/05/19 08:41:39.064642,  2, pid=3900001, effective(0, 0), real(0, 0)] source3/param/loadparm.c:2916(lp_do_section)
  Processing section "[public]"
  doing parameter comment = Public Share
  doing parameter path = /var/samba/public
  doing parameter browseable = yes
  doing parameter read only = no
  doing parameter guest ok = yes
  doing parameter create mask = 0666
  doing parameter directory mask = 0777
[2026/05/19 08:41:39.064783,  4, pid=3900001, effective(0, 0), real(0, 0)] source3/param/loadparm.c:4039(lp_load_ex)
  pm_process() returned Yes
[2026/05/19 08:41:39.064827,  7, pid=3900001, effective(0, 0), real(0, 0)] source3/param/loadparm.c:4374(lp_servicenumber)
  lp_servicenumber: couldn't find homes
[2026/05/19 08:41:39.064850,  3, pid=3900001, effective(0, 0), real(0, 0)] source3/param/loadparm.c:1683(lp_add_ipc)
  adding IPC service
[2026/05/19 08:41:39.064908, 10, pid=3900001, effective(0, 0), real(0, 0), class=auth] auth/gensec/gensec.c:457(gensec_update_send)
  gensec_update_send: ntlmssp[0x6087dc188350]: subreq: 0x6087dc14b2a0
[2026/05/19 08:41:39.064934, 10, pid=3900001, effective(0, 0), real(0, 0), class=auth] auth/gensec/gensec.c:457(gensec_update_send)
  gensec_update_send: spnego[0x6087dc187360]: subreq: 0x6087dc188770
[2026/05/19 08:41:39.065007, 10, pid=3900001, effective(0, 0), real(0, 0), class=auth] auth/ntlmssp/ntlmssp_server.c:988(ntlmssp_server_postauth)
  ntlmssp_server_auth: Failed to create unmodified session key.
[2026/05/19 08:41:39.065034, 10, pid=3900001, effective(0, 0), real(0, 0), class=auth] auth/gensec/gensec.c:549(gensec_update_done)
  gensec_update_done: ntlmssp[0x6087dc188350]: NT_STATUS_OK tevent_req[0x6087dc14b2a0/auth/ntlmssp/ntlmssp.c:180]: state[2] error[0 (0x0)]  state[struct gensec_ntlmssp_update_state (0x6087dc14b480)] timer[(nil)] finish[auth/ntlmssp/ntlmssp.c:244]
[2026/05/19 08:41:39.065062, 10, pid=3900001, effective(0, 0), real(0, 0), class=auth] auth/gensec/gensec.c:549(gensec_update_done)
  gensec_update_done: spnego[0x6087dc187360]: NT_STATUS_OK tevent_req[0x6087dc188770/auth/gensec/spnego.c:1631]: state[2] error[0 (0x0)]  state[struct gensec_spnego_update_state (0x6087dc188950)] timer[(nil)] finish[auth/gensec/spnego.c:2116]
[2026/05/19 08:41:39.065103,  4, pid=3900001, effective(0, 0), real(0, 0)] source3/smbd/sec_ctx.c:443(pop_sec_ctx)
  pop_sec_ctx (0, 0) - sec_ctx_stack_ndx = 0
[2026/05/19 08:41:39.065158,  4, pid=3900001, effective(0, 0), real(0, 0), class=auth_audit] auth/auth_log.c:967(log_successful_authz_event_human_readable)
  Successful AuthZ: [SMB,NTLMSSP] user [AWS-MMNS-GENERIC]\[nobody] [S-1-5-21-2342536155-1022706741-2866312864-501] at [Tue, 19 May 2026 08:41:39.065146 JST] Remote host [ipv4:10.254.254.9:46618] local host [ipv4:10.1.6.1:445]
  {"timestamp": "2026-05-19T08:41:39.065208+0900", "type": "Authorization", "Authorization": {"version": {"major": 1, "minor": 2}, "localAddress": "ipv4:10.1.6.1:445", "remoteAddress": "ipv4:10.254.254.9:46618", "serviceDescription": "SMB", "authType": "NTLMSSP", "domain": "AWS-MMNS-GENERIC", "account": "nobody", "sid": "S-1-5-21-2342536155-1022706741-2866312864-501", "sessionId": "555fbbba-8395-430d-ab95-55537d9fe47a", "logonServer": null, "transportProtection": "SMB", "accountFlags": "0x00000000", "clientPolicyAccessCheck": null, "serverPolicyAccessCheck": null}}
[2026/05/19 08:41:39.065248,  5, pid=3900001, effective(0, 0), real(0, 0)] lib/dbwrap/dbwrap.c:172(dbwrap_lock_order_lock)
  dbwrap_lock_order_lock: check lock order 1 for /run/samba/smbXsrv_session_global.tdb
[2026/05/19 08:41:39.065268, 10, pid=3900001, effective(0, 0), real(0, 0)] lib/dbwrap/dbwrap.c:157(debug_lock_order)
  lock order:  1:/run/samba/smbXsrv_session_global.tdb 2:<none> 3:<none> 4:<none>
[2026/05/19 08:41:39.065290, 10, pid=3900001, effective(0, 0), real(0, 0)] lib/dbwrap/dbwrap_tdb.c:60(db_tdb_log_key)
  db_tdb_log_key: Locking key 4387B7D5
[2026/05/19 08:41:39.065310, 10, pid=3900001, effective(0, 0), real(0, 0)] lib/dbwrap/dbwrap_tdb.c:153(db_tdb_fetch_locked_internal)
  db_tdb_fetch_locked_internal: Allocated locked data 0x6087dc148590
[2026/05/19 08:41:39.065344, 10, pid=3900001, effective(0, 0), real(0, 0)] source3/lib/dbwrap/dbwrap_watch.c:507(dbwrap_watched_record_prepare_wakeup)
  dbwrap_watched_record_prepare_wakeup: No watchers
[2026/05/19 08:41:39.065399, 10, pid=3900001, effective(0, 0), real(0, 0)] source3/smbd/smbXsrv_session.c:974(smbXsrv_session_global_store)
  smbXsrv_session_global_store: smbXsrv_session_global_store: key '4387B7D5' stored
[2026/05/19 08:41:39.065418,  1, pid=3900001, effective(0, 0), real(0, 0), class=rpc_parse] source3/smbd/smbXsrv_session.c:976(smbXsrv_session_global_store)
       &global_blob: struct smbXsrv_session_globalB
          version                  : SMBXSRV_VERSION_0 (0)
          seqnum                   : 0x00000003 (3)
          info                     : union smbXsrv_session_globalU(case 0)
          info0                    : *
              info0: struct smbXsrv_session_global0
                  db_rec                   : *
                  session_global_id        : 0x4387b7d5 (1132967893)
                  session_wire_id          : 0x000000000000d3e4 (54244)
                  creation_time            : Tue May 19 08:41:39 AM 2026 JST
                  expiration_time          : Thu Sep 14 11:48:05 AM 30828 JST
                  auth_time                : Tue May 19 08:41:39 AM 2026 JST
                  auth_session_info_seqnum : 0x00000001 (1)
                  auth_session_info        : *
                      auth_session_info: struct auth_session_info
                          security_token           : *
                              security_token: struct security_token
                                  num_sids                 : 0x00000007 (7)
                                  sids: ARRAY(7)
                                      sids                     : S-1-5-21-2342536155-1022706741-2866312864-501
                                      sids                     : S-1-5-21-2342536155-1022706741-2866312864-514
                                      sids                     : S-1-22-2-65534
                                      sids                     : S-1-1-0
                                      sids                     : S-1-5-2
                                      sids                     : S-1-5-32-546
                                      sids                     : S-1-22-1-65534
                                  privilege_mask           : 0x0000000000000000 (0)
                                         0: SEC_PRIV_MACHINE_ACCOUNT_BIT
                                         0: SEC_PRIV_PRINT_OPERATOR_BIT
                                         0: SEC_PRIV_ADD_USERS_BIT   
                                         0: SEC_PRIV_DISK_OPERATOR_BIT
                                         0: SEC_PRIV_REMOTE_SHUTDOWN_BIT
                                         0: SEC_PRIV_BACKUP_BIT      
                                         0: SEC_PRIV_RESTORE_BIT     
                                         0: SEC_PRIV_TAKE_OWNERSHIP_BIT
                                         0: SEC_PRIV_INCREASE_QUOTA_BIT
                                         0: SEC_PRIV_SECURITY_BIT    
                                         0: SEC_PRIV_LOAD_DRIVER_BIT 
                                         0: SEC_PRIV_SYSTEM_PROFILE_BIT
                                         0: SEC_PRIV_SYSTEMTIME_BIT  
                                         0: SEC_PRIV_PROFILE_SINGLE_PROCESS_BIT
                                         0: SEC_PRIV_INCREASE_BASE_PRIORITY_BIT
                                         0: SEC_PRIV_CREATE_PAGEFILE_BIT
                                         0: SEC_PRIV_SHUTDOWN_BIT    
                                         0: SEC_PRIV_DEBUG_BIT       
                                         0: SEC_PRIV_SYSTEM_ENVIRONMENT_BIT
                                         0: SEC_PRIV_CHANGE_NOTIFY_BIT
                                         0: SEC_PRIV_UNDOCK_BIT      
                                         0: SEC_PRIV_ENABLE_DELEGATION_BIT
                                         0: SEC_PRIV_MANAGE_VOLUME_BIT
                                         0: SEC_PRIV_IMPERSONATE_BIT 
                                         0: SEC_PRIV_CREATE_GLOBAL_BIT
                                  rights_mask              : 0x00000000 (0)
                                         0: LSA_POLICY_MODE_INTERACTIVE
                                         0: LSA_POLICY_MODE_NETWORK  
                                         0: LSA_POLICY_MODE_BATCH    
                                         0: LSA_POLICY_MODE_SERVICE  
                                         0: LSA_POLICY_MODE_PROXY    
                                         0: LSA_POLICY_MODE_DENY_INTERACTIVE
                                         0: LSA_POLICY_MODE_DENY_NETWORK
                                         0: LSA_POLICY_MODE_DENY_BATCH
                                         0: LSA_POLICY_MODE_DENY_SERVICE
                                         0: LSA_POLICY_MODE_REMOTE_INTERACTIVE
                                         0: LSA_POLICY_MODE_DENY_REMOTE_INTERACTIVE
                                      0x00: LSA_POLICY_MODE_ALL       (0)
                                      0x00: LSA_POLICY_MODE_ALL_NT4   (0)
                          unix_token               : *
                              unix_token: struct security_unix_token
                                  uid                      : 0x000000000000fffe (65534)
                                  gid                      : 0x000000000000fffe (65534)
                                  ngroups                  : 0x00000001 (1)
                                  groups: ARRAY(1)
                                      groups                   : 0x000000000000fffe (65534)
                          info                     : *
                              info: struct auth_user_info
                                  account_name             : *
                                      account_name             : 'nobody'
                                  user_principal_name      : NULL
                                  user_principal_constructed: 0x00 (0)
                                  domain_name              : *
                                      domain_name              : 'AWS-MMNS-GENERIC'
                                  dns_domain_name          : NULL
                                  full_name                : NULL
                                  logon_script             : NULL
                                  profile_path             : NULL
                                  home_directory           : NULL
                                  home_drive               : NULL
                                  logon_server             : NULL
                                  last_logon               : NTTIME(0)
                                  last_logoff              : NTTIME(0)
                                  acct_expiry              : NTTIME(0)
                                  last_password_change     : NTTIME(0)
                                  allow_password_change    : NTTIME(0)
                                  force_password_change    : NTTIME(0)
                                  logon_count              : 0x0000 (0)
                                  bad_password_count       : 0x0000 (0)
                                  acct_flags               : 0x00000000 (0)
                                  user_flags               : 0x00000001 (1)
                          unix_info                : *
                              unix_info: struct auth_user_info_unix
                                  unix_name                : *
                                      unix_name                : 'nobody'
                                  sanitized_username       : *
                                      sanitized_username       : 'guest'
                          torture                  : NULL
                          credentials              : NULL
                          unique_session_token     : 555fbbba-8395-430d-ab95-55537d9fe47a
                          ticket_type              : TICKET_TYPE_UNKNOWN (0)
                  connection_dialect       : 0x0000 (0)
                  signing_flags            : 0x00 (0)
                         0: SMBXSRV_SIGNING_REQUIRED 
                         0: SMBXSRV_PROCESSED_SIGNED_PACKET
                         0: SMBXSRV_PROCESSED_UNSIGNED_PACKET
                  signing_algo             : 0xfffe (65534)
                  encryption_flags         : 0x08 (8)
                         0: SMBXSRV_ENCRYPTION_REQUIRED
                         0: SMBXSRV_ENCRYPTION_DESIRED
                         0: SMBXSRV_PROCESSED_ENCRYPTED_PACKET
                         1: SMBXSRV_PROCESSED_UNENCRYPTED_PACKET
                  encryption_cipher        : 0x0000 (0)
                  signing_key              : NULL
                  encryption_key           : NULL
                  decryption_key           : NULL
                  application_key          : NULL
                  num_channels             : 0x00000001 (1)
                  channels: ARRAY(1)
                      channels: struct smbXsrv_channel_global0
                          server_id: struct server_id
                              pid                      : 0x00000000003b8261 (3900001)
                              task_id                  : 0x00000000 (0)
                              vnn                      : 0xffffffff (4294967295)
                              unique_id                : 0xd2c33d9fcd33ff8f (-3259693948734275697)
                          channel_id               : 0x0000000000000001 (1)
                          creation_time            : Tue May 19 08:41:39 AM 2026 JST
                          local_address            : 'ipv4:10.1.6.1:445'
                          remote_address           : 'ipv4:10.254.254.9:46618'
                          remote_name              : '10.254.254.9'
                          signing_key              : NULL
                          auth_session_info_seqnum : 0x00000001 (1)
                          connection               : *
                          signing_algo             : 0xfffe (65534)
                          encryption_cipher        : 0x0000 (0)
[2026/05/19 08:41:39.066433,  5, pid=3900001, effective(0, 0), real(0, 0)] lib/dbwrap/dbwrap.c:204(dbwrap_lock_order_unlock)
  dbwrap_lock_order_unlock: release lock order 1 for /run/samba/smbXsrv_session_global.tdb
[2026/05/19 08:41:39.066454, 10, pid=3900001, effective(0, 0), real(0, 0)] lib/dbwrap/dbwrap_tdb.c:60(db_tdb_log_key)
  db_tdb_log_key: Unlocking key 4387B7D5
[2026/05/19 08:41:39.066473, 10, pid=3900001, effective(0, 0), real(0, 0)] source3/lib/dbwrap/dbwrap_watch.c:550(dbwrap_watched_trigger_wakeup)
  dbwrap_watched_trigger_wakeup: No one to wakeup
[2026/05/19 08:41:39.066505, 10, pid=3900001, effective(0, 0), real(0, 0)] source3/smbd/smbXsrv_session.c:1507(smbXsrv_session_update)
  smbXsrv_session_update: smbXsrv_session_update: global_id (0x4387b7d5) stored
[2026/05/19 08:41:39.066523,  1, pid=3900001, effective(0, 0), real(0, 0), class=rpc_parse] source3/smbd/smbXsrv_session.c:1509(smbXsrv_session_update)
       &session_blob: struct smbXsrv_sessionB
          version                  : SMBXSRV_VERSION_0 (0)
          reserved                 : 0x00000000 (0)
          info                     : union smbXsrv_sessionU(case 0)
          info0                    : *
              info0: struct smbXsrv_session
                  table                    : *
                  db_rec                   : NULL
                  client                   : *
                  local_id                 : 0x0000d3e4 (54244)
                  global                   : *
                      global: struct smbXsrv_session_global0
                          db_rec                   : NULL
                          session_global_id        : 0x4387b7d5 (1132967893)
                          session_wire_id          : 0x000000000000d3e4 (54244)
                          creation_time            : Tue May 19 08:41:39 AM 2026 JST
                          expiration_time          : Thu Sep 14 11:48:05 AM 30828 JST
                          auth_time                : Tue May 19 08:41:39 AM 2026 JST
                          auth_session_info_seqnum : 0x00000001 (1)
                          auth_session_info        : *
                              auth_session_info: struct auth_session_info
                                  security_token           : *
                                      security_token: struct security_token
                                          num_sids                 : 0x00000007 (7)
                                          sids: ARRAY(7)
                                              sids                     : S-1-5-21-2342536155-1022706741-2866312864-501
                                              sids                     : S-1-5-21-2342536155-1022706741-2866312864-514
                                              sids                     : S-1-22-2-65534
                                              sids                     : S-1-1-0
                                              sids                     : S-1-5-2
                                              sids                     : S-1-5-32-546
                                              sids                     : S-1-22-1-65534
                                          privilege_mask           : 0x0000000000000000 (0)
                                                 0: SEC_PRIV_MACHINE_ACCOUNT_BIT
                                                 0: SEC_PRIV_PRINT_OPERATOR_BIT
                                                 0: SEC_PRIV_ADD_USERS_BIT   
                                                 0: SEC_PRIV_DISK_OPERATOR_BIT
                                                 0: SEC_PRIV_REMOTE_SHUTDOWN_BIT
                                                 0: SEC_PRIV_BACKUP_BIT      
                                                 0: SEC_PRIV_RESTORE_BIT     
                                                 0: SEC_PRIV_TAKE_OWNERSHIP_BIT
                                                 0: SEC_PRIV_INCREASE_QUOTA_BIT
                                                 0: SEC_PRIV_SECURITY_BIT    
                                                 0: SEC_PRIV_LOAD_DRIVER_BIT 
                                                 0: SEC_PRIV_SYSTEM_PROFILE_BIT
                                                 0: SEC_PRIV_SYSTEMTIME_BIT  
                                                 0: SEC_PRIV_PROFILE_SINGLE_PROCESS_BIT
                                                 0: SEC_PRIV_INCREASE_BASE_PRIORITY_BIT
                                                 0: SEC_PRIV_CREATE_PAGEFILE_BIT
                                                 0: SEC_PRIV_SHUTDOWN_BIT    
                                                 0: SEC_PRIV_DEBUG_BIT       
                                                 0: SEC_PRIV_SYSTEM_ENVIRONMENT_BIT
                                                 0: SEC_PRIV_CHANGE_NOTIFY_BIT
                                                 0: SEC_PRIV_UNDOCK_BIT      
                                                 0: SEC_PRIV_ENABLE_DELEGATION_BIT
                                                 0: SEC_PRIV_MANAGE_VOLUME_BIT
                                                 0: SEC_PRIV_IMPERSONATE_BIT 
                                                 0: SEC_PRIV_CREATE_GLOBAL_BIT
                                          rights_mask              : 0x00000000 (0)
                                                 0: LSA_POLICY_MODE_INTERACTIVE
                                                 0: LSA_POLICY_MODE_NETWORK  
                                                 0: LSA_POLICY_MODE_BATCH    
                                                 0: LSA_POLICY_MODE_SERVICE  
                                                 0: LSA_POLICY_MODE_PROXY    
                                                 0: LSA_POLICY_MODE_DENY_INTERACTIVE
                                                 0: LSA_POLICY_MODE_DENY_NETWORK
                                                 0: LSA_POLICY_MODE_DENY_BATCH
                                                 0: LSA_POLICY_MODE_DENY_SERVICE
                                                 0: LSA_POLICY_MODE_REMOTE_INTERACTIVE
                                                 0: LSA_POLICY_MODE_DENY_REMOTE_INTERACTIVE
                                              0x00: LSA_POLICY_MODE_ALL       (0)
                                              0x00: LSA_POLICY_MODE_ALL_NT4   (0)
                                  unix_token               : *
                                      unix_token: struct security_unix_token
                                          uid                      : 0x000000000000fffe (65534)
                                          gid                      : 0x000000000000fffe (65534)
                                          ngroups                  : 0x00000001 (1)
                                          groups: ARRAY(1)
                                              groups                   : 0x000000000000fffe (65534)
                                  info                     : *
                                      info: struct auth_user_info
                                          account_name             : *
                                              account_name             : 'nobody'
                                          user_principal_name      : NULL
                                          user_principal_constructed: 0x00 (0)
                                          domain_name              : *
                                              domain_name              : 'AWS-MMNS-GENERIC'
                                          dns_domain_name          : NULL
                                          full_name                : NULL
                                          logon_script             : NULL
                                          profile_path             : NULL
                                          home_directory           : NULL
                                          home_drive               : NULL
                                          logon_server             : NULL
                                          last_logon               : NTTIME(0)
                                          last_logoff              : NTTIME(0)
                                          acct_expiry              : NTTIME(0)
                                          last_password_change     : NTTIME(0)
                                          allow_password_change    : NTTIME(0)
                                          force_password_change    : NTTIME(0)
                                          logon_count              : 0x0000 (0)
                                          bad_password_count       : 0x0000 (0)
                                          acct_flags               : 0x00000000 (0)
                                          user_flags               : 0x00000001 (1)
                                  unix_info                : *
                                      unix_info: struct auth_user_info_unix
                                          unix_name                : *
                                              unix_name                : 'nobody'
                                          sanitized_username       : *
                                              sanitized_username       : 'guest'
                                  torture                  : NULL
                                  credentials              : NULL
                                  unique_session_token     : 555fbbba-8395-430d-ab95-55537d9fe47a
                                  ticket_type              : TICKET_TYPE_UNKNOWN (0)
                          connection_dialect       : 0x0000 (0)
                          signing_flags            : 0x00 (0)
                                 0: SMBXSRV_SIGNING_REQUIRED 
                                 0: SMBXSRV_PROCESSED_SIGNED_PACKET
                                 0: SMBXSRV_PROCESSED_UNSIGNED_PACKET
                          signing_algo             : 0xfffe (65534)
                          encryption_flags         : 0x08 (8)
                                 0: SMBXSRV_ENCRYPTION_REQUIRED
                                 0: SMBXSRV_ENCRYPTION_DESIRED
                                 0: SMBXSRV_PROCESSED_ENCRYPTED_PACKET
                                 1: SMBXSRV_PROCESSED_UNENCRYPTED_PACKET
                          encryption_cipher        : 0x0000 (0)
                          signing_key              : NULL
                          encryption_key           : NULL
                          decryption_key           : NULL
                          application_key          : NULL
                          num_channels             : 0x00000001 (1)
                          channels: ARRAY(1)
                              channels: struct smbXsrv_channel_global0
                                  server_id: struct server_id
                                      pid                      : 0x00000000003b8261 (3900001)
                                      task_id                  : 0x00000000 (0)
                                      vnn                      : 0xffffffff (4294967295)
                                      unique_id                : 0xd2c33d9fcd33ff8f (-3259693948734275697)
                                  channel_id               : 0x0000000000000001 (1)
                                  creation_time            : Tue May 19 08:41:39 AM 2026 JST
                                  local_address            : 'ipv4:10.1.6.1:445'
                                  remote_address           : 'ipv4:10.254.254.9:46618'
                                  remote_name              : '10.254.254.9'
                                  signing_key              : NULL
                                  auth_session_info_seqnum : 0x00000001 (1)
                                  connection               : *
                                  signing_algo             : 0xfffe (65534)
                                  encryption_cipher        : 0x0000 (0)
                  status                   : NT_STATUS_OK
                  idle_time                : Tue May 19 08:41:39 AM 2026 JST
                  nonce_high_random        : 0x0000000000000000 (0)
                  nonce_high_max           : 0x0000000000000000 (0)
                  nonce_high               : 0x0000000000000000 (0)
                  nonce_low                : 0x0000000000000000 (0)
                  tcon_table               : NULL
                  homes_snum               : 0xffffffff (4294967295)
                  pending_auth             : *
                      pending_auth: struct smbXsrv_session_auth0
                          prev                     : *
                          next                     : NULL
                          session                  : *
                          connection               : *
                          gensec                   : *
                          preauth                  : NULL
                          in_flags                 : 0x00 (0)
                          in_security_mode         : 0x00 (0)
                          creation_time            : Tue May 19 08:41:39 AM 2026 JST
                          idle_time                : Tue May 19 08:41:39 AM 2026 JST
                          channel_id               : 0x0000000000000001 (1)
