[2025/11/30 17:53:37.527297,  0] source3/rpc_server/rpc_host.c:2843(main)
  samba-dcerpcd version 4.19.5-Ubuntu started.
  Copyright Andrew Tridgell and the Samba Team 1992-2023
[2025/11/30 17:53:37.659363,  0] source3/rpc_server/rpc_worker.c:1127(rpc_worker_main)
  rpcd_classic version 4.19.5-Ubuntu started.
  Copyright Andrew Tridgell and the Samba Team 1992-2023
[2025/11/30 17:53:37.720014,  0] source3/rpc_server/rpc_worker.c:1127(rpc_worker_main)
  rpcd_winreg version 4.19.5-Ubuntu started.
  Copyright Andrew Tridgell and the Samba Team 1992-2023
[2026/05/06 18:10:22.663399,  0] source3/rpc_server/rpc_host.c:2843(main)
  samba-dcerpcd version 4.19.5-Ubuntu started.
  Copyright Andrew Tridgell and the Samba Team 1992-2023
[2026/05/06 18:10:22.966549,  0] source3/rpc_server/rpc_worker.c:1127(rpc_worker_main)
  rpcd_classic version 4.19.5-Ubuntu started.
  Copyright Andrew Tridgell and the Samba Team 1992-2023
[2026/05/06 18:10:23.047834,  0] source3/rpc_server/rpc_worker.c:1127(rpc_worker_main)
  rpcd_winreg version 4.19.5-Ubuntu started.
  Copyright Andrew Tridgell and the Samba Team 1992-2023
[2026/05/06 21:01:55.250077,  0] source3/rpc_server/rpc_host.c:2843(main)
  samba-dcerpcd version 4.19.5-Ubuntu started.
  Copyright Andrew Tridgell and the Samba Team 1992-2023
[2026/05/06 21:01:55.399424,  0] source3/rpc_server/rpc_worker.c:1127(rpc_worker_main)
  rpcd_classic version 4.19.5-Ubuntu started.
  Copyright Andrew Tridgell and the Samba Team 1992-2023
[2026/05/06 21:01:55.458289,  0] source3/rpc_server/rpc_worker.c:1127(rpc_worker_main)
  rpcd_winreg version 4.19.5-Ubuntu started.
  Copyright Andrew Tridgell and the Samba Team 1992-2023
[2026/05/07 23:58:07.806187,  0] source3/rpc_server/rpc_host.c:2843(main)
  samba-dcerpcd version 4.19.5-Ubuntu started.
  Copyright Andrew Tridgell and the Samba Team 1992-2023
[2026/05/07 23:58:08.061365,  0] source3/rpc_server/rpc_worker.c:1127(rpc_worker_main)
  rpcd_classic version 4.19.5-Ubuntu started.
  Copyright Andrew Tridgell and the Samba Team 1992-2023
[2026/05/07 23:58:08.122564,  0] source3/rpc_server/rpc_worker.c:1127(rpc_worker_main)
  rpcd_winreg version 4.19.5-Ubuntu started.
  Copyright Andrew Tridgell and the Samba Team 1992-2023
[2026/05/09 21:07:30.851513,  0] source3/rpc_server/rpc_host.c:2843(main)
  samba-dcerpcd version 4.19.5-Ubuntu started.
  Copyright Andrew Tridgell and the Samba Team 1992-2023
[2026/05/09 21:07:30.989133,  0] source3/rpc_server/rpc_worker.c:1127(rpc_worker_main)
  rpcd_classic version 4.19.5-Ubuntu started.
  Copyright Andrew Tridgell and the Samba Team 1992-2023
[2026/05/09 21:07:31.049169,  0] source3/rpc_server/rpc_worker.c:1127(rpc_worker_main)
  rpcd_winreg version 4.19.5-Ubuntu started.
  Copyright Andrew Tridgell and the Samba Team 1992-2023
[2026/05/13 01:22:36.594801,  0] source3/rpc_server/rpc_host.c:2843(main)
  samba-dcerpcd version 4.19.5-Ubuntu started.
  Copyright Andrew Tridgell and the Samba Team 1992-2023
[2026/05/13 01:22:36.754046,  0] source3/rpc_server/rpc_worker.c:1127(rpc_worker_main)
  rpcd_classic version 4.19.5-Ubuntu started.
  Copyright Andrew Tridgell and the Samba Team 1992-2023
[2026/05/13 01:22:36.812926,  0] source3/rpc_server/rpc_worker.c:1127(rpc_worker_main)
  rpcd_winreg version 4.19.5-Ubuntu started.
  Copyright Andrew Tridgell and the Samba Team 1992-2023
[2026/05/19 04:58:10.542475,  0] source3/rpc_server/rpc_host.c:2843(main)
  samba-dcerpcd version 4.19.5-Ubuntu started.
  Copyright Andrew Tridgell and the Samba Team 1992-2023
[2026/05/19 04:58:10.727882,  0] source3/rpc_server/rpc_worker.c:1127(rpc_worker_main)
  rpcd_classic version 4.19.5-Ubuntu started.
  Copyright Andrew Tridgell and the Samba Team 1992-2023
[2026/05/19 04:58:10.787108,  0] source3/rpc_server/rpc_worker.c:1127(rpc_worker_main)
  rpcd_winreg version 4.19.5-Ubuntu started.
  Copyright Andrew Tridgell and the Samba Team 1992-2023
[2026/05/19 08:41:14.237492,  5, pid=3899112, effective(0, 0), real(0, 0)] lib/util/debug.c:931(debug_dump_status)
  INFO: Current debug levels:
    all: 10
    tdb: 10
    printdrivers: 10
    lanman: 10
    smb: 10
    rpc_parse: 10
    rpc_srv: 10
    rpc_cli: 10
    passdb: 10
    sam: 10
    auth: 10
    winbind: 10
    vfs: 10
    idmap: 10
    quota: 10
    acls: 10
    locking: 10
    msdfs: 10
    dmapi: 10
    registry: 10
    scavenger: 10
    dns: 10
    ldb: 10
    tevent: 10
    auth_audit: 10
    auth_json_audit: 10
    kerberos: 10
    drs_repl: 10
    smb2: 10
    smb2_credits: 10
    dsdb_audit: 10
    dsdb_json_audit: 10
    dsdb_password_audit: 10
    dsdb_password_json_audit: 10
    dsdb_transaction_audit: 10
    dsdb_transaction_json_audit: 10
    dsdb_group_audit: 10
    dsdb_group_json_audit: 10
  doing parameter workgroup = WORKGROUP
  doing parameter server string = %h server (Samba, Ubuntu)
  doing parameter server min protocol = NT1
  doing parameter client min protocol = NT1
  doing parameter ntlm auth = ntlmv1-permitted
  doing parameter lanman auth = yes
[2026/05/19 08:41:14.237912,  1, pid=3899112, effective(0, 0), real(0, 0)] lib/param/loadparm.c:1909(lpcfg_do_global_parameter)
  lpcfg_do_global_parameter: WARNING: The "lanman auth" option is deprecated
  doing parameter log file = /var/log/samba/log.%m
  doing parameter max log size = 1000
  doing parameter logging = file
  doing parameter panic action = /usr/share/samba/panic-action %d
  doing parameter server role = standalone server
  doing parameter obey pam restrictions = yes
  doing parameter unix password sync = yes
  doing parameter passwd program = /usr/bin/passwd %u
  doing parameter passwd chat = *Enter\snew\s*\spassword:* %n\n *Retype\snew\s*\spassword:* %n\n *password\supdated\ssuccessfully* .
  doing parameter pam password change = yes
  doing parameter map to guest = bad user
  doing parameter guest account = nobody
  doing parameter guest ok = yes
  doing parameter usershare allow guests = yes
[2026/05/19 08:41:14.238427,  2, pid=3899112, effective(0, 0), real(0, 0)] source3/param/loadparm.c:2916(lp_do_section)
  Processing section "[public]"
  doing parameter comment = Public Share
  doing parameter path = /var/samba/public
  doing parameter browseable = yes
  doing parameter read only = no
  doing parameter guest ok = yes
  doing parameter create mask = 0666
  doing parameter directory mask = 0777
[2026/05/19 08:41:14.238568,  4, pid=3899112, effective(0, 0), real(0, 0)] source3/param/loadparm.c:4039(lp_load_ex)
  pm_process() returned Yes
[2026/05/19 08:41:14.238589,  7, pid=3899112, effective(0, 0), real(0, 0)] source3/param/loadparm.c:4374(lp_servicenumber)
  lp_servicenumber: couldn't find homes
[2026/05/19 08:41:14.238630,  8, pid=3899112, effective(0, 0), real(0, 0)] source3/param/loadparm.c:1521(add_a_service)
  add_a_service: Creating snum = 1 for IPC$
[2026/05/19 08:41:14.238648, 10, pid=3899112, effective(0, 0), real(0, 0)] source3/param/loadparm.c:1571(hash_a_service)
  hash_a_service: hashing index 1 for service name IPC$
[2026/05/19 08:41:14.238670,  3, pid=3899112, effective(0, 0), real(0, 0)] source3/param/loadparm.c:1683(lp_add_ipc)
  adding IPC service
[2026/05/19 08:41:14.238734,  5, pid=3899112, effective(0, 0), real(0, 0)] lib/util/debug.c:931(debug_dump_status)
  INFO: Current debug levels:
    all: 10
    tdb: 10
    printdrivers: 10
    lanman: 10
    smb: 10
    rpc_parse: 10
    rpc_srv: 10
    rpc_cli: 10
    passdb: 10
    sam: 10
    auth: 10
    winbind: 10
    vfs: 10
    idmap: 10
    quota: 10
    acls: 10
    locking: 10
    msdfs: 10
    dmapi: 10
    registry: 10
    scavenger: 10
    dns: 10
    ldb: 10
    tevent: 10
    auth_audit: 10
    auth_json_audit: 10
    kerberos: 10
    drs_repl: 10
    smb2: 10
    smb2_credits: 10
    dsdb_audit: 10
    dsdb_json_audit: 10
    dsdb_password_audit: 10
    dsdb_password_json_audit: 10
    dsdb_transaction_audit: 10
    dsdb_transaction_json_audit: 10
    dsdb_group_audit: 10
    dsdb_group_json_audit: 10
[2026/05/19 08:41:14.238945,  6, pid=3899112, effective(0, 0), real(0, 0)] source3/param/loadparm.c:2398(lp_file_list_changed)
  lp_file_list_changed()
  file /etc/samba/smb.conf -> /etc/samba/smb.conf  last mod_time: 2026-05-19 08:41:14.148744459
[2026/05/19 08:41:14.239008,  5, pid=3899112, effective(0, 0), real(0, 0)] lib/util/debug.c:931(debug_dump_status)
  INFO: Current debug levels:
    all: 10
    tdb: 10
    printdrivers: 10
    lanman: 10
    smb: 10
    rpc_parse: 10
    rpc_srv: 10
    rpc_cli: 10
    passdb: 10
    sam: 10
    auth: 10
    winbind: 10
    vfs: 10
    idmap: 10
    quota: 10
    acls: 10
    locking: 10
    msdfs: 10
    dmapi: 10
    registry: 10
    scavenger: 10
    dns: 10
    ldb: 10
    tevent: 10
    auth_audit: 10
    auth_json_audit: 10
    kerberos: 10
    drs_repl: 10
    smb2: 10
    smb2_credits: 10
    dsdb_audit: 10
    dsdb_json_audit: 10
    dsdb_password_audit: 10
    dsdb_password_json_audit: 10
    dsdb_transaction_audit: 10
    dsdb_transaction_json_audit: 10
    dsdb_group_audit: 10
    dsdb_group_json_audit: 10
  added interface ens18 ip=fdd3:eab7:8b35:0:be24:11ff:fe22:6558 bcast= netmask=ffff:ffff:ffff:ffff::
  added interface docker0 ip=172.17.0.1 bcast=172.17.255.255 netmask=255.255.0.0
  added interface br-43e7a9056be5 ip=172.18.0.1 bcast=172.18.255.255 netmask=255.255.0.0
  added interface ens18 ip=192.168.39.136 bcast=192.168.39.255 netmask=255.255.255.0
  added interface ens19 ip=10.1.6.1 bcast=10.255.255.255 netmask=255.0.0.0
[2026/05/19 08:41:14.239777,  5, pid=3899112, effective(0, 0), real(0, 0)] lib/util/util_net.c:1014(print_socket_options)
  socket options: SO_KEEPALIVE=1, SO_REUSEADDR=1, SO_BROADCAST=0, TCP_NODELAY=1, TCP_KEEPCNT=9, TCP_KEEPIDLE=7200, TCP_KEEPINTVL=75, IPTOS_LOWDELAY=0, IPTOS_THROUGHPUT=0, SO_REUSEPORT=1, SO_SNDBUF=46080, SO_RCVBUF=131072, SO_SNDLOWAT=1, SO_RCVLOWAT=1, SO_SNDTIMEO=0, SO_RCVTIMEO=0, TCP_QUICKACK=0, TCP_DEFER_ACCEPT=0, TCP_USER_TIMEOUT=0
[2026/05/19 08:41:14.239863,  5, pid=3899112, effective(0, 0), real(0, 0)] lib/util/util_net.c:1014(print_socket_options)
  socket options: SO_KEEPALIVE=1, SO_REUSEADDR=1, SO_BROADCAST=0, TCP_NODELAY=1, TCP_KEEPCNT=9, TCP_KEEPIDLE=7200, TCP_KEEPINTVL=75, IPTOS_LOWDELAY=0, IPTOS_THROUGHPUT=0, SO_REUSEPORT=1, SO_SNDBUF=46080, SO_RCVBUF=131072, SO_SNDLOWAT=1, SO_RCVLOWAT=1, SO_SNDTIMEO=0, SO_RCVTIMEO=0, TCP_QUICKACK=0, TCP_DEFER_ACCEPT=0, TCP_USER_TIMEOUT=0
[2026/05/19 08:41:20.499277, 10, pid=3899112, effective(0, 0), real(0, 0)] source3/lib/util_sock.c:180(read_smb_length_return_keepalive)
  got smb length of 84
[2026/05/19 08:41:20.499355,  6, pid=3899112, effective(0, 0), real(0, 0)] source3/smbd/smb2_process.c:574(process_smb)
  got message type 0x0 of len 0x54
[2026/05/19 08:41:20.499378,  3, pid=3899112, effective(0, 0), real(0, 0)] source3/smbd/smb2_process.c:576(process_smb)
  Transaction 60 of length 88 (0 toread)
[2026/05/19 08:41:20.499412,  5, pid=3899112, effective(0, 0), real(0, 0)] source3/lib/util.c:150(show_msg)
  size=84
  smb_com=0x32
  smb_rcls=0
  smb_reh=0
  smb_err=0
  smb_flg=0
  smb_flg2=49153
  smb_tid=18003
  smb_pid=1800
  smb_uid=2805
  smb_mid=61
  smt_wct=15
  smb_vwv[ 0]=   18 (0x12)
  smb_vwv[ 1]=    0 (0x0)
  smb_vwv[ 2]=   10 (0xA)
  smb_vwv[ 3]=16384 (0x4000)
  smb_vwv[ 4]=    0 (0x0)
  smb_vwv[ 5]=    0 (0x0)
  smb_vwv[ 6]=    0 (0x0)
  smb_vwv[ 7]=    0 (0x0)
  smb_vwv[ 8]=    0 (0x0)
  smb_vwv[ 9]=   18 (0x12)
  smb_vwv[10]=   66 (0x42)
  smb_vwv[11]=    0 (0x0)
  smb_vwv[12]=    0 (0x0)
  smb_vwv[13]=    1 (0x1)
  smb_vwv[14]=    1 (0x1)
  smb_bcc=19
[2026/05/19 08:41:20.499574, 10, pid=3899112, effective(0, 0), real(0, 0)] lib/util/util.c:578(dump_data)
  [0000] 00 17 00 96 00 06 00 02   02 00 00 00 00 2F 00 2A   ........ ...../.*
  [0010] 00 00 00                                            ...
[2026/05/19 08:41:20.499634,  3, pid=3899112, effective(0, 0), real(0, 0)] source3/smbd/smb1_process.c:1112(switch_message)
  switch message SMBtrans2 (pid 3899112) conn 0x6087dc14d3d0
[2026/05/19 08:41:20.499692,  4, pid=3899112, effective(0, 0), real(0, 0)] source3/smbd/sec_ctx.c:317(set_sec_ctx_internal)
  setting sec ctx (65534, 65534) - sec_ctx_stack_ndx = 0
[2026/05/19 08:41:20.499714,  5, pid=3899112, effective(0, 0), real(0, 0)] libcli/security/security_token.c:53(security_token_debug)
  Security token SIDs (7):
    SID[  0]: S-1-5-21-2342536155-1022706741-2866312864-501
    SID[  1]: S-1-5-21-2342536155-1022706741-2866312864-514
    SID[  2]: S-1-22-2-65534
    SID[  3]: S-1-1-0
    SID[  4]: S-1-5-2
    SID[  5]: S-1-5-32-546
    SID[  6]: S-1-22-1-65534
   Privileges (0x               0):
   Rights (0x               0):
[2026/05/19 08:41:20.499812,  5, pid=3899112, effective(0, 0), real(0, 0)] source3/auth/token_util.c:873(debug_unix_user_token)
  UNIX token of user 65534
  Primary group is 65534 and contains 1 supplementary groups
  Group[  0]: 65534
[2026/05/19 08:41:20.499902,  4, pid=3899112, effective(65534, 65534), real(65534, 0), class=vfs] source3/smbd/vfs.c:937(vfs_ChDir)
  vfs_ChDir to /var/samba/public
[2026/05/19 08:41:20.499950,  5, pid=3899112, effective(65534, 65534), real(65534, 0), class=vfs] source3/smbd/vfs.c:999(vfs_ChDir)
  vfs_ChDir: vfs_ChDir got /var/samba/public
[2026/05/19 08:41:20.499992,  5, pid=3899112, effective(65534, 65534), real(65534, 0)] source3/smbd/uid.c:294(print_impersonation_info)
  print_impersonation_info: Impersonated user: uid=(65534,65534), gid=(0,65534), cwd=[/var/samba/public]
[2026/05/19 08:41:20.500038,  3, pid=3899112, effective(65534, 65534), real(65534, 0)] source3/smbd/smb1_trans2.c:875(call_trans2findfirst)
  call_trans2findfirst: dirtype = 17, maxentries = 150, close_after_first=0, close_if_end = 1 requires_resume_key = 1 backup_priv = 0 level = 0x202, max_data_bytes = 16384
[2026/05/19 08:41:20.500068, 10, pid=3899112, effective(65534, 65534), real(65534, 0)] source3/smbd/filename.c:510(filename_convert_smb1_search_path)
  filename_convert_smb1_search_path: name_in: *
[2026/05/19 08:41:20.500086, 10, pid=3899112, effective(65534, 65534), real(65534, 0)] source3/smbd/filename.c:535(filename_convert_smb1_search_path)
  filename_convert_smb1_search_path: mask = *
[2026/05/19 08:41:20.500104, 10, pid=3899112, effective(65534, 65534), real(65534, 0)] source3/smbd/filename.c:549(filename_convert_smb1_search_path)
  filename_convert_smb1_search_path: For filename_convert_dirfsp: name_in = 
[2026/05/19 08:41:20.500124, 10, pid=3899112, effective(65534, 65534), real(65534, 0)] source3/smbd/files.c:562(openat_pathref_fsp)
  openat_pathref_fsp: smb_fname [.]
[2026/05/19 08:41:20.500144, 10, pid=3899112, effective(65534, 65534), real(65534, 0)] source3/smbd/files.c:462(openat_pathref_fullname)
  openat_pathref_fullname: smb_fname [.]
[2026/05/19 08:41:20.500163,  5, pid=3899112, effective(65534, 65534), real(65534, 0)] source3/smbd/files.c:77(fsp_new)
  fsp_new: allocated files structure (1 used)
[2026/05/19 08:41:20.500184, 10, pid=3899112, effective(65534, 65534), real(65534, 0)] source3/smbd/files.c:2198(file_name_hash)
  file_name_hash: /var/samba/public/. hash 0xb9bae796
[2026/05/19 08:41:20.500222, 10, pid=3899112, effective(65534, 65534), real(65534, 0)] source3/smbd/open.c:930(fd_openat)
  fd_openat: name ., flags = 04000 mode = 00, fd = 14
[2026/05/19 08:41:20.500242, 10, pid=3899112, effective(65534, 65534), real(65534, 0)] source3/smbd/files.c:531(openat_pathref_fullname)
  openat_pathref_fullname: fsp [.]: OK
[2026/05/19 08:41:20.500261, 10, pid=3899112, effective(65534, 65534), real(65534, 0)] source3/smbd/files.c:562(openat_pathref_fsp)
  openat_pathref_fsp: smb_fname [.]
[2026/05/19 08:41:20.500280, 10, pid=3899112, effective(65534, 65534), real(65534, 0)] source3/smbd/files.c:462(openat_pathref_fullname)
  openat_pathref_fullname: smb_fname [.]
[2026/05/19 08:41:20.500299,  5, pid=3899112, effective(65534, 65534), real(65534, 0)] source3/smbd/files.c:77(fsp_new)
  fsp_new: allocated files structure (2 used)
[2026/05/19 08:41:20.500317, 10, pid=3899112, effective(65534, 65534), real(65534, 0)] source3/smbd/files.c:2198(file_name_hash)
  file_name_hash: /var/samba/public/. hash 0xb9bae796
[2026/05/19 08:41:20.500341, 10, pid=3899112, effective(65534, 65534), real(65534, 0)] source3/smbd/open.c:930(fd_openat)
  fd_openat: name ., flags = 04000 mode = 00, fd = 28
[2026/05/19 08:41:20.500361, 10, pid=3899112, effective(65534, 65534), real(65534, 0)] source3/smbd/files.c:531(openat_pathref_fullname)
  openat_pathref_fullname: fsp [.]: OK
[2026/05/19 08:41:20.500388,  5, pid=3899112, effective(65534, 65534), real(65534, 0)] source3/smbd/smb1_trans2.c:975(call_trans2findfirst)
  dir=., mask = *
[2026/05/19 08:41:20.500424, 10, pid=3899112, effective(65534, 65534), real(65534, 0)] source3/smbd/open.c:6509(create_file_default)
  create_file_default: create_file: access_mask = 0x1 file_attributes = 0x10, share_access = 0x3, create_disposition = 0x1 create_options = 0x1 oplock_request = 0x0 private_flags = 0x0 ea_list = (nil), sd = (nil), fname = .
[2026/05/19 08:41:20.500446, 10, pid=3899112, effective(65534, 65534), real(65534, 0)] source3/smbd/open.c:5926(create_file_unixpath)
  create_file_unixpath: access_mask = 0x1 file_attributes = 0x10 share_access = 0x3 create_disposition = 0x1 create_options = 0x1 oplock_request = 0x0 private_flags = 0x0 ea_list = (nil), sd = (nil), fname = .
[2026/05/19 08:41:20.500484,  5, pid=3899112, effective(65534, 65534), real(65534, 0)] lib/dbwrap/dbwrap.c:172(dbwrap_lock_order_lock)
  dbwrap_lock_order_lock: check lock order 1 for /run/samba/smbXsrv_open_global.tdb
[2026/05/19 08:41:20.500509, 10, pid=3899112, effective(65534, 65534), real(65534, 0)] lib/dbwrap/dbwrap.c:157(debug_lock_order)
  lock order:  1:/run/samba/smbXsrv_open_global.tdb 2:<none> 3:<none> 4:<none>
[2026/05/19 08:41:20.500566, 10, pid=3899112, effective(65534, 65534), real(65534, 0)] source3/smbd/smbXsrv_open.c:349(smbXsrv_open_global_store)
  smbXsrv_open_global_store: key '525083B6' stored
[2026/05/19 08:41:20.500602,  1, pid=3899112, effective(65534, 65534), real(65534, 0), class=rpc_parse] source3/smbd/smbXsrv_open.c:350(smbXsrv_open_global_store)
       &global_blob: struct smbXsrv_open_globalB
          version                  : SMBXSRV_VERSION_0 (0)
          seqnum                   : 0x00000001 (1)
          info                     : union smbXsrv_open_globalU(case 0)
          info0                    : *
              info0: struct smbXsrv_open_global0
                  server_id: struct server_id
                      pid                      : 0x00000000003b7ee8 (3899112)
                      task_id                  : 0x00000000 (0)
                      vnn                      : 0xffffffff (4294967295)
                      unique_id                : 0x76dc6b018ab7297a (8564838245718239610)
                  open_global_id           : 0x525083b6 (1381008310)
                  open_persistent_id       : 0x00000000525083b6 (1381008310)
                  open_volatile_id         : 0x0000000000004054 (16468)
                  open_owner               : S-1-5-21-2342536155-1022706741-2866312864-501
                  open_time                : Tue May 19 08:41:21 AM 2026 JST
                  create_guid              : 00000000-0000-0000-0000-000000000000
                  client_guid              : 00000000-0000-0000-0000-000000000000
                  app_instance_id          : 00000000-0000-0000-0000-000000000000
                  disconnect_time          : NTTIME(0)
                  durable_timeout_msec     : 0x00000000 (0)
                  durable                  : 0x00 (0)
                  backend_cookie           : DATA_BLOB length=0
                  channel_sequence         : 0x0000 (0)
                  channel_generation       : 0x0000000000000000 (0)
                  lock_sequence_array: ARRAY(64)
  [0000] FF FF FF FF FF FF FF FF   FF FF FF FF FF FF FF FF   ........ ........
  [0010] FF FF FF FF FF FF FF FF   FF FF FF FF FF FF FF FF   ........ ........
  [0020] FF FF FF FF FF FF FF FF   FF FF FF FF FF FF FF FF   ........ ........
  [0030] FF FF FF FF FF FF FF FF   FF FF FF FF FF FF FF FF   ........ ........
[2026/05/19 08:41:20.501013,  5, pid=3899112, effective(65534, 65534), real(65534, 0)] lib/dbwrap/dbwrap.c:204(dbwrap_lock_order_unlock)
  dbwrap_lock_order_unlock: release lock order 1 for /run/samba/smbXsrv_open_global.tdb
[2026/05/19 08:41:20.501033, 10, pid=3899112, effective(65534, 65534), real(65534, 0)] source3/smbd/smbXsrv_open.c:466(smbXsrv_open_global_allocate)
  smbXsrv_open_global_allocate: Found slot 1381008310
[2026/05/19 08:41:20.501063, 10, pid=3899112, effective(65534, 65534), real(65534, 0)] source3/smbd/smbXsrv_open.c:614(smbXsrv_open_create)
  smbXsrv_open_create: global_id (0x525083b6) stored
[2026/05/19 08:41:20.501086,  1, pid=3899112, effective(65534, 65534), real(65534, 0), class=rpc_parse] source3/smbd/smbXsrv_open.c:616(smbXsrv_open_create)
       &open_blob: struct smbXsrv_openB
          version                  : SMBXSRV_VERSION_0 (0)
          reserved                 : 0x00000000 (0)
          info                     : union smbXsrv_openU(case 0)
          info0                    : *
              info0: struct smbXsrv_open
                  table                    : *
                  local_id                 : 0x00004054 (16468)
                  global                   : *
                      global: struct smbXsrv_open_global0
                          server_id: struct server_id
                              pid                      : 0x00000000003b7ee8 (3899112)
                              task_id                  : 0x00000000 (0)
                              vnn                      : 0xffffffff (4294967295)
                              unique_id                : 0x76dc6b018ab7297a (8564838245718239610)
                          open_global_id           : 0x525083b6 (1381008310)
                          open_persistent_id       : 0x00000000525083b6 (1381008310)
                          open_volatile_id         : 0x0000000000004054 (16468)
                          open_owner               : S-1-5-21-2342536155-1022706741-2866312864-501
                          open_time                : Tue May 19 08:41:21 AM 2026 JST
                          create_guid              : 00000000-0000-0000-0000-000000000000
                          client_guid              : 00000000-0000-0000-0000-000000000000
                          app_instance_id          : 00000000-0000-0000-0000-000000000000
                          disconnect_time          : NTTIME(0)
                          durable_timeout_msec     : 0x00000000 (0)
                          durable                  : 0x00 (0)
                          backend_cookie           : DATA_BLOB length=0
                          channel_sequence         : 0x0000 (0)
                          channel_generation       : 0x0000000000000000 (0)
                          lock_sequence_array: ARRAY(64)
  [0000] FF FF FF FF FF FF FF FF   FF FF FF FF FF FF FF FF   ........ ........
  [0010] FF FF FF FF FF FF FF FF   FF FF FF FF FF FF FF FF   ........ ........
  [0020] FF FF FF FF FF FF FF FF   FF FF FF FF FF FF FF FF   ........ ........
  [0030] FF FF FF FF FF FF FF FF   FF FF FF FF FF FF FF FF   ........ ........
                  status                   : NT_STATUS_OK
                  idle_time                : Tue May 19 08:41:21 AM 2026 JST
                  compat                   : NULL
                  flags                    : 0x00 (0)
                         0: SMBXSRV_OPEN_NEED_REPLAY_CACHE
                         0: SMBXSRV_OPEN_HAVE_REPLAY_CACHE
                  create_action            : 0x00000000 (0)
                  request_count            : 0x0000000000000000 (0)
                  pre_request_count        : 0x0000000000000000 (0)
[2026/05/19 08:41:20.502734, 10, pid=3899112, effective(65534, 65534), real(65534, 0)] source3/smbd/files.c:135(fsp_bind_smb)
  fsp_bind_smb: fsp [.] mid [61]
[2026/05/19 08:41:20.502762,  5, pid=3899112, effective(65534, 65534), real(65534, 0)] source3/smbd/open.c:4718(open_directory)
  open_directory: opening directory ., access_mask = 0x1, share_access = 0x3 create_options = 0x1, create_disposition = 0x1, file_attributes = 0x10
[2026/05/19 08:41:20.502844, 10, pid=3899112, effective(65534, 65534), real(65534, 0), class=acls] source3/smbd/posix_acls.c:3366(posix_fget_nt_acl)
  posix_fget_nt_acl: called for file .
[2026/05/19 08:41:20.502954, 10, pid=3899112, effective(65534, 65534), real(65534, 0)] source3/passdb/lookup_sid.c:1201(xid_to_sid)
  xid_to_sid: UID 65534 -> S-1-5-21-2342536155-1022706741-2866312864-501 from cache
[2026/05/19 08:41:20.503088,  4, pid=3899112, effective(65534, 65534), real(65534, 0)] source3/smbd/sec_ctx.c:206(push_sec_ctx)
  push_sec_ctx(65534, 65534) : sec_ctx_stack_ndx = 1
[2026/05/19 08:41:20.503114,  4, pid=3899112, effective(65534, 65534), real(65534, 0)] source3/smbd/uid.c:566(push_conn_ctx)
  push_conn_ctx(2805) : conn_ctx_stack_ndx = 0
[2026/05/19 08:41:20.503132,  4, pid=3899112, effective(65534, 65534), real(65534, 0)] source3/smbd/sec_ctx.c:317(set_sec_ctx_internal)
  setting sec ctx (0, 0) - sec_ctx_stack_ndx = 1
[2026/05/19 08:41:20.503150,  5, pid=3899112, effective(65534, 65534), real(65534, 0)] libcli/security/security_token.c:49(security_token_debug)
  Security token: (NULL)
[2026/05/19 08:41:20.503169,  5, pid=3899112, effective(65534, 65534), real(65534, 0)] source3/auth/token_util.c:873(debug_unix_user_token)
  UNIX token of user 0
  Primary group is 0 and contains 0 supplementary groups
[2026/05/19 08:41:20.503248,  4, pid=3899112, effective(65534, 65534), real(65534, 0)] source3/smbd/sec_ctx.c:443(pop_sec_ctx)
  pop_sec_ctx (65534, 65534) - sec_ctx_stack_ndx = 0
[2026/05/19 08:41:20.503271, 10, pid=3899112, effective(65534, 65534), real(65534, 0)] source3/passdb/lookup_sid.c:1256(xid_to_sid)
  xid_to_sid: GID 65534 -> S-1-22-2-65534 fallback
[2026/05/19 08:41:20.503293, 10, pid=3899112, effective(65534, 65534), real(65534, 0), class=acls] source3/smbd/posix_acls.c:2692(canonicalise_acl)
  canonicalise_acl: Access ace entries before arrange :
[2026/05/19 08:41:20.503312, 10, pid=3899112, effective(65534, 65534), real(65534, 0), class=acls] source3/smbd/posix_acls.c:2705(canonicalise_acl)
  canon_ace index 0. Type = allow SID = S-1-1-0 other SMB_ACL_OTHER ace_flags = 0x0 perms rwx
[2026/05/19 08:41:20.503333, 10, pid=3899112, effective(65534, 65534), real(65534, 0), class=acls] source3/smbd/posix_acls.c:2705(canonicalise_acl)
  canon_ace index 1. Type = allow SID = S-1-22-2-65534 gid 65534 SMB_ACL_GROUP_OBJ ace_flags = 0x0 perms rwx
[2026/05/19 08:41:20.503355, 10, pid=3899112, effective(65534, 65534), real(65534, 0), class=acls] source3/smbd/posix_acls.c:2705(canonicalise_acl)
  canon_ace index 2. Type = allow SID = S-1-5-21-2342536155-1022706741-2866312864-501 uid 65534 SMB_ACL_USER_OBJ ace_flags = 0x0 perms rwx
[2026/05/19 08:41:20.503377, 10, pid=3899112, effective(65534, 65534), real(65534, 0), class=acls] source3/smbd/posix_acls.c:766(print_canon_ace_list)
  print_canon_ace_list: canonicalise_acl: ace entries after arrange
  canon_ace index 0. Type = allow SID = S-1-5-21-2342536155-1022706741-2866312864-501 uid 65534 SMB_ACL_USER_OBJ ace_flags = 0x0 perms rwx
  canon_ace index 1. Type = allow SID = S-1-22-2-65534 gid 65534 SMB_ACL_GROUP_OBJ ace_flags = 0x0 perms rwx
  canon_ace index 2. Type = allow SID = S-1-1-0 other SMB_ACL_OTHER ace_flags = 0x0 perms rwx
[2026/05/19 08:41:20.503418, 10, pid=3899112, effective(65534, 65534), real(65534, 0), class=acls] source3/smbd/posix_acls.c:1029(map_canon_ace_perms)
  map_canon_ace_perms: Mapped (UNIX) 1c0 to (NT) 1f01ff
[2026/05/19 08:41:20.503437, 10, pid=3899112, effective(65534, 65534), real(65534, 0), class=acls] source3/smbd/posix_acls.c:1029(map_canon_ace_perms)
  map_canon_ace_perms: Mapped (UNIX) 1c0 to (NT) 1f01ff
[2026/05/19 08:41:20.503455, 10, pid=3899112, effective(65534, 65534), real(65534, 0), class=acls] source3/smbd/posix_acls.c:1029(map_canon_ace_perms)
  map_canon_ace_perms: Mapped (UNIX) 1c0 to (NT) 1f01ff
[2026/05/19 08:41:20.503479, 10, pid=3899112, effective(65534, 65534), real(65534, 0)] source3/smbd/open.c:180(smbd_check_access_rights_sd)
  smbd_check_access_rights_sd: File [.] requesting [0x1] returning [0x1] (NT_STATUS_OK)
[2026/05/19 08:41:20.503508,  5, pid=3899112, effective(65534, 65534), real(65534, 0)] lib/dbwrap/dbwrap.c:172(dbwrap_lock_order_lock)
  dbwrap_lock_order_lock: check lock order 1 for /run/samba/locking.tdb
[2026/05/19 08:41:20.503527, 10, pid=3899112, effective(65534, 65534), real(65534, 0)] lib/dbwrap/dbwrap.c:157(debug_lock_order)
  lock order:  1:/run/samba/locking.tdb 2:<none> 3:<none> 4:<none>
[2026/05/19 08:41:20.503557, 10, pid=3899112, effective(65534, 65534), real(65534, 0), class=locking] source3/locking/share_mode_lock.c:990(get_share_mode_lock_internal)
  get_share_mode_lock_internal: Returning 64512:16927250:0 (data_cached=1 key_refcount=1)
[2026/05/19 08:41:20.503579, 10, pid=3899112, effective(65534, 65534), real(65534, 0), class=locking] source3/locking/locking.c:1007(find_delete_on_close_token)
  find_delete_on_close_token: name_hash = 0xb9bae796
[2026/05/19 08:41:20.503598, 10, pid=3899112, effective(65534, 65534), real(65534, 0)] source3/smbd/open.c:1712(share_conflict)
  share_conflict: existing access_mask = 0x0, existing share access = 0x7, access_mask = 0x1, share_access = 0x3
[2026/05/19 08:41:20.503617, 10, pid=3899112, effective(65534, 65534), real(65534, 0)] source3/smbd/open.c:1722(share_conflict)
  share_conflict: No conflict due to existing access_mask = 0x0
[2026/05/19 08:41:20.503635, 10, pid=3899112, effective(65534, 65534), real(65534, 0)] source3/smbd/open.c:1988(open_mode_check)
  open_mode_check: No conflict due to share_mode_flags access
[2026/05/19 08:41:20.503655, 10, pid=3899112, effective(65534, 65534), real(65534, 0), class=locking] source3/locking/share_mode_lock.c:1999(set_share_mode)
  set_share_mode: num_share_modes=0
[2026/05/19 08:41:20.503674, 10, pid=3899112, effective(65534, 65534), real(65534, 0), class=locking] source3/locking/share_mode_lock.c:349(share_mode_entry_put)
  share_mode_entry_put: share_mode_entry:
[2026/05/19 08:41:20.503699,  1, pid=3899112, effective(65534, 65534), real(65534, 0), class=rpc_parse] source3/locking/share_mode_lock.c:350(share_mode_entry_put)
       discard_const_p(void, e): struct share_mode_entry
          pid: struct server_id
              pid                      : 0x00000000003b7ee8 (3899112)
              task_id                  : 0x00000000 (0)
              vnn                      : 0xffffffff (4294967295)
              unique_id                : 0x76dc6b018ab7297a (8564838245718239610)
          op_mid                   : 0x000000000000003d (61)
          op_type                  : SHARE_MODE_ENTRY_OP_TYPE_NONE (0)
          client_guid              : 00000000-0000-0000-0000-000000000000
          lease_key: struct smb2_lease_key
              data: ARRAY(2)
                  data                     : 0x0000000000000000 (0)
                  data                     : 0x0000000000000000 (0)
          access_mask              : 0x00000001 (1)
          share_access             : 0x00000003 (3)
          private_options          : 0x00000000 (0)
          time                     : Tue May 19 08:41:20 AM 2026 JST.500316
          share_file_id            : 0x0000000000000074 (116)
          uid                      : 0x0000fffe (65534)
          flags                    : 0x0000 (0)
          name_hash                : 0xb9bae796 (3116033942)
          stale                    : 0x00 (0)
[2026/05/19 08:41:20.504048, 10, pid=3899112, effective(65534, 65534), real(65534, 0), class=locking] source3/locking/share_mode_lock.c:2043(set_share_mode)
  set_share_mode: idx=0, found=0
[2026/05/19 08:41:20.504067, 10, pid=3899112, effective(65534, 65534), real(65534, 0), class=locking] source3/locking/share_mode_lock.c:2071(set_share_mode)
  set_share_mode: dbufs[0]=(0x7ffc78fcd2e0, 132)
[2026/05/19 08:41:20.504086, 10, pid=3899112, effective(65534, 65534), real(65534, 0), class=locking] source3/locking/share_mode_lock.c:626(share_mode_data_ltdb_store)
  share_mode_data_ltdb_store: 
[2026/05/19 08:41:20.504104,  1, pid=3899112, effective(65534, 65534), real(65534, 0), class=rpc_parse] source3/locking/share_mode_lock.c:627(share_mode_data_ltdb_store)
       d: struct share_mode_data
          unique_content_epoch     : 0x2838e97cb43bb020 (2898323082021941280)
          flags                    : 0x00c8 (200)
                 0: SHARE_MODE_SHARE_DELETE  
                 1: SHARE_MODE_SHARE_WRITE   
                 1: SHARE_MODE_SHARE_READ    
                 0: SHARE_MODE_ACCESS_DELETE 
                 0: SHARE_MODE_ACCESS_WRITE  
                 1: SHARE_MODE_ACCESS_READ   
                 0: SHARE_MODE_LEASE_HANDLE  
                 0: SHARE_MODE_LEASE_WRITE   
                 0: SHARE_MODE_LEASE_READ    
          servicepath              : *
              servicepath              : '/var/samba/public'
          base_name                : *
              base_name                : '.'
          stream_name              : NULL
          num_delete_tokens        : 0x00000000 (0)
          delete_tokens: ARRAY(0)
          old_write_time           : NTTIME(0)
          changed_write_time       : NTTIME(0)
          not_stored               : 0x01 (1)
          modified                 : 0x01 (1)
          id: struct file_id
              devid                    : 0x000000000000fc00 (64512)
              inode                    : 0x0000000001024a12 (16927250)
              extid                    : 0x0000000000000000 (0)
[2026/05/19 08:41:20.504328, 10, pid=3899112, effective(65534, 65534), real(65534, 0), class=locking] source3/locking/share_mode_lock.c:676(share_mode_data_store)
  share_mode_data_store: not modified
[2026/05/19 08:41:20.504348, 10, pid=3899112, effective(65534, 65534), real(65534, 0), class=locking] source3/locking/share_mode_lock.c:207(share_mode_memcache_store)
  share_mode_memcache_store: stored entry for file . epoch 2838e97cb43bb020 key 64512:16927250:0
[2026/05/19 08:41:20.504371,  5, pid=3899112, effective(65534, 65534), real(65534, 0)] lib/dbwrap/dbwrap.c:204(dbwrap_lock_order_unlock)
  dbwrap_lock_order_unlock: release lock order 1 for /run/samba/locking.tdb
[2026/05/19 08:41:20.504390, 10, pid=3899112, effective(65534, 65534), real(65534, 0)] source3/lib/dbwrap/dbwrap_watch.c:507(dbwrap_watched_record_prepare_wakeup)
  dbwrap_watched_record_prepare_wakeup: No watchers
[2026/05/19 08:41:20.504415, 10, pid=3899112, effective(65534, 65534), real(65534, 0)] source3/lib/dbwrap/dbwrap_watch.c:487(dbwrap_watched_do_locked)
  dbwrap_watched_do_locked: dbwrap_watched_do_locked_fn returned
[2026/05/19 08:41:20.504433, 10, pid=3899112, effective(65534, 65534), real(65534, 0)] source3/lib/dbwrap/dbwrap_watch.c:550(dbwrap_watched_trigger_wakeup)
  dbwrap_watched_trigger_wakeup: No one to wakeup
[2026/05/19 08:41:20.504451, 10, pid=3899112, effective(65534, 65534), real(65534, 0)] source3/lib/g_lock.c:1275(g_lock_lock)
  g_lock_lock: status=NT_STATUS_OK, state.status=NT_STATUS_WAS_UNLOCKED
[2026/05/19 08:41:20.504478, 10, pid=3899112, effective(65534, 65534), real(65534, 0)] source3/smbd/open.c:6446(create_file_unixpath)
  create_file_unixpath: info=1
[2026/05/19 08:41:20.504498, 10, pid=3899112, effective(65534, 65534), real(65534, 0)] source3/smbd/open.c:6642(create_file_default)
  create_file: info=1
[2026/05/19 08:41:20.504516,  5, pid=3899112, effective(65534, 65534), real(65534, 0)] source3/smbd/dir.c:210(dptr_create)
  dptr_create: dir=.
[2026/05/19 08:41:20.504551,  5, pid=3899112, effective(65534, 65534), real(65534, 0)] source3/smbd/dir.c:303(dptr_create)
  dptr_create: creating new dirptr [256] for path [.]
[2026/05/19 08:41:20.504571,  4, pid=3899112, effective(65534, 65534), real(65534, 0)] source3/smbd/smb1_trans2.c:1095(call_trans2findfirst)
  dptr_num is 256, wcard = *, attr = 23
[2026/05/19 08:41:20.504589,  8, pid=3899112, effective(65534, 65534), real(65534, 0)] source3/smbd/smb1_trans2.c:1100(call_trans2findfirst)
  dirpath=<.> dontdescend=<>
[2026/05/19 08:41:20.504615, 10, pid=3899112, effective(65534, 65534), real(65534, 0)] source3/smbd/dir.c:568(smbd_dirptr_get_entry)
  smbd_dirptr_get_entry: dir [.] dirptr [0x6087dc18bdb0] offset [1] => dname [.]
[2026/05/19 08:41:20.504639, 10, pid=3899112, effective(65534, 65534), real(65534, 0)] source3/smbd/files.c:562(openat_pathref_fsp)
  openat_pathref_fsp: smb_fname [.]
[2026/05/19 08:41:20.504659, 10, pid=3899112, effective(65534, 65534), real(65534, 0)] source3/smbd/files.c:462(openat_pathref_fullname)
  openat_pathref_fullname: smb_fname [.]
[2026/05/19 08:41:20.504685,  5, pid=3899112, effective(65534, 65534), real(65534, 0)] source3/smbd/files.c:77(fsp_new)
  fsp_new: allocated files structure (3 used)
[2026/05/19 08:41:20.504705, 10, pid=3899112, effective(65534, 65534), real(65534, 0)] source3/smbd/files.c:2198(file_name_hash)
  file_name_hash: /var/samba/public/. hash 0xb9bae796
[2026/05/19 08:41:20.504734, 10, pid=3899112, effective(65534, 65534), real(65534, 0)] source3/smbd/open.c:930(fd_openat)
  fd_openat: name ., flags = 04000 mode = 00, fd = 28
[2026/05/19 08:41:20.504754, 10, pid=3899112, effective(65534, 65534), real(65534, 0)] source3/smbd/files.c:531(openat_pathref_fullname)
  openat_pathref_fullname: fsp [.]: OK
[2026/05/19 08:41:20.504773, 10, pid=3899112, effective(65534, 65534), real(65534, 0)] source3/smbd/dosmode.c:692(fdos_mode)
  fdos_mode: .
[2026/05/19 08:41:20.504845,  5, pid=3899112, effective(65534, 65534), real(65534, 0)] source3/smbd/dosmode.c:391(fget_ea_dos_attribute)
  fget_ea_dos_attribute: Cannot get attribute from EA on file .: Error = No data available
[2026/05/19 08:41:20.505034,  5, pid=3899112, effective(65534, 65534), real(65534, 0)] source3/smbd/dosmode.c:68(dos_mode_debug_print)
  dos_mode_debug_print: fdos_mode returning (0x10): "d"
[2026/05/19 08:41:20.505055,  3, pid=3899112, effective(65534, 65534), real(65534, 0)] source3/smbd/dir.c:799(smbd_dirptr_get_entry)
  smbd_dirptr_get_entry: mask=[*] found . fname=. (.)
[2026/05/19 08:41:20.505077, 10, pid=3899112, effective(65534, 65534), real(65534, 0)] source3/smbd/smb2_trans2.c:1179(smbd_marshall_dir_entry)
  smbd_marshall_dir_entry: space_remaining = 16384
[2026/05/19 08:41:20.505095, 10, pid=3899112, effective(65534, 65534), real(65534, 0)] source3/smbd/smb2_trans2.c:1698(smbd_marshall_dir_entry)
  smbd_marshall_dir_entry: SMB_FIND_FILE_UNIX
[2026/05/19 08:41:20.505112, 10, pid=3899112, effective(65534, 65534), real(65534, 0)] source3/smbd/smb2_trans2.c:2779(store_file_unix_basic)
  store_file_unix_basic: SMB_QUERY_FILE_UNIX_BASIC
[2026/05/19 08:41:20.505129,  4, pid=3899112, effective(65534, 65534), real(65534, 0)] source3/smbd/smb2_trans2.c:2780(store_file_unix_basic)
  store_file_unix_basic: st_mode=40777
[2026/05/19 08:41:20.505162,  5, pid=3899112, effective(65534, 65534), real(65534, 0)] source3/smbd/files.c:1985(file_free)
  file_free: freed files structure 0 (2 used)
[2026/05/19 08:41:20.505183, 10, pid=3899112, effective(65534, 65534), real(65534, 0)] source3/smbd/dir.c:568(smbd_dirptr_get_entry)
  smbd_dirptr_get_entry: dir [.] dirptr [0x6087dc18bdb0] offset [2] => dname [..]
[2026/05/19 08:41:20.505204, 10, pid=3899112, effective(65534, 65534), real(65534, 0)] source3/smbd/files.c:562(openat_pathref_fsp)
  openat_pathref_fsp: smb_fname [.]
[2026/05/19 08:41:20.505224, 10, pid=3899112, effective(65534, 65534), real(65534, 0)] source3/smbd/files.c:462(openat_pathref_fullname)
  openat_pathref_fullname: smb_fname [.]
[2026/05/19 08:41:20.505243,  5, pid=3899112, effective(65534, 65534), real(65534, 0)] source3/smbd/files.c:77(fsp_new)
  fsp_new: allocated files structure (3 used)
[2026/05/19 08:41:20.505263, 10, pid=3899112, effective(65534, 65534), real(65534, 0)] source3/smbd/files.c:2198(file_name_hash)
  file_name_hash: /var/samba/public/. hash 0xb9bae796
[2026/05/19 08:41:20.505289, 10, pid=3899112, effective(65534, 65534), real(65534, 0)] source3/smbd/open.c:930(fd_openat)
  fd_openat: name ., flags = 04000 mode = 00, fd = 28
[2026/05/19 08:41:20.505309, 10, pid=3899112, effective(65534, 65534), real(65534, 0)] source3/smbd/files.c:531(openat_pathref_fullname)
  openat_pathref_fullname: fsp [.]: OK
[2026/05/19 08:41:20.505327, 10, pid=3899112, effective(65534, 65534), real(65534, 0)] source3/smbd/dosmode.c:692(fdos_mode)
  fdos_mode: .
[2026/05/19 08:41:20.505355,  5, pid=3899112, effective(65534, 65534), real(65534, 0)] source3/smbd/dosmode.c:391(fget_ea_dos_attribute)
  fget_ea_dos_attribute: Cannot get attribute from EA on file .: Error = No data available
[2026/05/19 08:41:20.505377,  5, pid=3899112, effective(65534, 65534), real(65534, 0)] source3/smbd/dosmode.c:68(dos_mode_debug_print)
  dos_mode_debug_print: fdos_mode returning (0x10): "d"
[2026/05/19 08:41:20.505402,  3, pid=3899112, effective(65534, 65534), real(65534, 0)] source3/smbd/dir.c:799(smbd_dirptr_get_entry)
  smbd_dirptr_get_entry: mask=[*] found . fname=.. (..)
[2026/05/19 08:41:20.505422, 10, pid=3899112, effective(65534, 65534), real(65534, 0)] source3/smbd/smb2_trans2.c:1179(smbd_marshall_dir_entry)
  smbd_marshall_dir_entry: space_remaining = 16272
[2026/05/19 08:41:20.505439, 10, pid=3899112, effective(65534, 65534), real(65534, 0)] source3/smbd/smb2_trans2.c:1698(smbd_marshall_dir_entry)
  smbd_marshall_dir_entry: SMB_FIND_FILE_UNIX
[2026/05/19 08:41:20.505456, 10, pid=3899112, effective(65534, 65534), real(65534, 0)] source3/smbd/smb2_trans2.c:2779(store_file_unix_basic)
  store_file_unix_basic: SMB_QUERY_FILE_UNIX_BASIC
[2026/05/19 08:41:20.505473,  4, pid=3899112, effective(65534, 65534), real(65534, 0)] source3/smbd/smb2_trans2.c:2780(store_file_unix_basic)
  store_file_unix_basic: st_mode=40777
[2026/05/19 08:41:20.505496,  5, pid=3899112, effective(65534, 65534), real(65534, 0)] source3/smbd/files.c:1985(file_free)
  file_free: freed files structure 0 (2 used)
[2026/05/19 08:41:20.505555, 10, pid=3899112, effective(65534, 65534), real(65534, 0)] source3/smbd/dir.c:568(smbd_dirptr_get_entry)
  smbd_dirptr_get_entry: dir [.] dirptr [0x6087dc18bdb0] offset [3] => dname [phoenix.x86_64-fnd_5.6.1_patch-aos_6.8.1_ga.iso]
[2026/05/19 08:41:20.505577, 10, pid=3899112, effective(65534, 65534), real(65534, 0)] source3/smbd/files.c:868(openat_pathref_fsp_nosymlink)
  openat_pathref_fsp_nosymlink: path_in=phoenix.x86_64-fnd_5.6.1_patch-aos_6.8.1_ga.iso
[2026/05/19 08:41:20.505596,  5, pid=3899112, effective(65534, 65534), real(65534, 0)] source3/smbd/files.c:77(fsp_new)
  fsp_new: allocated files structure (3 used)
[2026/05/19 08:41:20.505625, 10, pid=3899112, effective(65534, 65534), real(65534, 0)] source3/smbd/files.c:2198(file_name_hash)
  file_name_hash: /var/samba/public/phoenix.x86_64-fnd_5.6.1_patch-aos_6.8.1_ga.iso hash 0xf1f8e7ad
[2026/05/19 08:41:20.505650, 10, pid=3899112, effective(65534, 65534), real(65534, 0)] source3/smbd/files.c:1278(openat_pathref_fsp_nosymlink)
  openat_pathref_fsp_nosymlink: returning phoenix.x86_64-fnd_5.6.1_patch-aos_6.8.1_ga.iso
[2026/05/19 08:41:20.505669, 10, pid=3899112, effective(65534, 65534), real(65534, 0)] source3/smbd/dosmode.c:692(fdos_mode)
  fdos_mode: phoenix.x86_64-fnd_5.6.1_patch-aos_6.8.1_ga.iso
[2026/05/19 08:41:20.505761, 10, pid=3899112, effective(65534, 65534), real(65534, 0)] source3/smbd/dosmode.c:264(parse_dos_attribute_blob)
  parse_dos_attribute_blob: phoenix.x86_64-fnd_5.6.1_patch-aos_6.8.1_ga.iso attr = 
[2026/05/19 08:41:20.505782, 10, pid=3899112, effective(65534, 65534), real(65534, 0)] source3/smbd/dosmode.c:332(parse_dos_attribute_blob)
  parse_dos_attribute_blob: file [phoenix.x86_64-fnd_5.6.1_patch-aos_6.8.1_ga.iso] creation time [Wed May  6 09:02:18 PM 2026 JST]
[2026/05/19 08:41:20.505821,  5, pid=3899112, effective(65534, 65534), real(65534, 0)] source3/smbd/dosmode.c:68(dos_mode_debug_print)
  dos_mode_debug_print: parse_dos_attribute_blob returning (0x20): "a"
[2026/05/19 08:41:20.505840,  5, pid=3899112, effective(65534, 65534), real(65534, 0)] source3/smbd/dosmode.c:68(dos_mode_debug_print)
  dos_mode_debug_print: fdos_mode returning (0x20): "a"
[2026/05/19 08:41:20.505864, 10, pid=3899112, effective(65534, 65534), real(65534, 0)] source3/lib/g_lock.c:1655(g_lock_dump)
  g_lock_dump: dbwrap_parse_record returned NT_STATUS_NOT_FOUND
[2026/05/19 08:41:20.505929, 10, pid=3899112, effective(65534, 65534), real(65534, 0), class=locking] source3/locking/share_mode_lock.c:1570(fetch_share_mode_unlocked)
  fetch_share_mode_unlocked: g_lock_dump failed: NT_STATUS_NOT_FOUND
[2026/05/19 08:41:20.505951,  3, pid=3899112, effective(65534, 65534), real(65534, 0)] source3/smbd/dir.c:799(smbd_dirptr_get_entry)
  smbd_dirptr_get_entry: mask=[*] found phoenix.x86_64-fnd_5.6.1_patch-aos_6.8.1_ga.iso fname=phoenix.x86_64-fnd_5.6.1_patch-aos_6.8.1_ga.iso (phoenix.x86_64-fnd_5.6.1_patch-aos_6.8.1_ga.iso)
[2026/05/19 08:41:20.505979, 10, pid=3899112, effective(65534, 65534), real(65534, 0)] source3/smbd/smb2_trans2.c:1179(smbd_marshall_dir_entry)
  smbd_marshall_dir_entry: space_remaining = 16156
[2026/05/19 08:41:20.505997, 10, pid=3899112, effective(65534, 65534), real(65534, 0)] source3/smbd/smb2_trans2.c:1698(smbd_marshall_dir_entry)
  smbd_marshall_dir_entry: SMB_FIND_FILE_UNIX
[2026/05/19 08:41:20.506014, 10, pid=3899112, effective(65534, 65534), real(65534, 0)] source3/smbd/smb2_trans2.c:2779(store_file_unix_basic)
  store_file_unix_basic: SMB_QUERY_FILE_UNIX_BASIC
[2026/05/19 08:41:20.506031,  4, pid=3899112, effective(65534, 65534), real(65534, 0)] source3/smbd/smb2_trans2.c:2780(store_file_unix_basic)
  store_file_unix_basic: st_mode=100666
[2026/05/19 08:41:20.506058,  5, pid=3899112, effective(65534, 65534), real(65534, 0)] source3/smbd/files.c:1985(file_free)
  file_free: freed files structure 0 (2 used)
[2026/05/19 08:41:20.506079, 10, pid=3899112, effective(65534, 65534), real(65534, 0)] source3/smbd/dir.c:568(smbd_dirptr_get_entry)
  smbd_dirptr_get_entry: dir [.] dirptr [0x6087dc18bdb0] offset [4] => dname [mt86plus_8.00_x86_64.grub.iso.zip]
[2026/05/19 08:41:20.506101, 10, pid=3899112, effective(65534, 65534), real(65534, 0)] source3/smbd/files.c:868(openat_pathref_fsp_nosymlink)
  openat_pathref_fsp_nosymlink: path_in=mt86plus_8.00_x86_64.grub.iso.zip
[2026/05/19 08:41:20.506120,  5, pid=3899112, effective(65534, 65534), real(65534, 0)] source3/smbd/files.c:77(fsp_new)
  fsp_new: allocated files structure (3 used)
[2026/05/19 08:41:20.506148, 10, pid=3899112, effective(65534, 65534), real(65534, 0)] source3/smbd/files.c:2198(file_name_hash)
  file_name_hash: /var/samba/public/mt86plus_8.00_x86_64.grub.iso.zip hash 0xfa6c353c
[2026/05/19 08:41:20.506172, 10, pid=3899112, effective(65534, 65534), real(65534, 0)] source3/smbd/files.c:1278(openat_pathref_fsp_nosymlink)
  openat_pathref_fsp_nosymlink: returning mt86plus_8.00_x86_64.grub.iso.zip
[2026/05/19 08:41:20.506191, 10, pid=3899112, effective(65534, 65534), real(65534, 0)] source3/smbd/dosmode.c:692(fdos_mode)
  fdos_mode: mt86plus_8.00_x86_64.grub.iso.zip
[2026/05/19 08:41:20.506219,  5, pid=3899112, effective(65534, 65534), real(65534, 0)] source3/smbd/dosmode.c:391(fget_ea_dos_attribute)
  fget_ea_dos_attribute: Cannot get attribute from EA on file mt86plus_8.00_x86_64.grub.iso.zip: Error = No data available
[2026/05/19 08:41:20.506242,  5, pid=3899112, effective(65534, 65534), real(65534, 0)] source3/smbd/dosmode.c:68(dos_mode_debug_print)
  dos_mode_debug_print: fdos_mode returning (0x80): ""
[2026/05/19 08:41:20.506269, 10, pid=3899112, effective(65534, 65534), real(65534, 0)] source3/lib/g_lock.c:1655(g_lock_dump)
  g_lock_dump: dbwrap_parse_record returned NT_STATUS_NOT_FOUND
[2026/05/19 08:41:20.506289, 10, pid=3899112, effective(65534, 65534), real(65534, 0), class=locking] source3/locking/share_mode_lock.c:1570(fetch_share_mode_unlocked)
  fetch_share_mode_unlocked: g_lock_dump failed: NT_STATUS_NOT_FOUND
[2026/05/19 08:41:20.506309,  3, pid=3899112, effective(65534, 65534), real(65534, 0)] source3/smbd/dir.c:799(smbd_dirptr_get_entry)
  smbd_dirptr_get_entry: mask=[*] found mt86plus_8.00_x86_64.grub.iso.zip fname=mt86plus_8.00_x86_64.grub.iso.zip (mt86plus_8.00_x86_64.grub.iso.zip)
[2026/05/19 08:41:20.506329, 10, pid=3899112, effective(65534, 65534), real(65534, 0)] source3/smbd/smb2_trans2.c:1179(smbd_marshall_dir_entry)
  smbd_marshall_dir_entry: space_remaining = 15952
[2026/05/19 08:41:20.506347, 10, pid=3899112, effective(65534, 65534), real(65534, 0)] source3/smbd/smb2_trans2.c:1698(smbd_marshall_dir_entry)
  smbd_marshall_dir_entry: SMB_FIND_FILE_UNIX
[2026/05/19 08:41:20.506364, 10, pid=3899112, effective(65534, 65534), real(65534, 0)] source3/smbd/smb2_trans2.c:2779(store_file_unix_basic)
  store_file_unix_basic: SMB_QUERY_FILE_UNIX_BASIC
[2026/05/19 08:41:20.506380,  4, pid=3899112, effective(65534, 65534), real(65534, 0)] source3/smbd/smb2_trans2.c:2780(store_file_unix_basic)
  store_file_unix_basic: st_mode=100664
[2026/05/19 08:41:20.506410,  5, pid=3899112, effective(65534, 65534), real(65534, 0)] source3/smbd/files.c:1985(file_free)
  file_free: freed files structure 0 (2 used)
[2026/05/19 08:41:20.506429, 10, pid=3899112, effective(65534, 65534), real(65534, 0)] source3/smbd/dir.c:568(smbd_dirptr_get_entry)
  smbd_dirptr_get_entry: dir [.] dirptr [0x6087dc18bdb0] offset [5] => dname [debian-preseed-s13.iso]
[2026/05/19 08:41:20.506450, 10, pid=3899112, effective(65534, 65534), real(65534, 0)] source3/smbd/files.c:868(openat_pathref_fsp_nosymlink)
  openat_pathref_fsp_nosymlink: path_in=debian-preseed-s13.iso
[2026/05/19 08:41:20.506469,  5, pid=3899112, effective(65534, 65534), real(65534, 0)] source3/smbd/files.c:77(fsp_new)
  fsp_new: allocated files structure (3 used)
[2026/05/19 08:41:20.506505, 10, pid=3899112, effective(65534, 65534), real(65534, 0)] source3/smbd/files.c:2198(file_name_hash)
  file_name_hash: /var/samba/public/debian-preseed-s13.iso hash 0x6cfb843e
[2026/05/19 08:41:20.506528, 10, pid=3899112, effective(65534, 65534), real(65534, 0)] source3/smbd/files.c:1278(openat_pathref_fsp_nosymlink)
  openat_pathref_fsp_nosymlink: returning debian-preseed-s13.iso
[2026/05/19 08:41:20.506547, 10, pid=3899112, effective(65534, 65534), real(65534, 0)] source3/smbd/dosmode.c:692(fdos_mode)
  fdos_mode: debian-preseed-s13.iso
[2026/05/19 08:41:20.506573,  5, pid=3899112, effective(65534, 65534), real(65534, 0)] source3/smbd/dosmode.c:391(fget_ea_dos_attribute)
  fget_ea_dos_attribute: Cannot get attribute from EA on file debian-preseed-s13.iso: Error = No data available
[2026/05/19 08:41:20.506594,  5, pid=3899112, effective(65534, 65534), real(65534, 0)] source3/smbd/dosmode.c:68(dos_mode_debug_print)
  dos_mode_debug_print: fdos_mode returning (0x80): ""
[2026/05/19 08:41:20.506619, 10, pid=3899112, effective(65534, 65534), real(65534, 0)] source3/lib/g_lock.c:1655(g_lock_dump)
  g_lock_dump: dbwrap_parse_record returned NT_STATUS_NOT_FOUND
[2026/05/19 08:41:20.506639, 10, pid=3899112, effective(65534, 65534), real(65534, 0), class=locking] source3/locking/share_mode_lock.c:1570(fetch_share_mode_unlocked)
  fetch_share_mode_unlocked: g_lock_dump failed: NT_STATUS_NOT_FOUND
[2026/05/19 08:41:20.506658,  3, pid=3899112, effective(65534, 65534), real(65534, 0)] source3/smbd/dir.c:799(smbd_dirptr_get_entry)
  smbd_dirptr_get_entry: mask=[*] found debian-preseed-s13.iso fname=debian-preseed-s13.iso (debian-preseed-s13.iso)
[2026/05/19 08:41:20.506679, 10, pid=3899112, effective(65534, 65534), real(65534, 0)] source3/smbd/smb2_trans2.c:1179(smbd_marshall_dir_entry)
  smbd_marshall_dir_entry: space_remaining = 15776
[2026/05/19 08:41:20.506696, 10, pid=3899112, effective(65534, 65534), real(65534, 0)] source3/smbd/smb2_trans2.c:1698(smbd_marshall_dir_entry)
  smbd_marshall_dir_entry: SMB_FIND_FILE_UNIX
[2026/05/19 08:41:20.506713, 10, pid=3899112, effective(65534, 65534), real(65534, 0)] source3/smbd/smb2_trans2.c:2779(store_file_unix_basic)
  store_file_unix_basic: SMB_QUERY_FILE_UNIX_BASIC
[2026/05/19 08:41:20.506730,  4, pid=3899112, effective(65534, 65534), real(65534, 0)] source3/smbd/smb2_trans2.c:2780(store_file_unix_basic)
  store_file_unix_basic: st_mode=100644
[2026/05/19 08:41:20.506754,  5, pid=3899112, effective(65534, 65534), real(65534, 0)] source3/smbd/files.c:1985(file_free)
  file_free: freed files structure 0 (2 used)
[2026/05/19 08:41:20.506774, 10, pid=3899112, effective(65534, 65534), real(65534, 0)] source3/smbd/dir.c:568(smbd_dirptr_get_entry)
  smbd_dirptr_get_entry: dir [.] dirptr [0x6087dc18bdb0] offset [6] => dname [debian-preseed-s6.iso]
[2026/05/19 08:41:20.506805, 10, pid=3899112, effective(65534, 65534), real(65534, 0)] source3/smbd/files.c:868(openat_pathref_fsp_nosymlink)
  openat_pathref_fsp_nosymlink: path_in=debian-preseed-s6.iso
[2026/05/19 08:41:20.506824,  5, pid=3899112, effective(65534, 65534), real(65534, 0)] source3/smbd/files.c:77(fsp_new)
  fsp_new: allocated files structure (3 used)
[2026/05/19 08:41:20.506851, 10, pid=3899112, effective(65534, 65534), real(65534, 0)] source3/smbd/files.c:2198(file_name_hash)
  file_name_hash: /var/samba/public/debian-preseed-s6.iso hash 0x27abdd
[2026/05/19 08:41:20.506911, 10, pid=3899112, effective(65534, 65534), real(65534, 0)] source3/smbd/files.c:1278(openat_pathref_fsp_nosymlink)
  openat_pathref_fsp_nosymlink: returning debian-preseed-s6.iso
[2026/05/19 08:41:20.506935, 10, pid=3899112, effective(65534, 65534), real(65534, 0)] source3/smbd/dosmode.c:692(fdos_mode)
  fdos_mode: debian-preseed-s6.iso
[2026/05/19 08:41:20.506962,  5, pid=3899112, effective(65534, 65534), real(65534, 0)] source3/smbd/dosmode.c:391(fget_ea_dos_attribute)
  fget_ea_dos_attribute: Cannot get attribute from EA on file debian-preseed-s6.iso: Error = No data available
[2026/05/19 08:41:20.506983,  5, pid=3899112, effective(65534, 65534), real(65534, 0)] source3/smbd/dosmode.c:68(dos_mode_debug_print)
  dos_mode_debug_print: fdos_mode returning (0x80): ""
[2026/05/19 08:41:20.507005, 10, pid=3899112, effective(65534, 65534), real(65534, 0)] source3/lib/g_lock.c:1655(g_lock_dump)
  g_lock_dump: dbwrap_parse_record returned NT_STATUS_NOT_FOUND
[2026/05/19 08:41:20.507025, 10, pid=3899112, effective(65534, 65534), real(65534, 0), class=locking] source3/locking/share_mode_lock.c:1570(fetch_share_mode_unlocked)
  fetch_share_mode_unlocked: g_lock_dump failed: NT_STATUS_NOT_FOUND
[2026/05/19 08:41:20.507044,  3, pid=3899112, effective(65534, 65534), real(65534, 0)] source3/smbd/dir.c:799(smbd_dirptr_get_entry)
  smbd_dirptr_get_entry: mask=[*] found debian-preseed-s6.iso fname=debian-preseed-s6.iso (debian-preseed-s6.iso)
[2026/05/19 08:41:20.507065, 10, pid=3899112, effective(65534, 65534), real(65534, 0)] source3/smbd/smb2_trans2.c:1179(smbd_marshall_dir_entry)
  smbd_marshall_dir_entry: space_remaining = 15620
[2026/05/19 08:41:20.507083, 10, pid=3899112, effective(65534, 65534), real(65534, 0)] source3/smbd/smb2_trans2.c:1698(smbd_marshall_dir_entry)
  smbd_marshall_dir_entry: SMB_FIND_FILE_UNIX
[2026/05/19 08:41:20.507100, 10, pid=3899112, effective(65534, 65534), real(65534, 0)] source3/smbd/smb2_trans2.c:2779(store_file_unix_basic)
  store_file_unix_basic: SMB_QUERY_FILE_UNIX_BASIC
[2026/05/19 08:41:20.507117,  4, pid=3899112, effective(65534, 65534), real(65534, 0)] source3/smbd/smb2_trans2.c:2780(store_file_unix_basic)
  store_file_unix_basic: st_mode=100644
[2026/05/19 08:41:20.507141,  5, pid=3899112, effective(65534, 65534), real(65534, 0)] source3/smbd/files.c:1985(file_free)
  file_free: freed files structure 0 (2 used)
[2026/05/19 08:41:20.507161, 10, pid=3899112, effective(65534, 65534), real(65534, 0)] source3/smbd/dir.c:568(smbd_dirptr_get_entry)
  smbd_dirptr_get_entry: dir [.] dirptr [0x6087dc18bdb0] offset [7] => dname [debian-preseed-s7.iso.preseed-sha256]
[2026/05/19 08:41:20.507182, 10, pid=3899112, effective(65534, 65534), real(65534, 0)] source3/smbd/files.c:868(openat_pathref_fsp_nosymlink)
  openat_pathref_fsp_nosymlink: path_in=debian-preseed-s7.iso.preseed-sha256
[2026/05/19 08:41:20.507201,  5, pid=3899112, effective(65534, 65534), real(65534, 0)] source3/smbd/files.c:77(fsp_new)
  fsp_new: allocated files structure (3 used)
[2026/05/19 08:41:20.507228, 10, pid=3899112, effective(65534, 65534), real(65534, 0)] source3/smbd/files.c:2198(file_name_hash)
  file_name_hash: /var/samba/public/debian-preseed-s7.iso.preseed-sha256 hash 0x330af68a
[2026/05/19 08:41:20.507251, 10, pid=3899112, effective(65534, 65534), real(65534, 0)] source3/smbd/files.c:1278(openat_pathref_fsp_nosymlink)
  openat_pathref_fsp_nosymlink: returning debian-preseed-s7.iso.preseed-sha256
[2026/05/19 08:41:20.507269, 10, pid=3899112, effective(65534, 65534), real(65534, 0)] source3/smbd/dosmode.c:692(fdos_mode)
  fdos_mode: debian-preseed-s7.iso.preseed-sha256
[2026/05/19 08:41:20.507295,  5, pid=3899112, effective(65534, 65534), real(65534, 0)] source3/smbd/dosmode.c:391(fget_ea_dos_attribute)
  fget_ea_dos_attribute: Cannot get attribute from EA on file debian-preseed-s7.iso.preseed-sha256: Error = No data available
[2026/05/19 08:41:20.507316,  5, pid=3899112, effective(65534, 65534), real(65534, 0)] source3/smbd/dosmode.c:68(dos_mode_debug_print)
  dos_mode_debug_print: fdos_mode returning (0x80): ""
[2026/05/19 08:41:20.507342, 10, pid=3899112, effective(65534, 65534), real(65534, 0)] source3/lib/g_lock.c:1655(g_lock_dump)
  g_lock_dump: dbwrap_parse_record returned NT_STATUS_NOT_FOUND
[2026/05/19 08:41:20.507361, 10, pid=3899112, effective(65534, 65534), real(65534, 0), class=locking] source3/locking/share_mode_lock.c:1570(fetch_share_mode_unlocked)
  fetch_share_mode_unlocked: g_lock_dump failed: NT_STATUS_NOT_FOUND
[2026/05/19 08:41:20.507381,  3, pid=3899112, effective(65534, 65534), real(65534, 0)] source3/smbd/dir.c:799(smbd_dirptr_get_entry)
  smbd_dirptr_get_entry: mask=[*] found debian-preseed-s7.iso.preseed-sha256 fname=debian-preseed-s7.iso.preseed-sha256 (debian-preseed-s7.iso.preseed-sha256)
[2026/05/19 08:41:20.507401, 10, pid=3899112, effective(65534, 65534), real(65534, 0)] source3/smbd/smb2_trans2.c:1179(smbd_marshall_dir_entry)
  smbd_marshall_dir_entry: space_remaining = 15468
[2026/05/19 08:41:20.507419, 10, pid=3899112, effective(65534, 65534), real(65534, 0)] source3/smbd/smb2_trans2.c:1698(smbd_marshall_dir_entry)
  smbd_marshall_dir_entry: SMB_FIND_FILE_UNIX
[2026/05/19 08:41:20.507436, 10, pid=3899112, effective(65534, 65534), real(65534, 0)] source3/smbd/smb2_trans2.c:2779(store_file_unix_basic)
  store_file_unix_basic: SMB_QUERY_FILE_UNIX_BASIC
[2026/05/19 08:41:20.507453,  4, pid=3899112, effective(65534, 65534), real(65534, 0)] source3/smbd/smb2_trans2.c:2780(store_file_unix_basic)
  store_file_unix_basic: st_mode=100664
[2026/05/19 08:41:20.507476,  5, pid=3899112, effective(65534, 65534), real(65534, 0)] source3/smbd/files.c:1985(file_free)
  file_free: freed files structure 0 (2 used)
[2026/05/19 08:41:20.507496, 10, pid=3899112, effective(65534, 65534), real(65534, 0)] source3/smbd/dir.c:568(smbd_dirptr_get_entry)
  smbd_dirptr_get_entry: dir [.] dirptr [0x6087dc18bdb0] offset [8] => dname [netboot.xyz.iso]
[2026/05/19 08:41:20.507516, 10, pid=3899112, effective(65534, 65534), real(65534, 0)] source3/smbd/files.c:868(openat_pathref_fsp_nosymlink)
  openat_pathref_fsp_nosymlink: path_in=netboot.xyz.iso
[2026/05/19 08:41:20.507535,  5, pid=3899112, effective(65534, 65534), real(65534, 0)] source3/smbd/files.c:77(fsp_new)
  fsp_new: allocated files structure (3 used)
[2026/05/19 08:41:20.507561, 10, pid=3899112, effective(65534, 65534), real(65534, 0)] source3/smbd/files.c:2198(file_name_hash)
  file_name_hash: /var/samba/public/netboot.xyz.iso hash 0x961610b5
[2026/05/19 08:41:20.507584, 10, pid=3899112, effective(65534, 65534), real(65534, 0)] source3/smbd/files.c:1278(openat_pathref_fsp_nosymlink)
  openat_pathref_fsp_nosymlink: returning netboot.xyz.iso
[2026/05/19 08:41:20.507603, 10, pid=3899112, effective(65534, 65534), real(65534, 0)] source3/smbd/dosmode.c:692(fdos_mode)
  fdos_mode: netboot.xyz.iso
[2026/05/19 08:41:20.507637, 10, pid=3899112, effective(65534, 65534), real(65534, 0)] source3/smbd/dosmode.c:264(parse_dos_attribute_blob)
  parse_dos_attribute_blob: netboot.xyz.iso attr = 
[2026/05/19 08:41:20.507657, 10, pid=3899112, effective(65534, 65534), real(65534, 0)] source3/smbd/dosmode.c:332(parse_dos_attribute_blob)
  parse_dos_attribute_blob: file [netboot.xyz.iso] creation time [Mon Dec  1 02:53:52 AM 2025 JST]
[2026/05/19 08:41:20.507683,  5, pid=3899112, effective(65534, 65534), real(65534, 0)] source3/smbd/dosmode.c:68(dos_mode_debug_print)
  dos_mode_debug_print: parse_dos_attribute_blob returning (0x0): ""
[2026/05/19 08:41:20.507702,  5, pid=3899112, effective(65534, 65534), real(65534, 0)] source3/smbd/dosmode.c:68(dos_mode_debug_print)
  dos_mode_debug_print: fdos_mode returning (0x80): ""
[2026/05/19 08:41:20.507728, 10, pid=3899112, effective(65534, 65534), real(65534, 0)] source3/lib/g_lock.c:1655(g_lock_dump)
  g_lock_dump: dbwrap_parse_record returned NT_STATUS_NOT_FOUND
[2026/05/19 08:41:20.507747, 10, pid=3899112, effective(65534, 65534), real(65534, 0), class=locking] source3/locking/share_mode_lock.c:1570(fetch_share_mode_unlocked)
  fetch_share_mode_unlocked: g_lock_dump failed: NT_STATUS_NOT_FOUND
[2026/05/19 08:41:20.507771,  3, pid=3899112, effective(65534, 65534), real(65534, 0)] source3/smbd/dir.c:799(smbd_dirptr_get_entry)
  smbd_dirptr_get_entry: mask=[*] found netboot.xyz.iso fname=netboot.xyz.iso (netboot.xyz.iso)
[2026/05/19 08:41:20.507801, 10, pid=3899112, effective(65534, 65534), real(65534, 0)] source3/smbd/smb2_trans2.c:1179(smbd_marshall_dir_entry)
  smbd_marshall_dir_entry: space_remaining = 15284
[2026/05/19 08:41:20.507820, 10, pid=3899112, effective(65534, 65534), real(65534, 0)] source3/smbd/smb2_trans2.c:1698(smbd_marshall_dir_entry)
  smbd_marshall_dir_entry: SMB_FIND_FILE_UNIX
[2026/05/19 08:41:20.507837, 10, pid=3899112, effective(65534, 65534), real(65534, 0)] source3/smbd/smb2_trans2.c:2779(store_file_unix_basic)
  store_file_unix_basic: SMB_QUERY_FILE_UNIX_BASIC
[2026/05/19 08:41:20.507854,  4, pid=3899112, effective(65534, 65534), real(65534, 0)] source3/smbd/smb2_trans2.c:2780(store_file_unix_basic)
  store_file_unix_basic: st_mode=100666
[2026/05/19 08:41:20.507895,  5, pid=3899112, effective(65534, 65534), real(65534, 0)] source3/smbd/files.c:1985(file_free)
  file_free: freed files structure 0 (2 used)
[2026/05/19 08:41:20.507922, 10, pid=3899112, effective(65534, 65534), real(65534, 0)] source3/smbd/dir.c:568(smbd_dirptr_get_entry)
  smbd_dirptr_get_entry: dir [.] dirptr [0x6087dc18bdb0] offset [9] => dname [debian-13.3.0-amd64-netinst.iso]
[2026/05/19 08:41:20.507943, 10, pid=3899112, effective(65534, 65534), real(65534, 0)] source3/smbd/files.c:868(openat_pathref_fsp_nosymlink)
  openat_pathref_fsp_nosymlink: path_in=debian-13.3.0-amd64-netinst.iso
[2026/05/19 08:41:20.507962,  5, pid=3899112, effective(65534, 65534), real(65534, 0)] source3/smbd/files.c:77(fsp_new)
  fsp_new: allocated files structure (3 used)
[2026/05/19 08:41:20.507989, 10, pid=3899112, effective(65534, 65534), real(65534, 0)] source3/smbd/files.c:2198(file_name_hash)
  file_name_hash: /var/samba/public/debian-13.3.0-amd64-netinst.iso hash 0x620a2ea9
[2026/05/19 08:41:20.508013, 10, pid=3899112, effective(65534, 65534), real(65534, 0)] source3/smbd/files.c:1278(openat_pathref_fsp_nosymlink)
  openat_pathref_fsp_nosymlink: returning debian-13.3.0-amd64-netinst.iso
[2026/05/19 08:41:20.508032, 10, pid=3899112, effective(65534, 65534), real(65534, 0)] source3/smbd/dosmode.c:692(fdos_mode)
  fdos_mode: debian-13.3.0-amd64-netinst.iso
[2026/05/19 08:41:20.508058,  5, pid=3899112, effective(65534, 65534), real(65534, 0)] source3/smbd/dosmode.c:391(fget_ea_dos_attribute)
  fget_ea_dos_attribute: Cannot get attribute from EA on file debian-13.3.0-amd64-netinst.iso: Error = No data available
[2026/05/19 08:41:20.508080,  5, pid=3899112, effective(65534, 65534), real(65534, 0)] source3/smbd/dosmode.c:68(dos_mode_debug_print)
  dos_mode_debug_print: fdos_mode returning (0x80): ""
[2026/05/19 08:41:20.508100, 10, pid=3899112, effective(65534, 65534), real(65534, 0)] source3/lib/g_lock.c:1655(g_lock_dump)
  g_lock_dump: dbwrap_parse_record returned NT_STATUS_NOT_FOUND
[2026/05/19 08:41:20.508120, 10, pid=3899112, effective(65534, 65534), real(65534, 0), class=locking] source3/locking/share_mode_lock.c:1570(fetch_share_mode_unlocked)
  fetch_share_mode_unlocked: g_lock_dump failed: NT_STATUS_NOT_FOUND
[2026/05/19 08:41:20.508139,  3, pid=3899112, effective(65534, 65534), real(65534, 0)] source3/smbd/dir.c:799(smbd_dirptr_get_entry)
  smbd_dirptr_get_entry: mask=[*] found debian-13.3.0-amd64-netinst.iso fname=debian-13.3.0-amd64-netinst.iso (debian-13.3.0-amd64-netinst.iso)
[2026/05/19 08:41:20.508159, 10, pid=3899112, effective(65534, 65534), real(65534, 0)] source3/smbd/smb2_trans2.c:1179(smbd_marshall_dir_entry)
  smbd_marshall_dir_entry: space_remaining = 15144
[2026/05/19 08:41:20.508177, 10, pid=3899112, effective(65534, 65534), real(65534, 0)] source3/smbd/smb2_trans2.c:1698(smbd_marshall_dir_entry)
  smbd_marshall_dir_entry: SMB_FIND_FILE_UNIX
[2026/05/19 08:41:20.508194, 10, pid=3899112, effective(65534, 65534), real(65534, 0)] source3/smbd/smb2_trans2.c:2779(store_file_unix_basic)
  store_file_unix_basic: SMB_QUERY_FILE_UNIX_BASIC
[2026/05/19 08:41:20.508217,  4, pid=3899112, effective(65534, 65534), real(65534, 0)] source3/smbd/smb2_trans2.c:2780(store_file_unix_basic)
  store_file_unix_basic: st_mode=100664
[2026/05/19 08:41:20.508241,  5, pid=3899112, effective(65534, 65534), real(65534, 0)] source3/smbd/files.c:1985(file_free)
  file_free: freed files structure 0 (2 used)
[2026/05/19 08:41:20.508261, 10, pid=3899112, effective(65534, 65534), real(65534, 0)] source3/smbd/dir.c:568(smbd_dirptr_get_entry)
  smbd_dirptr_get_entry: dir [.] dirptr [0x6087dc18bdb0] offset [10] => dname [upload]
[2026/05/19 08:41:20.508281, 10, pid=3899112, effective(65534, 65534), real(65534, 0)] source3/smbd/files.c:868(openat_pathref_fsp_nosymlink)
  openat_pathref_fsp_nosymlink: path_in=upload
[2026/05/19 08:41:20.508300,  5, pid=3899112, effective(65534, 65534), real(65534, 0)] source3/smbd/files.c:77(fsp_new)
  fsp_new: allocated files structure (3 used)
[2026/05/19 08:41:20.508327, 10, pid=3899112, effective(65534, 65534), real(65534, 0)] source3/smbd/files.c:2198(file_name_hash)
  file_name_hash: /var/samba/public/upload hash 0xc190bf32
[2026/05/19 08:41:20.508350, 10, pid=3899112, effective(65534, 65534), real(65534, 0)] source3/smbd/files.c:1278(openat_pathref_fsp_nosymlink)
  openat_pathref_fsp_nosymlink: returning upload
[2026/05/19 08:41:20.508368, 10, pid=3899112, effective(65534, 65534), real(65534, 0)] source3/smbd/dosmode.c:692(fdos_mode)
  fdos_mode: upload
[2026/05/19 08:41:20.508402, 10, pid=3899112, effective(65534, 65534), real(65534, 0)] source3/smbd/dosmode.c:264(parse_dos_attribute_blob)
  parse_dos_attribute_blob: upload attr = 
[2026/05/19 08:41:20.508421, 10, pid=3899112, effective(65534, 65534), real(65534, 0)] source3/smbd/dosmode.c:332(parse_dos_attribute_blob)
  parse_dos_attribute_blob: file [upload] creation time [Fri May  8 01:55:12 AM 2026 JST]
[2026/05/19 08:41:20.508447,  5, pid=3899112, effective(65534, 65534), real(65534, 0)] source3/smbd/dosmode.c:68(dos_mode_debug_print)
  dos_mode_debug_print: parse_dos_attribute_blob returning (0x10): "d"
[2026/05/19 08:41:20.508466,  5, pid=3899112, effective(65534, 65534), real(65534, 0)] source3/smbd/dosmode.c:68(dos_mode_debug_print)
  dos_mode_debug_print: fdos_mode returning (0x10): "d"
[2026/05/19 08:41:20.508484,  3, pid=3899112, effective(65534, 65534), real(65534, 0)] source3/smbd/dir.c:799(smbd_dirptr_get_entry)
  smbd_dirptr_get_entry: mask=[*] found upload fname=upload (upload)
[2026/05/19 08:41:20.508504, 10, pid=3899112, effective(65534, 65534), real(65534, 0)] source3/smbd/smb2_trans2.c:1179(smbd_marshall_dir_entry)
  smbd_marshall_dir_entry: space_remaining = 14972
[2026/05/19 08:41:20.508521, 10, pid=3899112, effective(65534, 65534), real(65534, 0)] source3/smbd/smb2_trans2.c:1698(smbd_marshall_dir_entry)
  smbd_marshall_dir_entry: SMB_FIND_FILE_UNIX
[2026/05/19 08:41:20.508538, 10, pid=3899112, effective(65534, 65534), real(65534, 0)] source3/smbd/smb2_trans2.c:2779(store_file_unix_basic)
  store_file_unix_basic: SMB_QUERY_FILE_UNIX_BASIC
[2026/05/19 08:41:20.508556,  4, pid=3899112, effective(65534, 65534), real(65534, 0)] source3/smbd/smb2_trans2.c:2780(store_file_unix_basic)
  store_file_unix_basic: st_mode=40777
[2026/05/19 08:41:20.508578,  5, pid=3899112, effective(65534, 65534), real(65534, 0)] source3/smbd/files.c:1985(file_free)
  file_free: freed files structure 0 (2 used)
[2026/05/19 08:41:20.508598, 10, pid=3899112, effective(65534, 65534), real(65534, 0)] source3/smbd/dir.c:568(smbd_dirptr_get_entry)
  smbd_dirptr_get_entry: dir [.] dirptr [0x6087dc18bdb0] offset [11] => dname [debian-preseed-s13.iso.preseed-sha256]
[2026/05/19 08:41:20.508620, 10, pid=3899112, effective(65534, 65534), real(65534, 0)] source3/smbd/files.c:868(openat_pathref_fsp_nosymlink)
  openat_pathref_fsp_nosymlink: path_in=debian-preseed-s13.iso.preseed-sha256
[2026/05/19 08:41:20.508638,  5, pid=3899112, effective(65534, 65534), real(65534, 0)] source3/smbd/files.c:77(fsp_new)
  fsp_new: allocated files structure (3 used)
[2026/05/19 08:41:20.508670, 10, pid=3899112, effective(65534, 65534), real(65534, 0)] source3/smbd/files.c:2198(file_name_hash)
  file_name_hash: /var/samba/public/debian-preseed-s13.iso.preseed-sha256 hash 0x2727a2fa
[2026/05/19 08:41:20.508693, 10, pid=3899112, effective(65534, 65534), real(65534, 0)] source3/smbd/files.c:1278(openat_pathref_fsp_nosymlink)
  openat_pathref_fsp_nosymlink: returning debian-preseed-s13.iso.preseed-sha256
[2026/05/19 08:41:20.508712, 10, pid=3899112, effective(65534, 65534), real(65534, 0)] source3/smbd/dosmode.c:692(fdos_mode)
  fdos_mode: debian-preseed-s13.iso.preseed-sha256
[2026/05/19 08:41:20.508737,  5, pid=3899112, effective(65534, 65534), real(65534, 0)] source3/smbd/dosmode.c:391(fget_ea_dos_attribute)
  fget_ea_dos_attribute: Cannot get attribute from EA on file debian-preseed-s13.iso.preseed-sha256: Error = No data available
[2026/05/19 08:41:20.508758,  5, pid=3899112, effective(65534, 65534), real(65534, 0)] source3/smbd/dosmode.c:68(dos_mode_debug_print)
  dos_mode_debug_print: fdos_mode returning (0x80): ""
[2026/05/19 08:41:20.508785, 10, pid=3899112, effective(65534, 65534), real(65534, 0)] source3/lib/g_lock.c:1655(g_lock_dump)
  g_lock_dump: dbwrap_parse_record returned NT_STATUS_NOT_FOUND
[2026/05/19 08:41:20.508815, 10, pid=3899112, effective(65534, 65534), real(65534, 0), class=locking] source3/locking/share_mode_lock.c:1570(fetch_share_mode_unlocked)
  fetch_share_mode_unlocked: g_lock_dump failed: NT_STATUS_NOT_FOUND
[2026/05/19 08:41:20.508834,  3, pid=3899112, effective(65534, 65534), real(65534, 0)] source3/smbd/dir.c:799(smbd_dirptr_get_entry)
  smbd_dirptr_get_entry: mask=[*] found debian-preseed-s13.iso.preseed-sha256 fname=debian-preseed-s13.iso.preseed-sha256 (debian-preseed-s13.iso.preseed-sha256)
[2026/05/19 08:41:20.508855, 10, pid=3899112, effective(65534, 65534), real(65534, 0)] source3/smbd/smb2_trans2.c:1179(smbd_marshall_dir_entry)
  smbd_marshall_dir_entry: space_remaining = 14848
[2026/05/19 08:41:20.508901, 10, pid=3899112, effective(65534, 65534), real(65534, 0)] source3/smbd/smb2_trans2.c:1698(smbd_marshall_dir_entry)
  smbd_marshall_dir_entry: SMB_FIND_FILE_UNIX
[2026/05/19 08:41:20.508924, 10, pid=3899112, effective(65534, 65534), real(65534, 0)] source3/smbd/smb2_trans2.c:2779(store_file_unix_basic)
  store_file_unix_basic: SMB_QUERY_FILE_UNIX_BASIC
[2026/05/19 08:41:20.508943,  4, pid=3899112, effective(65534, 65534), real(65534, 0)] source3/smbd/smb2_trans2.c:2780(store_file_unix_basic)
  store_file_unix_basic: st_mode=100664
[2026/05/19 08:41:20.508968,  5, pid=3899112, effective(65534, 65534), real(65534, 0)] source3/smbd/files.c:1985(file_free)
  file_free: freed files structure 0 (2 used)
[2026/05/19 08:41:20.508988, 10, pid=3899112, effective(65534, 65534), real(65534, 0)] source3/smbd/dir.c:568(smbd_dirptr_get_entry)
  smbd_dirptr_get_entry: dir [.] dirptr [0x6087dc18bdb0] offset [12] => dname [debian-preseed-s4.iso.preseed-sha256]
[2026/05/19 08:41:20.509010, 10, pid=3899112, effective(65534, 65534), real(65534, 0)] source3/smbd/files.c:868(openat_pathref_fsp_nosymlink)
  openat_pathref_fsp_nosymlink: path_in=debian-preseed-s4.iso.preseed-sha256
[2026/05/19 08:41:20.509028,  5, pid=3899112, effective(65534, 65534), real(65534, 0)] source3/smbd/files.c:77(fsp_new)
  fsp_new: allocated files structure (3 used)
[2026/05/19 08:41:20.509055, 10, pid=3899112, effective(65534, 65534), real(65534, 0)] source3/smbd/files.c:2198(file_name_hash)
  file_name_hash: /var/samba/public/debian-preseed-s4.iso.preseed-sha256 hash 0xa75857a9
[2026/05/19 08:41:20.509077, 10, pid=3899112, effective(65534, 65534), real(65534, 0)] source3/smbd/files.c:1278(openat_pathref_fsp_nosymlink)
  openat_pathref_fsp_nosymlink: returning debian-preseed-s4.iso.preseed-sha256
[2026/05/19 08:41:20.509096, 10, pid=3899112, effective(65534, 65534), real(65534, 0)] source3/smbd/dosmode.c:692(fdos_mode)
  fdos_mode: debian-preseed-s4.iso.preseed-sha256
[2026/05/19 08:41:20.509122,  5, pid=3899112, effective(65534, 65534), real(65534, 0)] source3/smbd/dosmode.c:391(fget_ea_dos_attribute)
  fget_ea_dos_attribute: Cannot get attribute from EA on file debian-preseed-s4.iso.preseed-sha256: Error = No data available
[2026/05/19 08:41:20.509149,  5, pid=3899112, effective(65534, 65534), real(65534, 0)] source3/smbd/dosmode.c:68(dos_mode_debug_print)
  dos_mode_debug_print: fdos_mode returning (0x80): ""
[2026/05/19 08:41:20.509170, 10, pid=3899112, effective(65534, 65534), real(65534, 0)] source3/lib/g_lock.c:1655(g_lock_dump)
  g_lock_dump: dbwrap_parse_record returned NT_STATUS_NOT_FOUND
[2026/05/19 08:41:20.509189, 10, pid=3899112, effective(65534, 65534), real(65534, 0), class=locking] source3/locking/share_mode_lock.c:1570(fetch_share_mode_unlocked)
  fetch_share_mode_unlocked: g_lock_dump failed: NT_STATUS_NOT_FOUND
[2026/05/19 08:41:20.509209,  3, pid=3899112, effective(65534, 65534), real(65534, 0)] source3/smbd/dir.c:799(smbd_dirptr_get_entry)
  smbd_dirptr_get_entry: mask=[*] found debian-preseed-s4.iso.preseed-sha256 fname=debian-preseed-s4.iso.preseed-sha256 (debian-preseed-s4.iso.preseed-sha256)
[2026/05/19 08:41:20.509235, 10, pid=3899112, effective(65534, 65534), real(65534, 0)] source3/smbd/smb2_trans2.c:1179(smbd_marshall_dir_entry)
  smbd_marshall_dir_entry: space_remaining = 14664
[2026/05/19 08:41:20.509253, 10, pid=3899112, effective(65534, 65534), real(65534, 0)] source3/smbd/smb2_trans2.c:1698(smbd_marshall_dir_entry)
  smbd_marshall_dir_entry: SMB_FIND_FILE_UNIX
[2026/05/19 08:41:20.509269, 10, pid=3899112, effective(65534, 65534), real(65534, 0)] source3/smbd/smb2_trans2.c:2779(store_file_unix_basic)
  store_file_unix_basic: SMB_QUERY_FILE_UNIX_BASIC
[2026/05/19 08:41:20.509286,  4, pid=3899112, effective(65534, 65534), real(65534, 0)] source3/smbd/smb2_trans2.c:2780(store_file_unix_basic)
  store_file_unix_basic: st_mode=100664
[2026/05/19 08:41:20.509310,  5, pid=3899112, effective(65534, 65534), real(65534, 0)] source3/smbd/files.c:1985(file_free)
  file_free: freed files structure 0 (2 used)
[2026/05/19 08:41:20.509330, 10, pid=3899112, effective(65534, 65534), real(65534, 0)] source3/smbd/dir.c:568(smbd_dirptr_get_entry)
  smbd_dirptr_get_entry: dir [.] dirptr [0x6087dc18bdb0] offset [13] => dname [SAS-RAID_Firmware_25.5.9.0001.EXE]
[2026/05/19 08:41:20.509350, 10, pid=3899112, effective(65534, 65534), real(65534, 0)] source3/smbd/files.c:868(openat_pathref_fsp_nosymlink)
  openat_pathref_fsp_nosymlink: path_in=SAS-RAID_Firmware_25.5.9.0001.EXE
[2026/05/19 08:41:20.509369,  5, pid=3899112, effective(65534, 65534), real(65534, 0)] source3/smbd/files.c:77(fsp_new)
  fsp_new: allocated files structure (3 used)
[2026/05/19 08:41:20.509395, 10, pid=3899112, effective(65534, 65534), real(65534, 0)] source3/smbd/files.c:2198(file_name_hash)
  file_name_hash: /var/samba/public/SAS-RAID_Firmware_25.5.9.0001.EXE hash 0x5e7b360d
[2026/05/19 08:41:20.509419, 10, pid=3899112, effective(65534, 65534), real(65534, 0)] source3/smbd/files.c:1278(openat_pathref_fsp_nosymlink)
  openat_pathref_fsp_nosymlink: returning SAS-RAID_Firmware_25.5.9.0001.EXE
[2026/05/19 08:41:20.509437, 10, pid=3899112, effective(65534, 65534), real(65534, 0)] source3/smbd/dosmode.c:692(fdos_mode)
  fdos_mode: SAS-RAID_Firmware_25.5.9.0001.EXE
[2026/05/19 08:41:20.509463,  5, pid=3899112, effective(65534, 65534), real(65534, 0)] source3/smbd/dosmode.c:391(fget_ea_dos_attribute)
  fget_ea_dos_attribute: Cannot get attribute from EA on file SAS-RAID_Firmware_25.5.9.0001.EXE: Error = No data available
[2026/05/19 08:41:20.509484,  5, pid=3899112, effective(65534, 65534), real(65534, 0)] source3/smbd/dosmode.c:68(dos_mode_debug_print)
  dos_mode_debug_print: fdos_mode returning (0x80): ""
[2026/05/19 08:41:20.509504, 10, pid=3899112, effective(65534, 65534), real(65534, 0)] source3/lib/g_lock.c:1655(g_lock_dump)
  g_lock_dump: dbwrap_parse_record returned NT_STATUS_NOT_FOUND
[2026/05/19 08:41:20.509523, 10, pid=3899112, effective(65534, 65534), real(65534, 0), class=locking] source3/locking/share_mode_lock.c:1570(fetch_share_mode_unlocked)
  fetch_share_mode_unlocked: g_lock_dump failed: NT_STATUS_NOT_FOUND
[2026/05/19 08:41:20.509548,  3, pid=3899112, effective(65534, 65534), real(65534, 0)] source3/smbd/dir.c:799(smbd_dirptr_get_entry)
  smbd_dirptr_get_entry: mask=[*] found SAS-RAID_Firmware_25.5.9.0001.EXE fname=SAS-RAID_Firmware_25.5.9.0001.EXE (SAS-RAID_Firmware_25.5.9.0001.EXE)
[2026/05/19 08:41:20.509569, 10, pid=3899112, effective(65534, 65534), real(65534, 0)] source3/smbd/smb2_trans2.c:1179(smbd_marshall_dir_entry)
  smbd_marshall_dir_entry: space_remaining = 14480
[2026/05/19 08:41:20.509586, 10, pid=3899112, effective(65534, 65534), real(65534, 0)] source3/smbd/smb2_trans2.c:1698(smbd_marshall_dir_entry)
  smbd_marshall_dir_entry: SMB_FIND_FILE_UNIX
[2026/05/19 08:41:20.509603, 10, pid=3899112, effective(65534, 65534), real(65534, 0)] source3/smbd/smb2_trans2.c:2779(store_file_unix_basic)
  store_file_unix_basic: SMB_QUERY_FILE_UNIX_BASIC
[2026/05/19 08:41:20.509620,  4, pid=3899112, effective(65534, 65534), real(65534, 0)] source3/smbd/smb2_trans2.c:2780(store_file_unix_basic)
  store_file_unix_basic: st_mode=100664
[2026/05/19 08:41:20.509643,  5, pid=3899112, effective(65534, 65534), real(65534, 0)] source3/smbd/files.c:1985(file_free)
  file_free: freed files structure 0 (2 used)
[2026/05/19 08:41:20.509663, 10, pid=3899112, effective(65534, 65534), real(65534, 0)] source3/smbd/dir.c:568(smbd_dirptr_get_entry)
  smbd_dirptr_get_entry: dir [.] dirptr [0x6087dc18bdb0] offset [14] => dname [debian-preseed-s9.iso.preseed-sha256]
[2026/05/19 08:41:20.509684, 10, pid=3899112, effective(65534, 65534), real(65534, 0)] source3/smbd/files.c:868(openat_pathref_fsp_nosymlink)
  openat_pathref_fsp_nosymlink: path_in=debian-preseed-s9.iso.preseed-sha256
[2026/05/19 08:41:20.509703,  5, pid=3899112, effective(65534, 65534), real(65534, 0)] source3/smbd/files.c:77(fsp_new)
  fsp_new: allocated files structure (3 used)
[2026/05/19 08:41:20.509729, 10, pid=3899112, effective(65534, 65534), real(65534, 0)] source3/smbd/files.c:2198(file_name_hash)
  file_name_hash: /var/samba/public/debian-preseed-s9.iso.preseed-sha256 hash 0x363e65ee
[2026/05/19 08:41:20.509752, 10, pid=3899112, effective(65534, 65534), real(65534, 0)] source3/smbd/files.c:1278(openat_pathref_fsp_nosymlink)
  openat_pathref_fsp_nosymlink: returning debian-preseed-s9.iso.preseed-sha256
[2026/05/19 08:41:20.509770, 10, pid=3899112, effective(65534, 65534), real(65534, 0)] source3/smbd/dosmode.c:692(fdos_mode)
  fdos_mode: debian-preseed-s9.iso.preseed-sha256
[2026/05/19 08:41:20.509807,  5, pid=3899112, effective(65534, 65534), real(65534, 0)] source3/smbd/dosmode.c:391(fget_ea_dos_attribute)
  fget_ea_dos_attribute: Cannot get attribute from EA on file debian-preseed-s9.iso.preseed-sha256: Error = No data available
[2026/05/19 08:41:20.509831,  5, pid=3899112, effective(65534, 65534), real(65534, 0)] source3/smbd/dosmode.c:68(dos_mode_debug_print)
  dos_mode_debug_print: fdos_mode returning (0x80): ""
[2026/05/19 08:41:20.509852, 10, pid=3899112, effective(65534, 65534), real(65534, 0)] source3/lib/g_lock.c:1655(g_lock_dump)
  g_lock_dump: dbwrap_parse_record returned NT_STATUS_NOT_FOUND
[2026/05/19 08:41:20.509890, 10, pid=3899112, effective(65534, 65534), real(65534, 0), class=locking] source3/locking/share_mode_lock.c:1570(fetch_share_mode_unlocked)
  fetch_share_mode_unlocked: g_lock_dump failed: NT_STATUS_NOT_FOUND
[2026/05/19 08:41:20.509913,  3, pid=3899112, effective(65534, 65534), real(65534, 0)] source3/smbd/dir.c:799(smbd_dirptr_get_entry)
  smbd_dirptr_get_entry: mask=[*] found debian-preseed-s9.iso.preseed-sha256 fname=debian-preseed-s9.iso.preseed-sha256 (debian-preseed-s9.iso.preseed-sha256)
[2026/05/19 08:41:20.509934, 10, pid=3899112, effective(65534, 65534), real(65534, 0)] source3/smbd/smb2_trans2.c:1179(smbd_marshall_dir_entry)
  smbd_marshall_dir_entry: space_remaining = 14304
[2026/05/19 08:41:20.509951, 10, pid=3899112, effective(65534, 65534), real(65534, 0)] source3/smbd/smb2_trans2.c:1698(smbd_marshall_dir_entry)
  smbd_marshall_dir_entry: SMB_FIND_FILE_UNIX
[2026/05/19 08:41:20.509973, 10, pid=3899112, effective(65534, 65534), real(65534, 0)] source3/smbd/smb2_trans2.c:2779(store_file_unix_basic)
  store_file_unix_basic: SMB_QUERY_FILE_UNIX_BASIC
[2026/05/19 08:41:20.509990,  4, pid=3899112, effective(65534, 65534), real(65534, 0)] source3/smbd/smb2_trans2.c:2780(store_file_unix_basic)
  store_file_unix_basic: st_mode=100664
[2026/05/19 08:41:20.510014,  5, pid=3899112, effective(65534, 65534), real(65534, 0)] source3/smbd/files.c:1985(file_free)
  file_free: freed files structure 0 (2 used)
[2026/05/19 08:41:20.510034, 10, pid=3899112, effective(65534, 65534), real(65534, 0)] source3/smbd/dir.c:568(smbd_dirptr_get_entry)
  smbd_dirptr_get_entry: dir [.] dirptr [0x6087dc18bdb0] offset [15] => dname [debian-preseed-s9.iso]
[2026/05/19 08:41:20.510055, 10, pid=3899112, effective(65534, 65534), real(65534, 0)] source3/smbd/files.c:868(openat_pathref_fsp_nosymlink)
  openat_pathref_fsp_nosymlink: path_in=debian-preseed-s9.iso
[2026/05/19 08:41:20.510073,  5, pid=3899112, effective(65534, 65534), real(65534, 0)] source3/smbd/files.c:77(fsp_new)
  fsp_new: allocated files structure (3 used)
[2026/05/19 08:41:20.510100, 10, pid=3899112, effective(65534, 65534), real(65534, 0)] source3/smbd/files.c:2198(file_name_hash)
  file_name_hash: /var/samba/public/debian-preseed-s9.iso hash 0x38ceefc8
[2026/05/19 08:41:20.510123, 10, pid=3899112, effective(65534, 65534), real(65534, 0)] source3/smbd/files.c:1278(openat_pathref_fsp_nosymlink)
  openat_pathref_fsp_nosymlink: returning debian-preseed-s9.iso
[2026/05/19 08:41:20.510142, 10, pid=3899112, effective(65534, 65534), real(65534, 0)] source3/smbd/dosmode.c:692(fdos_mode)
  fdos_mode: debian-preseed-s9.iso
[2026/05/19 08:41:20.510168,  5, pid=3899112, effective(65534, 65534), real(65534, 0)] source3/smbd/dosmode.c:391(fget_ea_dos_attribute)
  fget_ea_dos_attribute: Cannot get attribute from EA on file debian-preseed-s9.iso: Error = No data available
[2026/05/19 08:41:20.510189,  5, pid=3899112, effective(65534, 65534), real(65534, 0)] source3/smbd/dosmode.c:68(dos_mode_debug_print)
  dos_mode_debug_print: fdos_mode returning (0x80): ""
[2026/05/19 08:41:20.510210, 10, pid=3899112, effective(65534, 65534), real(65534, 0)] source3/lib/g_lock.c:1655(g_lock_dump)
  g_lock_dump: dbwrap_parse_record returned NT_STATUS_NOT_FOUND
[2026/05/19 08:41:20.510229, 10, pid=3899112, effective(65534, 65534), real(65534, 0), class=locking] source3/locking/share_mode_lock.c:1570(fetch_share_mode_unlocked)
  fetch_share_mode_unlocked: g_lock_dump failed: NT_STATUS_NOT_FOUND
[2026/05/19 08:41:20.510248,  3, pid=3899112, effective(65534, 65534), real(65534, 0)] source3/smbd/dir.c:799(smbd_dirptr_get_entry)
  smbd_dirptr_get_entry: mask=[*] found debian-preseed-s9.iso fname=debian-preseed-s9.iso (debian-preseed-s9.iso)
[2026/05/19 08:41:20.510268, 10, pid=3899112, effective(65534, 65534), real(65534, 0)] source3/smbd/smb2_trans2.c:1179(smbd_marshall_dir_entry)
  smbd_marshall_dir_entry: space_remaining = 14120
[2026/05/19 08:41:20.510286, 10, pid=3899112, effective(65534, 65534), real(65534, 0)] source3/smbd/smb2_trans2.c:1698(smbd_marshall_dir_entry)
  smbd_marshall_dir_entry: SMB_FIND_FILE_UNIX
[2026/05/19 08:41:20.510302, 10, pid=3899112, effective(65534, 65534), real(65534, 0)] source3/smbd/smb2_trans2.c:2779(store_file_unix_basic)
  store_file_unix_basic: SMB_QUERY_FILE_UNIX_BASIC
[2026/05/19 08:41:20.510319,  4, pid=3899112, effective(65534, 65534), real(65534, 0)] source3/smbd/smb2_trans2.c:2780(store_file_unix_basic)
  store_file_unix_basic: st_mode=100644
[2026/05/19 08:41:20.510343,  5, pid=3899112, effective(65534, 65534), real(65534, 0)] source3/smbd/files.c:1985(file_free)
  file_free: freed files structure 0 (2 used)
[2026/05/19 08:41:20.510362, 10, pid=3899112, effective(65534, 65534), real(65534, 0)] source3/smbd/dir.c:568(smbd_dirptr_get_entry)
  smbd_dirptr_get_entry: dir [.] dirptr [0x6087dc18bdb0] offset [16] => dname [debian-preseed-s14.iso.preseed-sha256]
[2026/05/19 08:41:20.510383, 10, pid=3899112, effective(65534, 65534), real(65534, 0)] source3/smbd/files.c:868(openat_pathref_fsp_nosymlink)
  openat_pathref_fsp_nosymlink: path_in=debian-preseed-s14.iso.preseed-sha256
[2026/05/19 08:41:20.510407,  5, pid=3899112, effective(65534, 65534), real(65534, 0)] source3/smbd/files.c:77(fsp_new)
  fsp_new: allocated files structure (3 used)
[2026/05/19 08:41:20.510448, 10, pid=3899112, effective(65534, 65534), real(65534, 0)] source3/smbd/files.c:2198(file_name_hash)
  file_name_hash: /var/samba/public/debian-preseed-s14.iso.preseed-sha256 hash 0x37d712b1
[2026/05/19 08:41:20.510472, 10, pid=3899112, effective(65534, 65534), real(65534, 0)] source3/smbd/files.c:1278(openat_pathref_fsp_nosymlink)
  openat_pathref_fsp_nosymlink: returning debian-preseed-s14.iso.preseed-sha256
[2026/05/19 08:41:20.510491, 10, pid=3899112, effective(65534, 65534), real(65534, 0)] source3/smbd/dosmode.c:692(fdos_mode)
  fdos_mode: debian-preseed-s14.iso.preseed-sha256
[2026/05/19 08:41:20.510516,  5, pid=3899112, effective(65534, 65534), real(65534, 0)] source3/smbd/dosmode.c:391(fget_ea_dos_attribute)
  fget_ea_dos_attribute: Cannot get attribute from EA on file debian-preseed-s14.iso.preseed-sha256: Error = No data available
[2026/05/19 08:41:20.510537,  5, pid=3899112, effective(65534, 65534), real(65534, 0)] source3/smbd/dosmode.c:68(dos_mode_debug_print)
  dos_mode_debug_print: fdos_mode returning (0x80): ""
[2026/05/19 08:41:20.510558, 10, pid=3899112, effective(65534, 65534), real(65534, 0)] source3/lib/g_lock.c:1655(g_lock_dump)
  g_lock_dump: dbwrap_parse_record returned NT_STATUS_NOT_FOUND
[2026/05/19 08:41:20.510577, 10, pid=3899112, effective(65534, 65534), real(65534, 0), class=locking] source3/locking/share_mode_lock.c:1570(fetch_share_mode_unlocked)
  fetch_share_mode_unlocked: g_lock_dump failed: NT_STATUS_NOT_FOUND
[2026/05/19 08:41:20.510596,  3, pid=3899112, effective(65534, 65534), real(65534, 0)] source3/smbd/dir.c:799(smbd_dirptr_get_entry)
  smbd_dirptr_get_entry: mask=[*] found debian-preseed-s14.iso.preseed-sha256 fname=debian-preseed-s14.iso.preseed-sha256 (debian-preseed-s14.iso.preseed-sha256)
[2026/05/19 08:41:20.510616, 10, pid=3899112, effective(65534, 65534), real(65534, 0)] source3/smbd/smb2_trans2.c:1179(smbd_marshall_dir_entry)
  smbd_marshall_dir_entry: space_remaining = 13968
[2026/05/19 08:41:20.510634, 10, pid=3899112, effective(65534, 65534), real(65534, 0)] source3/smbd/smb2_trans2.c:1698(smbd_marshall_dir_entry)
  smbd_marshall_dir_entry: SMB_FIND_FILE_UNIX
[2026/05/19 08:41:20.510651, 10, pid=3899112, effective(65534, 65534), real(65534, 0)] source3/smbd/smb2_trans2.c:2779(store_file_unix_basic)
  store_file_unix_basic: SMB_QUERY_FILE_UNIX_BASIC
[2026/05/19 08:41:20.510668,  4, pid=3899112, effective(65534, 65534), real(65534, 0)] source3/smbd/smb2_trans2.c:2780(store_file_unix_basic)
  store_file_unix_basic: st_mode=100664
[2026/05/19 08:41:20.510692,  5, pid=3899112, effective(65534, 65534), real(65534, 0)] source3/smbd/files.c:1985(file_free)
  file_free: freed files structure 0 (2 used)
[2026/05/19 08:41:20.510712, 10, pid=3899112, effective(65534, 65534), real(65534, 0)] source3/smbd/dir.c:568(smbd_dirptr_get_entry)
  smbd_dirptr_get_entry: dir [.] dirptr [0x6087dc18bdb0] offset [17] => dname [debian-preseed-s14.iso]
[2026/05/19 08:41:20.510732, 10, pid=3899112, effective(65534, 65534), real(65534, 0)] source3/smbd/files.c:868(openat_pathref_fsp_nosymlink)
  openat_pathref_fsp_nosymlink: path_in=debian-preseed-s14.iso
[2026/05/19 08:41:20.510751,  5, pid=3899112, effective(65534, 65534), real(65534, 0)] source3/smbd/files.c:77(fsp_new)
  fsp_new: allocated files structure (3 used)
[2026/05/19 08:41:20.510777, 10, pid=3899112, effective(65534, 65534), real(65534, 0)] source3/smbd/files.c:2198(file_name_hash)
  file_name_hash: /var/samba/public/debian-preseed-s14.iso hash 0x92c779a4
[2026/05/19 08:41:20.510811, 10, pid=3899112, effective(65534, 65534), real(65534, 0)] source3/smbd/files.c:1278(openat_pathref_fsp_nosymlink)
  openat_pathref_fsp_nosymlink: returning debian-preseed-s14.iso
[2026/05/19 08:41:20.510848, 10, pid=3899112, effective(65534, 65534), real(65534, 0)] source3/smbd/dosmode.c:692(fdos_mode)
  fdos_mode: debian-preseed-s14.iso
[2026/05/19 08:41:20.510900,  5, pid=3899112, effective(65534, 65534), real(65534, 0)] source3/smbd/dosmode.c:391(fget_ea_dos_attribute)
  fget_ea_dos_attribute: Cannot get attribute from EA on file debian-preseed-s14.iso: Error = No data available
[2026/05/19 08:41:20.510930,  5, pid=3899112, effective(65534, 65534), real(65534, 0)] source3/smbd/dosmode.c:68(dos_mode_debug_print)
  dos_mode_debug_print: fdos_mode returning (0x80): ""
[2026/05/19 08:41:20.510959, 10, pid=3899112, effective(65534, 65534), real(65534, 0)] source3/lib/g_lock.c:1655(g_lock_dump)
  g_lock_dump: dbwrap_parse_record returned NT_STATUS_NOT_FOUND
[2026/05/19 08:41:20.510979, 10, pid=3899112, effective(65534, 65534), real(65534, 0), class=locking] source3/locking/share_mode_lock.c:1570(fetch_share_mode_unlocked)
  fetch_share_mode_unlocked: g_lock_dump failed: NT_STATUS_NOT_FOUND
[2026/05/19 08:41:20.510998,  3, pid=3899112, effective(65534, 65534), real(65534, 0)] source3/smbd/dir.c:799(smbd_dirptr_get_entry)
  smbd_dirptr_get_entry: mask=[*] found debian-preseed-s14.iso fname=debian-preseed-s14.iso (debian-preseed-s14.iso)
[2026/05/19 08:41:20.511019, 10, pid=3899112, effective(65534, 65534), real(65534, 0)] source3/smbd/smb2_trans2.c:1179(smbd_marshall_dir_entry)
  smbd_marshall_dir_entry: space_remaining = 13784
[2026/05/19 08:41:20.511037, 10, pid=3899112, effective(65534, 65534), real(65534, 0)] source3/smbd/smb2_trans2.c:1698(smbd_marshall_dir_entry)
  smbd_marshall_dir_entry: SMB_FIND_FILE_UNIX
[2026/05/19 08:41:20.511054, 10, pid=3899112, effective(65534, 65534), real(65534, 0)] source3/smbd/smb2_trans2.c:2779(store_file_unix_basic)
  store_file_unix_basic: SMB_QUERY_FILE_UNIX_BASIC
[2026/05/19 08:41:20.511071,  4, pid=3899112, effective(65534, 65534), real(65534, 0)] source3/smbd/smb2_trans2.c:2780(store_file_unix_basic)
  store_file_unix_basic: st_mode=100644
[2026/05/19 08:41:20.511096,  5, pid=3899112, effective(65534, 65534), real(65534, 0)] source3/smbd/files.c:1985(file_free)
  file_free: freed files structure 0 (2 used)
[2026/05/19 08:41:20.511116, 10, pid=3899112, effective(65534, 65534), real(65534, 0)] source3/smbd/dir.c:568(smbd_dirptr_get_entry)
  smbd_dirptr_get_entry: dir [.] dirptr [0x6087dc18bdb0] offset [18] => dname [image]
[2026/05/19 08:41:20.511136, 10, pid=3899112, effective(65534, 65534), real(65534, 0)] source3/smbd/files.c:868(openat_pathref_fsp_nosymlink)
  openat_pathref_fsp_nosymlink: path_in=image
[2026/05/19 08:41:20.511155,  5, pid=3899112, effective(65534, 65534), real(65534, 0)] source3/smbd/files.c:77(fsp_new)
  fsp_new: allocated files structure (3 used)
[2026/05/19 08:41:20.511183, 10, pid=3899112, effective(65534, 65534), real(65534, 0)] source3/smbd/files.c:2198(file_name_hash)
  file_name_hash: /var/samba/public/image hash 0xeaa40387
[2026/05/19 08:41:20.511206, 10, pid=3899112, effective(65534, 65534), real(65534, 0)] source3/smbd/files.c:1278(openat_pathref_fsp_nosymlink)
  openat_pathref_fsp_nosymlink: returning image
[2026/05/19 08:41:20.511225, 10, pid=3899112, effective(65534, 65534), real(65534, 0)] source3/smbd/dosmode.c:692(fdos_mode)
  fdos_mode: image
[2026/05/19 08:41:20.511259, 10, pid=3899112, effective(65534, 65534), real(65534, 0)] source3/smbd/dosmode.c:264(parse_dos_attribute_blob)
  parse_dos_attribute_blob: image attr = 
[2026/05/19 08:41:20.511279, 10, pid=3899112, effective(65534, 65534), real(65534, 0)] source3/smbd/dosmode.c:332(parse_dos_attribute_blob)
  parse_dos_attribute_blob: file [image] creation time [Thu May  7 11:58:24 PM 2026 JST]
[2026/05/19 08:41:20.511305,  5, pid=3899112, effective(65534, 65534), real(65534, 0)] source3/smbd/dosmode.c:68(dos_mode_debug_print)
  dos_mode_debug_print: parse_dos_attribute_blob returning (0x10): "d"
[2026/05/19 08:41:20.511324,  5, pid=3899112, effective(65534, 65534), real(65534, 0)] source3/smbd/dosmode.c:68(dos_mode_debug_print)
  dos_mode_debug_print: fdos_mode returning (0x10): "d"
[2026/05/19 08:41:20.511342,  3, pid=3899112, effective(65534, 65534), real(65534, 0)] source3/smbd/dir.c:799(smbd_dirptr_get_entry)
  smbd_dirptr_get_entry: mask=[*] found image fname=image (image)
[2026/05/19 08:41:20.511367, 10, pid=3899112, effective(65534, 65534), real(65534, 0)] source3/smbd/smb2_trans2.c:1179(smbd_marshall_dir_entry)
  smbd_marshall_dir_entry: space_remaining = 13628
[2026/05/19 08:41:20.511384, 10, pid=3899112, effective(65534, 65534), real(65534, 0)] source3/smbd/smb2_trans2.c:1698(smbd_marshall_dir_entry)
  smbd_marshall_dir_entry: SMB_FIND_FILE_UNIX
[2026/05/19 08:41:20.511402, 10, pid=3899112, effective(65534, 65534), real(65534, 0)] source3/smbd/smb2_trans2.c:2779(store_file_unix_basic)
  store_file_unix_basic: SMB_QUERY_FILE_UNIX_BASIC
[2026/05/19 08:41:20.511419,  4, pid=3899112, effective(65534, 65534), real(65534, 0)] source3/smbd/smb2_trans2.c:2780(store_file_unix_basic)
  store_file_unix_basic: st_mode=40777
[2026/05/19 08:41:20.511442,  5, pid=3899112, effective(65534, 65534), real(65534, 0)] source3/smbd/files.c:1985(file_free)
  file_free: freed files structure 0 (2 used)
[2026/05/19 08:41:20.511462, 10, pid=3899112, effective(65534, 65534), real(65534, 0)] source3/smbd/dir.c:568(smbd_dirptr_get_entry)
  smbd_dirptr_get_entry: dir [.] dirptr [0x6087dc18bdb0] offset [19] => dname [debian-preseed-s8.iso]
[2026/05/19 08:41:20.511482, 10, pid=3899112, effective(65534, 65534), real(65534, 0)] source3/smbd/files.c:868(openat_pathref_fsp_nosymlink)
  openat_pathref_fsp_nosymlink: path_in=debian-preseed-s8.iso
[2026/05/19 08:41:20.511501,  5, pid=3899112, effective(65534, 65534), real(65534, 0)] source3/smbd/files.c:77(fsp_new)
  fsp_new: allocated files structure (3 used)
[2026/05/19 08:41:20.511527, 10, pid=3899112, effective(65534, 65534), real(65534, 0)] source3/smbd/files.c:2198(file_name_hash)
  file_name_hash: /var/samba/public/debian-preseed-s8.iso hash 0x44dcc5
[2026/05/19 08:41:20.511550, 10, pid=3899112, effective(65534, 65534), real(65534, 0)] source3/smbd/files.c:1278(openat_pathref_fsp_nosymlink)
  openat_pathref_fsp_nosymlink: returning debian-preseed-s8.iso
[2026/05/19 08:41:20.511569, 10, pid=3899112, effective(65534, 65534), real(65534, 0)] source3/smbd/dosmode.c:692(fdos_mode)
  fdos_mode: debian-preseed-s8.iso
[2026/05/19 08:41:20.511594,  5, pid=3899112, effective(65534, 65534), real(65534, 0)] source3/smbd/dosmode.c:391(fget_ea_dos_attribute)
  fget_ea_dos_attribute: Cannot get attribute from EA on file debian-preseed-s8.iso: Error = No data available
[2026/05/19 08:41:20.511615,  5, pid=3899112, effective(65534, 65534), real(65534, 0)] source3/smbd/dosmode.c:68(dos_mode_debug_print)
  dos_mode_debug_print: fdos_mode returning (0x80): ""
[2026/05/19 08:41:20.511636, 10, pid=3899112, effective(65534, 65534), real(65534, 0)] source3/lib/g_lock.c:1655(g_lock_dump)
  g_lock_dump: dbwrap_parse_record returned NT_STATUS_NOT_FOUND
[2026/05/19 08:41:20.511655, 10, pid=3899112, effective(65534, 65534), real(65534, 0), class=locking] source3/locking/share_mode_lock.c:1570(fetch_share_mode_unlocked)
  fetch_share_mode_unlocked: g_lock_dump failed: NT_STATUS_NOT_FOUND
[2026/05/19 08:41:20.511674,  3, pid=3899112, effective(65534, 65534), real(65534, 0)] source3/smbd/dir.c:799(smbd_dirptr_get_entry)
  smbd_dirptr_get_entry: mask=[*] found debian-preseed-s8.iso fname=debian-preseed-s8.iso (debian-preseed-s8.iso)
[2026/05/19 08:41:20.511695, 10, pid=3899112, effective(65534, 65534), real(65534, 0)] source3/smbd/smb2_trans2.c:1179(smbd_marshall_dir_entry)
  smbd_marshall_dir_entry: space_remaining = 13508
[2026/05/19 08:41:20.511712, 10, pid=3899112, effective(65534, 65534), real(65534, 0)] source3/smbd/smb2_trans2.c:1698(smbd_marshall_dir_entry)
  smbd_marshall_dir_entry: SMB_FIND_FILE_UNIX
[2026/05/19 08:41:20.511729, 10, pid=3899112, effective(65534, 65534), real(65534, 0)] source3/smbd/smb2_trans2.c:2779(store_file_unix_basic)
  store_file_unix_basic: SMB_QUERY_FILE_UNIX_BASIC
[2026/05/19 08:41:20.511746,  4, pid=3899112, effective(65534, 65534), real(65534, 0)] source3/smbd/smb2_trans2.c:2780(store_file_unix_basic)
  store_file_unix_basic: st_mode=100644
[2026/05/19 08:41:20.511774,  5, pid=3899112, effective(65534, 65534), real(65534, 0)] source3/smbd/files.c:1985(file_free)
  file_free: freed files structure 0 (2 used)
[2026/05/19 08:41:20.511804, 10, pid=3899112, effective(65534, 65534), real(65534, 0)] source3/smbd/dir.c:568(smbd_dirptr_get_entry)
  smbd_dirptr_get_entry: dir [.] dirptr [0x6087dc18bdb0] offset [20] => dname [debian-training-tx1320-raid10.iso]
[2026/05/19 08:41:20.511831, 10, pid=3899112, effective(65534, 65534), real(65534, 0)] source3/smbd/files.c:868(openat_pathref_fsp_nosymlink)
  openat_pathref_fsp_nosymlink: path_in=debian-training-tx1320-raid10.iso
[2026/05/19 08:41:20.511854,  5, pid=3899112, effective(65534, 65534), real(65534, 0)] source3/smbd/files.c:77(fsp_new)
  fsp_new: allocated files structure (3 used)
[2026/05/19 08:41:20.511898, 10, pid=3899112, effective(65534, 65534), real(65534, 0)] source3/smbd/files.c:2198(file_name_hash)
  file_name_hash: /var/samba/public/debian-training-tx1320-raid10.iso hash 0x2dee4f28
[2026/05/19 08:41:20.511925, 10, pid=3899112, effective(65534, 65534), real(65534, 0)] source3/smbd/files.c:1278(openat_pathref_fsp_nosymlink)
  openat_pathref_fsp_nosymlink: returning debian-training-tx1320-raid10.iso
[2026/05/19 08:41:20.511944, 10, pid=3899112, effective(65534, 65534), real(65534, 0)] source3/smbd/dosmode.c:692(fdos_mode)
  fdos_mode: debian-training-tx1320-raid10.iso
[2026/05/19 08:41:20.511971,  5, pid=3899112, effective(65534, 65534), real(65534, 0)] source3/smbd/dosmode.c:391(fget_ea_dos_attribute)
  fget_ea_dos_attribute: Cannot get attribute from EA on file debian-training-tx1320-raid10.iso: Error = No data available
[2026/05/19 08:41:20.511992,  5, pid=3899112, effective(65534, 65534), real(65534, 0)] source3/smbd/dosmode.c:68(dos_mode_debug_print)
  dos_mode_debug_print: fdos_mode returning (0x80): ""
[2026/05/19 08:41:20.512013, 10, pid=3899112, effective(65534, 65534), real(65534, 0)] source3/lib/g_lock.c:1655(g_lock_dump)
  g_lock_dump: dbwrap_parse_record returned NT_STATUS_NOT_FOUND
[2026/05/19 08:41:20.512033, 10, pid=3899112, effective(65534, 65534), real(65534, 0), class=locking] source3/locking/share_mode_lock.c:1570(fetch_share_mode_unlocked)
  fetch_share_mode_unlocked: g_lock_dump failed: NT_STATUS_NOT_FOUND
[2026/05/19 08:41:20.512052,  3, pid=3899112, effective(65534, 65534), real(65534, 0)] source3/smbd/dir.c:799(smbd_dirptr_get_entry)
  smbd_dirptr_get_entry: mask=[*] found debian-training-tx1320-raid10.iso fname=debian-training-tx1320-raid10.iso (debian-training-tx1320-raid10.iso)
[2026/05/19 08:41:20.512073, 10, pid=3899112, effective(65534, 65534), real(65534, 0)] source3/smbd/smb2_trans2.c:1179(smbd_marshall_dir_entry)
  smbd_marshall_dir_entry: space_remaining = 13356
[2026/05/19 08:41:20.512090, 10, pid=3899112, effective(65534, 65534), real(65534, 0)] source3/smbd/smb2_trans2.c:1698(smbd_marshall_dir_entry)
  smbd_marshall_dir_entry: SMB_FIND_FILE_UNIX
[2026/05/19 08:41:20.512107, 10, pid=3899112, effective(65534, 65534), real(65534, 0)] source3/smbd/smb2_trans2.c:2779(store_file_unix_basic)
  store_file_unix_basic: SMB_QUERY_FILE_UNIX_BASIC
[2026/05/19 08:41:20.512124,  4, pid=3899112, effective(65534, 65534), real(65534, 0)] source3/smbd/smb2_trans2.c:2780(store_file_unix_basic)
  store_file_unix_basic: st_mode=100644
[2026/05/19 08:41:20.512148,  5, pid=3899112, effective(65534, 65534), real(65534, 0)] source3/smbd/files.c:1985(file_free)
  file_free: freed files structure 0 (2 used)
[2026/05/19 08:41:20.512168, 10, pid=3899112, effective(65534, 65534), real(65534, 0)] source3/smbd/dir.c:568(smbd_dirptr_get_entry)
  smbd_dirptr_get_entry: dir [.] dirptr [0x6087dc18bdb0] offset [21] => dname [debian-12.9.0-amd64-netinst.iso]
[2026/05/19 08:41:20.512189, 10, pid=3899112, effective(65534, 65534), real(65534, 0)] source3/smbd/files.c:868(openat_pathref_fsp_nosymlink)
  openat_pathref_fsp_nosymlink: path_in=debian-12.9.0-amd64-netinst.iso
[2026/05/19 08:41:20.512207,  5, pid=3899112, effective(65534, 65534), real(65534, 0)] source3/smbd/files.c:77(fsp_new)
  fsp_new: allocated files structure (3 used)
[2026/05/19 08:41:20.512240, 10, pid=3899112, effective(65534, 65534), real(65534, 0)] source3/smbd/files.c:2198(file_name_hash)
  file_name_hash: /var/samba/public/debian-12.9.0-amd64-netinst.iso hash 0x6bd22ea3
[2026/05/19 08:41:20.512263, 10, pid=3899112, effective(65534, 65534), real(65534, 0)] source3/smbd/files.c:1278(openat_pathref_fsp_nosymlink)
  openat_pathref_fsp_nosymlink: returning debian-12.9.0-amd64-netinst.iso
[2026/05/19 08:41:20.512281, 10, pid=3899112, effective(65534, 65534), real(65534, 0)] source3/smbd/dosmode.c:692(fdos_mode)
  fdos_mode: debian-12.9.0-amd64-netinst.iso
[2026/05/19 08:41:20.512317,  5, pid=3899112, effective(65534, 65534), real(65534, 0)] source3/smbd/dosmode.c:391(fget_ea_dos_attribute)
  fget_ea_dos_attribute: Cannot get attribute from EA on file debian-12.9.0-amd64-netinst.iso: Error = No data available
[2026/05/19 08:41:20.512338,  5, pid=3899112, effective(65534, 65534), real(65534, 0)] source3/smbd/dosmode.c:68(dos_mode_debug_print)
  dos_mode_debug_print: fdos_mode returning (0x80): ""
[2026/05/19 08:41:20.512359, 10, pid=3899112, effective(65534, 65534), real(65534, 0)] source3/lib/g_lock.c:1655(g_lock_dump)
  g_lock_dump: dbwrap_parse_record returned NT_STATUS_NOT_FOUND
[2026/05/19 08:41:20.512378, 10, pid=3899112, effective(65534, 65534), real(65534, 0), class=locking] source3/locking/share_mode_lock.c:1570(fetch_share_mode_unlocked)
  fetch_share_mode_unlocked: g_lock_dump failed: NT_STATUS_NOT_FOUND
[2026/05/19 08:41:20.512398,  3, pid=3899112, effective(65534, 65534), real(65534, 0)] source3/smbd/dir.c:799(smbd_dirptr_get_entry)
  smbd_dirptr_get_entry: mask=[*] found debian-12.9.0-amd64-netinst.iso fname=debian-12.9.0-amd64-netinst.iso (debian-12.9.0-amd64-netinst.iso)
[2026/05/19 08:41:20.512418, 10, pid=3899112, effective(65534, 65534), real(65534, 0)] source3/smbd/smb2_trans2.c:1179(smbd_marshall_dir_entry)
  smbd_marshall_dir_entry: space_remaining = 13180
[2026/05/19 08:41:20.512436, 10, pid=3899112, effective(65534, 65534), real(65534, 0)] source3/smbd/smb2_trans2.c:1698(smbd_marshall_dir_entry)
  smbd_marshall_dir_entry: SMB_FIND_FILE_UNIX
[2026/05/19 08:41:20.512453, 10, pid=3899112, effective(65534, 65534), real(65534, 0)] source3/smbd/smb2_trans2.c:2779(store_file_unix_basic)
  store_file_unix_basic: SMB_QUERY_FILE_UNIX_BASIC
[2026/05/19 08:41:20.512470,  4, pid=3899112, effective(65534, 65534), real(65534, 0)] source3/smbd/smb2_trans2.c:2780(store_file_unix_basic)
  store_file_unix_basic: st_mode=100664
[2026/05/19 08:41:20.512493,  5, pid=3899112, effective(65534, 65534), real(65534, 0)] source3/smbd/files.c:1985(file_free)
  file_free: freed files structure 0 (2 used)
[2026/05/19 08:41:20.512513, 10, pid=3899112, effective(65534, 65534), real(65534, 0)] source3/smbd/dir.c:568(smbd_dirptr_get_entry)
  smbd_dirptr_get_entry: dir [.] dirptr [0x6087dc18bdb0] offset [22] => dname [ubuntu-24.04.3-live-server-amd64.iso]
[2026/05/19 08:41:20.512534, 10, pid=3899112, effective(65534, 65534), real(65534, 0)] source3/smbd/files.c:868(openat_pathref_fsp_nosymlink)
  openat_pathref_fsp_nosymlink: path_in=ubuntu-24.04.3-live-server-amd64.iso
[2026/05/19 08:41:20.512553,  5, pid=3899112, effective(65534, 65534), real(65534, 0)] source3/smbd/files.c:77(fsp_new)
  fsp_new: allocated files structure (3 used)
[2026/05/19 08:41:20.512579, 10, pid=3899112, effective(65534, 65534), real(65534, 0)] source3/smbd/files.c:2198(file_name_hash)
  file_name_hash: /var/samba/public/ubuntu-24.04.3-live-server-amd64.iso hash 0x6d305bfa
[2026/05/19 08:41:20.512602, 10, pid=3899112, effective(65534, 65534), real(65534, 0)] source3/smbd/files.c:1278(openat_pathref_fsp_nosymlink)
  openat_pathref_fsp_nosymlink: returning ubuntu-24.04.3-live-server-amd64.iso
[2026/05/19 08:41:20.512621, 10, pid=3899112, effective(65534, 65534), real(65534, 0)] source3/smbd/dosmode.c:692(fdos_mode)
  fdos_mode: ubuntu-24.04.3-live-server-amd64.iso
[2026/05/19 08:41:20.512646,  5, pid=3899112, effective(65534, 65534), real(65534, 0)] source3/smbd/dosmode.c:391(fget_ea_dos_attribute)
  fget_ea_dos_attribute: Cannot get attribute from EA on file ubuntu-24.04.3-live-server-amd64.iso: Error = No data available
[2026/05/19 08:41:20.512672,  5, pid=3899112, effective(65534, 65534), real(65534, 0)] source3/smbd/dosmode.c:68(dos_mode_debug_print)
  dos_mode_debug_print: fdos_mode returning (0x80): ""
[2026/05/19 08:41:20.512693, 10, pid=3899112, effective(65534, 65534), real(65534, 0)] source3/lib/g_lock.c:1655(g_lock_dump)
  g_lock_dump: dbwrap_parse_record returned NT_STATUS_NOT_FOUND
[2026/05/19 08:41:20.512712, 10, pid=3899112, effective(65534, 65534), real(65534, 0), class=locking] source3/locking/share_mode_lock.c:1570(fetch_share_mode_unlocked)
  fetch_share_mode_unlocked: g_lock_dump failed: NT_STATUS_NOT_FOUND
[2026/05/19 08:41:20.512732,  3, pid=3899112, effective(65534, 65534), real(65534, 0)] source3/smbd/dir.c:799(smbd_dirptr_get_entry)
  smbd_dirptr_get_entry: mask=[*] found ubuntu-24.04.3-live-server-amd64.iso fname=ubuntu-24.04.3-live-server-amd64.iso (ubuntu-24.04.3-live-server-amd64.iso)
[2026/05/19 08:41:20.512752, 10, pid=3899112, effective(65534, 65534), real(65534, 0)] source3/smbd/smb2_trans2.c:1179(smbd_marshall_dir_entry)
  smbd_marshall_dir_entry: space_remaining = 13008
[2026/05/19 08:41:20.512769, 10, pid=3899112, effective(65534, 65534), real(65534, 0)] source3/smbd/smb2_trans2.c:1698(smbd_marshall_dir_entry)
  smbd_marshall_dir_entry: SMB_FIND_FILE_UNIX
[2026/05/19 08:41:20.512786, 10, pid=3899112, effective(65534, 65534), real(65534, 0)] source3/smbd/smb2_trans2.c:2779(store_file_unix_basic)
  store_file_unix_basic: SMB_QUERY_FILE_UNIX_BASIC
[2026/05/19 08:41:20.512823,  4, pid=3899112, effective(65534, 65534), real(65534, 0)] source3/smbd/smb2_trans2.c:2780(store_file_unix_basic)
  store_file_unix_basic: st_mode=100664
[2026/05/19 08:41:20.512853,  5, pid=3899112, effective(65534, 65534), real(65534, 0)] source3/smbd/files.c:1985(file_free)
  file_free: freed files structure 0 (2 used)
[2026/05/19 08:41:20.512892, 10, pid=3899112, effective(65534, 65534), real(65534, 0)] source3/smbd/dir.c:568(smbd_dirptr_get_entry)
  smbd_dirptr_get_entry: dir [.] dirptr [0x6087dc18bdb0] offset [23] => dname [storcli64.deb]
[2026/05/19 08:41:20.512917, 10, pid=3899112, effective(65534, 65534), real(65534, 0)] source3/smbd/files.c:868(openat_pathref_fsp_nosymlink)
  openat_pathref_fsp_nosymlink: path_in=storcli64.deb
[2026/05/19 08:41:20.512935,  5, pid=3899112, effective(65534, 65534), real(65534, 0)] source3/smbd/files.c:77(fsp_new)
  fsp_new: allocated files structure (3 used)
[2026/05/19 08:41:20.512963, 10, pid=3899112, effective(65534, 65534), real(65534, 0)] source3/smbd/files.c:2198(file_name_hash)
  file_name_hash: /var/samba/public/storcli64.deb hash 0x74359eb
[2026/05/19 08:41:20.512986, 10, pid=3899112, effective(65534, 65534), real(65534, 0)] source3/smbd/files.c:1278(openat_pathref_fsp_nosymlink)
  openat_pathref_fsp_nosymlink: returning storcli64.deb
[2026/05/19 08:41:20.513005, 10, pid=3899112, effective(65534, 65534), real(65534, 0)] source3/smbd/dosmode.c:692(fdos_mode)
  fdos_mode: storcli64.deb
[2026/05/19 08:41:20.513030,  5, pid=3899112, effective(65534, 65534), real(65534, 0)] source3/smbd/dosmode.c:391(fget_ea_dos_attribute)
  fget_ea_dos_attribute: Cannot get attribute from EA on file storcli64.deb: Error = No data available
[2026/05/19 08:41:20.513052,  5, pid=3899112, effective(65534, 65534), real(65534, 0)] source3/smbd/dosmode.c:68(dos_mode_debug_print)
  dos_mode_debug_print: fdos_mode returning (0x80): ""
[2026/05/19 08:41:20.513073, 10, pid=3899112, effective(65534, 65534), real(65534, 0)] source3/lib/g_lock.c:1655(g_lock_dump)
  g_lock_dump: dbwrap_parse_record returned NT_STATUS_NOT_FOUND
[2026/05/19 08:41:20.513092, 10, pid=3899112, effective(65534, 65534), real(65534, 0), class=locking] source3/locking/share_mode_lock.c:1570(fetch_share_mode_unlocked)
  fetch_share_mode_unlocked: g_lock_dump failed: NT_STATUS_NOT_FOUND
[2026/05/19 08:41:20.513112,  3, pid=3899112, effective(65534, 65534), real(65534, 0)] source3/smbd/dir.c:799(smbd_dirptr_get_entry)
  smbd_dirptr_get_entry: mask=[*] found storcli64.deb fname=storcli64.deb (storcli64.deb)
[2026/05/19 08:41:20.513139, 10, pid=3899112, effective(65534, 65534), real(65534, 0)] source3/smbd/smb2_trans2.c:1179(smbd_marshall_dir_entry)
  smbd_marshall_dir_entry: space_remaining = 12824
[2026/05/19 08:41:20.513156, 10, pid=3899112, effective(65534, 65534), real(65534, 0)] source3/smbd/smb2_trans2.c:1698(smbd_marshall_dir_entry)
  smbd_marshall_dir_entry: SMB_FIND_FILE_UNIX
[2026/05/19 08:41:20.513173, 10, pid=3899112, effective(65534, 65534), real(65534, 0)] source3/smbd/smb2_trans2.c:2779(store_file_unix_basic)
  store_file_unix_basic: SMB_QUERY_FILE_UNIX_BASIC
[2026/05/19 08:41:20.513190,  4, pid=3899112, effective(65534, 65534), real(65534, 0)] source3/smbd/smb2_trans2.c:2780(store_file_unix_basic)
  store_file_unix_basic: st_mode=100644
[2026/05/19 08:41:20.513214,  5, pid=3899112, effective(65534, 65534), real(65534, 0)] source3/smbd/files.c:1985(file_free)
  file_free: freed files structure 0 (2 used)
[2026/05/19 08:41:20.513234, 10, pid=3899112, effective(65534, 65534), real(65534, 0)] source3/smbd/dir.c:568(smbd_dirptr_get_entry)
  smbd_dirptr_get_entry: dir [.] dirptr [0x6087dc18bdb0] offset [24] => dname [debian-preseed-s11.iso]
[2026/05/19 08:41:20.513254, 10, pid=3899112, effective(65534, 65534), real(65534, 0)] source3/smbd/files.c:868(openat_pathref_fsp_nosymlink)
  openat_pathref_fsp_nosymlink: path_in=debian-preseed-s11.iso
[2026/05/19 08:41:20.513273,  5, pid=3899112, effective(65534, 65534), real(65534, 0)] source3/smbd/files.c:77(fsp_new)
  fsp_new: allocated files structure (3 used)
[2026/05/19 08:41:20.513299, 10, pid=3899112, effective(65534, 65534), real(65534, 0)] source3/smbd/files.c:2198(file_name_hash)
  file_name_hash: /var/samba/public/debian-preseed-s11.iso hash 0x2a838926
[2026/05/19 08:41:20.513322, 10, pid=3899112, effective(65534, 65534), real(65534, 0)] source3/smbd/files.c:1278(openat_pathref_fsp_nosymlink)
  openat_pathref_fsp_nosymlink: returning debian-preseed-s11.iso
[2026/05/19 08:41:20.513341, 10, pid=3899112, effective(65534, 65534), real(65534, 0)] source3/smbd/dosmode.c:692(fdos_mode)
  fdos_mode: debian-preseed-s11.iso
[2026/05/19 08:41:20.513366,  5, pid=3899112, effective(65534, 65534), real(65534, 0)] source3/smbd/dosmode.c:391(fget_ea_dos_attribute)
  fget_ea_dos_attribute: Cannot get attribute from EA on file debian-preseed-s11.iso: Error = No data available
[2026/05/19 08:41:20.513387,  5, pid=3899112, effective(65534, 65534), real(65534, 0)] source3/smbd/dosmode.c:68(dos_mode_debug_print)
  dos_mode_debug_print: fdos_mode returning (0x80): ""
[2026/05/19 08:41:20.513407, 10, pid=3899112, effective(65534, 65534), real(65534, 0)] source3/lib/g_lock.c:1655(g_lock_dump)
  g_lock_dump: dbwrap_parse_record returned NT_STATUS_NOT_FOUND
[2026/05/19 08:41:20.513426, 10, pid=3899112, effective(65534, 65534), real(65534, 0), class=locking] source3/locking/share_mode_lock.c:1570(fetch_share_mode_unlocked)
  fetch_share_mode_unlocked: g_lock_dump failed: NT_STATUS_NOT_FOUND
[2026/05/19 08:41:20.513446,  3, pid=3899112, effective(65534, 65534), real(65534, 0)] source3/smbd/dir.c:799(smbd_dirptr_get_entry)
  smbd_dirptr_get_entry: mask=[*] found debian-preseed-s11.iso fname=debian-preseed-s11.iso (debian-preseed-s11.iso)
[2026/05/19 08:41:20.513466, 10, pid=3899112, effective(65534, 65534), real(65534, 0)] source3/smbd/smb2_trans2.c:1179(smbd_marshall_dir_entry)
  smbd_marshall_dir_entry: space_remaining = 12688
[2026/05/19 08:41:20.513483, 10, pid=3899112, effective(65534, 65534), real(65534, 0)] source3/smbd/smb2_trans2.c:1698(smbd_marshall_dir_entry)
  smbd_marshall_dir_entry: SMB_FIND_FILE_UNIX
[2026/05/19 08:41:20.513500, 10, pid=3899112, effective(65534, 65534), real(65534, 0)] source3/smbd/smb2_trans2.c:2779(store_file_unix_basic)
  store_file_unix_basic: SMB_QUERY_FILE_UNIX_BASIC
[2026/05/19 08:41:20.513517,  4, pid=3899112, effective(65534, 65534), real(65534, 0)] source3/smbd/smb2_trans2.c:2780(store_file_unix_basic)
  store_file_unix_basic: st_mode=100644
[2026/05/19 08:41:20.513545,  5, pid=3899112, effective(65534, 65534), real(65534, 0)] source3/smbd/files.c:1985(file_free)
  file_free: freed files structure 0 (2 used)
[2026/05/19 08:41:20.513565, 10, pid=3899112, effective(65534, 65534), real(65534, 0)] source3/smbd/dir.c:568(smbd_dirptr_get_entry)
  smbd_dirptr_get_entry: dir [.] dirptr [0x6087dc18bdb0] offset [25] => dname [debian-preseed-s8.iso.preseed-sha256]
[2026/05/19 08:41:20.513586, 10, pid=3899112, effective(65534, 65534), real(65534, 0)] source3/smbd/files.c:868(openat_pathref_fsp_nosymlink)
  openat_pathref_fsp_nosymlink: path_in=debian-preseed-s8.iso.preseed-sha256
[2026/05/19 08:41:20.513605,  5, pid=3899112, effective(65534, 65534), real(65534, 0)] source3/smbd/files.c:77(fsp_new)
  fsp_new: allocated files structure (3 used)
[2026/05/19 08:41:20.513631, 10, pid=3899112, effective(65534, 65534), real(65534, 0)] source3/smbd/files.c:2198(file_name_hash)
  file_name_hash: /var/samba/public/debian-preseed-s8.iso.preseed-sha256 hash 0xa6b14c01
[2026/05/19 08:41:20.513654, 10, pid=3899112, effective(65534, 65534), real(65534, 0)] source3/smbd/files.c:1278(openat_pathref_fsp_nosymlink)
  openat_pathref_fsp_nosymlink: returning debian-preseed-s8.iso.preseed-sha256
[2026/05/19 08:41:20.513673, 10, pid=3899112, effective(65534, 65534), real(65534, 0)] source3/smbd/dosmode.c:692(fdos_mode)
  fdos_mode: debian-preseed-s8.iso.preseed-sha256
[2026/05/19 08:41:20.513698,  5, pid=3899112, effective(65534, 65534), real(65534, 0)] source3/smbd/dosmode.c:391(fget_ea_dos_attribute)
  fget_ea_dos_attribute: Cannot get attribute from EA on file debian-preseed-s8.iso.preseed-sha256: Error = No data available
[2026/05/19 08:41:20.513719,  5, pid=3899112, effective(65534, 65534), real(65534, 0)] source3/smbd/dosmode.c:68(dos_mode_debug_print)
  dos_mode_debug_print: fdos_mode returning (0x80): ""
[2026/05/19 08:41:20.513740, 10, pid=3899112, effective(65534, 65534), real(65534, 0)] source3/lib/g_lock.c:1655(g_lock_dump)
  g_lock_dump: dbwrap_parse_record returned NT_STATUS_NOT_FOUND
[2026/05/19 08:41:20.513759, 10, pid=3899112, effective(65534, 65534), real(65534, 0), class=locking] source3/locking/share_mode_lock.c:1570(fetch_share_mode_unlocked)
  fetch_share_mode_unlocked: g_lock_dump failed: NT_STATUS_NOT_FOUND
[2026/05/19 08:41:20.513778,  3, pid=3899112, effective(65534, 65534), real(65534, 0)] source3/smbd/dir.c:799(smbd_dirptr_get_entry)
  smbd_dirptr_get_entry: mask=[*] found debian-preseed-s8.iso.preseed-sha256 fname=debian-preseed-s8.iso.preseed-sha256 (debian-preseed-s8.iso.preseed-sha256)
[2026/05/19 08:41:20.513809, 10, pid=3899112, effective(65534, 65534), real(65534, 0)] source3/smbd/smb2_trans2.c:1179(smbd_marshall_dir_entry)
  smbd_marshall_dir_entry: space_remaining = 12532
[2026/05/19 08:41:20.513829, 10, pid=3899112, effective(65534, 65534), real(65534, 0)] source3/smbd/smb2_trans2.c:1698(smbd_marshall_dir_entry)
  smbd_marshall_dir_entry: SMB_FIND_FILE_UNIX
[2026/05/19 08:41:20.513846, 10, pid=3899112, effective(65534, 65534), real(65534, 0)] source3/smbd/smb2_trans2.c:2779(store_file_unix_basic)
  store_file_unix_basic: SMB_QUERY_FILE_UNIX_BASIC
[2026/05/19 08:41:20.513863,  4, pid=3899112, effective(65534, 65534), real(65534, 0)] source3/smbd/smb2_trans2.c:2780(store_file_unix_basic)
  store_file_unix_basic: st_mode=100664
[2026/05/19 08:41:20.513905,  5, pid=3899112, effective(65534, 65534), real(65534, 0)] source3/smbd/files.c:1985(file_free)
  file_free: freed files structure 0 (2 used)
[2026/05/19 08:41:20.513927, 10, pid=3899112, effective(65534, 65534), real(65534, 0)] source3/smbd/dir.c:568(smbd_dirptr_get_entry)
  smbd_dirptr_get_entry: dir [.] dirptr [0x6087dc18bdb0] offset [26] => dname [debian-preseed.iso]
[2026/05/19 08:41:20.513948, 10, pid=3899112, effective(65534, 65534), real(65534, 0)] source3/smbd/files.c:868(openat_pathref_fsp_nosymlink)
  openat_pathref_fsp_nosymlink: path_in=debian-preseed.iso
[2026/05/19 08:41:20.513967,  5, pid=3899112, effective(65534, 65534), real(65534, 0)] source3/smbd/files.c:77(fsp_new)
  fsp_new: allocated files structure (3 used)
[2026/05/19 08:41:20.513999, 10, pid=3899112, effective(65534, 65534), real(65534, 0)] source3/smbd/files.c:2198(file_name_hash)
  file_name_hash: /var/samba/public/debian-preseed.iso hash 0x8e771944
[2026/05/19 08:41:20.514028, 10, pid=3899112, effective(65534, 65534), real(65534, 0)] source3/smbd/files.c:1278(openat_pathref_fsp_nosymlink)
  openat_pathref_fsp_nosymlink: returning debian-preseed.iso
[2026/05/19 08:41:20.514047, 10, pid=3899112, effective(65534, 65534), real(65534, 0)] source3/smbd/dosmode.c:692(fdos_mode)
  fdos_mode: debian-preseed.iso
[2026/05/19 08:41:20.514073,  5, pid=3899112, effective(65534, 65534), real(65534, 0)] source3/smbd/dosmode.c:391(fget_ea_dos_attribute)
  fget_ea_dos_attribute: Cannot get attribute from EA on file debian-preseed.iso: Error = No data available
[2026/05/19 08:41:20.514095,  5, pid=3899112, effective(65534, 65534), real(65534, 0)] source3/smbd/dosmode.c:68(dos_mode_debug_print)
  dos_mode_debug_print: fdos_mode returning (0x80): ""
[2026/05/19 08:41:20.514115, 10, pid=3899112, effective(65534, 65534), real(65534, 0)] source3/lib/g_lock.c:1655(g_lock_dump)
  g_lock_dump: dbwrap_parse_record returned NT_STATUS_NOT_FOUND
[2026/05/19 08:41:20.514135, 10, pid=3899112, effective(65534, 65534), real(65534, 0), class=locking] source3/locking/share_mode_lock.c:1570(fetch_share_mode_unlocked)
  fetch_share_mode_unlocked: g_lock_dump failed: NT_STATUS_NOT_FOUND
[2026/05/19 08:41:20.514154,  3, pid=3899112, effective(65534, 65534), real(65534, 0)] source3/smbd/dir.c:799(smbd_dirptr_get_entry)
  smbd_dirptr_get_entry: mask=[*] found debian-preseed.iso fname=debian-preseed.iso (debian-preseed.iso)
[2026/05/19 08:41:20.514174, 10, pid=3899112, effective(65534, 65534), real(65534, 0)] source3/smbd/smb2_trans2.c:1179(smbd_marshall_dir_entry)
  smbd_marshall_dir_entry: space_remaining = 12348
[2026/05/19 08:41:20.514192, 10, pid=3899112, effective(65534, 65534), real(65534, 0)] source3/smbd/smb2_trans2.c:1698(smbd_marshall_dir_entry)
  smbd_marshall_dir_entry: SMB_FIND_FILE_UNIX
[2026/05/19 08:41:20.514208, 10, pid=3899112, effective(65534, 65534), real(65534, 0)] source3/smbd/smb2_trans2.c:2779(store_file_unix_basic)
  store_file_unix_basic: SMB_QUERY_FILE_UNIX_BASIC
[2026/05/19 08:41:20.514225,  4, pid=3899112, effective(65534, 65534), real(65534, 0)] source3/smbd/smb2_trans2.c:2780(store_file_unix_basic)
  store_file_unix_basic: st_mode=100644
[2026/05/19 08:41:20.514249,  5, pid=3899112, effective(65534, 65534), real(65534, 0)] source3/smbd/files.c:1985(file_free)
  file_free: freed files structure 0 (2 used)
[2026/05/19 08:41:20.514268, 10, pid=3899112, effective(65534, 65534), real(65534, 0)] source3/smbd/dir.c:568(smbd_dirptr_get_entry)
  smbd_dirptr_get_entry: dir [.] dirptr [0x6087dc18bdb0] offset [27] => dname [debian-preseed-s6b.iso]
[2026/05/19 08:41:20.514289, 10, pid=3899112, effective(65534, 65534), real(65534, 0)] source3/smbd/files.c:868(openat_pathref_fsp_nosymlink)
  openat_pathref_fsp_nosymlink: path_in=debian-preseed-s6b.iso
[2026/05/19 08:41:20.514307,  5, pid=3899112, effective(65534, 65534), real(65534, 0)] source3/smbd/files.c:77(fsp_new)
  fsp_new: allocated files structure (3 used)
[2026/05/19 08:41:20.514333, 10, pid=3899112, effective(65534, 65534), real(65534, 0)] source3/smbd/files.c:2198(file_name_hash)
  file_name_hash: /var/samba/public/debian-preseed-s6b.iso hash 0x8208fe0f
[2026/05/19 08:41:20.514356, 10, pid=3899112, effective(65534, 65534), real(65534, 0)] source3/smbd/files.c:1278(openat_pathref_fsp_nosymlink)
  openat_pathref_fsp_nosymlink: returning debian-preseed-s6b.iso
[2026/05/19 08:41:20.514375, 10, pid=3899112, effective(65534, 65534), real(65534, 0)] source3/smbd/dosmode.c:692(fdos_mode)
  fdos_mode: debian-preseed-s6b.iso
[2026/05/19 08:41:20.514400,  5, pid=3899112, effective(65534, 65534), real(65534, 0)] source3/smbd/dosmode.c:391(fget_ea_dos_attribute)
  fget_ea_dos_attribute: Cannot get attribute from EA on file debian-preseed-s6b.iso: Error = No data available
[2026/05/19 08:41:20.514421,  5, pid=3899112, effective(65534, 65534), real(65534, 0)] source3/smbd/dosmode.c:68(dos_mode_debug_print)
  dos_mode_debug_print: fdos_mode returning (0x80): ""
[2026/05/19 08:41:20.514446, 10, pid=3899112, effective(65534, 65534), real(65534, 0)] source3/lib/g_lock.c:1655(g_lock_dump)
  g_lock_dump: dbwrap_parse_record returned NT_STATUS_NOT_FOUND
[2026/05/19 08:41:20.514466, 10, pid=3899112, effective(65534, 65534), real(65534, 0), class=locking] source3/locking/share_mode_lock.c:1570(fetch_share_mode_unlocked)
  fetch_share_mode_unlocked: g_lock_dump failed: NT_STATUS_NOT_FOUND
[2026/05/19 08:41:20.514485,  3, pid=3899112, effective(65534, 65534), real(65534, 0)] source3/smbd/dir.c:799(smbd_dirptr_get_entry)
  smbd_dirptr_get_entry: mask=[*] found debian-preseed-s6b.iso fname=debian-preseed-s6b.iso (debian-preseed-s6b.iso)
[2026/05/19 08:41:20.514505, 10, pid=3899112, effective(65534, 65534), real(65534, 0)] source3/smbd/smb2_trans2.c:1179(smbd_marshall_dir_entry)
  smbd_marshall_dir_entry: space_remaining = 12200
[2026/05/19 08:41:20.514523, 10, pid=3899112, effective(65534, 65534), real(65534, 0)] source3/smbd/smb2_trans2.c:1698(smbd_marshall_dir_entry)
  smbd_marshall_dir_entry: SMB_FIND_FILE_UNIX
[2026/05/19 08:41:20.514540, 10, pid=3899112, effective(65534, 65534), real(65534, 0)] source3/smbd/smb2_trans2.c:2779(store_file_unix_basic)
  store_file_unix_basic: SMB_QUERY_FILE_UNIX_BASIC
[2026/05/19 08:41:20.514557,  4, pid=3899112, effective(65534, 65534), real(65534, 0)] source3/smbd/smb2_trans2.c:2780(store_file_unix_basic)
  store_file_unix_basic: st_mode=100644
[2026/05/19 08:41:20.514580,  5, pid=3899112, effective(65534, 65534), real(65534, 0)] source3/smbd/files.c:1985(file_free)
  file_free: freed files structure 0 (2 used)
[2026/05/19 08:41:20.514600, 10, pid=3899112, effective(65534, 65534), real(65534, 0)] source3/smbd/dir.c:568(smbd_dirptr_get_entry)
  smbd_dirptr_get_entry: dir [.] dirptr [0x6087dc18bdb0] offset [28] => dname [iDRAC_2.85.85.85_firmimg.d7]
[2026/05/19 08:41:20.514621, 10, pid=3899112, effective(65534, 65534), real(65534, 0)] source3/smbd/files.c:868(openat_pathref_fsp_nosymlink)
  openat_pathref_fsp_nosymlink: path_in=iDRAC_2.85.85.85_firmimg.d7
[2026/05/19 08:41:20.514639,  5, pid=3899112, effective(65534, 65534), real(65534, 0)] source3/smbd/files.c:77(fsp_new)
  fsp_new: allocated files structure (3 used)
[2026/05/19 08:41:20.514666, 10, pid=3899112, effective(65534, 65534), real(65534, 0)] source3/smbd/files.c:2198(file_name_hash)
  file_name_hash: /var/samba/public/iDRAC_2.85.85.85_firmimg.d7 hash 0x96b7f512
[2026/05/19 08:41:20.514689, 10, pid=3899112, effective(65534, 65534), real(65534, 0)] source3/smbd/files.c:1278(openat_pathref_fsp_nosymlink)
  openat_pathref_fsp_nosymlink: returning iDRAC_2.85.85.85_firmimg.d7
[2026/05/19 08:41:20.514708, 10, pid=3899112, effective(65534, 65534), real(65534, 0)] source3/smbd/dosmode.c:692(fdos_mode)
  fdos_mode: iDRAC_2.85.85.85_firmimg.d7
[2026/05/19 08:41:20.514733,  5, pid=3899112, effective(65534, 65534), real(65534, 0)] source3/smbd/dosmode.c:391(fget_ea_dos_attribute)
  fget_ea_dos_attribute: Cannot get attribute from EA on file iDRAC_2.85.85.85_firmimg.d7: Error = No data available
[2026/05/19 08:41:20.514754,  5, pid=3899112, effective(65534, 65534), real(65534, 0)] source3/smbd/dosmode.c:68(dos_mode_debug_print)
  dos_mode_debug_print: fdos_mode returning (0x80): ""
[2026/05/19 08:41:20.514774, 10, pid=3899112, effective(65534, 65534), real(65534, 0)] source3/lib/g_lock.c:1655(g_lock_dump)
  g_lock_dump: dbwrap_parse_record returned NT_STATUS_NOT_FOUND
[2026/05/19 08:41:20.514802, 10, pid=3899112, effective(65534, 65534), real(65534, 0), class=locking] source3/locking/share_mode_lock.c:1570(fetch_share_mode_unlocked)
  fetch_share_mode_unlocked: g_lock_dump failed: NT_STATUS_NOT_FOUND
[2026/05/19 08:41:20.514822,  3, pid=3899112, effective(65534, 65534), real(65534, 0)] source3/smbd/dir.c:799(smbd_dirptr_get_entry)
  smbd_dirptr_get_entry: mask=[*] found iDRAC_2.85.85.85_firmimg.d7 fname=iDRAC_2.85.85.85_firmimg.d7 (iDRAC_2.85.85.85_firmimg.d7)
[2026/05/19 08:41:20.514847, 10, pid=3899112, effective(65534, 65534), real(65534, 0)] source3/smbd/smb2_trans2.c:1179(smbd_marshall_dir_entry)
  smbd_marshall_dir_entry: space_remaining = 12044
[2026/05/19 08:41:20.514864, 10, pid=3899112, effective(65534, 65534), real(65534, 0)] source3/smbd/smb2_trans2.c:1698(smbd_marshall_dir_entry)
  smbd_marshall_dir_entry: SMB_FIND_FILE_UNIX
[2026/05/19 08:41:20.514893, 10, pid=3899112, effective(65534, 65534), real(65534, 0)] source3/smbd/smb2_trans2.c:2779(store_file_unix_basic)
  store_file_unix_basic: SMB_QUERY_FILE_UNIX_BASIC
[2026/05/19 08:41:20.514913,  4, pid=3899112, effective(65534, 65534), real(65534, 0)] source3/smbd/smb2_trans2.c:2780(store_file_unix_basic)
  store_file_unix_basic: st_mode=100664
[2026/05/19 08:41:20.514937,  5, pid=3899112, effective(65534, 65534), real(65534, 0)] source3/smbd/files.c:1985(file_free)
  file_free: freed files structure 0 (2 used)
[2026/05/19 08:41:20.514957, 10, pid=3899112, effective(65534, 65534), real(65534, 0)] source3/smbd/dir.c:568(smbd_dirptr_get_entry)
  smbd_dirptr_get_entry: dir [.] dirptr [0x6087dc18bdb0] offset [29] => dname [iDRAC_2.85.85.85.EXE]
[2026/05/19 08:41:20.514978, 10, pid=3899112, effective(65534, 65534), real(65534, 0)] source3/smbd/files.c:868(openat_pathref_fsp_nosymlink)
  openat_pathref_fsp_nosymlink: path_in=iDRAC_2.85.85.85.EXE
[2026/05/19 08:41:20.514996,  5, pid=3899112, effective(65534, 65534), real(65534, 0)] source3/smbd/files.c:77(fsp_new)
  fsp_new: allocated files structure (3 used)
[2026/05/19 08:41:20.515033, 10, pid=3899112, effective(65534, 65534), real(65534, 0)] source3/smbd/files.c:2198(file_name_hash)
  file_name_hash: /var/samba/public/iDRAC_2.85.85.85.EXE hash 0x8fc2454
[2026/05/19 08:41:20.515057, 10, pid=3899112, effective(65534, 65534), real(65534, 0)] source3/smbd/files.c:1278(openat_pathref_fsp_nosymlink)
  openat_pathref_fsp_nosymlink: returning iDRAC_2.85.85.85.EXE
[2026/05/19 08:41:20.515075, 10, pid=3899112, effective(65534, 65534), real(65534, 0)] source3/smbd/dosmode.c:692(fdos_mode)
  fdos_mode: iDRAC_2.85.85.85.EXE
[2026/05/19 08:41:20.515101,  5, pid=3899112, effective(65534, 65534), real(65534, 0)] source3/smbd/dosmode.c:391(fget_ea_dos_attribute)
  fget_ea_dos_attribute: Cannot get attribute from EA on file iDRAC_2.85.85.85.EXE: Error = No data available
[2026/05/19 08:41:20.515122,  5, pid=3899112, effective(65534, 65534), real(65534, 0)] source3/smbd/dosmode.c:68(dos_mode_debug_print)
  dos_mode_debug_print: fdos_mode returning (0x80): ""
[2026/05/19 08:41:20.515143, 10, pid=3899112, effective(65534, 65534), real(65534, 0)] source3/lib/g_lock.c:1655(g_lock_dump)
  g_lock_dump: dbwrap_parse_record returned NT_STATUS_NOT_FOUND
[2026/05/19 08:41:20.515162, 10, pid=3899112, effective(65534, 65534), real(65534, 0), class=locking] source3/locking/share_mode_lock.c:1570(fetch_share_mode_unlocked)
  fetch_share_mode_unlocked: g_lock_dump failed: NT_STATUS_NOT_FOUND
[2026/05/19 08:41:20.515181,  3, pid=3899112, effective(65534, 65534), real(65534, 0)] source3/smbd/dir.c:799(smbd_dirptr_get_entry)
  smbd_dirptr_get_entry: mask=[*] found iDRAC_2.85.85.85.EXE fname=iDRAC_2.85.85.85.EXE (iDRAC_2.85.85.85.EXE)
[2026/05/19 08:41:20.515201, 10, pid=3899112, effective(65534, 65534), real(65534, 0)] source3/smbd/smb2_trans2.c:1179(smbd_marshall_dir_entry)
  smbd_marshall_dir_entry: space_remaining = 11880
[2026/05/19 08:41:20.515218, 10, pid=3899112, effective(65534, 65534), real(65534, 0)] source3/smbd/smb2_trans2.c:1698(smbd_marshall_dir_entry)
  smbd_marshall_dir_entry: SMB_FIND_FILE_UNIX
[2026/05/19 08:41:20.515235, 10, pid=3899112, effective(65534, 65534), real(65534, 0)] source3/smbd/smb2_trans2.c:2779(store_file_unix_basic)
  store_file_unix_basic: SMB_QUERY_FILE_UNIX_BASIC
[2026/05/19 08:41:20.515252,  4, pid=3899112, effective(65534, 65534), real(65534, 0)] source3/smbd/smb2_trans2.c:2780(store_file_unix_basic)
  store_file_unix_basic: st_mode=100664
[2026/05/19 08:41:20.515276,  5, pid=3899112, effective(65534, 65534), real(65534, 0)] source3/smbd/files.c:1985(file_free)
  file_free: freed files structure 0 (2 used)
[2026/05/19 08:41:20.515301, 10, pid=3899112, effective(65534, 65534), real(65534, 0)] source3/smbd/dir.c:568(smbd_dirptr_get_entry)
  smbd_dirptr_get_entry: dir [.] dirptr [0x6087dc18bdb0] offset [30] => dname [debian-preseed-s15.iso]
[2026/05/19 08:41:20.515321, 10, pid=3899112, effective(65534, 65534), real(65534, 0)] source3/smbd/files.c:868(openat_pathref_fsp_nosymlink)
  openat_pathref_fsp_nosymlink: path_in=debian-preseed-s15.iso
[2026/05/19 08:41:20.515340,  5, pid=3899112, effective(65534, 65534), real(65534, 0)] source3/smbd/files.c:77(fsp_new)
  fsp_new: allocated files structure (3 used)
[2026/05/19 08:41:20.515374, 10, pid=3899112, effective(65534, 65534), real(65534, 0)] source3/smbd/files.c:2198(file_name_hash)
  file_name_hash: /var/samba/public/debian-preseed-s15.iso hash 0x7846dd07
[2026/05/19 08:41:20.515397, 10, pid=3899112, effective(65534, 65534), real(65534, 0)] source3/smbd/files.c:1278(openat_pathref_fsp_nosymlink)
  openat_pathref_fsp_nosymlink: returning debian-preseed-s15.iso
[2026/05/19 08:41:20.515416, 10, pid=3899112, effective(65534, 65534), real(65534, 0)] source3/smbd/dosmode.c:692(fdos_mode)
  fdos_mode: debian-preseed-s15.iso
[2026/05/19 08:41:20.515441,  5, pid=3899112, effective(65534, 65534), real(65534, 0)] source3/smbd/dosmode.c:391(fget_ea_dos_attribute)
  fget_ea_dos_attribute: Cannot get attribute from EA on file debian-preseed-s15.iso: Error = No data available
[2026/05/19 08:41:20.515462,  5, pid=3899112, effective(65534, 65534), real(65534, 0)] source3/smbd/dosmode.c:68(dos_mode_debug_print)
  dos_mode_debug_print: fdos_mode returning (0x80): ""
[2026/05/19 08:41:20.515487, 10, pid=3899112, effective(65534, 65534), real(65534, 0)] source3/lib/g_lock.c:1655(g_lock_dump)
  g_lock_dump: dbwrap_parse_record returned NT_STATUS_NOT_FOUND
[2026/05/19 08:41:20.515507, 10, pid=3899112, effective(65534, 65534), real(65534, 0), class=locking] source3/locking/share_mode_lock.c:1570(fetch_share_mode_unlocked)
  fetch_share_mode_unlocked: g_lock_dump failed: NT_STATUS_NOT_FOUND
[2026/05/19 08:41:20.515526,  3, pid=3899112, effective(65534, 65534), real(65534, 0)] source3/smbd/dir.c:799(smbd_dirptr_get_entry)
  smbd_dirptr_get_entry: mask=[*] found debian-preseed-s15.iso fname=debian-preseed-s15.iso (debian-preseed-s15.iso)
[2026/05/19 08:41:20.515546, 10, pid=3899112, effective(65534, 65534), real(65534, 0)] source3/smbd/smb2_trans2.c:1179(smbd_marshall_dir_entry)
  smbd_marshall_dir_entry: space_remaining = 11728
[2026/05/19 08:41:20.515564, 10, pid=3899112, effective(65534, 65534), real(65534, 0)] source3/smbd/smb2_trans2.c:1698(smbd_marshall_dir_entry)
  smbd_marshall_dir_entry: SMB_FIND_FILE_UNIX
[2026/05/19 08:41:20.515581, 10, pid=3899112, effective(65534, 65534), real(65534, 0)] source3/smbd/smb2_trans2.c:2779(store_file_unix_basic)
  store_file_unix_basic: SMB_QUERY_FILE_UNIX_BASIC
[2026/05/19 08:41:20.515598,  4, pid=3899112, effective(65534, 65534), real(65534, 0)] source3/smbd/smb2_trans2.c:2780(store_file_unix_basic)
  store_file_unix_basic: st_mode=100644
[2026/05/19 08:41:20.515621,  5, pid=3899112, effective(65534, 65534), real(65534, 0)] source3/smbd/files.c:1985(file_free)
  file_free: freed files structure 0 (2 used)
[2026/05/19 08:41:20.515641, 10, pid=3899112, effective(65534, 65534), real(65534, 0)] source3/smbd/dir.c:568(smbd_dirptr_get_entry)
  smbd_dirptr_get_entry: dir [.] dirptr [0x6087dc18bdb0] offset [31] => dname [debian-preseed-s10.iso]
[2026/05/19 08:41:20.515662, 10, pid=3899112, effective(65534, 65534), real(65534, 0)] source3/smbd/files.c:868(openat_pathref_fsp_nosymlink)
  openat_pathref_fsp_nosymlink: path_in=debian-preseed-s10.iso
[2026/05/19 08:41:20.515680,  5, pid=3899112, effective(65534, 65534), real(65534, 0)] source3/smbd/files.c:77(fsp_new)
  fsp_new: allocated files structure (3 used)
[2026/05/19 08:41:20.515713, 10, pid=3899112, effective(65534, 65534), real(65534, 0)] source3/smbd/files.c:2198(file_name_hash)
  file_name_hash: /var/samba/public/debian-preseed-s10.iso hash 0x9b93cba7
[2026/05/19 08:41:20.515736, 10, pid=3899112, effective(65534, 65534), real(65534, 0)] source3/smbd/files.c:1278(openat_pathref_fsp_nosymlink)
  openat_pathref_fsp_nosymlink: returning debian-preseed-s10.iso
[2026/05/19 08:41:20.515759, 10, pid=3899112, effective(65534, 65534), real(65534, 0)] source3/smbd/dosmode.c:692(fdos_mode)
  fdos_mode: debian-preseed-s10.iso
[2026/05/19 08:41:20.515785,  5, pid=3899112, effective(65534, 65534), real(65534, 0)] source3/smbd/dosmode.c:391(fget_ea_dos_attribute)
  fget_ea_dos_attribute: Cannot get attribute from EA on file debian-preseed-s10.iso: Error = No data available
[2026/05/19 08:41:20.515818,  5, pid=3899112, effective(65534, 65534), real(65534, 0)] source3/smbd/dosmode.c:68(dos_mode_debug_print)
  dos_mode_debug_print: fdos_mode returning (0x80): ""
[2026/05/19 08:41:20.515850, 10, pid=3899112, effective(65534, 65534), real(65534, 0)] source3/lib/g_lock.c:1655(g_lock_dump)
  g_lock_dump: dbwrap_parse_record returned NT_STATUS_NOT_FOUND
[2026/05/19 08:41:20.515888, 10, pid=3899112, effective(65534, 65534), real(65534, 0), class=locking] source3/locking/share_mode_lock.c:1570(fetch_share_mode_unlocked)
  fetch_share_mode_unlocked: g_lock_dump failed: NT_STATUS_NOT_FOUND
[2026/05/19 08:41:20.515916,  3, pid=3899112, effective(65534, 65534), real(65534, 0)] source3/smbd/dir.c:799(smbd_dirptr_get_entry)
  smbd_dirptr_get_entry: mask=[*] found debian-preseed-s10.iso fname=debian-preseed-s10.iso (debian-preseed-s10.iso)
[2026/05/19 08:41:20.515939, 10, pid=3899112, effective(65534, 65534), real(65534, 0)] source3/smbd/smb2_trans2.c:1179(smbd_marshall_dir_entry)
  smbd_marshall_dir_entry: space_remaining = 11572
[2026/05/19 08:41:20.515956, 10, pid=3899112, effective(65534, 65534), real(65534, 0)] source3/smbd/smb2_trans2.c:1698(smbd_marshall_dir_entry)
  smbd_marshall_dir_entry: SMB_FIND_FILE_UNIX
[2026/05/19 08:41:20.515974, 10, pid=3899112, effective(65534, 65534), real(65534, 0)] source3/smbd/smb2_trans2.c:2779(store_file_unix_basic)
  store_file_unix_basic: SMB_QUERY_FILE_UNIX_BASIC
[2026/05/19 08:41:20.515991,  4, pid=3899112, effective(65534, 65534), real(65534, 0)] source3/smbd/smb2_trans2.c:2780(store_file_unix_basic)
  store_file_unix_basic: st_mode=100644
[2026/05/19 08:41:20.516015,  5, pid=3899112, effective(65534, 65534), real(65534, 0)] source3/smbd/files.c:1985(file_free)
  file_free: freed files structure 0 (2 used)
[2026/05/19 08:41:20.516035, 10, pid=3899112, effective(65534, 65534), real(65534, 0)] source3/smbd/dir.c:568(smbd_dirptr_get_entry)
  smbd_dirptr_get_entry: dir [.] dirptr [0x6087dc18bdb0] offset [32] => dname [debian-tx1320-raid10.iso]
[2026/05/19 08:41:20.516056, 10, pid=3899112, effective(65534, 65534), real(65534, 0)] source3/smbd/files.c:868(openat_pathref_fsp_nosymlink)
  openat_pathref_fsp_nosymlink: path_in=debian-tx1320-raid10.iso
[2026/05/19 08:41:20.516074,  5, pid=3899112, effective(65534, 65534), real(65534, 0)] source3/smbd/files.c:77(fsp_new)
  fsp_new: allocated files structure (3 used)
[2026/05/19 08:41:20.516101, 10, pid=3899112, effective(65534, 65534), real(65534, 0)] source3/smbd/files.c:2198(file_name_hash)
  file_name_hash: /var/samba/public/debian-tx1320-raid10.iso hash 0xa3a25d2d
[2026/05/19 08:41:20.516124, 10, pid=3899112, effective(65534, 65534), real(65534, 0)] source3/smbd/files.c:1278(openat_pathref_fsp_nosymlink)
  openat_pathref_fsp_nosymlink: returning debian-tx1320-raid10.iso
[2026/05/19 08:41:20.516143, 10, pid=3899112, effective(65534, 65534), real(65534, 0)] source3/smbd/dosmode.c:692(fdos_mode)
  fdos_mode: debian-tx1320-raid10.iso
[2026/05/19 08:41:20.516169,  5, pid=3899112, effective(65534, 65534), real(65534, 0)] source3/smbd/dosmode.c:391(fget_ea_dos_attribute)
  fget_ea_dos_attribute: Cannot get attribute from EA on file debian-tx1320-raid10.iso: Error = No data available
[2026/05/19 08:41:20.516190,  5, pid=3899112, effective(65534, 65534), real(65534, 0)] source3/smbd/dosmode.c:68(dos_mode_debug_print)
  dos_mode_debug_print: fdos_mode returning (0x80): ""
[2026/05/19 08:41:20.516211, 10, pid=3899112, effective(65534, 65534), real(65534, 0)] source3/lib/g_lock.c:1655(g_lock_dump)
  g_lock_dump: dbwrap_parse_record returned NT_STATUS_NOT_FOUND
[2026/05/19 08:41:20.516236, 10, pid=3899112, effective(65534, 65534), real(65534, 0), class=locking] source3/locking/share_mode_lock.c:1570(fetch_share_mode_unlocked)
  fetch_share_mode_unlocked: g_lock_dump failed: NT_STATUS_NOT_FOUND
[2026/05/19 08:41:20.516255,  3, pid=3899112, effective(65534, 65534), real(65534, 0)] source3/smbd/dir.c:799(smbd_dirptr_get_entry)
  smbd_dirptr_get_entry: mask=[*] found debian-tx1320-raid10.iso fname=debian-tx1320-raid10.iso (debian-tx1320-raid10.iso)
[2026/05/19 08:41:20.516275, 10, pid=3899112, effective(65534, 65534), real(65534, 0)] source3/smbd/smb2_trans2.c:1179(smbd_marshall_dir_entry)
  smbd_marshall_dir_entry: space_remaining = 11416
[2026/05/19 08:41:20.516293, 10, pid=3899112, effective(65534, 65534), real(65534, 0)] source3/smbd/smb2_trans2.c:1698(smbd_marshall_dir_entry)
  smbd_marshall_dir_entry: SMB_FIND_FILE_UNIX
[2026/05/19 08:41:20.516310, 10, pid=3899112, effective(65534, 65534), real(65534, 0)] source3/smbd/smb2_trans2.c:2779(store_file_unix_basic)
  store_file_unix_basic: SMB_QUERY_FILE_UNIX_BASIC
[2026/05/19 08:41:20.516326,  4, pid=3899112, effective(65534, 65534), real(65534, 0)] source3/smbd/smb2_trans2.c:2780(store_file_unix_basic)
  store_file_unix_basic: st_mode=100644
[2026/05/19 08:41:20.516350,  5, pid=3899112, effective(65534, 65534), real(65534, 0)] source3/smbd/files.c:1985(file_free)
  file_free: freed files structure 0 (2 used)
[2026/05/19 08:41:20.516370, 10, pid=3899112, effective(65534, 65534), real(65534, 0)] source3/smbd/dir.c:568(smbd_dirptr_get_entry)
  smbd_dirptr_get_entry: dir [.] dirptr [0x6087dc18bdb0] offset [33] => dname [debian-preseed-s12.iso]
[2026/05/19 08:41:20.516390, 10, pid=3899112, effective(65534, 65534), real(65534, 0)] source3/smbd/files.c:868(openat_pathref_fsp_nosymlink)
  openat_pathref_fsp_nosymlink: path_in=debian-preseed-s12.iso
[2026/05/19 08:41:20.516409,  5, pid=3899112, effective(65534, 65534), real(65534, 0)] source3/smbd/files.c:77(fsp_new)
  fsp_new: allocated files structure (3 used)
[2026/05/19 08:41:20.516435, 10, pid=3899112, effective(65534, 65534), real(65534, 0)] source3/smbd/files.c:2198(file_name_hash)
  file_name_hash: /var/samba/public/debian-preseed-s12.iso hash 0x81cfd8c5
[2026/05/19 08:41:20.516458, 10, pid=3899112, effective(65534, 65534), real(65534, 0)] source3/smbd/files.c:1278(openat_pathref_fsp_nosymlink)
  openat_pathref_fsp_nosymlink: returning debian-preseed-s12.iso
[2026/05/19 08:41:20.516477, 10, pid=3899112, effective(65534, 65534), real(65534, 0)] source3/smbd/dosmode.c:692(fdos_mode)
  fdos_mode: debian-preseed-s12.iso
[2026/05/19 08:41:20.516502,  5, pid=3899112, effective(65534, 65534), real(65534, 0)] source3/smbd/dosmode.c:391(fget_ea_dos_attribute)
  fget_ea_dos_attribute: Cannot get attribute from EA on file debian-preseed-s12.iso: Error = No data available
[2026/05/19 08:41:20.516523,  5, pid=3899112, effective(65534, 65534), real(65534, 0)] source3/smbd/dosmode.c:68(dos_mode_debug_print)
  dos_mode_debug_print: fdos_mode returning (0x80): ""
[2026/05/19 08:41:20.516543, 10, pid=3899112, effective(65534, 65534), real(65534, 0)] source3/lib/g_lock.c:1655(g_lock_dump)
  g_lock_dump: dbwrap_parse_record returned NT_STATUS_NOT_FOUND
[2026/05/19 08:41:20.516562, 10, pid=3899112, effective(65534, 65534), real(65534, 0), class=locking] source3/locking/share_mode_lock.c:1570(fetch_share_mode_unlocked)
  fetch_share_mode_unlocked: g_lock_dump failed: NT_STATUS_NOT_FOUND
[2026/05/19 08:41:20.516582,  3, pid=3899112, effective(65534, 65534), real(65534, 0)] source3/smbd/dir.c:799(smbd_dirptr_get_entry)
  smbd_dirptr_get_entry: mask=[*] found debian-preseed-s12.iso fname=debian-preseed-s12.iso (debian-preseed-s12.iso)
[2026/05/19 08:41:20.516602, 10, pid=3899112, effective(65534, 65534), real(65534, 0)] source3/smbd/smb2_trans2.c:1179(smbd_marshall_dir_entry)
  smbd_marshall_dir_entry: space_remaining = 11256
[2026/05/19 08:41:20.516619, 10, pid=3899112, effective(65534, 65534), real(65534, 0)] source3/smbd/smb2_trans2.c:1698(smbd_marshall_dir_entry)
  smbd_marshall_dir_entry: SMB_FIND_FILE_UNIX
[2026/05/19 08:41:20.516646, 10, pid=3899112, effective(65534, 65534), real(65534, 0)] source3/smbd/smb2_trans2.c:2779(store_file_unix_basic)
  store_file_unix_basic: SMB_QUERY_FILE_UNIX_BASIC
[2026/05/19 08:41:20.516663,  4, pid=3899112, effective(65534, 65534), real(65534, 0)] source3/smbd/smb2_trans2.c:2780(store_file_unix_basic)
  store_file_unix_basic: st_mode=100644
[2026/05/19 08:41:20.516687,  5, pid=3899112, effective(65534, 65534), real(65534, 0)] source3/smbd/files.c:1985(file_free)
  file_free: freed files structure 0 (2 used)
[2026/05/19 08:41:20.516707, 10, pid=3899112, effective(65534, 65534), real(65534, 0)] source3/smbd/dir.c:568(smbd_dirptr_get_entry)
  smbd_dirptr_get_entry: dir [.] dirptr [0x6087dc18bdb0] offset [34] => dname [debian-preseed-s10.iso.preseed-sha256]
[2026/05/19 08:41:20.516728, 10, pid=3899112, effective(65534, 65534), real(65534, 0)] source3/smbd/files.c:868(openat_pathref_fsp_nosymlink)
  openat_pathref_fsp_nosymlink: path_in=debian-preseed-s10.iso.preseed-sha256
[2026/05/19 08:41:20.516746,  5, pid=3899112, effective(65534, 65534), real(65534, 0)] source3/smbd/files.c:77(fsp_new)
  fsp_new: allocated files structure (3 used)
[2026/05/19 08:41:20.516773, 10, pid=3899112, effective(65534, 65534), real(65534, 0)] source3/smbd/files.c:2198(file_name_hash)
  file_name_hash: /var/samba/public/debian-preseed-s10.iso.preseed-sha256 hash 0xce69fe2e
[2026/05/19 08:41:20.516820, 10, pid=3899112, effective(65534, 65534), real(65534, 0)] source3/smbd/files.c:1278(openat_pathref_fsp_nosymlink)
  openat_pathref_fsp_nosymlink: returning debian-preseed-s10.iso.preseed-sha256
[2026/05/19 08:41:20.516840, 10, pid=3899112, effective(65534, 65534), real(65534, 0)] source3/smbd/dosmode.c:692(fdos_mode)
  fdos_mode: debian-preseed-s10.iso.preseed-sha256
[2026/05/19 08:41:20.516866,  5, pid=3899112, effective(65534, 65534), real(65534, 0)] source3/smbd/dosmode.c:391(fget_ea_dos_attribute)
  fget_ea_dos_attribute: Cannot get attribute from EA on file debian-preseed-s10.iso.preseed-sha256: Error = No data available
[2026/05/19 08:41:20.516902,  5, pid=3899112, effective(65534, 65534), real(65534, 0)] source3/smbd/dosmode.c:68(dos_mode_debug_print)
  dos_mode_debug_print: fdos_mode returning (0x80): ""
[2026/05/19 08:41:20.516923, 10, pid=3899112, effective(65534, 65534), real(65534, 0)] source3/lib/g_lock.c:1655(g_lock_dump)
  g_lock_dump: dbwrap_parse_record returned NT_STATUS_NOT_FOUND
[2026/05/19 08:41:20.516942, 10, pid=3899112, effective(65534, 65534), real(65534, 0), class=locking] source3/locking/share_mode_lock.c:1570(fetch_share_mode_unlocked)
  fetch_share_mode_unlocked: g_lock_dump failed: NT_STATUS_NOT_FOUND
[2026/05/19 08:41:20.516961,  3, pid=3899112, effective(65534, 65534), real(65534, 0)] source3/smbd/dir.c:799(smbd_dirptr_get_entry)
  smbd_dirptr_get_entry: mask=[*] found debian-preseed-s10.iso.preseed-sha256 fname=debian-preseed-s10.iso.preseed-sha256 (debian-preseed-s10.iso.preseed-sha256)
[2026/05/19 08:41:20.516982, 10, pid=3899112, effective(65534, 65534), real(65534, 0)] source3/smbd/smb2_trans2.c:1179(smbd_marshall_dir_entry)
  smbd_marshall_dir_entry: space_remaining = 11100
[2026/05/19 08:41:20.516999, 10, pid=3899112, effective(65534, 65534), real(65534, 0)] source3/smbd/smb2_trans2.c:1698(smbd_marshall_dir_entry)
  smbd_marshall_dir_entry: SMB_FIND_FILE_UNIX
[2026/05/19 08:41:20.517016, 10, pid=3899112, effective(65534, 65534), real(65534, 0)] source3/smbd/smb2_trans2.c:2779(store_file_unix_basic)
  store_file_unix_basic: SMB_QUERY_FILE_UNIX_BASIC
[2026/05/19 08:41:20.517033,  4, pid=3899112, effective(65534, 65534), real(65534, 0)] source3/smbd/smb2_trans2.c:2780(store_file_unix_basic)
  store_file_unix_basic: st_mode=100664
[2026/05/19 08:41:20.517056,  5, pid=3899112, effective(65534, 65534), real(65534, 0)] source3/smbd/files.c:1985(file_free)
  file_free: freed files structure 0 (2 used)
[2026/05/19 08:41:20.517076, 10, pid=3899112, effective(65534, 65534), real(65534, 0)] source3/smbd/dir.c:568(smbd_dirptr_get_entry)
  smbd_dirptr_get_entry: dir [.] dirptr [0x6087dc18bdb0] offset [35] => dname [debian-preseed-s5.iso]
[2026/05/19 08:41:20.517102, 10, pid=3899112, effective(65534, 65534), real(65534, 0)] source3/smbd/files.c:868(openat_pathref_fsp_nosymlink)
  openat_pathref_fsp_nosymlink: path_in=debian-preseed-s5.iso
[2026/05/19 08:41:20.517120,  5, pid=3899112, effective(65534, 65534), real(65534, 0)] source3/smbd/files.c:77(fsp_new)
  fsp_new: allocated files structure (3 used)
[2026/05/19 08:41:20.517147, 10, pid=3899112, effective(65534, 65534), real(65534, 0)] source3/smbd/files.c:2198(file_name_hash)
  file_name_hash: /var/samba/public/debian-preseed-s5.iso hash 0x286575e5
[2026/05/19 08:41:20.517170, 10, pid=3899112, effective(65534, 65534), real(65534, 0)] source3/smbd/files.c:1278(openat_pathref_fsp_nosymlink)
  openat_pathref_fsp_nosymlink: returning debian-preseed-s5.iso
[2026/05/19 08:41:20.517195, 10, pid=3899112, effective(65534, 65534), real(65534, 0)] source3/smbd/dosmode.c:692(fdos_mode)
  fdos_mode: debian-preseed-s5.iso
[2026/05/19 08:41:20.517220,  5, pid=3899112, effective(65534, 65534), real(65534, 0)] source3/smbd/dosmode.c:391(fget_ea_dos_attribute)
  fget_ea_dos_attribute: Cannot get attribute from EA on file debian-preseed-s5.iso: Error = No data available
[2026/05/19 08:41:20.517241,  5, pid=3899112, effective(65534, 65534), real(65534, 0)] source3/smbd/dosmode.c:68(dos_mode_debug_print)
  dos_mode_debug_print: fdos_mode returning (0x80): ""
[2026/05/19 08:41:20.517267, 10, pid=3899112, effective(65534, 65534), real(65534, 0)] source3/lib/g_lock.c:1655(g_lock_dump)
  g_lock_dump: dbwrap_parse_record returned NT_STATUS_NOT_FOUND
[2026/05/19 08:41:20.517286, 10, pid=3899112, effective(65534, 65534), real(65534, 0), class=locking] source3/locking/share_mode_lock.c:1570(fetch_share_mode_unlocked)
  fetch_share_mode_unlocked: g_lock_dump failed: NT_STATUS_NOT_FOUND
[2026/05/19 08:41:20.517306,  3, pid=3899112, effective(65534, 65534), real(65534, 0)] source3/smbd/dir.c:799(smbd_dirptr_get_entry)
  smbd_dirptr_get_entry: mask=[*] found debian-preseed-s5.iso fname=debian-preseed-s5.iso (debian-preseed-s5.iso)
[2026/05/19 08:41:20.517326, 10, pid=3899112, effective(65534, 65534), real(65534, 0)] source3/smbd/smb2_trans2.c:1179(smbd_marshall_dir_entry)
  smbd_marshall_dir_entry: space_remaining = 10916
[2026/05/19 08:41:20.517343, 10, pid=3899112, effective(65534, 65534), real(65534, 0)] source3/smbd/smb2_trans2.c:1698(smbd_marshall_dir_entry)
  smbd_marshall_dir_entry: SMB_FIND_FILE_UNIX
[2026/05/19 08:41:20.517360, 10, pid=3899112, effective(65534, 65534), real(65534, 0)] source3/smbd/smb2_trans2.c:2779(store_file_unix_basic)
  store_file_unix_basic: SMB_QUERY_FILE_UNIX_BASIC
[2026/05/19 08:41:20.517377,  4, pid=3899112, effective(65534, 65534), real(65534, 0)] source3/smbd/smb2_trans2.c:2780(store_file_unix_basic)
  store_file_unix_basic: st_mode=100644
[2026/05/19 08:41:20.517401,  5, pid=3899112, effective(65534, 65534), real(65534, 0)] source3/smbd/files.c:1985(file_free)
  file_free: freed files structure 0 (2 used)
[2026/05/19 08:41:20.517420, 10, pid=3899112, effective(65534, 65534), real(65534, 0)] source3/smbd/dir.c:568(smbd_dirptr_get_entry)
  smbd_dirptr_get_entry: dir [.] dirptr [0x6087dc18bdb0] offset [36] => dname [KAMITSUBAKI]
[2026/05/19 08:41:20.517441, 10, pid=3899112, effective(65534, 65534), real(65534, 0)] source3/smbd/files.c:868(openat_pathref_fsp_nosymlink)
  openat_pathref_fsp_nosymlink: path_in=KAMITSUBAKI
[2026/05/19 08:41:20.517459,  5, pid=3899112, effective(65534, 65534), real(65534, 0)] source3/smbd/files.c:77(fsp_new)
  fsp_new: allocated files structure (3 used)
[2026/05/19 08:41:20.517486, 10, pid=3899112, effective(65534, 65534), real(65534, 0)] source3/smbd/files.c:2198(file_name_hash)
  file_name_hash: /var/samba/public/KAMITSUBAKI hash 0x368d58be
[2026/05/19 08:41:20.517509, 10, pid=3899112, effective(65534, 65534), real(65534, 0)] source3/smbd/files.c:1278(openat_pathref_fsp_nosymlink)
  openat_pathref_fsp_nosymlink: returning KAMITSUBAKI
[2026/05/19 08:41:20.517535, 10, pid=3899112, effective(65534, 65534), real(65534, 0)] source3/smbd/dosmode.c:692(fdos_mode)
  fdos_mode: KAMITSUBAKI
[2026/05/19 08:41:20.517569, 10, pid=3899112, effective(65534, 65534), real(65534, 0)] source3/smbd/dosmode.c:264(parse_dos_attribute_blob)
  parse_dos_attribute_blob: KAMITSUBAKI attr = 
[2026/05/19 08:41:20.517589, 10, pid=3899112, effective(65534, 65534), real(65534, 0)] source3/smbd/dosmode.c:332(parse_dos_attribute_blob)
  parse_dos_attribute_blob: file [KAMITSUBAKI] creation time [Sat May  9 09:07:41 PM 2026 JST]
[2026/05/19 08:41:20.517615,  5, pid=3899112, effective(65534, 65534), real(65534, 0)] source3/smbd/dosmode.c:68(dos_mode_debug_print)
  dos_mode_debug_print: parse_dos_attribute_blob returning (0x10): "d"
[2026/05/19 08:41:20.517634,  5, pid=3899112, effective(65534, 65534), real(65534, 0)] source3/smbd/dosmode.c:68(dos_mode_debug_print)
  dos_mode_debug_print: fdos_mode returning (0x10): "d"
[2026/05/19 08:41:20.517652,  3, pid=3899112, effective(65534, 65534), real(65534, 0)] source3/smbd/dir.c:799(smbd_dirptr_get_entry)
  smbd_dirptr_get_entry: mask=[*] found KAMITSUBAKI fname=KAMITSUBAKI (KAMITSUBAKI)
[2026/05/19 08:41:20.517672, 10, pid=3899112, effective(65534, 65534), real(65534, 0)] source3/smbd/smb2_trans2.c:1179(smbd_marshall_dir_entry)
  smbd_marshall_dir_entry: space_remaining = 10764
[2026/05/19 08:41:20.517690, 10, pid=3899112, effective(65534, 65534), real(65534, 0)] source3/smbd/smb2_trans2.c:1698(smbd_marshall_dir_entry)
  smbd_marshall_dir_entry: SMB_FIND_FILE_UNIX
[2026/05/19 08:41:20.517706, 10, pid=3899112, effective(65534, 65534), real(65534, 0)] source3/smbd/smb2_trans2.c:2779(store_file_unix_basic)
  store_file_unix_basic: SMB_QUERY_FILE_UNIX_BASIC
[2026/05/19 08:41:20.517723,  4, pid=3899112, effective(65534, 65534), real(65534, 0)] source3/smbd/smb2_trans2.c:2780(store_file_unix_basic)
  store_file_unix_basic: st_mode=40777
[2026/05/19 08:41:20.517746,  5, pid=3899112, effective(65534, 65534), real(65534, 0)] source3/smbd/files.c:1985(file_free)
  file_free: freed files structure 0 (2 used)
[2026/05/19 08:41:20.517766, 10, pid=3899112, effective(65534, 65534), real(65534, 0)] source3/smbd/dir.c:568(smbd_dirptr_get_entry)
  smbd_dirptr_get_entry: dir [.] dirptr [0x6087dc18bdb0] offset [37] => dname [debian-preseed-s7.iso]
[2026/05/19 08:41:20.517787, 10, pid=3899112, effective(65534, 65534), real(65534, 0)] source3/smbd/files.c:868(openat_pathref_fsp_nosymlink)
  openat_pathref_fsp_nosymlink: path_in=debian-preseed-s7.iso
[2026/05/19 08:41:20.517813,  5, pid=3899112, effective(65534, 65534), real(65534, 0)] source3/smbd/files.c:77(fsp_new)
  fsp_new: allocated files structure (3 used)
[2026/05/19 08:41:20.517840, 10, pid=3899112, effective(65534, 65534), real(65534, 0)] source3/smbd/files.c:2198(file_name_hash)
  file_name_hash: /var/samba/public/debian-preseed-s7.iso hash 0x3db0acbf
[2026/05/19 08:41:20.517862, 10, pid=3899112, effective(65534, 65534), real(65534, 0)] source3/smbd/files.c:1278(openat_pathref_fsp_nosymlink)
  openat_pathref_fsp_nosymlink: returning debian-preseed-s7.iso
[2026/05/19 08:41:20.517893, 10, pid=3899112, effective(65534, 65534), real(65534, 0)] source3/smbd/dosmode.c:692(fdos_mode)
  fdos_mode: debian-preseed-s7.iso
[2026/05/19 08:41:20.517922,  5, pid=3899112, effective(65534, 65534), real(65534, 0)] source3/smbd/dosmode.c:391(fget_ea_dos_attribute)
  fget_ea_dos_attribute: Cannot get attribute from EA on file debian-preseed-s7.iso: Error = No data available
[2026/05/19 08:41:20.517943,  5, pid=3899112, effective(65534, 65534), real(65534, 0)] source3/smbd/dosmode.c:68(dos_mode_debug_print)
  dos_mode_debug_print: fdos_mode returning (0x80): ""
[2026/05/19 08:41:20.517963, 10, pid=3899112, effective(65534, 65534), real(65534, 0)] source3/lib/g_lock.c:1655(g_lock_dump)
  g_lock_dump: dbwrap_parse_record returned NT_STATUS_NOT_FOUND
[2026/05/19 08:41:20.517982, 10, pid=3899112, effective(65534, 65534), real(65534, 0), class=locking] source3/locking/share_mode_lock.c:1570(fetch_share_mode_unlocked)
  fetch_share_mode_unlocked: g_lock_dump failed: NT_STATUS_NOT_FOUND
[2026/05/19 08:41:20.518006,  3, pid=3899112, effective(65534, 65534), real(65534, 0)] source3/smbd/dir.c:799(smbd_dirptr_get_entry)
  smbd_dirptr_get_entry: mask=[*] found debian-preseed-s7.iso fname=debian-preseed-s7.iso (debian-preseed-s7.iso)
[2026/05/19 08:41:20.518026, 10, pid=3899112, effective(65534, 65534), real(65534, 0)] source3/smbd/smb2_trans2.c:1179(smbd_marshall_dir_entry)
  smbd_marshall_dir_entry: space_remaining = 10632
[2026/05/19 08:41:20.518044, 10, pid=3899112, effective(65534, 65534), real(65534, 0)] source3/smbd/smb2_trans2.c:1698(smbd_marshall_dir_entry)
  smbd_marshall_dir_entry: SMB_FIND_FILE_UNIX
[2026/05/19 08:41:20.518061, 10, pid=3899112, effective(65534, 65534), real(65534, 0)] source3/smbd/smb2_trans2.c:2779(store_file_unix_basic)
  store_file_unix_basic: SMB_QUERY_FILE_UNIX_BASIC
[2026/05/19 08:41:20.518077,  4, pid=3899112, effective(65534, 65534), real(65534, 0)] source3/smbd/smb2_trans2.c:2780(store_file_unix_basic)
  store_file_unix_basic: st_mode=100644
[2026/05/19 08:41:20.518101,  5, pid=3899112, effective(65534, 65534), real(65534, 0)] source3/smbd/files.c:1985(file_free)
  file_free: freed files structure 0 (2 used)
[2026/05/19 08:41:20.518121, 10, pid=3899112, effective(65534, 65534), real(65534, 0)] source3/smbd/dir.c:568(smbd_dirptr_get_entry)
  smbd_dirptr_get_entry: dir [.] dirptr [0x6087dc18bdb0] offset [38] => dname [debian-tx1320-v2.iso]
[2026/05/19 08:41:20.518142, 10, pid=3899112, effective(65534, 65534), real(65534, 0)] source3/smbd/files.c:868(openat_pathref_fsp_nosymlink)
  openat_pathref_fsp_nosymlink: path_in=debian-tx1320-v2.iso
[2026/05/19 08:41:20.518160,  5, pid=3899112, effective(65534, 65534), real(65534, 0)] source3/smbd/files.c:77(fsp_new)
  fsp_new: allocated files structure (3 used)
[2026/05/19 08:41:20.518186, 10, pid=3899112, effective(65534, 65534), real(65534, 0)] source3/smbd/files.c:2198(file_name_hash)
  file_name_hash: /var/samba/public/debian-tx1320-v2.iso hash 0x9c08f593
[2026/05/19 08:41:20.518209, 10, pid=3899112, effective(65534, 65534), real(65534, 0)] source3/smbd/files.c:1278(openat_pathref_fsp_nosymlink)
  openat_pathref_fsp_nosymlink: returning debian-tx1320-v2.iso
[2026/05/19 08:41:20.518227, 10, pid=3899112, effective(65534, 65534), real(65534, 0)] source3/smbd/dosmode.c:692(fdos_mode)
  fdos_mode: debian-tx1320-v2.iso
[2026/05/19 08:41:20.518253,  5, pid=3899112, effective(65534, 65534), real(65534, 0)] source3/smbd/dosmode.c:391(fget_ea_dos_attribute)
  fget_ea_dos_attribute: Cannot get attribute from EA on file debian-tx1320-v2.iso: Error = No data available
[2026/05/19 08:41:20.518274,  5, pid=3899112, effective(65534, 65534), real(65534, 0)] source3/smbd/dosmode.c:68(dos_mode_debug_print)
  dos_mode_debug_print: fdos_mode returning (0x80): ""
[2026/05/19 08:41:20.518299, 10, pid=3899112, effective(65534, 65534), real(65534, 0)] source3/lib/g_lock.c:1655(g_lock_dump)
  g_lock_dump: dbwrap_parse_record returned NT_STATUS_NOT_FOUND
[2026/05/19 08:41:20.518319, 10, pid=3899112, effective(65534, 65534), real(65534, 0), class=locking] source3/locking/share_mode_lock.c:1570(fetch_share_mode_unlocked)
  fetch_share_mode_unlocked: g_lock_dump failed: NT_STATUS_NOT_FOUND
[2026/05/19 08:41:20.518338,  3, pid=3899112, effective(65534, 65534), real(65534, 0)] source3/smbd/dir.c:799(smbd_dirptr_get_entry)
  smbd_dirptr_get_entry: mask=[*] found debian-tx1320-v2.iso fname=debian-tx1320-v2.iso (debian-tx1320-v2.iso)
[2026/05/19 08:41:20.518358, 10, pid=3899112, effective(65534, 65534), real(65534, 0)] source3/smbd/smb2_trans2.c:1179(smbd_marshall_dir_entry)
  smbd_marshall_dir_entry: space_remaining = 10480
[2026/05/19 08:41:20.518376, 10, pid=3899112, effective(65534, 65534), real(65534, 0)] source3/smbd/smb2_trans2.c:1698(smbd_marshall_dir_entry)
  smbd_marshall_dir_entry: SMB_FIND_FILE_UNIX
[2026/05/19 08:41:20.518393, 10, pid=3899112, effective(65534, 65534), real(65534, 0)] source3/smbd/smb2_trans2.c:2779(store_file_unix_basic)
  store_file_unix_basic: SMB_QUERY_FILE_UNIX_BASIC
[2026/05/19 08:41:20.518414,  4, pid=3899112, effective(65534, 65534), real(65534, 0)] source3/smbd/smb2_trans2.c:2780(store_file_unix_basic)
  store_file_unix_basic: st_mode=100644
[2026/05/19 08:41:20.518438,  5, pid=3899112, effective(65534, 65534), real(65534, 0)] source3/smbd/files.c:1985(file_free)
  file_free: freed files structure 0 (2 used)
[2026/05/19 08:41:20.518458, 10, pid=3899112, effective(65534, 65534), real(65534, 0)] source3/smbd/dir.c:568(smbd_dirptr_get_entry)
  smbd_dirptr_get_entry: dir [.] dirptr [0x6087dc18bdb0] offset [39] => dname [debian-preseed-s4.iso]
[2026/05/19 08:41:20.518478, 10, pid=3899112, effective(65534, 65534), real(65534, 0)] source3/smbd/files.c:868(openat_pathref_fsp_nosymlink)
  openat_pathref_fsp_nosymlink: path_in=debian-preseed-s4.iso
[2026/05/19 08:41:20.518497,  5, pid=3899112, effective(65534, 65534), real(65534, 0)] source3/smbd/files.c:77(fsp_new)
  fsp_new: allocated files structure (3 used)
[2026/05/19 08:41:20.518523, 10, pid=3899112, effective(65534, 65534), real(65534, 0)] source3/smbd/files.c:2198(file_name_hash)
  file_name_hash: /var/samba/public/debian-preseed-s4.iso hash 0x105bd9b0
[2026/05/19 08:41:20.518546, 10, pid=3899112, effective(65534, 65534), real(65534, 0)] source3/smbd/files.c:1278(openat_pathref_fsp_nosymlink)
  openat_pathref_fsp_nosymlink: returning debian-preseed-s4.iso
[2026/05/19 08:41:20.518565, 10, pid=3899112, effective(65534, 65534), real(65534, 0)] source3/smbd/dosmode.c:692(fdos_mode)
  fdos_mode: debian-preseed-s4.iso
[2026/05/19 08:41:20.518590,  5, pid=3899112, effective(65534, 65534), real(65534, 0)] source3/smbd/dosmode.c:391(fget_ea_dos_attribute)
  fget_ea_dos_attribute: Cannot get attribute from EA on file debian-preseed-s4.iso: Error = No data available
[2026/05/19 08:41:20.518617,  5, pid=3899112, effective(65534, 65534), real(65534, 0)] source3/smbd/dosmode.c:68(dos_mode_debug_print)
  dos_mode_debug_print: fdos_mode returning (0x80): ""
[2026/05/19 08:41:20.518638, 10, pid=3899112, effective(65534, 65534), real(65534, 0)] source3/lib/g_lock.c:1655(g_lock_dump)
  g_lock_dump: dbwrap_parse_record returned NT_STATUS_NOT_FOUND
[2026/05/19 08:41:20.518657, 10, pid=3899112, effective(65534, 65534), real(65534, 0), class=locking] source3/locking/share_mode_lock.c:1570(fetch_share_mode_unlocked)
  fetch_share_mode_unlocked: g_lock_dump failed: NT_STATUS_NOT_FOUND
[2026/05/19 08:41:20.518676,  3, pid=3899112, effective(65534, 65534), real(65534, 0)] source3/smbd/dir.c:799(smbd_dirptr_get_entry)
  smbd_dirptr_get_entry: mask=[*] found debian-preseed-s4.iso fname=debian-preseed-s4.iso (debian-preseed-s4.iso)
[2026/05/19 08:41:20.518696, 10, pid=3899112, effective(65534, 65534), real(65534, 0)] source3/smbd/smb2_trans2.c:1179(smbd_marshall_dir_entry)
  smbd_marshall_dir_entry: space_remaining = 10328
[2026/05/19 08:41:20.518714, 10, pid=3899112, effective(65534, 65534), real(65534, 0)] source3/smbd/smb2_trans2.c:1698(smbd_marshall_dir_entry)
  smbd_marshall_dir_entry: SMB_FIND_FILE_UNIX
[2026/05/19 08:41:20.518731, 10, pid=3899112, effective(65534, 65534), real(65534, 0)] source3/smbd/smb2_trans2.c:2779(store_file_unix_basic)
  store_file_unix_basic: SMB_QUERY_FILE_UNIX_BASIC
[2026/05/19 08:41:20.518748,  4, pid=3899112, effective(65534, 65534), real(65534, 0)] source3/smbd/smb2_trans2.c:2780(store_file_unix_basic)
  store_file_unix_basic: st_mode=100644
[2026/05/19 08:41:20.518771,  5, pid=3899112, effective(65534, 65534), real(65534, 0)] source3/smbd/files.c:1985(file_free)
  file_free: freed files structure 0 (2 used)
[2026/05/19 08:41:20.518791, 10, pid=3899112, effective(65534, 65534), real(65534, 0)] source3/smbd/dir.c:568(smbd_dirptr_get_entry)
  smbd_dirptr_get_entry: dir [.] dirptr [0x6087dc18bdb0] offset [40] => dname [debian-preseed-s12.iso.preseed-sha256]
[2026/05/19 08:41:20.518820, 10, pid=3899112, effective(65534, 65534), real(65534, 0)] source3/smbd/files.c:868(openat_pathref_fsp_nosymlink)
  openat_pathref_fsp_nosymlink: path_in=debian-preseed-s12.iso.preseed-sha256
[2026/05/19 08:41:20.518839,  5, pid=3899112, effective(65534, 65534), real(65534, 0)] source3/smbd/files.c:77(fsp_new)
  fsp_new: allocated files structure (3 used)
[2026/05/19 08:41:20.518888, 10, pid=3899112, effective(65534, 65534), real(65534, 0)] source3/smbd/files.c:2198(file_name_hash)
  file_name_hash: /var/samba/public/debian-preseed-s12.iso.preseed-sha256 hash 0x258f0baf
[2026/05/19 08:41:20.518915, 10, pid=3899112, effective(65534, 65534), real(65534, 0)] source3/smbd/files.c:1278(openat_pathref_fsp_nosymlink)
  openat_pathref_fsp_nosymlink: returning debian-preseed-s12.iso.preseed-sha256
[2026/05/19 08:41:20.518934, 10, pid=3899112, effective(65534, 65534), real(65534, 0)] source3/smbd/dosmode.c:692(fdos_mode)
  fdos_mode: debian-preseed-s12.iso.preseed-sha256
[2026/05/19 08:41:20.518960,  5, pid=3899112, effective(65534, 65534), real(65534, 0)] source3/smbd/dosmode.c:391(fget_ea_dos_attribute)
  fget_ea_dos_attribute: Cannot get attribute from EA on file debian-preseed-s12.iso.preseed-sha256: Error = No data available
[2026/05/19 08:41:20.518981,  5, pid=3899112, effective(65534, 65534), real(65534, 0)] source3/smbd/dosmode.c:68(dos_mode_debug_print)
  dos_mode_debug_print: fdos_mode returning (0x80): ""
[2026/05/19 08:41:20.519001, 10, pid=3899112, effective(65534, 65534), real(65534, 0)] source3/lib/g_lock.c:1655(g_lock_dump)
  g_lock_dump: dbwrap_parse_record returned NT_STATUS_NOT_FOUND
[2026/05/19 08:41:20.519021, 10, pid=3899112, effective(65534, 65534), real(65534, 0), class=locking] source3/locking/share_mode_lock.c:1570(fetch_share_mode_unlocked)
  fetch_share_mode_unlocked: g_lock_dump failed: NT_STATUS_NOT_FOUND
[2026/05/19 08:41:20.519040,  3, pid=3899112, effective(65534, 65534), real(65534, 0)] source3/smbd/dir.c:799(smbd_dirptr_get_entry)
  smbd_dirptr_get_entry: mask=[*] found debian-preseed-s12.iso.preseed-sha256 fname=debian-preseed-s12.iso.preseed-sha256 (debian-preseed-s12.iso.preseed-sha256)
[2026/05/19 08:41:20.519060, 10, pid=3899112, effective(65534, 65534), real(65534, 0)] source3/smbd/smb2_trans2.c:1179(smbd_marshall_dir_entry)
  smbd_marshall_dir_entry: space_remaining = 10176
[2026/05/19 08:41:20.519078, 10, pid=3899112, effective(65534, 65534), real(65534, 0)] source3/smbd/smb2_trans2.c:1698(smbd_marshall_dir_entry)
  smbd_marshall_dir_entry: SMB_FIND_FILE_UNIX
[2026/05/19 08:41:20.519095, 10, pid=3899112, effective(65534, 65534), real(65534, 0)] source3/smbd/smb2_trans2.c:2779(store_file_unix_basic)
  store_file_unix_basic: SMB_QUERY_FILE_UNIX_BASIC
[2026/05/19 08:41:20.519112,  4, pid=3899112, effective(65534, 65534), real(65534, 0)] source3/smbd/smb2_trans2.c:2780(store_file_unix_basic)
  store_file_unix_basic: st_mode=100664
[2026/05/19 08:41:20.519135,  5, pid=3899112, effective(65534, 65534), real(65534, 0)] source3/smbd/files.c:1985(file_free)
  file_free: freed files structure 0 (2 used)
[2026/05/19 08:41:20.519155, 10, pid=3899112, effective(65534, 65534), real(65534, 0)] source3/smbd/dir.c:568(smbd_dirptr_get_entry)
  smbd_dirptr_get_entry: dir [.] dirptr [0x6087dc18bdb0] offset [41] => dname [debian-preseed-s6.iso.preseed-sha256]
[2026/05/19 08:41:20.519176, 10, pid=3899112, effective(65534, 65534), real(65534, 0)] source3/smbd/files.c:868(openat_pathref_fsp_nosymlink)
  openat_pathref_fsp_nosymlink: path_in=debian-preseed-s6.iso.preseed-sha256
[2026/05/19 08:41:20.519195,  5, pid=3899112, effective(65534, 65534), real(65534, 0)] source3/smbd/files.c:77(fsp_new)
  fsp_new: allocated files structure (3 used)
[2026/05/19 08:41:20.519221, 10, pid=3899112, effective(65534, 65534), real(65534, 0)] source3/smbd/files.c:2198(file_name_hash)
  file_name_hash: /var/samba/public/debian-preseed-s6.iso.preseed-sha256 hash 0xee5389e6
[2026/05/19 08:41:20.519244, 10, pid=3899112, effective(65534, 65534), real(65534, 0)] source3/smbd/files.c:1278(openat_pathref_fsp_nosymlink)
  openat_pathref_fsp_nosymlink: returning debian-preseed-s6.iso.preseed-sha256
[2026/05/19 08:41:20.519262, 10, pid=3899112, effective(65534, 65534), real(65534, 0)] source3/smbd/dosmode.c:692(fdos_mode)
  fdos_mode: debian-preseed-s6.iso.preseed-sha256
[2026/05/19 08:41:20.519292,  5, pid=3899112, effective(65534, 65534), real(65534, 0)] source3/smbd/dosmode.c:391(fget_ea_dos_attribute)
  fget_ea_dos_attribute: Cannot get attribute from EA on file debian-preseed-s6.iso.preseed-sha256: Error = No data available
[2026/05/19 08:41:20.519314,  5, pid=3899112, effective(65534, 65534), real(65534, 0)] source3/smbd/dosmode.c:68(dos_mode_debug_print)
  dos_mode_debug_print: fdos_mode returning (0x80): ""
[2026/05/19 08:41:20.519334, 10, pid=3899112, effective(65534, 65534), real(65534, 0)] source3/lib/g_lock.c:1655(g_lock_dump)
  g_lock_dump: dbwrap_parse_record returned NT_STATUS_NOT_FOUND
[2026/05/19 08:41:20.519353, 10, pid=3899112, effective(65534, 65534), real(65534, 0), class=locking] source3/locking/share_mode_lock.c:1570(fetch_share_mode_unlocked)
  fetch_share_mode_unlocked: g_lock_dump failed: NT_STATUS_NOT_FOUND
[2026/05/19 08:41:20.519373,  3, pid=3899112, effective(65534, 65534), real(65534, 0)] source3/smbd/dir.c:799(smbd_dirptr_get_entry)
  smbd_dirptr_get_entry: mask=[*] found debian-preseed-s6.iso.preseed-sha256 fname=debian-preseed-s6.iso.preseed-sha256 (debian-preseed-s6.iso.preseed-sha256)
[2026/05/19 08:41:20.519393, 10, pid=3899112, effective(65534, 65534), real(65534, 0)] source3/smbd/smb2_trans2.c:1179(smbd_marshall_dir_entry)
  smbd_marshall_dir_entry: space_remaining = 9992
[2026/05/19 08:41:20.519411, 10, pid=3899112, effective(65534, 65534), real(65534, 0)] source3/smbd/smb2_trans2.c:1698(smbd_marshall_dir_entry)
  smbd_marshall_dir_entry: SMB_FIND_FILE_UNIX
[2026/05/19 08:41:20.519428, 10, pid=3899112, effective(65534, 65534), real(65534, 0)] source3/smbd/smb2_trans2.c:2779(store_file_unix_basic)
  store_file_unix_basic: SMB_QUERY_FILE_UNIX_BASIC
[2026/05/19 08:41:20.519444,  4, pid=3899112, effective(65534, 65534), real(65534, 0)] source3/smbd/smb2_trans2.c:2780(store_file_unix_basic)
  store_file_unix_basic: st_mode=100664
[2026/05/19 08:41:20.519468,  5, pid=3899112, effective(65534, 65534), real(65534, 0)] source3/smbd/files.c:1985(file_free)
  file_free: freed files structure 0 (2 used)
[2026/05/19 08:41:20.519488, 10, pid=3899112, effective(65534, 65534), real(65534, 0)] source3/smbd/dir.c:568(smbd_dirptr_get_entry)
  smbd_dirptr_get_entry: dir [.] dirptr [0x6087dc18bdb0] offset [42] => dname [SAS-RAID_Firmware_25.5.9.0001.BIN]
[2026/05/19 08:41:20.519509, 10, pid=3899112, effective(65534, 65534), real(65534, 0)] source3/smbd/files.c:868(openat_pathref_fsp_nosymlink)
  openat_pathref_fsp_nosymlink: path_in=SAS-RAID_Firmware_25.5.9.0001.BIN
[2026/05/19 08:41:20.519527,  5, pid=3899112, effective(65534, 65534), real(65534, 0)] source3/smbd/files.c:77(fsp_new)
  fsp_new: allocated files structure (3 used)
[2026/05/19 08:41:20.519554, 10, pid=3899112, effective(65534, 65534), real(65534, 0)] source3/smbd/files.c:2198(file_name_hash)
  file_name_hash: /var/samba/public/SAS-RAID_Firmware_25.5.9.0001.BIN hash 0xb6240d47
[2026/05/19 08:41:20.519577, 10, pid=3899112, effective(65534, 65534), real(65534, 0)] source3/smbd/files.c:1278(openat_pathref_fsp_nosymlink)
  openat_pathref_fsp_nosymlink: returning SAS-RAID_Firmware_25.5.9.0001.BIN
[2026/05/19 08:41:20.519595, 10, pid=3899112, effective(65534, 65534), real(65534, 0)] source3/smbd/dosmode.c:692(fdos_mode)
  fdos_mode: SAS-RAID_Firmware_25.5.9.0001.BIN
[2026/05/19 08:41:20.519621,  5, pid=3899112, effective(65534, 65534), real(65534, 0)] source3/smbd/dosmode.c:391(fget_ea_dos_attribute)
  fget_ea_dos_attribute: Cannot get attribute from EA on file SAS-RAID_Firmware_25.5.9.0001.BIN: Error = No data available
[2026/05/19 08:41:20.519642,  5, pid=3899112, effective(65534, 65534), real(65534, 0)] source3/smbd/dosmode.c:68(dos_mode_debug_print)
  dos_mode_debug_print: fdos_mode returning (0x80): ""
[2026/05/19 08:41:20.519662, 10, pid=3899112, effective(65534, 65534), real(65534, 0)] source3/lib/g_lock.c:1655(g_lock_dump)
  g_lock_dump: dbwrap_parse_record returned NT_STATUS_NOT_FOUND
[2026/05/19 08:41:20.519681, 10, pid=3899112, effective(65534, 65534), real(65534, 0), class=locking] source3/locking/share_mode_lock.c:1570(fetch_share_mode_unlocked)
  fetch_share_mode_unlocked: g_lock_dump failed: NT_STATUS_NOT_FOUND
[2026/05/19 08:41:20.519705,  3, pid=3899112, effective(65534, 65534), real(65534, 0)] source3/smbd/dir.c:799(smbd_dirptr_get_entry)
  smbd_dirptr_get_entry: mask=[*] found SAS-RAID_Firmware_25.5.9.0001.BIN fname=SAS-RAID_Firmware_25.5.9.0001.BIN (SAS-RAID_Firmware_25.5.9.0001.BIN)
[2026/05/19 08:41:20.519726, 10, pid=3899112, effective(65534, 65534), real(65534, 0)] source3/smbd/smb2_trans2.c:1179(smbd_marshall_dir_entry)
  smbd_marshall_dir_entry: space_remaining = 9808
[2026/05/19 08:41:20.519743, 10, pid=3899112, effective(65534, 65534), real(65534, 0)] source3/smbd/smb2_trans2.c:1698(smbd_marshall_dir_entry)
  smbd_marshall_dir_entry: SMB_FIND_FILE_UNIX
[2026/05/19 08:41:20.519760, 10, pid=3899112, effective(65534, 65534), real(65534, 0)] source3/smbd/smb2_trans2.c:2779(store_file_unix_basic)
  store_file_unix_basic: SMB_QUERY_FILE_UNIX_BASIC
[2026/05/19 08:41:20.519777,  4, pid=3899112, effective(65534, 65534), real(65534, 0)] source3/smbd/smb2_trans2.c:2780(store_file_unix_basic)
  store_file_unix_basic: st_mode=100664
[2026/05/19 08:41:20.519810,  5, pid=3899112, effective(65534, 65534), real(65534, 0)] source3/smbd/files.c:1985(file_free)
  file_free: freed files structure 0 (2 used)
[2026/05/19 08:41:20.519830, 10, pid=3899112, effective(65534, 65534), real(65534, 0)] source3/smbd/dir.c:568(smbd_dirptr_get_entry)
  smbd_dirptr_get_entry: dir [.] dirptr [0x6087dc18bdb0] offset [43] => dname [debian-preseed-s11.iso.preseed-sha256]
[2026/05/19 08:41:20.519851, 10, pid=3899112, effective(65534, 65534), real(65534, 0)] source3/smbd/files.c:868(openat_pathref_fsp_nosymlink)
  openat_pathref_fsp_nosymlink: path_in=debian-preseed-s11.iso.preseed-sha256
[2026/05/19 08:41:20.519883,  5, pid=3899112, effective(65534, 65534), real(65534, 0)] source3/smbd/files.c:77(fsp_new)
  fsp_new: allocated files structure (3 used)
[2026/05/19 08:41:20.519910, 10, pid=3899112, effective(65534, 65534), real(65534, 0)] source3/smbd/files.c:2198(file_name_hash)
  file_name_hash: /var/samba/public/debian-preseed-s11.iso.preseed-sha256 hash 0xe7dfe00f
[2026/05/19 08:41:20.519934, 10, pid=3899112, effective(65534, 65534), real(65534, 0)] source3/smbd/files.c:1278(openat_pathref_fsp_nosymlink)
  openat_pathref_fsp_nosymlink: returning debian-preseed-s11.iso.preseed-sha256
[2026/05/19 08:41:20.519952, 10, pid=3899112, effective(65534, 65534), real(65534, 0)] source3/smbd/dosmode.c:692(fdos_mode)
  fdos_mode: debian-preseed-s11.iso.preseed-sha256
[2026/05/19 08:41:20.519978,  5, pid=3899112, effective(65534, 65534), real(65534, 0)] source3/smbd/dosmode.c:391(fget_ea_dos_attribute)
  fget_ea_dos_attribute: Cannot get attribute from EA on file debian-preseed-s11.iso.preseed-sha256: Error = No data available
[2026/05/19 08:41:20.520005,  5, pid=3899112, effective(65534, 65534), real(65534, 0)] source3/smbd/dosmode.c:68(dos_mode_debug_print)
  dos_mode_debug_print: fdos_mode returning (0x80): ""
[2026/05/19 08:41:20.520041, 10, pid=3899112, effective(65534, 65534), real(65534, 0)] source3/lib/g_lock.c:1655(g_lock_dump)
  g_lock_dump: dbwrap_parse_record returned NT_STATUS_NOT_FOUND
[2026/05/19 08:41:20.520060, 10, pid=3899112, effective(65534, 65534), real(65534, 0), class=locking] source3/locking/share_mode_lock.c:1570(fetch_share_mode_unlocked)
  fetch_share_mode_unlocked: g_lock_dump failed: NT_STATUS_NOT_FOUND
[2026/05/19 08:41:20.520079,  3, pid=3899112, effective(65534, 65534), real(65534, 0)] source3/smbd/dir.c:799(smbd_dirptr_get_entry)
  smbd_dirptr_get_entry: mask=[*] found debian-preseed-s11.iso.preseed-sha256 fname=debian-preseed-s11.iso.preseed-sha256 (debian-preseed-s11.iso.preseed-sha256)
[2026/05/19 08:41:20.520100, 10, pid=3899112, effective(65534, 65534), real(65534, 0)] source3/smbd/smb2_trans2.c:1179(smbd_marshall_dir_entry)
  smbd_marshall_dir_entry: space_remaining = 9632
[2026/05/19 08:41:20.520117, 10, pid=3899112, effective(65534, 65534), real(65534, 0)] source3/smbd/smb2_trans2.c:1698(smbd_marshall_dir_entry)
  smbd_marshall_dir_entry: SMB_FIND_FILE_UNIX
[2026/05/19 08:41:20.520139, 10, pid=3899112, effective(65534, 65534), real(65534, 0)] source3/smbd/smb2_trans2.c:2779(store_file_unix_basic)
  store_file_unix_basic: SMB_QUERY_FILE_UNIX_BASIC
[2026/05/19 08:41:20.520157,  4, pid=3899112, effective(65534, 65534), real(65534, 0)] source3/smbd/smb2_trans2.c:2780(store_file_unix_basic)
  store_file_unix_basic: st_mode=100664
[2026/05/19 08:41:20.520181,  5, pid=3899112, effective(65534, 65534), real(65534, 0)] source3/smbd/files.c:1985(file_free)
  file_free: freed files structure 0 (2 used)
[2026/05/19 08:41:20.520201, 10, pid=3899112, effective(65534, 65534), real(65534, 0)] source3/smbd/dir.c:568(smbd_dirptr_get_entry)
  smbd_dirptr_get_entry: dir [.] dirptr [0x6087dc18bdb0] offset [44] => dname [debian-preseed-s14-v5.iso]
[2026/05/19 08:41:20.520222, 10, pid=3899112, effective(65534, 65534), real(65534, 0)] source3/smbd/files.c:868(openat_pathref_fsp_nosymlink)
  openat_pathref_fsp_nosymlink: path_in=debian-preseed-s14-v5.iso
[2026/05/19 08:41:20.520240,  5, pid=3899112, effective(65534, 65534), real(65534, 0)] source3/smbd/files.c:77(fsp_new)
  fsp_new: allocated files structure (3 used)
[2026/05/19 08:41:20.520267, 10, pid=3899112, effective(65534, 65534), real(65534, 0)] source3/smbd/files.c:2198(file_name_hash)
  file_name_hash: /var/samba/public/debian-preseed-s14-v5.iso hash 0x35ba58f2
[2026/05/19 08:41:20.520290, 10, pid=3899112, effective(65534, 65534), real(65534, 0)] source3/smbd/files.c:1278(openat_pathref_fsp_nosymlink)
  openat_pathref_fsp_nosymlink: returning debian-preseed-s14-v5.iso
[2026/05/19 08:41:20.520309, 10, pid=3899112, effective(65534, 65534), real(65534, 0)] source3/smbd/dosmode.c:692(fdos_mode)
  fdos_mode: debian-preseed-s14-v5.iso
[2026/05/19 08:41:20.520334,  5, pid=3899112, effective(65534, 65534), real(65534, 0)] source3/smbd/dosmode.c:391(fget_ea_dos_attribute)
  fget_ea_dos_attribute: Cannot get attribute from EA on file debian-preseed-s14-v5.iso: Error = No data available
[2026/05/19 08:41:20.520355,  5, pid=3899112, effective(65534, 65534), real(65534, 0)] source3/smbd/dosmode.c:68(dos_mode_debug_print)
  dos_mode_debug_print: fdos_mode returning (0x80): ""
[2026/05/19 08:41:20.520381, 10, pid=3899112, effective(65534, 65534), real(65534, 0)] source3/lib/g_lock.c:1655(g_lock_dump)
  g_lock_dump: dbwrap_parse_record returned NT_STATUS_NOT_FOUND
[2026/05/19 08:41:20.520401, 10, pid=3899112, effective(65534, 65534), real(65534, 0), class=locking] source3/locking/share_mode_lock.c:1570(fetch_share_mode_unlocked)
  fetch_share_mode_unlocked: g_lock_dump failed: NT_STATUS_NOT_FOUND
[2026/05/19 08:41:20.520420,  3, pid=3899112, effective(65534, 65534), real(65534, 0)] source3/smbd/dir.c:799(smbd_dirptr_get_entry)
  smbd_dirptr_get_entry: mask=[*] found debian-preseed-s14-v5.iso fname=debian-preseed-s14-v5.iso (debian-preseed-s14-v5.iso)
[2026/05/19 08:41:20.520441, 10, pid=3899112, effective(65534, 65534), real(65534, 0)] source3/smbd/smb2_trans2.c:1179(smbd_marshall_dir_entry)
  smbd_marshall_dir_entry: space_remaining = 9448
[2026/05/19 08:41:20.520458, 10, pid=3899112, effective(65534, 65534), real(65534, 0)] source3/smbd/smb2_trans2.c:1698(smbd_marshall_dir_entry)
  smbd_marshall_dir_entry: SMB_FIND_FILE_UNIX
[2026/05/19 08:41:20.520475, 10, pid=3899112, effective(65534, 65534), real(65534, 0)] source3/smbd/smb2_trans2.c:2779(store_file_unix_basic)
  store_file_unix_basic: SMB_QUERY_FILE_UNIX_BASIC
[2026/05/19 08:41:20.520492,  4, pid=3899112, effective(65534, 65534), real(65534, 0)] source3/smbd/smb2_trans2.c:2780(store_file_unix_basic)
  store_file_unix_basic: st_mode=100644
[2026/05/19 08:41:20.520516,  5, pid=3899112, effective(65534, 65534), real(65534, 0)] source3/smbd/files.c:1985(file_free)
  file_free: freed files structure 0 (2 used)
[2026/05/19 08:41:20.520535, 10, pid=3899112, effective(65534, 65534), real(65534, 0)] source3/smbd/dir.c:568(smbd_dirptr_get_entry)
  smbd_dirptr_get_entry: dir [.] dirptr [0x6087dc18bdb0] offset [45] => dname [debian-preseed-s15.iso.preseed-sha256]
[2026/05/19 08:41:20.520562, 10, pid=3899112, effective(65534, 65534), real(65534, 0)] source3/smbd/files.c:868(openat_pathref_fsp_nosymlink)
  openat_pathref_fsp_nosymlink: path_in=debian-preseed-s15.iso.preseed-sha256
[2026/05/19 08:41:20.520580,  5, pid=3899112, effective(65534, 65534), real(65534, 0)] source3/smbd/files.c:77(fsp_new)
  fsp_new: allocated files structure (3 used)
[2026/05/19 08:41:20.520607, 10, pid=3899112, effective(65534, 65534), real(65534, 0)] source3/smbd/files.c:2198(file_name_hash)
  file_name_hash: /var/samba/public/debian-preseed-s15.iso.preseed-sha256 hash 0x5c083cef
[2026/05/19 08:41:20.520630, 10, pid=3899112, effective(65534, 65534), real(65534, 0)] source3/smbd/files.c:1278(openat_pathref_fsp_nosymlink)
  openat_pathref_fsp_nosymlink: returning debian-preseed-s15.iso.preseed-sha256
[2026/05/19 08:41:20.520649, 10, pid=3899112, effective(65534, 65534), real(65534, 0)] source3/smbd/dosmode.c:692(fdos_mode)
  fdos_mode: debian-preseed-s15.iso.preseed-sha256
[2026/05/19 08:41:20.520674,  5, pid=3899112, effective(65534, 65534), real(65534, 0)] source3/smbd/dosmode.c:391(fget_ea_dos_attribute)
  fget_ea_dos_attribute: Cannot get attribute from EA on file debian-preseed-s15.iso.preseed-sha256: Error = No data available
[2026/05/19 08:41:20.520695,  5, pid=3899112, effective(65534, 65534), real(65534, 0)] source3/smbd/dosmode.c:68(dos_mode_debug_print)
  dos_mode_debug_print: fdos_mode returning (0x80): ""
[2026/05/19 08:41:20.520716, 10, pid=3899112, effective(65534, 65534), real(65534, 0)] source3/lib/g_lock.c:1655(g_lock_dump)
  g_lock_dump: dbwrap_parse_record returned NT_STATUS_NOT_FOUND
[2026/05/19 08:41:20.520735, 10, pid=3899112, effective(65534, 65534), real(65534, 0), class=locking] source3/locking/share_mode_lock.c:1570(fetch_share_mode_unlocked)
  fetch_share_mode_unlocked: g_lock_dump failed: NT_STATUS_NOT_FOUND
[2026/05/19 08:41:20.520754,  3, pid=3899112, effective(65534, 65534), real(65534, 0)] source3/smbd/dir.c:799(smbd_dirptr_get_entry)
  smbd_dirptr_get_entry: mask=[*] found debian-preseed-s15.iso.preseed-sha256 fname=debian-preseed-s15.iso.preseed-sha256 (debian-preseed-s15.iso.preseed-sha256)
[2026/05/19 08:41:20.520774, 10, pid=3899112, effective(65534, 65534), real(65534, 0)] source3/smbd/smb2_trans2.c:1179(smbd_marshall_dir_entry)
  smbd_marshall_dir_entry: space_remaining = 9288
[2026/05/19 08:41:20.520801, 10, pid=3899112, effective(65534, 65534), real(65534, 0)] source3/smbd/smb2_trans2.c:1698(smbd_marshall_dir_entry)
  smbd_marshall_dir_entry: SMB_FIND_FILE_UNIX
[2026/05/19 08:41:20.520818, 10, pid=3899112, effective(65534, 65534), real(65534, 0)] source3/smbd/smb2_trans2.c:2779(store_file_unix_basic)
  store_file_unix_basic: SMB_QUERY_FILE_UNIX_BASIC
[2026/05/19 08:41:20.520835,  4, pid=3899112, effective(65534, 65534), real(65534, 0)] source3/smbd/smb2_trans2.c:2780(store_file_unix_basic)
  store_file_unix_basic: st_mode=100664
[2026/05/19 08:41:20.520859,  5, pid=3899112, effective(65534, 65534), real(65534, 0)] source3/smbd/files.c:1985(file_free)
  file_free: freed files structure 0 (2 used)
[2026/05/19 08:41:20.520894, 10, pid=3899112, effective(65534, 65534), real(65534, 0)] source3/smbd/dir.c:568(smbd_dirptr_get_entry)
  smbd_dirptr_get_entry: dir [.] dirptr [0x6087dc18bdb0] offset [46] => dname [debian-preseed-s5.iso.preseed-sha256]
[2026/05/19 08:41:20.520916, 10, pid=3899112, effective(65534, 65534), real(65534, 0)] source3/smbd/files.c:868(openat_pathref_fsp_nosymlink)
  openat_pathref_fsp_nosymlink: path_in=debian-preseed-s5.iso.preseed-sha256
[2026/05/19 08:41:20.520935,  5, pid=3899112, effective(65534, 65534), real(65534, 0)] source3/smbd/files.c:77(fsp_new)
  fsp_new: allocated files structure (3 used)
[2026/05/19 08:41:20.520961, 10, pid=3899112, effective(65534, 65534), real(65534, 0)] source3/smbd/files.c:2198(file_name_hash)
  file_name_hash: /var/samba/public/debian-preseed-s5.iso.preseed-sha256 hash 0x852ea435
[2026/05/19 08:41:20.520984, 10, pid=3899112, effective(65534, 65534), real(65534, 0)] source3/smbd/files.c:1278(openat_pathref_fsp_nosymlink)
  openat_pathref_fsp_nosymlink: returning debian-preseed-s5.iso.preseed-sha256
[2026/05/19 08:41:20.521007, 10, pid=3899112, effective(65534, 65534), real(65534, 0)] source3/smbd/dosmode.c:692(fdos_mode)
  fdos_mode: debian-preseed-s5.iso.preseed-sha256
[2026/05/19 08:41:20.521033,  5, pid=3899112, effective(65534, 65534), real(65534, 0)] source3/smbd/dosmode.c:391(fget_ea_dos_attribute)
  fget_ea_dos_attribute: Cannot get attribute from EA on file debian-preseed-s5.iso.preseed-sha256: Error = No data available
[2026/05/19 08:41:20.521054,  5, pid=3899112, effective(65534, 65534), real(65534, 0)] source3/smbd/dosmode.c:68(dos_mode_debug_print)
  dos_mode_debug_print: fdos_mode returning (0x80): ""
[2026/05/19 08:41:20.521075, 10, pid=3899112, effective(65534, 65534), real(65534, 0)] source3/lib/g_lock.c:1655(g_lock_dump)
  g_lock_dump: dbwrap_parse_record returned NT_STATUS_NOT_FOUND
[2026/05/19 08:41:20.521094, 10, pid=3899112, effective(65534, 65534), real(65534, 0), class=locking] source3/locking/share_mode_lock.c:1570(fetch_share_mode_unlocked)
  fetch_share_mode_unlocked: g_lock_dump failed: NT_STATUS_NOT_FOUND
[2026/05/19 08:41:20.521113,  3, pid=3899112, effective(65534, 65534), real(65534, 0)] source3/smbd/dir.c:799(smbd_dirptr_get_entry)
  smbd_dirptr_get_entry: mask=[*] found debian-preseed-s5.iso.preseed-sha256 fname=debian-preseed-s5.iso.preseed-sha256 (debian-preseed-s5.iso.preseed-sha256)
[2026/05/19 08:41:20.521134, 10, pid=3899112, effective(65534, 65534), real(65534, 0)] source3/smbd/smb2_trans2.c:1179(smbd_marshall_dir_entry)
  smbd_marshall_dir_entry: space_remaining = 9104
[2026/05/19 08:41:20.521151, 10, pid=3899112, effective(65534, 65534), real(65534, 0)] source3/smbd/smb2_trans2.c:1698(smbd_marshall_dir_entry)
  smbd_marshall_dir_entry: SMB_FIND_FILE_UNIX
[2026/05/19 08:41:20.521168, 10, pid=3899112, effective(65534, 65534), real(65534, 0)] source3/smbd/smb2_trans2.c:2779(store_file_unix_basic)
  store_file_unix_basic: SMB_QUERY_FILE_UNIX_BASIC
[2026/05/19 08:41:20.521185,  4, pid=3899112, effective(65534, 65534), real(65534, 0)] source3/smbd/smb2_trans2.c:2780(store_file_unix_basic)
  store_file_unix_basic: st_mode=100664
[2026/05/19 08:41:20.521209,  5, pid=3899112, effective(65534, 65534), real(65534, 0)] source3/smbd/files.c:1985(file_free)
  file_free: freed files structure 0 (2 used)
[2026/05/19 08:41:20.521229, 10, pid=3899112, effective(65534, 65534), real(65534, 0)] source3/smbd/dir.c:568(smbd_dirptr_get_entry)
  smbd_dirptr_get_entry: dir [.] dirptr [0x6087dc18bdb0] offset [47] => dname [grub-memtest.iso]
[2026/05/19 08:41:20.521249, 10, pid=3899112, effective(65534, 65534), real(65534, 0)] source3/smbd/files.c:868(openat_pathref_fsp_nosymlink)
  openat_pathref_fsp_nosymlink: path_in=grub-memtest.iso
[2026/05/19 08:41:20.521267,  5, pid=3899112, effective(65534, 65534), real(65534, 0)] source3/smbd/files.c:77(fsp_new)
  fsp_new: allocated files structure (3 used)
[2026/05/19 08:41:20.521294, 10, pid=3899112, effective(65534, 65534), real(65534, 0)] source3/smbd/files.c:2198(file_name_hash)
  file_name_hash: /var/samba/public/grub-memtest.iso hash 0x38e9897a
[2026/05/19 08:41:20.521317, 10, pid=3899112, effective(65534, 65534), real(65534, 0)] source3/smbd/files.c:1278(openat_pathref_fsp_nosymlink)
  openat_pathref_fsp_nosymlink: returning grub-memtest.iso
[2026/05/19 08:41:20.521335, 10, pid=3899112, effective(65534, 65534), real(65534, 0)] source3/smbd/dosmode.c:692(fdos_mode)
  fdos_mode: grub-memtest.iso
[2026/05/19 08:41:20.521360,  5, pid=3899112, effective(65534, 65534), real(65534, 0)] source3/smbd/dosmode.c:391(fget_ea_dos_attribute)
  fget_ea_dos_attribute: Cannot get attribute from EA on file grub-memtest.iso: Error = No data available
[2026/05/19 08:41:20.521381,  5, pid=3899112, effective(65534, 65534), real(65534, 0)] source3/smbd/dosmode.c:68(dos_mode_debug_print)
  dos_mode_debug_print: fdos_mode returning (0x80): ""
[2026/05/19 08:41:20.521402, 10, pid=3899112, effective(65534, 65534), real(65534, 0)] source3/lib/g_lock.c:1655(g_lock_dump)
  g_lock_dump: dbwrap_parse_record returned NT_STATUS_NOT_FOUND
[2026/05/19 08:41:20.521425, 10, pid=3899112, effective(65534, 65534), real(65534, 0), class=locking] source3/locking/share_mode_lock.c:1570(fetch_share_mode_unlocked)
  fetch_share_mode_unlocked: g_lock_dump failed: NT_STATUS_NOT_FOUND
[2026/05/19 08:41:20.521444,  3, pid=3899112, effective(65534, 65534), real(65534, 0)] source3/smbd/dir.c:799(smbd_dirptr_get_entry)
  smbd_dirptr_get_entry: mask=[*] found grub-memtest.iso fname=grub-memtest.iso (grub-memtest.iso)
[2026/05/19 08:41:20.521465, 10, pid=3899112, effective(65534, 65534), real(65534, 0)] source3/smbd/smb2_trans2.c:1179(smbd_marshall_dir_entry)
  smbd_marshall_dir_entry: space_remaining = 8920
[2026/05/19 08:41:20.521482, 10, pid=3899112, effective(65534, 65534), real(65534, 0)] source3/smbd/smb2_trans2.c:1698(smbd_marshall_dir_entry)
  smbd_marshall_dir_entry: SMB_FIND_FILE_UNIX
[2026/05/19 08:41:20.521499, 10, pid=3899112, effective(65534, 65534), real(65534, 0)] source3/smbd/smb2_trans2.c:2779(store_file_unix_basic)
  store_file_unix_basic: SMB_QUERY_FILE_UNIX_BASIC
[2026/05/19 08:41:20.521516,  4, pid=3899112, effective(65534, 65534), real(65534, 0)] source3/smbd/smb2_trans2.c:2780(store_file_unix_basic)
  store_file_unix_basic: st_mode=100664
[2026/05/19 08:41:20.521539,  5, pid=3899112, effective(65534, 65534), real(65534, 0)] source3/smbd/files.c:1985(file_free)
  file_free: freed files structure 0 (2 used)
[2026/05/19 08:41:20.521561, 10, pid=3899112, effective(65534, 65534), real(65534, 0)] source3/smbd/dir.c:568(smbd_dirptr_get_entry)
  smbd_dirptr_get_entry: dir [.] dirptr [0x6087dc18bdb0] offset [47] => dname [(finished)]
[2026/05/19 08:41:20.521581,  5, pid=3899112, effective(65534, 65534), real(65534, 0)] source3/smbd/smb1_trans2.c:1160(call_trans2findfirst)
  call_trans2findfirst - (2) closing dptr_num 256
[2026/05/19 08:41:20.521604,  5, pid=3899112, effective(65534, 65534), real(65534, 0)] lib/dbwrap/dbwrap.c:172(dbwrap_lock_order_lock)
  dbwrap_lock_order_lock: check lock order 1 for /run/samba/locking.tdb
[2026/05/19 08:41:20.521623, 10, pid=3899112, effective(65534, 65534), real(65534, 0)] lib/dbwrap/dbwrap.c:157(debug_lock_order)
  lock order:  1:/run/samba/locking.tdb 2:<none> 3:<none> 4:<none>
[2026/05/19 08:41:20.521646, 10, pid=3899112, effective(65534, 65534), real(65534, 0), class=locking] source3/locking/share_mode_lock.c:322(share_mode_memcache_fetch)
  share_mode_memcache_fetch: fetched entry for file . epoch 2838e97cb43bb020 key 64512:16927250:0
[2026/05/19 08:41:20.521666, 10, pid=3899112, effective(65534, 65534), real(65534, 0), class=locking] source3/locking/share_mode_lock.c:990(get_share_mode_lock_internal)
  get_share_mode_lock_internal: Returning 64512:16927250:0 (data_cached=1 key_refcount=1)
[2026/05/19 08:41:20.521686, 10, pid=3899112, effective(65534, 65534), real(65534, 0), class=locking] source3/locking/locking.c:1007(find_delete_on_close_token)
  find_delete_on_close_token: name_hash = 0xb9bae796
[2026/05/19 08:41:20.521713, 10, pid=3899112, effective(65534, 65534), real(65534, 0), class=locking] source3/locking/share_mode_lock.c:2388(share_mode_entry_do)
  share_mode_entry_do: num_share_modes=1
[2026/05/19 08:41:20.521732, 10, pid=3899112, effective(65534, 65534), real(65534, 0), class=locking] source3/locking/share_mode_lock.c:1941(share_mode_entry_find)
  share_mode_entry_find: left=0, right=0, middle=0, middle_ptr=0x6087dc1ac0aa
[2026/05/19 08:41:20.521756, 10, pid=3899112, effective(65534, 65534), real(65534, 0), class=locking] source3/locking/share_mode_lock.c:2404(share_mode_entry_do)
  share_mode_entry_do: entry[0]:
[2026/05/19 08:41:20.521774,  1, pid=3899112, effective(65534, 65534), real(65534, 0), class=rpc_parse] source3/locking/share_mode_lock.c:2405(share_mode_entry_do)
       &e: struct share_mode_entry
          pid: struct server_id
              pid                      : 0x00000000003b7ee8 (3899112)
              task_id                  : 0x00000000 (0)
              vnn                      : 0xffffffff (4294967295)
              unique_id                : 0x76dc6b018ab7297a (8564838245718239610)
          op_mid                   : 0x000000000000003d (61)
          op_type                  : SHARE_MODE_ENTRY_OP_TYPE_NONE (0)
          client_guid              : 00000000-0000-0000-0000-000000000000
          lease_key: struct smb2_lease_key
              data: ARRAY(2)
                  data                     : 0x0000000000000000 (0)
                  data                     : 0x0000000000000000 (0)
          access_mask              : 0x00000001 (1)
          share_access             : 0x00000003 (3)
          private_options          : 0x00000000 (0)
          time                     : Tue May 19 08:41:20 AM 2026 JST.500316
          share_file_id            : 0x0000000000000074 (116)
          uid                      : 0x0000fffe (65534)
          flags                    : 0x0000 (0)
          name_hash                : 0xb9bae796 (3116033942)
          stale                    : 0x00 (0)
[2026/05/19 08:41:20.521952, 10, pid=3899112, effective(65534, 65534), real(65534, 0), class=locking] source3/locking/share_mode_lock.c:2410(share_mode_entry_do)
  share_mode_entry_do: entry[0]: modified=0, e.stale=1
[2026/05/19 08:41:20.521970, 10, pid=3899112, effective(65534, 65534), real(65534, 0), class=locking] source3/locking/share_mode_lock.c:2444(share_mode_entry_do)
  share_mode_entry_do: share_mode_entry:
[2026/05/19 08:41:20.521988,  1, pid=3899112, effective(65534, 65534), real(65534, 0), class=rpc_parse] source3/locking/share_mode_lock.c:2445(share_mode_entry_do)
       &e: struct share_mode_entry
          pid: struct server_id
              pid                      : 0x00000000003b7ee8 (3899112)
              task_id                  : 0x00000000 (0)
              vnn                      : 0xffffffff (4294967295)
              unique_id                : 0x76dc6b018ab7297a (8564838245718239610)
          op_mid                   : 0x000000000000003d (61)
          op_type                  : SHARE_MODE_ENTRY_OP_TYPE_NONE (0)
          client_guid              : 00000000-0000-0000-0000-000000000000
          lease_key: struct smb2_lease_key
              data: ARRAY(2)
                  data                     : 0x0000000000000000 (0)
                  data                     : 0x0000000000000000 (0)
          access_mask              : 0x00000001 (1)
          share_access             : 0x00000003 (3)
          private_options          : 0x00000000 (0)
          time                     : Tue May 19 08:41:20 AM 2026 JST.500316
          share_file_id            : 0x0000000000000074 (116)
          uid                      : 0x0000fffe (65534)
          flags                    : 0x0000 (0)
          name_hash                : 0xb9bae796 (3116033942)
          stale                    : 0x01 (1)
[2026/05/19 08:41:20.522130, 10, pid=3899112, effective(65534, 65534), real(65534, 0), class=locking] source3/locking/share_mode_lock.c:626(share_mode_data_ltdb_store)
  share_mode_data_ltdb_store: 
[2026/05/19 08:41:20.522148,  1, pid=3899112, effective(65534, 65534), real(65534, 0), class=rpc_parse] source3/locking/share_mode_lock.c:627(share_mode_data_ltdb_store)
       d: struct share_mode_data
          unique_content_epoch     : 0x2838e97cb43bb022 (2898323082021941282)
          flags                    : 0x00c8 (200)
                 0: SHARE_MODE_SHARE_DELETE  
                 1: SHARE_MODE_SHARE_WRITE   
                 1: SHARE_MODE_SHARE_READ    
                 0: SHARE_MODE_ACCESS_DELETE 
                 0: SHARE_MODE_ACCESS_WRITE  
                 1: SHARE_MODE_ACCESS_READ   
                 0: SHARE_MODE_LEASE_HANDLE  
                 0: SHARE_MODE_LEASE_WRITE   
                 0: SHARE_MODE_LEASE_READ    
          servicepath              : *
              servicepath              : '/var/samba/public'
          base_name                : *
              base_name                : '.'
          stream_name              : NULL
          num_delete_tokens        : 0x00000000 (0)
          delete_tokens: ARRAY(0)
          old_write_time           : NTTIME(0)
          changed_write_time       : NTTIME(0)
          not_stored               : 0x00 (0)
          modified                 : 0x01 (1)
          id: struct file_id
              devid                    : 0x000000000000fc00 (64512)
              inode                    : 0x0000000001024a12 (16927250)
              extid                    : 0x0000000000000000 (0)
[2026/05/19 08:41:20.522310, 10, pid=3899112, effective(65534, 65534), real(65534, 0), class=locking] source3/locking/share_mode_lock.c:676(share_mode_data_store)
  share_mode_data_store: not modified
[2026/05/19 08:41:20.522329,  5, pid=3899112, effective(65534, 65534), real(65534, 0)] lib/dbwrap/dbwrap.c:204(dbwrap_lock_order_unlock)
  dbwrap_lock_order_unlock: release lock order 1 for /run/samba/locking.tdb
[2026/05/19 08:41:20.522348, 10, pid=3899112, effective(65534, 65534), real(65534, 0)] source3/lib/dbwrap/dbwrap_watch.c:507(dbwrap_watched_record_prepare_wakeup)
  dbwrap_watched_record_prepare_wakeup: No watchers
[2026/05/19 08:41:20.522369, 10, pid=3899112, effective(65534, 65534), real(65534, 0)] source3/lib/dbwrap/dbwrap_watch.c:487(dbwrap_watched_do_locked)
  dbwrap_watched_do_locked: dbwrap_watched_do_locked_fn returned
[2026/05/19 08:41:20.522386, 10, pid=3899112, effective(65534, 65534), real(65534, 0)] source3/lib/dbwrap/dbwrap_watch.c:550(dbwrap_watched_trigger_wakeup)
  dbwrap_watched_trigger_wakeup: No one to wakeup
[2026/05/19 08:41:20.522404, 10, pid=3899112, effective(65534, 65534), real(65534, 0)] source3/lib/g_lock.c:1275(g_lock_lock)
  g_lock_lock: status=NT_STATUS_OK, state.status=NT_STATUS_WAS_UNLOCKED
[2026/05/19 08:41:20.522424,  5, pid=3899112, effective(65534, 65534), real(65534, 0)] source3/smbd/dir.c:330(dptr_CloseDir)
  dptr_CloseDir: closing dptr key 256
[2026/05/19 08:41:20.522454,  5, pid=3899112, effective(65534, 65534), real(65534, 0)] lib/dbwrap/dbwrap.c:172(dbwrap_lock_order_lock)
  dbwrap_lock_order_lock: check lock order 1 for /run/samba/smbXsrv_open_global.tdb
[2026/05/19 08:41:20.522472, 10, pid=3899112, effective(65534, 65534), real(65534, 0)] lib/dbwrap/dbwrap.c:157(debug_lock_order)
  lock order:  1:/run/samba/smbXsrv_open_global.tdb 2:<none> 3:<none> 4:<none>
[2026/05/19 08:41:20.522495,  5, pid=3899112, effective(65534, 65534), real(65534, 0)] lib/dbwrap/dbwrap.c:204(dbwrap_lock_order_unlock)
  dbwrap_lock_order_unlock: release lock order 1 for /run/samba/smbXsrv_open_global.tdb
[2026/05/19 08:41:20.522516,  5, pid=3899112, effective(65534, 65534), real(65534, 0)] source3/smbd/files.c:1985(file_free)
  file_free: freed files structure 16468 (1 used)
[2026/05/19 08:41:20.522547,  9, pid=3899112, effective(65534, 65534), real(65534, 0)] source3/smbd/smb1_trans2.c:230(send_trans2_replies)
  t2_rep: params_sent_thistime = 10, data_sent_thistime = 7608, useable_space = 16406
[2026/05/19 08:41:20.522566,  9, pid=3899112, effective(65534, 65534), real(65534, 0)] source3/smbd/smb1_trans2.c:232(send_trans2_replies)
  t2_rep: params_to_send = 10, data_to_send = 7608, paramsize = 10, datasize = 7608
[2026/05/19 08:41:20.522597,  5, pid=3899112, effective(65534, 65534), real(65534, 0)] source3/lib/util.c:150(show_msg)
  size=7676
  smb_com=0x32
  smb_rcls=0
  smb_reh=0
  smb_err=0
  smb_flg=128
  smb_flg2=51203
  smb_tid=18003
  smb_pid=1800
  smb_uid=2805
  smb_mid=61
  smt_wct=10
  smb_vwv[ 0]=   10 (0xA)
  smb_vwv[ 1]= 7608 (0x1DB8)
  smb_vwv[ 2]=    0 (0x0)
  smb_vwv[ 3]=   10 (0xA)
  smb_vwv[ 4]=   56 (0x38)
  smb_vwv[ 5]=    0 (0x0)
  smb_vwv[ 6]= 7608 (0x1DB8)
  smb_vwv[ 7]=   68 (0x44)
  smb_vwv[ 8]=    0 (0x0)
  smb_vwv[ 9]=    0 (0x0)
  smb_bcc=7621
[2026/05/19 08:41:20.522697, 10, pid=3899112, effective(65534, 65534), real(65534, 0)] lib/util/util.c:578(dump_data)
  [0000] 00 FF FF 2F 00 01 00 00   00 28 1D 00 00 70 00 00   .../.... .(...p..
  [0010] 00 00 00 00 00 00 00 00   00 00 00 00 00 00 00 00   ........ ........
  [0020] 00 00 00 00 00 44 FA 38   38 65 E6 DC 01 91 D5 E5   .....D.8 8e......
  [0030] 49 65 E6 DC 01 44 FA 38   38 65 E6 DC 01 FE FF 00   Ie...D.8 8e......
  [0040] 00 00 00 00 00 FE FF 00   00 00 00 00 00 01 00 00   ........ ........
  [0050] 00 FC 00 00 00 00 00 00   00 00 00 00 00 00 00 00   ........ ........
  [0060] 00 12 4A 02 01 00 00 00   00 FF 01 00 00 00 00 00   ..J..... ........
  [0070] 00 05 00 00 00 00 00 00   00 2E 00 00 00 74 00 00   ........ .....t..
  [0080] 00 00 00 00 00 00 00 00   00 00 00 00 00 00 00 00   ........ ........
  [0090] 00 00 00 00 00 44 FA 38   38 65 E6 DC 01 91 D5 E5   .....D.8 8e......
  [00A0] 49 65 E6 DC 01 44 FA 38   38 65 E6 DC 01 FF FF FF   Ie...D.8 8e......
  [00B0] FF 00 00 00 00 FF FF FF   FF 00 00 00 00 01 00 00   ........ ........
  [00C0] 00 00 00 00 00 00 00 00   00 00 00 00 00 00 00 00   ........ ........
  [00D0] 00 00 00 00 00 00 00 00   00 FF 01 00 00 00 00 00   ........ ........
  [00E0] 00 05 00 00 00 00 00 00   00 2E 00 2E 00 00 00 00   ........ ........
  [00F0] 00 CC 00 00 00 00 00 00   00 00 D8 96 A8 01 00 00   ........ ........
  [0100] 00 00 F0 96 A8 01 00 00   00 A4 C8 6E 87 51 DD DC   ........ ...n.Q..
  [0110] 01 46 50 CA 4A 8A DD DC   01 F1 E5 6E 87 51 DD DC   .FP.J... ...n.Q..
  [0120] 01 FE FF 00 00 00 00 00   00 FE FF 00 00 00 00 00   ........ ........
  [0130] 00 00 00 00 00 FC 00 00   00 00 00 00 00 00 00 00   ........ ........
  [0140] 00 00 00 00 00 FD 13 02   01 00 00 00 00 B6 01 00   ........ ........
  [0150] 00 00 00 00 00 01 00 00   00 00 00 00 00 70 00 68   ........ .....p.h
  [0160] 00 6F 00 65 00 6E 00 69   00 78 00 2E 00 78 00 38   .o.e.n.i .x...x.8
  [0170] 00 36 00 5F 00 36 00 34   00 2D 00 66 00 6E 00 64   .6._.6.4 .-.f.n.d
  [0180] 00 5F 00 35 00 2E 00 36   00 2E 00 31 00 5F 00 70   ._.5...6 ...1._.p
  [0190] 00 61 00 74 00 63 00 68   00 2D 00 61 00 6F 00 73   .a.t.c.h .-.a.o.s
  [01A0] 00 5F 00 36 00 2E 00 38   00 2E 00 31 00 5F 00 67   ._.6...8 ...1._.g
  [01B0] 00 61 00 2E 00 69 00 73   00 6F 00 00 00 B0 00 00   .a...i.s .o......
  [01C0] 00 00 00 00 00 3D 7C 62   00 00 00 00 00 00 80 62   .....=|b .......b
  [01D0] 00 00 00 00 00 1F 6A 78   0D 7F C8 DC 01 83 9A F0   ......jx ........
  [01E0] 32 7F C8 DC 01 80 18 17   0C D2 5C DC 01 E8 03 00   2....... ..\.....
  [01F0] 00 00 00 00 00 E8 03 00   00 00 00 00 00 00 00 00   ........ ........
[2026/05/19 08:41:20.523430,  4, pid=3899112, effective(65534, 65534), real(65534, 0)] source3/smbd/smb1_trans2.c:1210(call_trans2findfirst)
  SMBtrans2 mask=* directory=. dirtype=23 numentries=47
[2026/05/19 08:41:20.523517,  5, pid=3899112, effective(65534, 65534), real(65534, 0)] source3/smbd/files.c:1985(file_free)
  file_free: freed files structure 0 (0 used)
[2026/05/19 08:41:20.819128, 10, pid=3899112, effective(65534, 65534), real(65534, 0)] source3/lib/util_sock.c:180(read_smb_length_return_keepalive)
  got smb length of 74
[2026/05/19 08:41:20.819174,  6, pid=3899112, effective(65534, 65534), real(65534, 0)] source3/smbd/smb2_process.c:574(process_smb)
  got message type 0x0 of len 0x4a
[2026/05/19 08:41:20.819193,  3, pid=3899112, effective(65534, 65534), real(65534, 0)] source3/smbd/smb2_process.c:576(process_smb)
  Transaction 61 of length 78 (0 toread)
[2026/05/19 08:41:20.819225,  5, pid=3899112, effective(65534, 65534), real(65534, 0)] source3/lib/util.c:150(show_msg)
  size=74
  smb_com=0x32
  smb_rcls=0
  smb_reh=0
  smb_err=0
  smb_flg=0
  smb_flg2=49153
  smb_tid=18003
  smb_pid=16757
  smb_uid=2805
  smb_mid=62
  smt_wct=15
  smb_vwv[ 0]=    8 (0x8)
  smb_vwv[ 1]=    0 (0x0)
  smb_vwv[ 2]=    2 (0x2)
  smb_vwv[ 3]= 4000 (0xFA0)
  smb_vwv[ 4]=    0 (0x0)
  smb_vwv[ 5]=    0 (0x0)
  smb_vwv[ 6]=    0 (0x0)
  smb_vwv[ 7]=    0 (0x0)
  smb_vwv[ 8]=    0 (0x0)
  smb_vwv[ 9]=    8 (0x8)
  smb_vwv[10]=   66 (0x42)
  smb_vwv[11]=    0 (0x0)
  smb_vwv[12]=    0 (0x0)
  smb_vwv[13]=    1 (0x1)
  smb_vwv[14]=    5 (0x5)
  smb_bcc=9
[2026/05/19 08:41:20.819348, 10, pid=3899112, effective(65534, 65534), real(65534, 0)] lib/util/util.c:578(dump_data)
  [0000] 00 00 02 00 00 00 00 00   00                        ........ .
[2026/05/19 08:41:20.819383,  3, pid=3899112, effective(65534, 65534), real(65534, 0)] source3/smbd/smb1_process.c:1112(switch_message)
  switch message SMBtrans2 (pid 3899112) conn 0x6087dc14d3d0
[2026/05/19 08:41:20.819417,  5, pid=3899112, effective(65534, 65534), real(65534, 0)] source3/smbd/uid.c:327(change_to_user_impersonate)
  change_to_user_impersonate: Skipping user change - already user
[2026/05/19 08:41:20.819437,  4, pid=3899112, effective(65534, 65534), real(65534, 0), class=vfs] source3/smbd/vfs.c:937(vfs_ChDir)
  vfs_ChDir to /var/samba/public
[2026/05/19 08:41:20.819473,  5, pid=3899112, effective(65534, 65534), real(65534, 0), class=vfs] source3/smbd/vfs.c:999(vfs_ChDir)
  vfs_ChDir: vfs_ChDir got /var/samba/public
[2026/05/19 08:41:20.819501,  5, pid=3899112, effective(65534, 65534), real(65534, 0)] source3/smbd/uid.c:294(print_impersonation_info)
  print_impersonation_info: Impersonated user: uid=(65534,65534), gid=(0,65534), cwd=[/var/samba/public]
[2026/05/19 08:41:20.819528,  3, pid=3899112, effective(65534, 65534), real(65534, 0)] source3/smbd/smb1_trans2.c:2645(call_trans2qpathinfo)
  call_trans2qpathinfo: TRANSACT2_QPATHINFO: level = 512
[2026/05/19 08:41:20.819550, 10, pid=3899112, effective(65534, 65534), real(65534, 0)] source3/smbd/files.c:562(openat_pathref_fsp)
  openat_pathref_fsp: smb_fname [.]
[2026/05/19 08:41:20.819570, 10, pid=3899112, effective(65534, 65534), real(65534, 0)] source3/smbd/files.c:462(openat_pathref_fullname)
  openat_pathref_fullname: smb_fname [.]
[2026/05/19 08:41:20.819589,  5, pid=3899112, effective(65534, 65534), real(65534, 0)] source3/smbd/files.c:77(fsp_new)
  fsp_new: allocated files structure (1 used)
[2026/05/19 08:41:20.819609, 10, pid=3899112, effective(65534, 65534), real(65534, 0)] source3/smbd/files.c:2198(file_name_hash)
  file_name_hash: /var/samba/public/. hash 0xb9bae796
[2026/05/19 08:41:20.819644, 10, pid=3899112, effective(65534, 65534), real(65534, 0)] source3/smbd/open.c:930(fd_openat)
  fd_openat: name ., flags = 04000 mode = 00, fd = 14
[2026/05/19 08:41:20.819664, 10, pid=3899112, effective(65534, 65534), real(65534, 0)] source3/smbd/files.c:531(openat_pathref_fullname)
  openat_pathref_fullname: fsp [.]: OK
[2026/05/19 08:41:20.819683, 10, pid=3899112, effective(65534, 65534), real(65534, 0)] source3/smbd/files.c:562(openat_pathref_fsp)
  openat_pathref_fsp: smb_fname [.]
[2026/05/19 08:41:20.819702, 10, pid=3899112, effective(65534, 65534), real(65534, 0)] source3/smbd/files.c:462(openat_pathref_fullname)
  openat_pathref_fullname: smb_fname [.]
[2026/05/19 08:41:20.819721,  5, pid=3899112, effective(65534, 65534), real(65534, 0)] source3/smbd/files.c:77(fsp_new)
  fsp_new: allocated files structure (2 used)
[2026/05/19 08:41:20.819740, 10, pid=3899112, effective(65534, 65534), real(65534, 0)] source3/smbd/files.c:2198(file_name_hash)
  file_name_hash: /var/samba/public/. hash 0xb9bae796
[2026/05/19 08:41:20.819765, 10, pid=3899112, effective(65534, 65534), real(65534, 0)] source3/smbd/open.c:930(fd_openat)
  fd_openat: name ., flags = 04000 mode = 00, fd = 28
[2026/05/19 08:41:20.819784, 10, pid=3899112, effective(65534, 65534), real(65534, 0)] source3/smbd/files.c:531(openat_pathref_fullname)
  openat_pathref_fullname: fsp [.]: OK
[2026/05/19 08:41:20.819820, 10, pid=3899112, effective(65534, 65534), real(65534, 0)] source3/smbd/files.c:2198(file_name_hash)
  file_name_hash: /var/samba/public/. hash 0xb9bae796
[2026/05/19 08:41:20.819842, 10, pid=3899112, effective(65534, 65534), real(65534, 0)] source3/lib/g_lock.c:1655(g_lock_dump)
  g_lock_dump: dbwrap_parse_record returned NT_STATUS_NOT_FOUND
[2026/05/19 08:41:20.819863, 10, pid=3899112, effective(65534, 65534), real(65534, 0), class=locking] source3/locking/share_mode_lock.c:1570(fetch_share_mode_unlocked)
  fetch_share_mode_unlocked: g_lock_dump failed: NT_STATUS_NOT_FOUND
[2026/05/19 08:41:20.819916, 10, pid=3899112, effective(65534, 65534), real(65534, 0)] source3/smbd/smb2_trans2.c:2779(store_file_unix_basic)
  store_file_unix_basic: SMB_QUERY_FILE_UNIX_BASIC
[2026/05/19 08:41:20.819934,  4, pid=3899112, effective(65534, 65534), real(65534, 0)] source3/smbd/smb2_trans2.c:2780(store_file_unix_basic)
  store_file_unix_basic: st_mode=40777
[2026/05/19 08:41:20.819961,  9, pid=3899112, effective(65534, 65534), real(65534, 0)] source3/smbd/smb1_trans2.c:230(send_trans2_replies)
  t2_rep: params_sent_thistime = 2, data_sent_thistime = 100, useable_space = 16406
[2026/05/19 08:41:20.819980,  9, pid=3899112, effective(65534, 65534), real(65534, 0)] source3/smbd/smb1_trans2.c:232(send_trans2_replies)
  t2_rep: params_to_send = 2, data_to_send = 100, paramsize = 2, datasize = 100
[2026/05/19 08:41:20.820011,  5, pid=3899112, effective(65534, 65534), real(65534, 0)] source3/lib/util.c:150(show_msg)
  size=160
  smb_com=0x32
  smb_rcls=0
  smb_reh=0
  smb_err=0
  smb_flg=128
  smb_flg2=51203
  smb_tid=18003
  smb_pid=16757
  smb_uid=2805
  smb_mid=62
  smt_wct=10
  smb_vwv[ 0]=    2 (0x2)
  smb_vwv[ 1]=  100 (0x64)
  smb_vwv[ 2]=    0 (0x0)
  smb_vwv[ 3]=    2 (0x2)
  smb_vwv[ 4]=   56 (0x38)
  smb_vwv[ 5]=    0 (0x0)
  smb_vwv[ 6]=  100 (0x64)
  smb_vwv[ 7]=   60 (0x3C)
  smb_vwv[ 8]=    0 (0x0)
  smb_vwv[ 9]=    0 (0x0)
  smb_bcc=105
[2026/05/19 08:41:20.820112, 10, pid=3899112, effective(65534, 65534), real(65534, 0)] lib/util/util.c:578(dump_data)
  [0000] 00 00 00 00 00 00 00 00   00 00 00 00 00 00 00 00   ........ ........
  [0010] 00 00 00 00 00 44 FA 38   38 65 E6 DC 01 91 D5 E5   .....D.8 8e......
  [0020] 49 65 E6 DC 01 44 FA 38   38 65 E6 DC 01 FE FF 00   Ie...D.8 8e......
  [0030] 00 00 00 00 00 FE FF 00   00 00 00 00 00 01 00 00   ........ ........
  [0040] 00 FC 00 00 00 00 00 00   00 00 00 00 00 00 00 00   ........ ........
  [0050] 00 12 4A 02 01 00 00 00   00 FF 01 00 00 00 00 00   ..J..... ........
  [0060] 00 05 00 00 00 00 00 00   00                        ........ .
[2026/05/19 08:41:20.820300,  5, pid=3899112, effective(65534, 65534), real(65534, 0)] source3/smbd/files.c:1985(file_free)
  file_free: freed files structure 0 (1 used)
[2026/05/19 08:41:20.820324,  5, pid=3899112, effective(65534, 65534), real(65534, 0)] source3/smbd/files.c:1985(file_free)
  file_free: freed files structure 0 (0 used)
[2026/05/19 08:41:21.139102, 10, pid=3899112, effective(65534, 65534), real(65534, 0)] source3/lib/util_sock.c:180(read_smb_length_return_keepalive)
  got smb length of 35
[2026/05/19 08:41:21.139180,  6, pid=3899112, effective(65534, 65534), real(65534, 0)] source3/smbd/smb2_process.c:574(process_smb)
  got message type 0x0 of len 0x23
[2026/05/19 08:41:21.139200,  3, pid=3899112, effective(65534, 65534), real(65534, 0)] source3/smbd/smb2_process.c:576(process_smb)
  Transaction 62 of length 39 (0 toread)
[2026/05/19 08:41:21.139232,  5, pid=3899112, effective(65534, 65534), real(65534, 0)] source3/lib/util.c:150(show_msg)
  size=35
  smb_com=0x71
  smb_rcls=0
  smb_reh=0
  smb_err=0
  smb_flg=0
  smb_flg2=49153
  smb_tid=18003
  smb_pid=16757
  smb_uid=2805
  smb_mid=63
  smt_wct=0
  smb_bcc=0
[2026/05/19 08:41:21.139312,  3, pid=3899112, effective(65534, 65534), real(65534, 0)] source3/smbd/smb1_process.c:1112(switch_message)
  switch message SMBtdis (pid 3899112) conn 0x6087dc14d3d0
[2026/05/19 08:41:21.139339,  4, pid=3899112, effective(65534, 65534), real(65534, 0)] source3/smbd/sec_ctx.c:317(set_sec_ctx_internal)
  setting sec ctx (0, 0) - sec_ctx_stack_ndx = 0
[2026/05/19 08:41:21.139359,  5, pid=3899112, effective(65534, 65534), real(65534, 0)] libcli/security/security_token.c:49(security_token_debug)
  Security token: (NULL)
[2026/05/19 08:41:21.139379,  5, pid=3899112, effective(65534, 65534), real(65534, 0)] source3/auth/token_util.c:873(debug_unix_user_token)
  UNIX token of user 0
  Primary group is 0 and contains 0 supplementary groups
[2026/05/19 08:41:21.139435,  5, pid=3899112, effective(0, 0), real(0, 0)] source3/smbd/uid.c:494(smbd_change_to_root_user)
  change_to_root_user: now uid=(0,0) gid=(0,0)
[2026/05/19 08:41:21.139466,  4, pid=3899112, effective(0, 0), real(0, 0), class=vfs] source3/smbd/vfs.c:937(vfs_ChDir)
  vfs_ChDir to /var/samba/public
[2026/05/19 08:41:21.139508,  5, pid=3899112, effective(0, 0), real(0, 0), class=vfs] source3/smbd/vfs.c:999(vfs_ChDir)
  vfs_ChDir: vfs_ChDir got /var/samba/public
[2026/05/19 08:41:21.139574,  4, pid=3899112, effective(0, 0), real(0, 0)] source3/smbd/sec_ctx.c:317(set_sec_ctx_internal)
  setting sec ctx (0, 0) - sec_ctx_stack_ndx = 0
[2026/05/19 08:41:21.139593,  5, pid=3899112, effective(0, 0), real(0, 0)] libcli/security/security_token.c:49(security_token_debug)
  Security token: (NULL)
[2026/05/19 08:41:21.139610,  5, pid=3899112, effective(0, 0), real(0, 0)] source3/auth/token_util.c:873(debug_unix_user_token)
  UNIX token of user 0
  Primary group is 0 and contains 0 supplementary groups
[2026/05/19 08:41:21.139641,  5, pid=3899112, effective(0, 0), real(0, 0)] source3/smbd/uid.c:494(smbd_change_to_root_user)
  change_to_root_user: now uid=(0,0) gid=(0,0)
[2026/05/19 08:41:21.139662,  3, pid=3899112, effective(0, 0), real(0, 0)] source3/smbd/smb2_service.c:907(close_cnum)
   (ipv4:10.254.254.9:46616) closed connection to service public
[2026/05/19 08:41:21.139708,  4, pid=3899112, effective(0, 0), real(0, 0), class=vfs] source3/smbd/vfs.c:937(vfs_ChDir)
  vfs_ChDir to /
[2026/05/19 08:41:21.139741,  5, pid=3899112, effective(0, 0), real(0, 0), class=vfs] source3/smbd/vfs.c:999(vfs_ChDir)
  vfs_ChDir: vfs_ChDir got /
[2026/05/19 08:41:21.139764,  4, pid=3899112, effective(0, 0), real(0, 0)] source3/smbd/sec_ctx.c:317(set_sec_ctx_internal)
  setting sec ctx (0, 0) - sec_ctx_stack_ndx = 0
[2026/05/19 08:41:21.139782,  5, pid=3899112, effective(0, 0), real(0, 0)] libcli/security/security_token.c:49(security_token_debug)
  Security token: (NULL)
[2026/05/19 08:41:21.139822,  5, pid=3899112, effective(0, 0), real(0, 0)] source3/auth/token_util.c:873(debug_unix_user_token)
  UNIX token of user 0
  Primary group is 0 and contains 0 supplementary groups
[2026/05/19 08:41:21.139853,  5, pid=3899112, effective(0, 0), real(0, 0)] source3/smbd/uid.c:494(smbd_change_to_root_user)
  change_to_root_user: now uid=(0,0) gid=(0,0)
[2026/05/19 08:41:21.139929,  5, pid=3899112, effective(0, 0), real(0, 0)] lib/dbwrap/dbwrap.c:172(dbwrap_lock_order_lock)
  dbwrap_lock_order_lock: check lock order 1 for /run/samba/smbXsrv_tcon_global.tdb
[2026/05/19 08:41:21.139950, 10, pid=3899112, effective(0, 0), real(0, 0)] lib/dbwrap/dbwrap.c:157(debug_lock_order)
  lock order:  1:/run/samba/smbXsrv_tcon_global.tdb 2:<none> 3:<none> 4:<none>
[2026/05/19 08:41:21.139972, 10, pid=3899112, effective(0, 0), real(0, 0)] lib/dbwrap/dbwrap_tdb.c:60(db_tdb_log_key)
  db_tdb_log_key: Locking key 3EEDDE96
[2026/05/19 08:41:21.140000, 10, pid=3899112, effective(0, 0), real(0, 0)] lib/dbwrap/dbwrap_tdb.c:153(db_tdb_fetch_locked_internal)
  db_tdb_fetch_locked_internal: Allocated locked data 0x6087dc186920
[2026/05/19 08:41:21.140022, 10, pid=3899112, effective(0, 0), real(0, 0)] lib/dbwrap/dbwrap_tdb.c:60(db_tdb_log_key)
  db_tdb_log_key: Unlocking key 3EEDDE96
[2026/05/19 08:41:21.140040,  5, pid=3899112, effective(0, 0), real(0, 0)] lib/dbwrap/dbwrap.c:204(dbwrap_lock_order_unlock)
  dbwrap_lock_order_unlock: release lock order 1 for /run/samba/smbXsrv_tcon_global.tdb
[2026/05/19 08:41:21.459320, 10, pid=3899112, effective(0, 0), real(0, 0)] source3/lib/util_sock.c:180(read_smb_length_return_keepalive)
  got smb length of 39
[2026/05/19 08:41:21.459398,  6, pid=3899112, effective(0, 0), real(0, 0)] source3/smbd/smb2_process.c:574(process_smb)
  got message type 0x0 of len 0x27
[2026/05/19 08:41:21.459419,  3, pid=3899112, effective(0, 0), real(0, 0)] source3/smbd/smb2_process.c:576(process_smb)
  Transaction 63 of length 43 (0 toread)
[2026/05/19 08:41:21.459450,  5, pid=3899112, effective(0, 0), real(0, 0)] source3/lib/util.c:150(show_msg)
  size=39
  smb_com=0x74
  smb_rcls=0
  smb_reh=0
  smb_err=0
  smb_flg=0
  smb_flg2=1
  smb_tid=0
  smb_pid=16757
  smb_uid=2805
  smb_mid=64
  smt_wct=2
  smb_vwv[ 0]=  255 (0xFF)
  smb_vwv[ 1]=    0 (0x0)
  smb_bcc=0
[2026/05/19 08:41:21.459612,  3, pid=3899112, effective(0, 0), real(0, 0)] source3/smbd/smb1_process.c:1112(switch_message)
  switch message SMBulogoffX (pid 3899112) conn 0x0
[2026/05/19 08:41:21.459643,  4, pid=3899112, effective(0, 0), real(0, 0)] source3/smbd/sec_ctx.c:317(set_sec_ctx_internal)
  setting sec ctx (0, 0) - sec_ctx_stack_ndx = 0
[2026/05/19 08:41:21.459677,  5, pid=3899112, effective(0, 0), real(0, 0)] libcli/security/security_token.c:49(security_token_debug)
  Security token: (NULL)
[2026/05/19 08:41:21.459697,  5, pid=3899112, effective(0, 0), real(0, 0)] source3/auth/token_util.c:873(debug_unix_user_token)
  UNIX token of user 0
  Primary group is 0 and contains 0 supplementary groups
[2026/05/19 08:41:21.459738,  5, pid=3899112, effective(0, 0), real(0, 0)] source3/smbd/uid.c:494(smbd_change_to_root_user)
  change_to_root_user: now uid=(0,0) gid=(0,0)
[2026/05/19 08:41:21.459791,  4, pid=3899112, effective(0, 0), real(0, 0), class=auth] source3/auth/pampass.c:486(smb_pam_start)
  smb_pam_start: PAM: Init user: nobody
[2026/05/19 08:41:21.462853,  4, pid=3899112, effective(0, 0), real(0, 0), class=auth] source3/auth/pampass.c:495(smb_pam_start)
  smb_pam_start: PAM: setting rhost to: 10.254.254.9
[2026/05/19 08:41:21.462905,  4, pid=3899112, effective(0, 0), real(0, 0), class=auth] source3/auth/pampass.c:504(smb_pam_start)
  smb_pam_start: PAM: setting tty
[2026/05/19 08:41:21.462924,  4, pid=3899112, effective(0, 0), real(0, 0), class=auth] source3/auth/pampass.c:512(smb_pam_start)
  smb_pam_start: PAM: Init passed for user: nobody
[2026/05/19 08:41:21.462942,  4, pid=3899112, effective(0, 0), real(0, 0), class=auth] source3/auth/pampass.c:649(smb_internal_pam_session)
  smb_internal_pam_session: PAM: tty set to: smb/2361650225
[2026/05/19 08:41:21.464011,  4, pid=3899112, effective(0, 0), real(0, 0), class=auth] source3/auth/pampass.c:468(smb_pam_end)
  smb_pam_end: PAM: PAM_END OK.
[2026/05/19 08:41:21.464061,  5, pid=3899112, effective(0, 0), real(0, 0)] lib/dbwrap/dbwrap.c:172(dbwrap_lock_order_lock)
  dbwrap_lock_order_lock: check lock order 1 for /run/samba/smbXsrv_session_global.tdb
[2026/05/19 08:41:21.464082, 10, pid=3899112, effective(0, 0), real(0, 0)] lib/dbwrap/dbwrap.c:157(debug_lock_order)
  lock order:  1:/run/samba/smbXsrv_session_global.tdb 2:<none> 3:<none> 4:<none>
[2026/05/19 08:41:21.464107, 10, pid=3899112, effective(0, 0), real(0, 0)] lib/dbwrap/dbwrap_tdb.c:60(db_tdb_log_key)
  db_tdb_log_key: Locking key 8CC3EC31
[2026/05/19 08:41:21.464134, 10, pid=3899112, effective(0, 0), real(0, 0)] lib/dbwrap/dbwrap_tdb.c:153(db_tdb_fetch_locked_internal)
  db_tdb_fetch_locked_internal: Allocated locked data 0x6087dc184d00
[2026/05/19 08:41:21.464155, 10, pid=3899112, effective(0, 0), real(0, 0)] source3/lib/dbwrap/dbwrap_watch.c:507(dbwrap_watched_record_prepare_wakeup)
  dbwrap_watched_record_prepare_wakeup: No watchers
[2026/05/19 08:41:21.464176,  5, pid=3899112, effective(0, 0), real(0, 0)] lib/dbwrap/dbwrap.c:204(dbwrap_lock_order_unlock)
  dbwrap_lock_order_unlock: release lock order 1 for /run/samba/smbXsrv_session_global.tdb
[2026/05/19 08:41:21.464196, 10, pid=3899112, effective(0, 0), real(0, 0)] lib/dbwrap/dbwrap_tdb.c:60(db_tdb_log_key)
  db_tdb_log_key: Unlocking key 8CC3EC31
[2026/05/19 08:41:21.464215, 10, pid=3899112, effective(0, 0), real(0, 0)] source3/lib/dbwrap/dbwrap_watch.c:550(dbwrap_watched_trigger_wakeup)
  dbwrap_watched_trigger_wakeup: No one to wakeup
[2026/05/19 08:41:21.464236, 10, pid=3899112, effective(0, 0), real(0, 0)] source3/smbd/smbXsrv_session.c:1270(smbXsrv_session_destructor)
  smbXsrv_session_destructor: destructing session(2805)
[2026/05/19 08:41:21.464271,  3, pid=3899112, effective(0, 0), real(0, 0)] source3/smbd/smb1_reply.c:2363(reply_ulogoffX_done)
  reply_ulogoffX_done: ulogoffX vuid=2805
[2026/05/19 08:41:21.779080,  5, pid=3899112, effective(0, 0), real(0, 0)] source3/lib/util_sock.c:79(read_fd_with_timeout)
  read_fd_with_timeout: blocking read. EOF from client.
[2026/05/19 08:41:21.779136,  5, pid=3899112, effective(0, 0), real(0, 0)] source3/smbd/smb1_process.c:503(smb1_receive_talloc)
  receive_smb_raw_talloc failed for client ptr=0x6087dc175190,id=1,addr=ipv4:10.254.254.9:46616 read error = NT_STATUS_END_OF_FILE.
[2026/05/19 08:41:21.779197,  4, pid=3899112, effective(0, 0), real(0, 0)] source3/smbd/sec_ctx.c:317(set_sec_ctx_internal)
  setting sec ctx (0, 0) - sec_ctx_stack_ndx = 0
[2026/05/19 08:41:21.779232,  5, pid=3899112, effective(0, 0), real(0, 0)] libcli/security/security_token.c:49(security_token_debug)
  Security token: (NULL)
[2026/05/19 08:41:21.779251,  5, pid=3899112, effective(0, 0), real(0, 0)] source3/auth/token_util.c:873(debug_unix_user_token)
  UNIX token of user 0
  Primary group is 0 and contains 0 supplementary groups
[2026/05/19 08:41:21.779292,  5, pid=3899112, effective(0, 0), real(0, 0)] source3/smbd/uid.c:494(smbd_change_to_root_user)
  change_to_root_user: now uid=(0,0) gid=(0,0)
[2026/05/19 08:41:21.779388,  4, pid=3899112, effective(0, 0), real(0, 0)] source3/smbd/sec_ctx.c:317(set_sec_ctx_internal)
  setting sec ctx (0, 0) - sec_ctx_stack_ndx = 0
[2026/05/19 08:41:21.779407,  5, pid=3899112, effective(0, 0), real(0, 0)] libcli/security/security_token.c:49(security_token_debug)
  Security token: (NULL)
[2026/05/19 08:41:21.779424,  5, pid=3899112, effective(0, 0), real(0, 0)] source3/auth/token_util.c:873(debug_unix_user_token)
  UNIX token of user 0
  Primary group is 0 and contains 0 supplementary groups
[2026/05/19 08:41:21.779454,  5, pid=3899112, effective(0, 0), real(0, 0)] source3/smbd/uid.c:494(smbd_change_to_root_user)
  change_to_root_user: now uid=(0,0) gid=(0,0)
[2026/05/19 08:41:21.779477,  4, pid=3899112, effective(0, 0), real(0, 0)] source3/smbd/sec_ctx.c:317(set_sec_ctx_internal)
  setting sec ctx (0, 0) - sec_ctx_stack_ndx = 0
[2026/05/19 08:41:21.779494,  5, pid=3899112, effective(0, 0), real(0, 0)] libcli/security/security_token.c:49(security_token_debug)
  Security token: (NULL)
[2026/05/19 08:41:21.779511,  5, pid=3899112, effective(0, 0), real(0, 0)] source3/auth/token_util.c:873(debug_unix_user_token)
  UNIX token of user 0
  Primary group is 0 and contains 0 supplementary groups
[2026/05/19 08:41:21.779541,  5, pid=3899112, effective(0, 0), real(0, 0)] source3/smbd/uid.c:494(smbd_change_to_root_user)
  change_to_root_user: now uid=(0,0) gid=(0,0)
[2026/05/19 08:41:21.779566,  4, pid=3899112, effective(0, 0), real(0, 0)] source3/smbd/sec_ctx.c:317(set_sec_ctx_internal)
  setting sec ctx (0, 0) - sec_ctx_stack_ndx = 0
[2026/05/19 08:41:21.779584,  5, pid=3899112, effective(0, 0), real(0, 0)] libcli/security/security_token.c:49(security_token_debug)
  Security token: (NULL)
[2026/05/19 08:41:21.779600,  5, pid=3899112, effective(0, 0), real(0, 0)] source3/auth/token_util.c:873(debug_unix_user_token)
  UNIX token of user 0
  Primary group is 0 and contains 0 supplementary groups
[2026/05/19 08:41:21.779630,  5, pid=3899112, effective(0, 0), real(0, 0)] source3/smbd/uid.c:494(smbd_change_to_root_user)
  change_to_root_user: now uid=(0,0) gid=(0,0)
[2026/05/19 08:41:21.779652, 10, pid=3899112, effective(0, 0), real(0, 0)] source3/smbd/smb2_process.c:1193(smbXsrv_connection_destructor)
  smbXsrv_connection_destructor: xconn[ptr=0x6087dc175190,id=1,addr=ipv4:10.254.254.9:46616]
[2026/05/19 08:41:21.779677,  4, pid=3899112, effective(0, 0), real(0, 0)] source3/smbd/sec_ctx.c:317(set_sec_ctx_internal)
  setting sec ctx (0, 0) - sec_ctx_stack_ndx = 0
[2026/05/19 08:41:21.779694,  5, pid=3899112, effective(0, 0), real(0, 0)] libcli/security/security_token.c:49(security_token_debug)
  Security token: (NULL)
[2026/05/19 08:41:21.779711,  5, pid=3899112, effective(0, 0), real(0, 0)] source3/auth/token_util.c:873(debug_unix_user_token)
  UNIX token of user 0
  Primary group is 0 and contains 0 supplementary groups
[2026/05/19 08:41:21.779740,  5, pid=3899112, effective(0, 0), real(0, 0)] source3/smbd/uid.c:494(smbd_change_to_root_user)
  change_to_root_user: now uid=(0,0) gid=(0,0)
[2026/05/19 08:41:21.779763,  5, pid=3899112, effective(0, 0), real(0, 0)] source3/lib/messages.c:759(messaging_deregister)
  Deregistering messaging pointer for type 784 - private_data=0x6087dc188280
[2026/05/19 08:41:21.779917, 10, pid=3899112, effective(0, 0), real(0, 0)] lib/messaging/messages_dgm_ref.c:163(msg_dgm_ref_destructor)
  msg_dgm_ref_destructor: refs=(nil)
[2026/05/19 08:41:21.780173,  3, pid=3899112, effective(0, 0), real(0, 0)] source3/smbd/server_exit.c:229(exit_server_common)
  Server exit (failed to receive smb request)
[2026/05/19 08:41:39.067768,  5, pid=3900001, effective(0, 0), real(0, 0)] lib/util/debug.c:931(debug_dump_status)
  INFO: Current debug levels:
    all: 10
    tdb: 10
    printdrivers: 10
    lanman: 10
    smb: 10
    rpc_parse: 10
    rpc_srv: 10
    rpc_cli: 10
    passdb: 10
    sam: 10
    auth: 10
    winbind: 10
    vfs: 10
    idmap: 10
    quota: 10
    acls: 10
    locking: 10
    msdfs: 10
    dmapi: 10
    registry: 10
    scavenger: 10
    dns: 10
    ldb: 10
    tevent: 10
    auth_audit: 10
    auth_json_audit: 10
    kerberos: 10
    drs_repl: 10
    smb2: 10
    smb2_credits: 10
    dsdb_audit: 10
    dsdb_json_audit: 10
    dsdb_password_audit: 10
    dsdb_password_json_audit: 10
    dsdb_transaction_audit: 10
    dsdb_transaction_json_audit: 10
    dsdb_group_audit: 10
    dsdb_group_json_audit: 10
[2026/05/19 08:41:39.068044,  6, pid=3900001, effective(0, 0), real(0, 0)] source3/param/loadparm.c:2398(lp_file_list_changed)
  lp_file_list_changed()
  file /etc/samba/smb.conf -> /etc/samba/smb.conf  last mod_time: 2026-05-19 08:41:14.148744459
[2026/05/19 08:41:39.068112,  5, pid=3900001, effective(0, 0), real(0, 0)] source3/lib/util.c:150(show_msg)
  size=128
  smb_com=0x73
  smb_rcls=0
  smb_reh=0
  smb_err=0
  smb_flg=128
  smb_flg2=51203
  smb_tid=0
  smb_pid=16799
  smb_uid=54244
  smb_mid=3
  smt_wct=4
  smb_vwv[ 0]=  255 (0xFF)
  smb_vwv[ 1]=    0 (0x0)
  smb_vwv[ 2]=    1 (0x1)
  smb_vwv[ 3]=    0 (0x0)
  smb_bcc=85
[2026/05/19 08:41:39.068211, 10, pid=3900001, effective(0, 0), real(0, 0)] lib/util/util.c:578(dump_data)
  [0000] 00 57 00 69 00 6E 00 64   00 6F 00 77 00 73 00 20   .W.i.n.d .o.w.s. 
  [0010] 00 36 00 2E 00 31 00 00   00 53 00 61 00 6D 00 62   .6...1.. .S.a.m.b
  [0020] 00 61 00 20 00 34 00 2E   00 31 00 39 00 2E 00 35   .a. .4.. .1.9...5
  [0030] 00 2D 00 55 00 62 00 75   00 6E 00 74 00 75 00 00   .-.U.b.u .n.t.u..
  [0040] 00 57 00 4F 00 52 00 4B   00 47 00 52 00 4F 00 55   .W.O.R.K .G.R.O.U
  [0050] 00 50 00 00 00                                      .P...
[2026/05/19 08:41:39.378615, 10, pid=3900001, effective(0, 0), real(0, 0)] source3/lib/util_sock.c:180(read_smb_length_return_keepalive)
  got smb length of 86
[2026/05/19 08:41:39.378709,  6, pid=3900001, effective(0, 0), real(0, 0)] source3/smbd/smb2_process.c:574(process_smb)
  got message type 0x0 of len 0x56
[2026/05/19 08:41:39.378731,  3, pid=3900001, effective(0, 0), real(0, 0)] source3/smbd/smb2_process.c:576(process_smb)
  Transaction 3 of length 90 (0 toread)
[2026/05/19 08:41:39.378765,  5, pid=3900001, effective(0, 0), real(0, 0)] source3/lib/util.c:150(show_msg)
  size=86
  smb_com=0x75
  smb_rcls=0
  smb_reh=0
  smb_err=0
  smb_flg=0
  smb_flg2=53249
  smb_tid=0
  smb_pid=16799
  smb_uid=54244
  smb_mid=4
  smt_wct=4
  smb_vwv[ 0]=  255 (0xFF)
  smb_vwv[ 1]=    0 (0x0)
  smb_vwv[ 2]=    8 (0x8)
  smb_vwv[ 3]=    1 (0x1)
  smb_bcc=43
[2026/05/19 08:41:39.378924, 10, pid=3900001, effective(0, 0), real(0, 0)] lib/util/util.c:578(dump_data)
  [0000] 00 5C 00 5C 00 31 00 30   00 2E 00 31 00 2E 00 36   .\.\.1.0 ...1...6
  [0010] 00 2E 00 31 00 5C 00 70   00 75 00 62 00 6C 00 69   ...1.\.p .u.b.l.i
  [0020] 00 63 00 00 00 3F 3F 3F   3F 3F 00                  .c...??? ??.
[2026/05/19 08:41:39.379008,  3, pid=3900001, effective(0, 0), real(0, 0)] source3/smbd/smb1_process.c:1112(switch_message)
  switch message SMBtconX (pid 3900001) conn 0x0
[2026/05/19 08:41:39.379039,  4, pid=3900001, effective(0, 0), real(0, 0)] source3/smbd/sec_ctx.c:317(set_sec_ctx_internal)
  setting sec ctx (0, 0) - sec_ctx_stack_ndx = 0
[2026/05/19 08:41:39.379061,  5, pid=3900001, effective(0, 0), real(0, 0)] libcli/security/security_token.c:49(security_token_debug)
  Security token: (NULL)
[2026/05/19 08:41:39.379083,  5, pid=3900001, effective(0, 0), real(0, 0)] source3/auth/token_util.c:873(debug_unix_user_token)
  UNIX token of user 0
  Primary group is 0 and contains 0 supplementary groups
[2026/05/19 08:41:39.379148,  5, pid=3900001, effective(0, 0), real(0, 0)] source3/smbd/uid.c:494(smbd_change_to_root_user)
  change_to_root_user: now uid=(0,0) gid=(0,0)
[2026/05/19 08:41:39.379173,  5, pid=3900001, effective(0, 0), real(0, 0)] lib/dbwrap/dbwrap.c:172(dbwrap_lock_order_lock)
  dbwrap_lock_order_lock: check lock order 1 for /run/samba/smbXsrv_session_global.tdb
[2026/05/19 08:41:39.379193, 10, pid=3900001, effective(0, 0), real(0, 0)] lib/dbwrap/dbwrap.c:157(debug_lock_order)
  lock order:  1:/run/samba/smbXsrv_session_global.tdb 2:<none> 3:<none> 4:<none>
[2026/05/19 08:41:39.379216, 10, pid=3900001, effective(0, 0), real(0, 0)] lib/dbwrap/dbwrap_tdb.c:60(db_tdb_log_key)
  db_tdb_log_key: Locking key 4387B7D5
[2026/05/19 08:41:39.379242, 10, pid=3900001, effective(0, 0), real(0, 0)] lib/dbwrap/dbwrap_tdb.c:153(db_tdb_fetch_locked_internal)
  db_tdb_fetch_locked_internal: Allocated locked data 0x6087dc189500
[2026/05/19 08:41:39.379292, 10, pid=3900001, effective(0, 0), real(0, 0)] source3/lib/dbwrap/dbwrap_watch.c:507(dbwrap_watched_record_prepare_wakeup)
  dbwrap_watched_record_prepare_wakeup: No watchers
[2026/05/19 08:41:39.379328, 10, pid=3900001, effective(0, 0), real(0, 0)] source3/smbd/smbXsrv_session.c:974(smbXsrv_session_global_store)
  smbXsrv_session_global_store: smbXsrv_session_global_store: key '4387B7D5' stored
[2026/05/19 08:41:39.379349,  1, pid=3900001, effective(0, 0), real(0, 0), class=rpc_parse] source3/smbd/smbXsrv_session.c:976(smbXsrv_session_global_store)
       &global_blob: struct smbXsrv_session_globalB
          version                  : SMBXSRV_VERSION_0 (0)
          seqnum                   : 0x00000004 (4)
          info                     : union smbXsrv_session_globalU(case 0)
          info0                    : *
              info0: struct smbXsrv_session_global0
                  db_rec                   : *
                  session_global_id        : 0x4387b7d5 (1132967893)
                  session_wire_id          : 0x000000000000d3e4 (54244)
                  creation_time            : Tue May 19 08:41:39 AM 2026 JST
                  expiration_time          : Thu Sep 14 11:48:05 AM 30828 JST
                  auth_time                : Tue May 19 08:41:39 AM 2026 JST
                  auth_session_info_seqnum : 0x00000001 (1)
                  auth_session_info        : *
                      auth_session_info: struct auth_session_info
                          security_token           : *
                              security_token: struct security_token
                                  num_sids                 : 0x00000007 (7)
                                  sids: ARRAY(7)
                                      sids                     : S-1-5-21-2342536155-1022706741-2866312864-501
                                      sids                     : S-1-5-21-2342536155-1022706741-2866312864-514
                                      sids                     : S-1-22-2-65534
                                      sids                     : S-1-1-0
                                      sids                     : S-1-5-2
                                      sids                     : S-1-5-32-546
                                      sids                     : S-1-22-1-65534
                                  privilege_mask           : 0x0000000000000000 (0)
                                         0: SEC_PRIV_MACHINE_ACCOUNT_BIT
                                         0: SEC_PRIV_PRINT_OPERATOR_BIT
                                         0: SEC_PRIV_ADD_USERS_BIT   
                                         0: SEC_PRIV_DISK_OPERATOR_BIT
                                         0: SEC_PRIV_REMOTE_SHUTDOWN_BIT
                                         0: SEC_PRIV_BACKUP_BIT      
                                         0: SEC_PRIV_RESTORE_BIT     
                                         0: SEC_PRIV_TAKE_OWNERSHIP_BIT
                                         0: SEC_PRIV_INCREASE_QUOTA_BIT
                                         0: SEC_PRIV_SECURITY_BIT    
                                         0: SEC_PRIV_LOAD_DRIVER_BIT 
                                         0: SEC_PRIV_SYSTEM_PROFILE_BIT
                                         0: SEC_PRIV_SYSTEMTIME_BIT  
                                         0: SEC_PRIV_PROFILE_SINGLE_PROCESS_BIT
                                         0: SEC_PRIV_INCREASE_BASE_PRIORITY_BIT
                                         0: SEC_PRIV_CREATE_PAGEFILE_BIT
                                         0: SEC_PRIV_SHUTDOWN_BIT    
                                         0: SEC_PRIV_DEBUG_BIT       
                                         0: SEC_PRIV_SYSTEM_ENVIRONMENT_BIT
                                         0: SEC_PRIV_CHANGE_NOTIFY_BIT
                                         0: SEC_PRIV_UNDOCK_BIT      
                                         0: SEC_PRIV_ENABLE_DELEGATION_BIT
                                         0: SEC_PRIV_MANAGE_VOLUME_BIT
                                         0: SEC_PRIV_IMPERSONATE_BIT 
                                         0: SEC_PRIV_CREATE_GLOBAL_BIT
                                  rights_mask              : 0x00000000 (0)
                                         0: LSA_POLICY_MODE_INTERACTIVE
                                         0: LSA_POLICY_MODE_NETWORK  
                                         0: LSA_POLICY_MODE_BATCH    
                                         0: LSA_POLICY_MODE_SERVICE  
                                         0: LSA_POLICY_MODE_PROXY    
                                         0: LSA_POLICY_MODE_DENY_INTERACTIVE
                                         0: LSA_POLICY_MODE_DENY_NETWORK
                                         0: LSA_POLICY_MODE_DENY_BATCH
                                         0: LSA_POLICY_MODE_DENY_SERVICE
                                         0: LSA_POLICY_MODE_REMOTE_INTERACTIVE
                                         0: LSA_POLICY_MODE_DENY_REMOTE_INTERACTIVE
                                      0x00: LSA_POLICY_MODE_ALL       (0)
                                      0x00: LSA_POLICY_MODE_ALL_NT4   (0)
                          unix_token               : *
                              unix_token: struct security_unix_token
                                  uid                      : 0x000000000000fffe (65534)
                                  gid                      : 0x000000000000fffe (65534)
                                  ngroups                  : 0x00000001 (1)
                                  groups: ARRAY(1)
                                      groups                   : 0x000000000000fffe (65534)
                          info                     : *
                              info: struct auth_user_info
                                  account_name             : *
                                      account_name             : 'nobody'
                                  user_principal_name      : NULL
                                  user_principal_constructed: 0x00 (0)
                                  domain_name              : *
                                      domain_name              : 'AWS-MMNS-GENERIC'
                                  dns_domain_name          : NULL
                                  full_name                : NULL
                                  logon_script             : NULL
                                  profile_path             : NULL
                                  home_directory           : NULL
                                  home_drive               : NULL
                                  logon_server             : NULL
                                  last_logon               : NTTIME(0)
                                  last_logoff              : NTTIME(0)
                                  acct_expiry              : NTTIME(0)
                                  last_password_change     : NTTIME(0)
                                  allow_password_change    : NTTIME(0)
                                  force_password_change    : NTTIME(0)
                                  logon_count              : 0x0000 (0)
                                  bad_password_count       : 0x0000 (0)
                                  acct_flags               : 0x00000000 (0)
                                  user_flags               : 0x00000001 (1)
                          unix_info                : *
                              unix_info: struct auth_user_info_unix
                                  unix_name                : *
                                      unix_name                : 'nobody'
                                  sanitized_username       : *
                                      sanitized_username       : 'guest'
                          torture                  : NULL
                          credentials              : NULL
                          unique_session_token     : 555fbbba-8395-430d-ab95-55537d9fe47a
                          ticket_type              : TICKET_TYPE_UNKNOWN (0)
                  connection_dialect       : 0x0000 (0)
                  signing_flags            : 0x04 (4)
                         0: SMBXSRV_SIGNING_REQUIRED 
                         0: SMBXSRV_PROCESSED_SIGNED_PACKET
                         1: SMBXSRV_PROCESSED_UNSIGNED_PACKET
                  signing_algo             : 0xfffe (65534)
                  encryption_flags         : 0x08 (8)
                         0: SMBXSRV_ENCRYPTION_REQUIRED
                         0: SMBXSRV_ENCRYPTION_DESIRED
                         0: SMBXSRV_PROCESSED_ENCRYPTED_PACKET
                         1: SMBXSRV_PROCESSED_UNENCRYPTED_PACKET
                  encryption_cipher        : 0x0000 (0)
                  signing_key              : NULL
                  encryption_key           : NULL
                  decryption_key           : NULL
                  application_key          : NULL
                  num_channels             : 0x00000001 (1)
                  channels: ARRAY(1)
                      channels: struct smbXsrv_channel_global0
                          server_id: struct server_id
                              pid                      : 0x00000000003b8261 (3900001)
                              task_id                  : 0x00000000 (0)
                              vnn                      : 0xffffffff (4294967295)
                              unique_id                : 0xd2c33d9fcd33ff8f (-3259693948734275697)
                          channel_id               : 0x0000000000000001 (1)
                          creation_time            : Tue May 19 08:41:39 AM 2026 JST
                          local_address            : 'ipv4:10.1.6.1:445'
                          remote_address           : 'ipv4:10.254.254.9:46618'
                          remote_name              : '10.254.254.9'
                          signing_key              : NULL
                          auth_session_info_seqnum : 0x00000001 (1)
                          connection               : *
                          signing_algo             : 0xfffe (65534)
                          encryption_cipher        : 0x8000 (32768)
[2026/05/19 08:41:39.380349,  5, pid=3900001, effective(0, 0), real(0, 0)] lib/dbwrap/dbwrap.c:204(dbwrap_lock_order_unlock)
  dbwrap_lock_order_unlock: release lock order 1 for /run/samba/smbXsrv_session_global.tdb
[2026/05/19 08:41:39.380370, 10, pid=3900001, effective(0, 0), real(0, 0)] lib/dbwrap/dbwrap_tdb.c:60(db_tdb_log_key)
  db_tdb_log_key: Unlocking key 4387B7D5
[2026/05/19 08:41:39.380389, 10, pid=3900001, effective(0, 0), real(0, 0)] source3/lib/dbwrap/dbwrap_watch.c:550(dbwrap_watched_trigger_wakeup)
  dbwrap_watched_trigger_wakeup: No one to wakeup
[2026/05/19 08:41:39.380421, 10, pid=3900001, effective(0, 0), real(0, 0)] source3/smbd/smbXsrv_session.c:1507(smbXsrv_session_update)
  smbXsrv_session_update: smbXsrv_session_update: global_id (0x4387b7d5) stored
[2026/05/19 08:41:39.380438,  1, pid=3900001, effective(0, 0), real(0, 0), class=rpc_parse] source3/smbd/smbXsrv_session.c:1509(smbXsrv_session_update)
       &session_blob: struct smbXsrv_sessionB
          version                  : SMBXSRV_VERSION_0 (0)
          reserved                 : 0x00000000 (0)
          info                     : union smbXsrv_sessionU(case 0)
          info0                    : *
              info0: struct smbXsrv_session
                  table                    : *
                  db_rec                   : NULL
                  client                   : *
                  local_id                 : 0x0000d3e4 (54244)
                  global                   : *
                      global: struct smbXsrv_session_global0
                          db_rec                   : NULL
                          session_global_id        : 0x4387b7d5 (1132967893)
                          session_wire_id          : 0x000000000000d3e4 (54244)
                          creation_time            : Tue May 19 08:41:39 AM 2026 JST
                          expiration_time          : Thu Sep 14 11:48:05 AM 30828 JST
                          auth_time                : Tue May 19 08:41:39 AM 2026 JST
                          auth_session_info_seqnum : 0x00000001 (1)
                          auth_session_info        : *
                              auth_session_info: struct auth_session_info
                                  security_token           : *
                                      security_token: struct security_token
                                          num_sids                 : 0x00000007 (7)
                                          sids: ARRAY(7)
                                              sids                     : S-1-5-21-2342536155-1022706741-2866312864-501
                                              sids                     : S-1-5-21-2342536155-1022706741-2866312864-514
                                              sids                     : S-1-22-2-65534
                                              sids                     : S-1-1-0
                                              sids                     : S-1-5-2
                                              sids                     : S-1-5-32-546
                                              sids                     : S-1-22-1-65534
                                          privilege_mask           : 0x0000000000000000 (0)
                                                 0: SEC_PRIV_MACHINE_ACCOUNT_BIT
                                                 0: SEC_PRIV_PRINT_OPERATOR_BIT
                                                 0: SEC_PRIV_ADD_USERS_BIT   
                                                 0: SEC_PRIV_DISK_OPERATOR_BIT
                                                 0: SEC_PRIV_REMOTE_SHUTDOWN_BIT
                                                 0: SEC_PRIV_BACKUP_BIT      
                                                 0: SEC_PRIV_RESTORE_BIT     
                                                 0: SEC_PRIV_TAKE_OWNERSHIP_BIT
                                                 0: SEC_PRIV_INCREASE_QUOTA_BIT
                                                 0: SEC_PRIV_SECURITY_BIT    
                                                 0: SEC_PRIV_LOAD_DRIVER_BIT 
                                                 0: SEC_PRIV_SYSTEM_PROFILE_BIT
                                                 0: SEC_PRIV_SYSTEMTIME_BIT  
                                                 0: SEC_PRIV_PROFILE_SINGLE_PROCESS_BIT
                                                 0: SEC_PRIV_INCREASE_BASE_PRIORITY_BIT
                                                 0: SEC_PRIV_CREATE_PAGEFILE_BIT
                                                 0: SEC_PRIV_SHUTDOWN_BIT    
                                                 0: SEC_PRIV_DEBUG_BIT       
                                                 0: SEC_PRIV_SYSTEM_ENVIRONMENT_BIT
                                                 0: SEC_PRIV_CHANGE_NOTIFY_BIT
                                                 0: SEC_PRIV_UNDOCK_BIT      
                                                 0: SEC_PRIV_ENABLE_DELEGATION_BIT
                                                 0: SEC_PRIV_MANAGE_VOLUME_BIT
                                                 0: SEC_PRIV_IMPERSONATE_BIT 
                                                 0: SEC_PRIV_CREATE_GLOBAL_BIT
                                          rights_mask              : 0x00000000 (0)
                                                 0: LSA_POLICY_MODE_INTERACTIVE
                                                 0: LSA_POLICY_MODE_NETWORK  
                                                 0: LSA_POLICY_MODE_BATCH    
                                                 0: LSA_POLICY_MODE_SERVICE  
                                                 0: LSA_POLICY_MODE_PROXY    
                                                 0: LSA_POLICY_MODE_DENY_INTERACTIVE
                                                 0: LSA_POLICY_MODE_DENY_NETWORK
                                                 0: LSA_POLICY_MODE_DENY_BATCH
                                                 0: LSA_POLICY_MODE_DENY_SERVICE
                                                 0: LSA_POLICY_MODE_REMOTE_INTERACTIVE
                                                 0: LSA_POLICY_MODE_DENY_REMOTE_INTERACTIVE
                                              0x00: LSA_POLICY_MODE_ALL       (0)
                                              0x00: LSA_POLICY_MODE_ALL_NT4   (0)
                                  unix_token               : *
                                      unix_token: struct security_unix_token
                                          uid                      : 0x000000000000fffe (65534)
                                          gid                      : 0x000000000000fffe (65534)
                                          ngroups                  : 0x00000001 (1)
                                          groups: ARRAY(1)
                                              groups                   : 0x000000000000fffe (65534)
                                  info                     : *
                                      info: struct auth_user_info
                                          account_name             : *
                                              account_name             : 'nobody'
                                          user_principal_name      : NULL
                                          user_principal_constructed: 0x00 (0)
                                          domain_name              : *
                                              domain_name              : 'AWS-MMNS-GENERIC'
                                          dns_domain_name          : NULL
                                          full_name                : NULL
                                          logon_script             : NULL
                                          profile_path             : NULL
                                          home_directory           : NULL
                                          home_drive               : NULL
                                          logon_server             : NULL
                                          last_logon               : NTTIME(0)
                                          last_logoff              : NTTIME(0)
                                          acct_expiry              : NTTIME(0)
                                          last_password_change     : NTTIME(0)
                                          allow_password_change    : NTTIME(0)
                                          force_password_change    : NTTIME(0)
                                          logon_count              : 0x0000 (0)
                                          bad_password_count       : 0x0000 (0)
                                          acct_flags               : 0x00000000 (0)
                                          user_flags               : 0x00000001 (1)
                                  unix_info                : *
                                      unix_info: struct auth_user_info_unix
                                          unix_name                : *
                                              unix_name                : 'nobody'
                                          sanitized_username       : *
                                              sanitized_username       : 'guest'
                                  torture                  : NULL
                                  credentials              : NULL
                                  unique_session_token     : 555fbbba-8395-430d-ab95-55537d9fe47a
                                  ticket_type              : TICKET_TYPE_UNKNOWN (0)
                          connection_dialect       : 0x0000 (0)
                          signing_flags            : 0x04 (4)
                                 0: SMBXSRV_SIGNING_REQUIRED 
                                 0: SMBXSRV_PROCESSED_SIGNED_PACKET
                                 1: SMBXSRV_PROCESSED_UNSIGNED_PACKET
                          signing_algo             : 0xfffe (65534)
                          encryption_flags         : 0x08 (8)
                                 0: SMBXSRV_ENCRYPTION_REQUIRED
                                 0: SMBXSRV_ENCRYPTION_DESIRED
                                 0: SMBXSRV_PROCESSED_ENCRYPTED_PACKET
                                 1: SMBXSRV_PROCESSED_UNENCRYPTED_PACKET
                          encryption_cipher        : 0x0000 (0)
                          signing_key              : NULL
                          encryption_key           : NULL
                          decryption_key           : NULL
                          application_key          : NULL
                          num_channels             : 0x00000001 (1)
                          channels: ARRAY(1)
                              channels: struct smbXsrv_channel_global0
                                  server_id: struct server_id
                                      pid                      : 0x00000000003b8261 (3900001)
                                      task_id                  : 0x00000000 (0)
                                      vnn                      : 0xffffffff (4294967295)
                                      unique_id                : 0xd2c33d9fcd33ff8f (-3259693948734275697)
                                  channel_id               : 0x0000000000000001 (1)
                                  creation_time            : Tue May 19 08:41:39 AM 2026 JST
                                  local_address            : 'ipv4:10.1.6.1:445'
                                  remote_address           : 'ipv4:10.254.254.9:46618'
                                  remote_name              : '10.254.254.9'
                                  signing_key              : NULL
                                  auth_session_info_seqnum : 0x00000001 (1)
                                  connection               : *
                                  signing_algo             : 0xfffe (65534)
                                  encryption_cipher        : 0x8000 (32768)
                  status                   : NT_STATUS_OK
                  idle_time                : Tue May 19 08:41:39 AM 2026 JST
                  nonce_high_random        : 0x0000000000000000 (0)
                  nonce_high_max           : 0x0000000000000000 (0)
                  nonce_high               : 0x0000000000000000 (0)
                  nonce_low                : 0x0000000000000000 (0)
                  tcon_table               : NULL
                  homes_snum               : 0xffffffff (4294967295)
                  pending_auth             : *
                      pending_auth: struct smbXsrv_session_auth0
                          prev                     : *
                          next                     : NULL
                          session                  : *
                          connection               : *
                          gensec                   : *
                          preauth                  : NULL
                          in_flags                 : 0x00 (0)
                          in_security_mode         : 0x00 (0)
                          creation_time            : Tue May 19 08:41:39 AM 2026 JST
                          idle_time                : Tue May 19 08:41:39 AM 2026 JST
                          channel_id               : 0x0000000000000001 (1)
[2026/05/19 08:41:39.381722,  4, pid=3900001, effective(0, 0), real(0, 0)] source3/smbd/smb1_reply.c:356(reply_tcon_and_X)
  Client requested device type [?????] for share [public]
[2026/05/19 08:41:39.381758,  5, pid=3900001, effective(0, 0), real(0, 0)] source3/smbd/smb1_service.c:237(make_connection)
  making a connection to 'normal' service public
[2026/05/19 08:41:39.381789,  5, pid=3900001, effective(0, 0), real(0, 0)] lib/dbwrap/dbwrap.c:172(dbwrap_lock_order_lock)
  dbwrap_lock_order_lock: check lock order 1 for /run/samba/smbXsrv_tcon_global.tdb
[2026/05/19 08:41:39.381807, 10, pid=3900001, effective(0, 0), real(0, 0)] lib/dbwrap/dbwrap.c:157(debug_lock_order)
  lock order:  1:/run/samba/smbXsrv_tcon_global.tdb 2:<none> 3:<none> 4:<none>
[2026/05/19 08:41:39.381836, 10, pid=3900001, effective(0, 0), real(0, 0)] lib/dbwrap/dbwrap_tdb.c:60(db_tdb_log_key)
  db_tdb_log_key: Locking key 8A5AA7E6
[2026/05/19 08:41:39.381893, 10, pid=3900001, effective(0, 0), real(0, 0)] lib/dbwrap/dbwrap_tdb.c:153(db_tdb_fetch_locked_internal)
  db_tdb_fetch_locked_internal: Allocated locked data 0x6087dc17cbe0
[2026/05/19 08:41:39.382020, 10, pid=3900001, effective(0, 0), real(0, 0)] source3/smbd/smbXsrv_tcon.c:710(smbXsrv_tcon_global_store)
  smbXsrv_tcon_global_store: smbXsrv_tcon_global_store: key '8A5AA7E6' stored
[2026/05/19 08:41:39.382041,  1, pid=3900001, effective(0, 0), real(0, 0), class=rpc_parse] source3/smbd/smbXsrv_tcon.c:712(smbXsrv_tcon_global_store)
       &global_blob: struct smbXsrv_tcon_globalB
          version                  : SMBXSRV_VERSION_0 (0)
          seqnum                   : 0x00000001 (1)
          info                     : union smbXsrv_tcon_globalU(case 0)
          info0                    : *
              info0: struct smbXsrv_tcon_global0
                  db_rec                   : *
                  tcon_global_id           : 0x8a5aa7e6 (2321197030)
                  tcon_wire_id             : 0x00009f83 (40835)
                  server_id: struct server_id
                      pid                      : 0x00000000003b8261 (3900001)
                      task_id                  : 0x00000000 (0)
                      vnn                      : 0xffffffff (4294967295)
                      unique_id                : 0xd2c33d9fcd33ff8f (-3259693948734275697)
                  creation_time            : Tue May 19 08:41:39 AM 2026 JST
                  share_name               : 'public'
                  encryption_flags         : 0x00 (0)
                         0: SMBXSRV_ENCRYPTION_REQUIRED
                         0: SMBXSRV_ENCRYPTION_DESIRED
                         0: SMBXSRV_PROCESSED_ENCRYPTED_PACKET
                         0: SMBXSRV_PROCESSED_UNENCRYPTED_PACKET
                  session_global_id        : 0x4387b7d5 (1132967893)
                  signing_flags            : 0x00 (0)
                         0: SMBXSRV_SIGNING_REQUIRED 
                         0: SMBXSRV_PROCESSED_SIGNED_PACKET
                         0: SMBXSRV_PROCESSED_UNSIGNED_PACKET
[2026/05/19 08:41:39.382215, 10, pid=3900001, effective(0, 0), real(0, 0)] lib/dbwrap/dbwrap_tdb.c:60(db_tdb_log_key)
  db_tdb_log_key: Unlocking key 8A5AA7E6
[2026/05/19 08:41:39.382233,  5, pid=3900001, effective(0, 0), real(0, 0)] lib/dbwrap/dbwrap.c:204(dbwrap_lock_order_unlock)
  dbwrap_lock_order_unlock: release lock order 1 for /run/samba/smbXsrv_tcon_global.tdb
[2026/05/19 08:41:39.382264, 10, pid=3900001, effective(0, 0), real(0, 0)] source3/smbd/smbXsrv_tcon.c:848(smbXsrv_tcon_create)
  smbXsrv_tcon_create: smbXsrv_tcon_create: global_id (0x8a5aa7e6) stored
[2026/05/19 08:41:39.382282,  1, pid=3900001, effective(0, 0), real(0, 0), class=rpc_parse] source3/smbd/smbXsrv_tcon.c:850(smbXsrv_tcon_create)
       &tcon_blob: struct smbXsrv_tconB
          version                  : SMBXSRV_VERSION_0 (0)
          reserved                 : 0x00000000 (0)
          info                     : union smbXsrv_tconU(case 0)
          info0                    : *
              info0: struct smbXsrv_tcon
                  table                    : *
                  db_rec                   : NULL
                  local_id                 : 0x00009f83 (40835)
                  global                   : *
                      global: struct smbXsrv_tcon_global0
                          db_rec                   : NULL
                          tcon_global_id           : 0x8a5aa7e6 (2321197030)
                          tcon_wire_id             : 0x00009f83 (40835)
                          server_id: struct server_id
                              pid                      : 0x00000000003b8261 (3900001)
                              task_id                  : 0x00000000 (0)
                              vnn                      : 0xffffffff (4294967295)
                              unique_id                : 0xd2c33d9fcd33ff8f (-3259693948734275697)
                          creation_time            : Tue May 19 08:41:39 AM 2026 JST
                          share_name               : 'public'
                          encryption_flags         : 0x00 (0)
                                 0: SMBXSRV_ENCRYPTION_REQUIRED
                                 0: SMBXSRV_ENCRYPTION_DESIRED
                                 0: SMBXSRV_PROCESSED_ENCRYPTED_PACKET
                                 0: SMBXSRV_PROCESSED_UNENCRYPTED_PACKET
                          session_global_id        : 0x4387b7d5 (1132967893)
                          signing_flags            : 0x00 (0)
                                 0: SMBXSRV_SIGNING_REQUIRED 
                                 0: SMBXSRV_PROCESSED_SIGNED_PACKET
                                 0: SMBXSRV_PROCESSED_UNSIGNED_PACKET
                  status                   : NT_STATUS_INTERNAL_ERROR
                  idle_time                : Tue May 19 08:41:39 AM 2026 JST
                  compat                   : NULL
[2026/05/19 08:41:39.382533,  3, pid=3900001, effective(0, 0), real(0, 0)] lib/util/access.c:372(allow_access)
  Allowed connection from 10.254.254.9 (10.254.254.9)
[2026/05/19 08:41:39.382592, 10, pid=3900001, effective(0, 0), real(0, 0)] source3/smbd/smb2_service.c:71(set_conn_connectpath)
  set_conn_connectpath: service public, connectpath = /var/samba/public
[2026/05/19 08:41:39.382613,  3, pid=3900001, effective(0, 0), real(0, 0)] source3/smbd/smb2_service.c:584(make_connection_snum)
  make_connection_snum: Connect path is '/var/samba/public' for service [public]
[2026/05/19 08:41:39.382633, 10, pid=3900001, effective(0, 0), real(0, 0)] source3/smbd/share_access.c:238(user_ok_token)
  user_ok_token: share public is ok for unix user nobody
[2026/05/19 08:41:39.382654, 10, pid=3900001, effective(0, 0), real(0, 0)] source3/smbd/share_access.c:286(is_share_read_only_for_token)
  is_share_read_only_for_user: share public is read-write for unix user nobody
[2026/05/19 08:41:39.382701, 10, pid=3900001, effective(0, 0), real(0, 0)] libcli/security/access_check.c:400(se_file_access_check)
  se_file_access_check: MAX desired = 0x2000000 mapped to 0x1f01ff
[2026/05/19 08:41:39.382721,  3, pid=3900001, effective(0, 0), real(0, 0), class=vfs] source3/smbd/vfs.c:115(vfs_init_default)
  Initialising default vfs hooks
[2026/05/19 08:41:39.382740, 10, pid=3900001, effective(0, 0), real(0, 0), class=vfs] source3/smbd/vfs.c:66(vfs_find_backend_entry)
  vfs_find_backend_entry called for /[Default VFS]/
[2026/05/19 08:41:39.382759,  5, pid=3900001, effective(0, 0), real(0, 0), class=vfs] source3/smbd/vfs.c:105(smb_register_vfs)
  Successfully added vfs backend '/[Default VFS]/'
[2026/05/19 08:41:39.382776, 10, pid=3900001, effective(0, 0), real(0, 0), class=vfs] source3/smbd/vfs.c:66(vfs_find_backend_entry)
  vfs_find_backend_entry called for vfs_not_implemented
[2026/05/19 08:41:39.382794,  5, pid=3900001, effective(0, 0), real(0, 0), class=vfs] source3/smbd/vfs.c:105(smb_register_vfs)
  Successfully added vfs backend 'vfs_not_implemented'
[2026/05/19 08:41:39.382820, 10, pid=3900001, effective(0, 0), real(0, 0), class=vfs] source3/smbd/vfs.c:66(vfs_find_backend_entry)
  vfs_find_backend_entry called for posixacl
[2026/05/19 08:41:39.382856,  5, pid=3900001, effective(0, 0), real(0, 0), class=vfs] source3/smbd/vfs.c:105(smb_register_vfs)
  Successfully added vfs backend 'posixacl'
[2026/05/19 08:41:39.382900,  3, pid=3900001, effective(0, 0), real(0, 0), class=vfs] source3/smbd/vfs.c:141(vfs_init_custom)
  Initialising custom vfs hooks from [/[Default VFS]/]
[2026/05/19 08:41:39.382921, 10, pid=3900001, effective(0, 0), real(0, 0), class=vfs] source3/smbd/vfs.c:66(vfs_find_backend_entry)
  vfs_find_backend_entry called for /[Default VFS]/
  Successfully loaded vfs module [/[Default VFS]/] with the new modules system
[2026/05/19 08:41:39.383024, 10, pid=3900001, effective(0, 0), real(0, 0)] source3/smbd/notify_msg.c:79(notify_init)
  notify_init: notifyd=2878389
[2026/05/19 08:41:39.383044,  5, pid=3900001, effective(0, 0), real(0, 0)] source3/lib/messages.c:711(messaging_register)
  Registering messaging pointer for type 784 - private_data=0x6087dc17d520
[2026/05/19 08:41:39.383067,  5, pid=3900001, effective(0, 0), real(0, 0)] source3/lib/messages.c:711(messaging_register)
  Registering messaging pointer for type 793 - private_data=0x6087dc1755e0
[2026/05/19 08:41:39.383085,  5, pid=3900001, effective(0, 0), real(0, 0)] source3/lib/messages.c:711(messaging_register)
  Registering messaging pointer for type 799 - private_data=0x6087dc1755e0
[2026/05/19 08:41:39.383131, 10, pid=3900001, effective(0, 0), real(0, 0)] source3/smbd/smb2_service.c:71(set_conn_connectpath)
  set_conn_connectpath: service public, connectpath = /var/samba/public
[2026/05/19 08:41:39.383155, 10, pid=3900001, effective(0, 0), real(0, 0)] source3/smbd/share_access.c:238(user_ok_token)
  user_ok_token: share public is ok for unix user nobody
[2026/05/19 08:41:39.383174, 10, pid=3900001, effective(0, 0), real(0, 0)] source3/smbd/share_access.c:286(is_share_read_only_for_token)
  is_share_read_only_for_user: share public is read-write for unix user nobody
[2026/05/19 08:41:39.383202, 10, pid=3900001, effective(0, 0), real(0, 0)] libcli/security/access_check.c:400(se_file_access_check)
  se_file_access_check: MAX desired = 0x2000000 mapped to 0x1f01ff
[2026/05/19 08:41:39.383243,  4, pid=3900001, effective(0, 0), real(0, 0)] source3/smbd/sec_ctx.c:317(set_sec_ctx_internal)
  setting sec ctx (65534, 65534) - sec_ctx_stack_ndx = 0
[2026/05/19 08:41:39.383261,  5, pid=3900001, effective(0, 0), real(0, 0)] libcli/security/security_token.c:53(security_token_debug)
  Security token SIDs (7):
    SID[  0]: S-1-5-21-2342536155-1022706741-2866312864-501
    SID[  1]: S-1-5-21-2342536155-1022706741-2866312864-514
    SID[  2]: S-1-22-2-65534
    SID[  3]: S-1-1-0
    SID[  4]: S-1-5-2
    SID[  5]: S-1-5-32-546
    SID[  6]: S-1-22-1-65534
   Privileges (0x               0):
   Rights (0x               0):
[2026/05/19 08:41:39.383325,  5, pid=3900001, effective(0, 0), real(0, 0)] source3/auth/token_util.c:873(debug_unix_user_token)
  UNIX token of user 65534
  Primary group is 65534 and contains 1 supplementary groups
  Group[  0]: 65534
[2026/05/19 08:41:39.383408,  5, pid=3900001, effective(65534, 65534), real(65534, 0)] source3/smbd/uid.c:294(print_impersonation_info)
  print_impersonation_info: Impersonated user: uid=(65534,65534), gid=(0,65534), cwd=[/]
[2026/05/19 08:41:39.383437,  4, pid=3900001, effective(65534, 65534), real(65534, 0)] source3/smbd/sec_ctx.c:317(set_sec_ctx_internal)
  setting sec ctx (0, 0) - sec_ctx_stack_ndx = 0
[2026/05/19 08:41:39.383455,  5, pid=3900001, effective(65534, 65534), real(65534, 0)] libcli/security/security_token.c:49(security_token_debug)
  Security token: (NULL)
[2026/05/19 08:41:39.383472,  5, pid=3900001, effective(65534, 65534), real(65534, 0)] source3/auth/token_util.c:873(debug_unix_user_token)
  UNIX token of user 0
  Primary group is 0 and contains 0 supplementary groups
[2026/05/19 08:41:39.383512,  5, pid=3900001, effective(0, 0), real(0, 0)] source3/smbd/uid.c:494(smbd_change_to_root_user)
  change_to_root_user: now uid=(0,0) gid=(0,0)
[2026/05/19 08:41:39.383548, 10, pid=3900001, effective(0, 0), real(0, 0)] source3/smbd/smb2_service.c:71(set_conn_connectpath)
  set_conn_connectpath: service public, connectpath = /var/samba/public
[2026/05/19 08:41:39.383590, 10, pid=3900001, effective(0, 0), real(0, 0), class=vfs] source3/modules/vfs_default.c:209(vfswrap_fs_capabilities)
  vfswrap_fs_capabilities: vfswrap_fs_capabilities: timestamp resolution of sec available on share public, directory /var/samba/public
[2026/05/19 08:41:39.383611,  3, pid=3900001, effective(0, 0), real(0, 0)] source3/smbd/smb2_service.c:814(make_connection_snum)
   (ipv4:10.254.254.9:46618) connect to service public initially as user nobody (uid=65534, gid=65534) (pid 3900001)
[2026/05/19 08:41:39.383643,  3, pid=3900001, effective(0, 0), real(0, 0)] source3/smbd/smb1_reply.c:532(reply_tcon_and_X)
  tconX service=public 
[2026/05/19 08:41:39.383674,  5, pid=3900001, effective(0, 0), real(0, 0)] source3/lib/util.c:150(show_msg)
  size=62
  smb_com=0x75
  smb_rcls=0
  smb_reh=0
  smb_err=0
  smb_flg=128
  smb_flg2=51203
  smb_tid=40835
  smb_pid=16799
  smb_uid=54244
  smb_mid=4
  smt_wct=7
  smb_vwv[ 0]=  255 (0xFF)
  smb_vwv[ 1]=    0 (0x0)
  smb_vwv[ 2]=    1 (0x1)
  smb_vwv[ 3]=  511 (0x1FF)
  smb_vwv[ 4]=   31 (0x1F)
  smb_vwv[ 5]=    0 (0x0)
  smb_vwv[ 6]=    0 (0x0)
  smb_bcc=13
[2026/05/19 08:41:39.383764, 10, pid=3900001, effective(0, 0), real(0, 0)] lib/util/util.c:578(dump_data)
  [0000] 41 3A 00 4E 00 54 00 46   00 53 00 00 00            A:.N.T.F .S...
[2026/05/19 08:41:39.699326, 10, pid=3900001, effective(0, 0), real(0, 0)] source3/lib/util_sock.c:180(read_smb_length_return_keepalive)
  got smb length of 68
[2026/05/19 08:41:39.699419,  6, pid=3900001, effective(0, 0), real(0, 0)] source3/smbd/smb2_process.c:574(process_smb)
  got message type 0x0 of len 0x44
[2026/05/19 08:41:39.699440,  3, pid=3900001, effective(0, 0), real(0, 0)] source3/smbd/smb2_process.c:576(process_smb)
  Transaction 4 of length 72 (0 toread)
[2026/05/19 08:41:39.699473,  5, pid=3900001, effective(0, 0), real(0, 0)] source3/lib/util.c:150(show_msg)
  size=68
  smb_com=0x32
  smb_rcls=0
  smb_reh=0
  smb_err=0
  smb_flg=0
  smb_flg2=49153
  smb_tid=40835
  smb_pid=16799
  smb_uid=54244
  smb_mid=5
  smt_wct=15
  smb_vwv[ 0]=    2 (0x2)
  smb_vwv[ 1]=    0 (0x0)
  smb_vwv[ 2]=    2 (0x2)
  smb_vwv[ 3]=  100 (0x64)
  smb_vwv[ 4]=    0 (0x0)
  smb_vwv[ 5]=    0 (0x0)
  smb_vwv[ 6]=    0 (0x0)
  smb_vwv[ 7]=    0 (0x0)
  smb_vwv[ 8]=    0 (0x0)
  smb_vwv[ 9]=    2 (0x2)
  smb_vwv[10]=   66 (0x42)
  smb_vwv[11]=    0 (0x0)
  smb_vwv[12]=    0 (0x0)
  smb_vwv[13]=    1 (0x1)
  smb_vwv[14]=    3 (0x3)
  smb_bcc=3
[2026/05/19 08:41:39.699594, 10, pid=3900001, effective(0, 0), real(0, 0)] lib/util/util.c:578(dump_data)
  [0000] 00 00 02                                            ...
[2026/05/19 08:41:39.699636,  3, pid=3900001, effective(0, 0), real(0, 0)] source3/smbd/smb1_process.c:1112(switch_message)
  switch message SMBtrans2 (pid 3900001) conn 0x6087dc1782d0
[2026/05/19 08:41:39.699676,  4, pid=3900001, effective(0, 0), real(0, 0)] source3/smbd/sec_ctx.c:317(set_sec_ctx_internal)
  setting sec ctx (65534, 65534) - sec_ctx_stack_ndx = 0
[2026/05/19 08:41:39.699697,  5, pid=3900001, effective(0, 0), real(0, 0)] libcli/security/security_token.c:53(security_token_debug)
  Security token SIDs (7):
    SID[  0]: S-1-5-21-2342536155-1022706741-2866312864-501
    SID[  1]: S-1-5-21-2342536155-1022706741-2866312864-514
    SID[  2]: S-1-22-2-65534
    SID[  3]: S-1-1-0
    SID[  4]: S-1-5-2
    SID[  5]: S-1-5-32-546
    SID[  6]: S-1-22-1-65534
   Privileges (0x               0):
   Rights (0x               0):
[2026/05/19 08:41:39.699763,  5, pid=3900001, effective(0, 0), real(0, 0)] source3/auth/token_util.c:873(debug_unix_user_token)
  UNIX token of user 65534
  Primary group is 65534 and contains 1 supplementary groups
  Group[  0]: 65534
[2026/05/19 08:41:39.699841,  4, pid=3900001, effective(65534, 65534), real(65534, 0), class=vfs] source3/smbd/vfs.c:937(vfs_ChDir)
  vfs_ChDir to /var/samba/public
[2026/05/19 08:41:39.699968,  5, pid=3900001, effective(65534, 65534), real(65534, 0), class=vfs] source3/smbd/vfs.c:999(vfs_ChDir)
  vfs_ChDir: vfs_ChDir got /var/samba/public
[2026/05/19 08:41:39.700002,  5, pid=3900001, effective(65534, 65534), real(65534, 0)] source3/smbd/uid.c:294(print_impersonation_info)
  print_impersonation_info: Impersonated user: uid=(65534,65534), gid=(0,65534), cwd=[/var/samba/public]
[2026/05/19 08:41:39.700029,  5, pid=3900001, effective(65534, 65534), real(65534, 0)] lib/dbwrap/dbwrap.c:172(dbwrap_lock_order_lock)
  dbwrap_lock_order_lock: check lock order 1 for /run/samba/smbXsrv_tcon_global.tdb
[2026/05/19 08:41:39.700049, 10, pid=3900001, effective(65534, 65534), real(65534, 0)] lib/dbwrap/dbwrap.c:157(debug_lock_order)
  lock order:  1:/run/samba/smbXsrv_tcon_global.tdb 2:<none> 3:<none> 4:<none>
[2026/05/19 08:41:39.700071, 10, pid=3900001, effective(65534, 65534), real(65534, 0)] lib/dbwrap/dbwrap_tdb.c:60(db_tdb_log_key)
  db_tdb_log_key: Locking key 8A5AA7E6
[2026/05/19 08:41:39.700105, 10, pid=3900001, effective(65534, 65534), real(65534, 0)] lib/dbwrap/dbwrap_tdb.c:153(db_tdb_fetch_locked_internal)
  db_tdb_fetch_locked_internal: Allocated locked data 0x6087dc18afd0
[2026/05/19 08:41:39.700155, 10, pid=3900001, effective(65534, 65534), real(65534, 0)] source3/smbd/smbXsrv_tcon.c:710(smbXsrv_tcon_global_store)
  smbXsrv_tcon_global_store: smbXsrv_tcon_global_store: key '8A5AA7E6' stored
[2026/05/19 08:41:39.700176,  1, pid=3900001, effective(65534, 65534), real(65534, 0), class=rpc_parse] source3/smbd/smbXsrv_tcon.c:712(smbXsrv_tcon_global_store)
       &global_blob: struct smbXsrv_tcon_globalB
          version                  : SMBXSRV_VERSION_0 (0)
          seqnum                   : 0x00000002 (2)
          info                     : union smbXsrv_tcon_globalU(case 0)
          info0                    : *
              info0: struct smbXsrv_tcon_global0
                  db_rec                   : *
                  tcon_global_id           : 0x8a5aa7e6 (2321197030)
                  tcon_wire_id             : 0x00009f83 (40835)
                  server_id: struct server_id
                      pid                      : 0x00000000003b8261 (3900001)
                      task_id                  : 0x00000000 (0)
                      vnn                      : 0xffffffff (4294967295)
                      unique_id                : 0xd2c33d9fcd33ff8f (-3259693948734275697)
                  creation_time            : Tue May 19 08:41:39 AM 2026 JST
                  share_name               : 'public'
                  encryption_flags         : 0x08 (8)
                         0: SMBXSRV_ENCRYPTION_REQUIRED
                         0: SMBXSRV_ENCRYPTION_DESIRED
                         0: SMBXSRV_PROCESSED_ENCRYPTED_PACKET
                         1: SMBXSRV_PROCESSED_UNENCRYPTED_PACKET
                  session_global_id        : 0x4387b7d5 (1132967893)
                  signing_flags            : 0x04 (4)
                         0: SMBXSRV_SIGNING_REQUIRED 
                         0: SMBXSRV_PROCESSED_SIGNED_PACKET
                         1: SMBXSRV_PROCESSED_UNSIGNED_PACKET
[2026/05/19 08:41:39.700361, 10, pid=3900001, effective(65534, 65534), real(65534, 0)] lib/dbwrap/dbwrap_tdb.c:60(db_tdb_log_key)
  db_tdb_log_key: Unlocking key 8A5AA7E6
[2026/05/19 08:41:39.700381,  5, pid=3900001, effective(65534, 65534), real(65534, 0)] lib/dbwrap/dbwrap.c:204(dbwrap_lock_order_unlock)
  dbwrap_lock_order_unlock: release lock order 1 for /run/samba/smbXsrv_tcon_global.tdb
[2026/05/19 08:41:39.700413, 10, pid=3900001, effective(65534, 65534), real(65534, 0)] source3/smbd/smbXsrv_tcon.c:892(smbXsrv_tcon_update)
  smbXsrv_tcon_update: smbXsrv_tcon_update: global_id (0x8a5aa7e6) stored
[2026/05/19 08:41:39.700431,  1, pid=3900001, effective(65534, 65534), real(65534, 0), class=rpc_parse] source3/smbd/smbXsrv_tcon.c:894(smbXsrv_tcon_update)
       &tcon_blob: struct smbXsrv_tconB
          version                  : SMBXSRV_VERSION_0 (0)
          reserved                 : 0x00000000 (0)
          info                     : union smbXsrv_tconU(case 0)
          info0                    : *
              info0: struct smbXsrv_tcon
                  table                    : *
                  db_rec                   : NULL
                  local_id                 : 0x00009f83 (40835)
                  global                   : *
                      global: struct smbXsrv_tcon_global0
                          db_rec                   : NULL
                          tcon_global_id           : 0x8a5aa7e6 (2321197030)
                          tcon_wire_id             : 0x00009f83 (40835)
                          server_id: struct server_id
                              pid                      : 0x00000000003b8261 (3900001)
                              task_id                  : 0x00000000 (0)
                              vnn                      : 0xffffffff (4294967295)
                              unique_id                : 0xd2c33d9fcd33ff8f (-3259693948734275697)
                          creation_time            : Tue May 19 08:41:39 AM 2026 JST
                          share_name               : 'public'
                          encryption_flags         : 0x08 (8)
                                 0: SMBXSRV_ENCRYPTION_REQUIRED
                                 0: SMBXSRV_ENCRYPTION_DESIRED
                                 0: SMBXSRV_PROCESSED_ENCRYPTED_PACKET
                                 1: SMBXSRV_PROCESSED_UNENCRYPTED_PACKET
                          session_global_id        : 0x4387b7d5 (1132967893)
                          signing_flags            : 0x04 (4)
                                 0: SMBXSRV_SIGNING_REQUIRED 
                                 0: SMBXSRV_PROCESSED_SIGNED_PACKET
                                 1: SMBXSRV_PROCESSED_UNSIGNED_PACKET
                  status                   : NT_STATUS_OK
                  idle_time                : Tue May 19 08:41:40 AM 2026 JST
                  compat                   : *
[2026/05/19 08:41:39.700717,  3, pid=3900001, effective(65534, 65534), real(65534, 0)] source3/smbd/smb1_trans2.c:1676(call_trans2qfsinfo)
  call_trans2qfsinfo: level = 512
[2026/05/19 08:41:39.700741,  3, pid=3900001, effective(65534, 65534), real(65534, 0)] source3/smbd/smb2_trans2.c:2078(smbd_do_qfsinfo)
  smbd_do_qfsinfo: level = 512
[2026/05/19 08:41:39.700782,  9, pid=3900001, effective(65534, 65534), real(65534, 0)] source3/smbd/smb1_trans2.c:230(send_trans2_replies)
  t2_rep: params_sent_thistime = 0, data_sent_thistime = 12, useable_space = 16408
[2026/05/19 08:41:39.700801,  9, pid=3900001, effective(65534, 65534), real(65534, 0)] source3/smbd/smb1_trans2.c:232(send_trans2_replies)
  t2_rep: params_to_send = 0, data_to_send = 12, paramsize = 0, datasize = 12
[2026/05/19 08:41:39.700845,  5, pid=3900001, effective(65534, 65534), real(65534, 0)] source3/lib/util.c:150(show_msg)
  size=68
  smb_com=0x32
  smb_rcls=0
  smb_reh=0
  smb_err=0
  smb_flg=128
  smb_flg2=51203
  smb_tid=40835
  smb_pid=16799
  smb_uid=54244
  smb_mid=5
  smt_wct=10
  smb_vwv[ 0]=    0 (0x0)
  smb_vwv[ 1]=   12 (0xC)
  smb_vwv[ 2]=    0 (0x0)
  smb_vwv[ 3]=    0 (0x0)
  smb_vwv[ 4]=   56 (0x38)
  smb_vwv[ 5]=    0 (0x0)
  smb_vwv[ 6]=   12 (0xC)
  smb_vwv[ 7]=   56 (0x38)
  smb_vwv[ 8]=    0 (0x0)
  smb_vwv[ 9]=    0 (0x0)
  smb_bcc=13
[2026/05/19 08:41:39.700967, 10, pid=3900001, effective(65534, 65534), real(65534, 0)] lib/util/util.c:578(dump_data)
  [0000] 00 01 00 00 00 7B 01 00   00 00 00 00 00            .....{.. .....
[2026/05/19 08:41:39.701041,  4, pid=3900001, effective(65534, 65534), real(65534, 0)] source3/smbd/smb1_trans2.c:1693(call_trans2qfsinfo)
  SMBtrans2 info_level = 512
[2026/05/19 08:41:40.021121, 10, pid=3900001, effective(65534, 65534), real(65534, 0)] source3/lib/util_sock.c:180(read_smb_length_return_keepalive)
  got smb length of 82
[2026/05/19 08:41:40.021194,  6, pid=3900001, effective(65534, 65534), real(65534, 0)] source3/smbd/smb2_process.c:574(process_smb)
  got message type 0x0 of len 0x52
[2026/05/19 08:41:40.021231,  3, pid=3900001, effective(65534, 65534), real(65534, 0)] source3/smbd/smb2_process.c:576(process_smb)
  Transaction 5 of length 86 (0 toread)
[2026/05/19 08:41:40.021264,  5, pid=3900001, effective(65534, 65534), real(65534, 0)] source3/lib/util.c:150(show_msg)
  size=82
  smb_com=0x32
  smb_rcls=0
  smb_reh=0
  smb_err=0
  smb_flg=0
  smb_flg2=49153
  smb_tid=40835
  smb_pid=16799
  smb_uid=54244
  smb_mid=6
  smt_wct=15
  smb_vwv[ 0]=    4 (0x4)
  smb_vwv[ 1]=   12 (0xC)
  smb_vwv[ 2]=    4 (0x4)
  smb_vwv[ 3]=  100 (0x64)
  smb_vwv[ 4]=    0 (0x0)
  smb_vwv[ 5]=    0 (0x0)
  smb_vwv[ 6]=    0 (0x0)
  smb_vwv[ 7]=    0 (0x0)
  smb_vwv[ 8]=    0 (0x0)
  smb_vwv[ 9]=    4 (0x4)
  smb_vwv[10]=   66 (0x42)
  smb_vwv[11]=   12 (0xC)
  smb_vwv[12]=   70 (0x46)
  smb_vwv[13]=    1 (0x1)
  smb_vwv[14]=    4 (0x4)
  smb_bcc=17
[2026/05/19 08:41:40.021395, 10, pid=3900001, effective(65534, 65534), real(65534, 0)] lib/util/util.c:578(dump_data)
  [0000] 00 00 00 00 02 01 00 00   00 13 00 00 00 00 00 00   ........ ........
  [0010] 00                                                  .
[2026/05/19 08:41:40.021452,  3, pid=3900001, effective(65534, 65534), real(65534, 0)] source3/smbd/smb1_process.c:1112(switch_message)
  switch message SMBtrans2 (pid 3900001) conn 0x6087dc1782d0
[2026/05/19 08:41:40.021478,  5, pid=3900001, effective(65534, 65534), real(65534, 0)] source3/smbd/uid.c:327(change_to_user_impersonate)
  change_to_user_impersonate: Skipping user change - already user
[2026/05/19 08:41:40.021522,  5, pid=3900001, effective(65534, 65534), real(65534, 0)] source3/smbd/uid.c:294(print_impersonation_info)
  print_impersonation_info: Impersonated user: uid=(65534,65534), gid=(0,65534), cwd=[/var/samba/public]
[2026/05/19 08:41:40.021571, 10, pid=3900001, effective(65534, 65534), real(65534, 0)] source3/smbd/smb1_trans2.c:1716(call_trans2setfsinfo)
  call_trans2setfsinfo: for service [public]
[2026/05/19 08:41:40.021597, 10, pid=3900001, effective(65534, 65534), real(65534, 0)] source3/smbd/smb1_trans2.c:1774(call_trans2setfsinfo)
  call_trans2setfsinfo: set unix_info info. major = 1, minor = 0cap_low = 0x13, cap_high = 0x0
[2026/05/19 08:41:40.021634,  5, pid=3900001, effective(65534, 65534), real(65534, 0)] source3/lib/util.c:150(show_msg)
  size=55
  smb_com=0x32
  smb_rcls=0
  smb_reh=0
  smb_err=0
  smb_flg=128
  smb_flg2=51203
  smb_tid=40835
  smb_pid=16799
  smb_uid=54244
  smb_mid=6
  smt_wct=10
  smb_vwv[ 0]=    0 (0x0)
  smb_vwv[ 1]=    0 (0x0)
  smb_vwv[ 2]=    0 (0x0)
  smb_vwv[ 3]=    0 (0x0)
  smb_vwv[ 4]=    0 (0x0)
  smb_vwv[ 5]=    0 (0x0)
  smb_vwv[ 6]=    0 (0x0)
  smb_vwv[ 7]=    0 (0x0)
  smb_vwv[ 8]=    0 (0x0)
  smb_vwv[ 9]=    0 (0x0)
  smb_bcc=0
[2026/05/19 08:41:40.338999, 10, pid=3900001, effective(65534, 65534), real(65534, 0)] source3/lib/util_sock.c:180(read_smb_length_return_keepalive)
  got smb length of 68
[2026/05/19 08:41:40.339058,  6, pid=3900001, effective(65534, 65534), real(65534, 0)] source3/smbd/smb2_process.c:574(process_smb)
  got message type 0x0 of len 0x44
[2026/05/19 08:41:40.339078,  3, pid=3900001, effective(65534, 65534), real(65534, 0)] source3/smbd/smb2_process.c:576(process_smb)
  Transaction 6 of length 72 (0 toread)
[2026/05/19 08:41:40.339110,  5, pid=3900001, effective(65534, 65534), real(65534, 0)] source3/lib/util.c:150(show_msg)
  size=68
  smb_com=0x32
  smb_rcls=0
  smb_reh=0
  smb_err=0
  smb_flg=0
  smb_flg2=49153
  smb_tid=40835
  smb_pid=16799
  smb_uid=54244
  smb_mid=7
  smt_wct=15
  smb_vwv[ 0]=    2 (0x2)
  smb_vwv[ 1]=    0 (0x0)
  smb_vwv[ 2]=    2 (0x2)
  smb_vwv[ 3]= 1000 (0x3E8)
  smb_vwv[ 4]=    0 (0x0)
  smb_vwv[ 5]=    0 (0x0)
  smb_vwv[ 6]=    0 (0x0)
  smb_vwv[ 7]=    0 (0x0)
  smb_vwv[ 8]=    0 (0x0)
  smb_vwv[ 9]=    2 (0x2)
  smb_vwv[10]=   66 (0x42)
  smb_vwv[11]=    0 (0x0)
  smb_vwv[12]=    0 (0x0)
  smb_vwv[13]=    1 (0x1)
  smb_vwv[14]=    3 (0x3)
  smb_bcc=3
[2026/05/19 08:41:40.339230, 10, pid=3900001, effective(65534, 65534), real(65534, 0)] lib/util/util.c:578(dump_data)
  [0000] 00 04 01                                            ...
[2026/05/19 08:41:40.339277,  3, pid=3900001, effective(65534, 65534), real(65534, 0)] source3/smbd/smb1_process.c:1112(switch_message)
  switch message SMBtrans2 (pid 3900001) conn 0x6087dc1782d0
[2026/05/19 08:41:40.339302,  5, pid=3900001, effective(65534, 65534), real(65534, 0)] source3/smbd/uid.c:327(change_to_user_impersonate)
  change_to_user_impersonate: Skipping user change - already user
[2026/05/19 08:41:40.339341,  5, pid=3900001, effective(65534, 65534), real(65534, 0)] source3/smbd/uid.c:294(print_impersonation_info)
  print_impersonation_info: Impersonated user: uid=(65534,65534), gid=(0,65534), cwd=[/var/samba/public]
[2026/05/19 08:41:40.339366,  3, pid=3900001, effective(65534, 65534), real(65534, 0)] source3/smbd/smb1_trans2.c:1676(call_trans2qfsinfo)
  call_trans2qfsinfo: level = 260
[2026/05/19 08:41:40.339391,  3, pid=3900001, effective(65534, 65534), real(65534, 0)] source3/smbd/smb2_trans2.c:2078(smbd_do_qfsinfo)
  smbd_do_qfsinfo: level = 260
[2026/05/19 08:41:40.339418,  9, pid=3900001, effective(65534, 65534), real(65534, 0)] source3/smbd/smb1_trans2.c:230(send_trans2_replies)
  t2_rep: params_sent_thistime = 0, data_sent_thistime = 8, useable_space = 16408
[2026/05/19 08:41:40.339436,  9, pid=3900001, effective(65534, 65534), real(65534, 0)] source3/smbd/smb1_trans2.c:232(send_trans2_replies)
  t2_rep: params_to_send = 0, data_to_send = 8, paramsize = 0, datasize = 8
[2026/05/19 08:41:40.339467,  5, pid=3900001, effective(65534, 65534), real(65534, 0)] source3/lib/util.c:150(show_msg)
  size=64
  smb_com=0x32
  smb_rcls=0
  smb_reh=0
  smb_err=0
  smb_flg=128
  smb_flg2=51203
  smb_tid=40835
  smb_pid=16799
  smb_uid=54244
  smb_mid=7
  smt_wct=10
  smb_vwv[ 0]=    0 (0x0)
  smb_vwv[ 1]=    8 (0x8)
  smb_vwv[ 2]=    0 (0x0)
  smb_vwv[ 3]=    0 (0x0)
  smb_vwv[ 4]=   56 (0x38)
  smb_vwv[ 5]=    0 (0x0)
  smb_vwv[ 6]=    8 (0x8)
  smb_vwv[ 7]=   56 (0x38)
  smb_vwv[ 8]=    0 (0x0)
  smb_vwv[ 9]=    0 (0x0)
  smb_bcc=9
[2026/05/19 08:41:40.339567, 10, pid=3900001, effective(65534, 65534), real(65534, 0)] lib/util/util.c:578(dump_data)
  [0000] 00 07 00 00 00 20 00 00   00                        ..... .. .
[2026/05/19 08:41:40.339633,  4, pid=3900001, effective(65534, 65534), real(65534, 0)] source3/smbd/smb1_trans2.c:1693(call_trans2qfsinfo)
  SMBtrans2 info_level = 260
[2026/05/19 08:41:40.658296, 10, pid=3900001, effective(65534, 65534), real(65534, 0)] source3/lib/util_sock.c:180(read_smb_length_return_keepalive)
  got smb length of 68
[2026/05/19 08:41:40.658358,  6, pid=3900001, effective(65534, 65534), real(65534, 0)] source3/smbd/smb2_process.c:574(process_smb)
  got message type 0x0 of len 0x44
[2026/05/19 08:41:40.658378,  3, pid=3900001, effective(65534, 65534), real(65534, 0)] source3/smbd/smb2_process.c:576(process_smb)
  Transaction 7 of length 72 (0 toread)
[2026/05/19 08:41:40.658409,  5, pid=3900001, effective(65534, 65534), real(65534, 0)] source3/lib/util.c:150(show_msg)
  size=68
  smb_com=0x32
  smb_rcls=0
  smb_reh=0
  smb_err=0
  smb_flg=0
  smb_flg2=49153
  smb_tid=40835
  smb_pid=16799
  smb_uid=54244
  smb_mid=8
  smt_wct=15
  smb_vwv[ 0]=    2 (0x2)
  smb_vwv[ 1]=    0 (0x0)
  smb_vwv[ 2]=    2 (0x2)
  smb_vwv[ 3]= 1000 (0x3E8)
  smb_vwv[ 4]=    0 (0x0)
  smb_vwv[ 5]=    0 (0x0)
  smb_vwv[ 6]=    0 (0x0)
  smb_vwv[ 7]=    0 (0x0)
  smb_vwv[ 8]=    0 (0x0)
  smb_vwv[ 9]=    2 (0x2)
  smb_vwv[10]=   66 (0x42)
  smb_vwv[11]=    0 (0x0)
  smb_vwv[12]=    0 (0x0)
  smb_vwv[13]=    1 (0x1)
  smb_vwv[14]=    3 (0x3)
  smb_bcc=3
[2026/05/19 08:41:40.658530, 10, pid=3900001, effective(65534, 65534), real(65534, 0)] lib/util/util.c:578(dump_data)
  [0000] 00 05 01                                            ...
[2026/05/19 08:41:40.658561,  3, pid=3900001, effective(65534, 65534), real(65534, 0)] source3/smbd/smb1_process.c:1112(switch_message)
  switch message SMBtrans2 (pid 3900001) conn 0x6087dc1782d0
[2026/05/19 08:41:40.658585,  5, pid=3900001, effective(65534, 65534), real(65534, 0)] source3/smbd/uid.c:327(change_to_user_impersonate)
  change_to_user_impersonate: Skipping user change - already user
[2026/05/19 08:41:40.658636,  5, pid=3900001, effective(65534, 65534), real(65534, 0)] source3/smbd/uid.c:294(print_impersonation_info)
  print_impersonation_info: Impersonated user: uid=(65534,65534), gid=(0,65534), cwd=[/var/samba/public]
[2026/05/19 08:41:40.658662,  3, pid=3900001, effective(65534, 65534), real(65534, 0)] source3/smbd/smb1_trans2.c:1676(call_trans2qfsinfo)
  call_trans2qfsinfo: level = 261
[2026/05/19 08:41:40.658686,  3, pid=3900001, effective(65534, 65534), real(65534, 0)] source3/smbd/smb2_trans2.c:2078(smbd_do_qfsinfo)
  smbd_do_qfsinfo: level = 261
[2026/05/19 08:41:40.658717,  9, pid=3900001, effective(65534, 65534), real(65534, 0)] source3/smbd/smb1_trans2.c:230(send_trans2_replies)
  t2_rep: params_sent_thistime = 0, data_sent_thistime = 20, useable_space = 16408
[2026/05/19 08:41:40.658735,  9, pid=3900001, effective(65534, 65534), real(65534, 0)] source3/smbd/smb1_trans2.c:232(send_trans2_replies)
  t2_rep: params_to_send = 0, data_to_send = 20, paramsize = 0, datasize = 20
[2026/05/19 08:41:40.658766,  5, pid=3900001, effective(65534, 65534), real(65534, 0)] source3/lib/util.c:150(show_msg)
  size=76
  smb_com=0x32
  smb_rcls=0
  smb_reh=0
  smb_err=0
  smb_flg=128
  smb_flg2=51203
  smb_tid=40835
  smb_pid=16799
  smb_uid=54244
  smb_mid=8
  smt_wct=10
  smb_vwv[ 0]=    0 (0x0)
  smb_vwv[ 1]=   20 (0x14)
  smb_vwv[ 2]=    0 (0x0)
  smb_vwv[ 3]=    0 (0x0)
  smb_vwv[ 4]=   56 (0x38)
  smb_vwv[ 5]=    0 (0x0)
  smb_vwv[ 6]=   20 (0x14)
  smb_vwv[ 7]=   56 (0x38)
  smb_vwv[ 8]=    0 (0x0)
  smb_vwv[ 9]=    0 (0x0)
  smb_bcc=21
[2026/05/19 08:41:40.674188, 10, pid=3900001, effective(65534, 65534), real(65534, 0)] lib/util/util.c:578(dump_data)
  [0000] 00 6F 00 01 00 FF 00 00   00 08 00 00 00 4E 00 54   .o...... .....N.T
  [0010] 00 46 00 53 00                                      .F.S.
[2026/05/19 08:41:40.674284,  4, pid=3900001, effective(65534, 65534), real(65534, 0)] source3/smbd/smb1_trans2.c:1693(call_trans2qfsinfo)
  SMBtrans2 info_level = 261
[2026/05/19 08:41:40.978534, 10, pid=3900001, effective(65534, 65534), real(65534, 0)] source3/lib/util_sock.c:180(read_smb_length_return_keepalive)
  got smb length of 74
[2026/05/19 08:41:40.978589,  6, pid=3900001, effective(65534, 65534), real(65534, 0)] source3/smbd/smb2_process.c:574(process_smb)
  got message type 0x0 of len 0x4a
[2026/05/19 08:41:40.978609,  3, pid=3900001, effective(65534, 65534), real(65534, 0)] source3/smbd/smb2_process.c:576(process_smb)
  Transaction 8 of length 78 (0 toread)
[2026/05/19 08:41:40.978640,  5, pid=3900001, effective(65534, 65534), real(65534, 0)] source3/lib/util.c:150(show_msg)
  size=74
  smb_com=0x32
  smb_rcls=0
  smb_reh=0
  smb_err=0
  smb_flg=0
  smb_flg2=49153
  smb_tid=40835
  smb_pid=16799
  smb_uid=54244
  smb_mid=9
  smt_wct=15
  smb_vwv[ 0]=    8 (0x8)
  smb_vwv[ 1]=    0 (0x0)
  smb_vwv[ 2]=    2 (0x2)
  smb_vwv[ 3]= 4000 (0xFA0)
  smb_vwv[ 4]=    0 (0x0)
  smb_vwv[ 5]=    0 (0x0)
  smb_vwv[ 6]=    0 (0x0)
  smb_vwv[ 7]=    0 (0x0)
  smb_vwv[ 8]=    0 (0x0)
  smb_vwv[ 9]=    8 (0x8)
  smb_vwv[10]=   66 (0x42)
  smb_vwv[11]=    0 (0x0)
  smb_vwv[12]=    0 (0x0)
  smb_vwv[13]=    1 (0x1)
  smb_vwv[14]=    5 (0x5)
  smb_bcc=9
[2026/05/19 08:41:40.978761, 10, pid=3900001, effective(65534, 65534), real(65534, 0)] lib/util/util.c:578(dump_data)
  [0000] 00 07 01 00 00 00 00 00   00                        ........ .
[2026/05/19 08:41:40.978798,  3, pid=3900001, effective(65534, 65534), real(65534, 0)] source3/smbd/smb1_process.c:1112(switch_message)
  switch message SMBtrans2 (pid 3900001) conn 0x6087dc1782d0
[2026/05/19 08:41:40.978835,  5, pid=3900001, effective(65534, 65534), real(65534, 0)] source3/smbd/uid.c:327(change_to_user_impersonate)
  change_to_user_impersonate: Skipping user change - already user
[2026/05/19 08:41:40.978901,  5, pid=3900001, effective(65534, 65534), real(65534, 0)] source3/smbd/uid.c:294(print_impersonation_info)
  print_impersonation_info: Impersonated user: uid=(65534,65534), gid=(0,65534), cwd=[/var/samba/public]
[2026/05/19 08:41:40.978946,  3, pid=3900001, effective(65534, 65534), real(65534, 0)] source3/smbd/smb1_trans2.c:2645(call_trans2qpathinfo)
  call_trans2qpathinfo: TRANSACT2_QPATHINFO: level = 263
[2026/05/19 08:41:40.978972, 10, pid=3900001, effective(65534, 65534), real(65534, 0)] source3/smbd/files.c:562(openat_pathref_fsp)
  openat_pathref_fsp: smb_fname [.]
[2026/05/19 08:41:40.978993, 10, pid=3900001, effective(65534, 65534), real(65534, 0)] source3/smbd/files.c:462(openat_pathref_fullname)
  openat_pathref_fullname: smb_fname [.]
[2026/05/19 08:41:40.979013,  5, pid=3900001, effective(65534, 65534), real(65534, 0)] source3/smbd/files.c:77(fsp_new)
  fsp_new: allocated files structure (1 used)
[2026/05/19 08:41:40.979035, 10, pid=3900001, effective(65534, 65534), real(65534, 0)] source3/smbd/files.c:2198(file_name_hash)
  file_name_hash: /var/samba/public/. hash 0xb9bae796
[2026/05/19 08:41:40.979084, 10, pid=3900001, effective(65534, 65534), real(65534, 0)] source3/smbd/open.c:930(fd_openat)
  fd_openat: name ., flags = 04000 mode = 00, fd = 14
[2026/05/19 08:41:40.979105, 10, pid=3900001, effective(65534, 65534), real(65534, 0)] source3/smbd/files.c:531(openat_pathref_fullname)
  openat_pathref_fullname: fsp [.]: OK
[2026/05/19 08:41:40.979124, 10, pid=3900001, effective(65534, 65534), real(65534, 0)] source3/smbd/files.c:562(openat_pathref_fsp)
  openat_pathref_fsp: smb_fname [.]
[2026/05/19 08:41:40.979143, 10, pid=3900001, effective(65534, 65534), real(65534, 0)] source3/smbd/files.c:462(openat_pathref_fullname)
  openat_pathref_fullname: smb_fname [.]
[2026/05/19 08:41:40.979162,  5, pid=3900001, effective(65534, 65534), real(65534, 0)] source3/smbd/files.c:77(fsp_new)
  fsp_new: allocated files structure (2 used)
[2026/05/19 08:41:40.979181, 10, pid=3900001, effective(65534, 65534), real(65534, 0)] source3/smbd/files.c:2198(file_name_hash)
  file_name_hash: /var/samba/public/. hash 0xb9bae796
[2026/05/19 08:41:40.979205, 10, pid=3900001, effective(65534, 65534), real(65534, 0)] source3/smbd/open.c:930(fd_openat)
  fd_openat: name ., flags = 04000 mode = 00, fd = 28
[2026/05/19 08:41:40.979224, 10, pid=3900001, effective(65534, 65534), real(65534, 0)] source3/smbd/files.c:531(openat_pathref_fullname)
  openat_pathref_fullname: fsp [.]: OK
[2026/05/19 08:41:40.979244, 10, pid=3900001, effective(65534, 65534), real(65534, 0)] source3/smbd/files.c:2198(file_name_hash)
  file_name_hash: /var/samba/public/. hash 0xb9bae796
[2026/05/19 08:41:40.979336, 10, pid=3900001, effective(65534, 65534), real(65534, 0)] source3/lib/g_lock.c:1655(g_lock_dump)
  g_lock_dump: dbwrap_parse_record returned NT_STATUS_NOT_FOUND
[2026/05/19 08:41:40.979368, 10, pid=3900001, effective(65534, 65534), real(65534, 0), class=locking] source3/locking/share_mode_lock.c:1570(fetch_share_mode_unlocked)
  fetch_share_mode_unlocked: g_lock_dump failed: NT_STATUS_NOT_FOUND
[2026/05/19 08:41:40.979389,  3, pid=3900001, effective(65534, 65534), real(65534, 0)] source3/smbd/smb1_trans2.c:2063(call_trans2qfilepathinfo)
  call_trans2qfilepathinfo . (fnum [invalid value]) level=263 call=5 total_data=0
[2026/05/19 08:41:40.979409,  5, pid=3900001, effective(65534, 65534), real(65534, 0)] source3/smbd/smb2_trans2.c:3077(smbd_do_qfilepathinfo)
  smbd_do_qfilepathinfo: . (fnum [invalid value]) level=263 max_data=4000
[2026/05/19 08:41:40.979428, 10, pid=3900001, effective(65534, 65534), real(65534, 0)] source3/smbd/dosmode.c:692(fdos_mode)
  fdos_mode: .
[2026/05/19 08:41:40.979479,  5, pid=3900001, effective(65534, 65534), real(65534, 0)] source3/smbd/dosmode.c:391(fget_ea_dos_attribute)
  fget_ea_dos_attribute: Cannot get attribute from EA on file .: Error = No data available
[2026/05/19 08:41:40.979506,  5, pid=3900001, effective(65534, 65534), real(65534, 0)] source3/smbd/dosmode.c:68(dos_mode_debug_print)
  dos_mode_debug_print: fdos_mode returning (0x10): "d"
[2026/05/19 08:41:40.979545, 10, pid=3900001, effective(65534, 65534), real(65534, 0)] source3/smbd/smb2_trans2.c:290(get_ea_names_from_fsp)
  get_ea_names_from_fsp: ea_namelist size = 0
[2026/05/19 08:41:40.979571, 10, pid=3900001, effective(65534, 65534), real(65534, 0)] source3/smbd/smb2_trans2.c:3501(smbd_do_qfilepathinfo)
  smbd_do_qfilepathinfo: SMB_FILE_ALL_INFORMATION
[2026/05/19 08:41:40.979592,  9, pid=3900001, effective(65534, 65534), real(65534, 0)] source3/smbd/smb1_trans2.c:230(send_trans2_replies)
  t2_rep: params_sent_thistime = 2, data_sent_thistime = 74, useable_space = 16406
[2026/05/19 08:41:40.979610,  9, pid=3900001, effective(65534, 65534), real(65534, 0)] source3/smbd/smb1_trans2.c:232(send_trans2_replies)
  t2_rep: params_to_send = 2, data_to_send = 74, paramsize = 2, datasize = 74
[2026/05/19 08:41:40.979641,  5, pid=3900001, effective(65534, 65534), real(65534, 0)] source3/lib/util.c:150(show_msg)
  size=134
  smb_com=0x32
  smb_rcls=0
  smb_reh=0
  smb_err=0
  smb_flg=128
  smb_flg2=51203
  smb_tid=40835
  smb_pid=16799
  smb_uid=54244
  smb_mid=9
  smt_wct=10
  smb_vwv[ 0]=    2 (0x2)
  smb_vwv[ 1]=   74 (0x4A)
  smb_vwv[ 2]=    0 (0x0)
  smb_vwv[ 3]=    2 (0x2)
  smb_vwv[ 4]=   56 (0x38)
  smb_vwv[ 5]=    0 (0x0)
  smb_vwv[ 6]=   74 (0x4A)
  smb_vwv[ 7]=   60 (0x3C)
  smb_vwv[ 8]=    0 (0x0)
  smb_vwv[ 9]=    0 (0x0)
  smb_bcc=79
[2026/05/19 08:41:40.979740, 10, pid=3900001, effective(65534, 65534), real(65534, 0)] lib/util/util.c:578(dump_data)
  [0000] 00 00 00 00 00 44 FA 38   38 65 E6 DC 01 91 D5 E5   .....D.8 8e......
  [0010] 49 65 E6 DC 01 44 FA 38   38 65 E6 DC 01 44 FA 38   Ie...D.8 8e...D.8
  [0020] 38 65 E6 DC 01 10 00 00   00 00 00 00 00 00 00 00   8e...... ........
  [0030] 00 00 00 00 00 00 00 00   00 00 00 00 00 01 00 00   ........ ........
  [0040] 00 00 01 00 00 00 00 00   00 02 00 00 00 5C 00      ........ .....\.
[2026/05/19 08:41:40.979928,  5, pid=3900001, effective(65534, 65534), real(65534, 0)] source3/smbd/files.c:1985(file_free)
  file_free: freed files structure 0 (1 used)
[2026/05/19 08:41:40.979958,  5, pid=3900001, effective(65534, 65534), real(65534, 0)] source3/smbd/files.c:1985(file_free)
  file_free: freed files structure 0 (0 used)
[2026/05/19 08:41:41.299101, 10, pid=3900001, effective(65534, 65534), real(65534, 0)] source3/lib/util_sock.c:180(read_smb_length_return_keepalive)
  got smb length of 74
[2026/05/19 08:41:41.299152,  6, pid=3900001, effective(65534, 65534), real(65534, 0)] source3/smbd/smb2_process.c:574(process_smb)
  got message type 0x0 of len 0x4a
[2026/05/19 08:41:41.299171,  3, pid=3900001, effective(65534, 65534), real(65534, 0)] source3/smbd/smb2_process.c:576(process_smb)
  Transaction 9 of length 78 (0 toread)
[2026/05/19 08:41:41.299203,  5, pid=3900001, effective(65534, 65534), real(65534, 0)] source3/lib/util.c:150(show_msg)
  size=74
  smb_com=0x32
  smb_rcls=0
  smb_reh=0
  smb_err=0
  smb_flg=0
  smb_flg2=49153
  smb_tid=40835
  smb_pid=16799
  smb_uid=54244
  smb_mid=10
  smt_wct=15
  smb_vwv[ 0]=    8 (0x8)
  smb_vwv[ 1]=    0 (0x0)
  smb_vwv[ 2]=    2 (0x2)
  smb_vwv[ 3]= 4000 (0xFA0)
  smb_vwv[ 4]=    0 (0x0)
  smb_vwv[ 5]=    0 (0x0)
  smb_vwv[ 6]=    0 (0x0)
  smb_vwv[ 7]=    0 (0x0)
  smb_vwv[ 8]=    0 (0x0)
  smb_vwv[ 9]=    8 (0x8)
  smb_vwv[10]=   66 (0x42)
  smb_vwv[11]=    0 (0x0)
  smb_vwv[12]=    0 (0x0)
  smb_vwv[13]=    1 (0x1)
  smb_vwv[14]=    5 (0x5)
  smb_bcc=9
[2026/05/19 08:41:41.299323, 10, pid=3900001, effective(65534, 65534), real(65534, 0)] lib/util/util.c:578(dump_data)
  [0000] 00 00 02 00 00 00 00 00   00                        ........ .
[2026/05/19 08:41:41.299358,  3, pid=3900001, effective(65534, 65534), real(65534, 0)] source3/smbd/smb1_process.c:1112(switch_message)
  switch message SMBtrans2 (pid 3900001) conn 0x6087dc1782d0
[2026/05/19 08:41:41.299382,  5, pid=3900001, effective(65534, 65534), real(65534, 0)] source3/smbd/uid.c:327(change_to_user_impersonate)
  change_to_user_impersonate: Skipping user change - already user
[2026/05/19 08:41:41.299418,  5, pid=3900001, effective(65534, 65534), real(65534, 0)] source3/smbd/uid.c:294(print_impersonation_info)
  print_impersonation_info: Impersonated user: uid=(65534,65534), gid=(0,65534), cwd=[/var/samba/public]
[2026/05/19 08:41:41.299457,  3, pid=3900001, effective(65534, 65534), real(65534, 0)] source3/smbd/smb1_trans2.c:2645(call_trans2qpathinfo)
  call_trans2qpathinfo: TRANSACT2_QPATHINFO: level = 512
[2026/05/19 08:41:41.299483, 10, pid=3900001, effective(65534, 65534), real(65534, 0)] source3/smbd/files.c:562(openat_pathref_fsp)
  openat_pathref_fsp: smb_fname [.]
[2026/05/19 08:41:41.299503, 10, pid=3900001, effective(65534, 65534), real(65534, 0)] source3/smbd/files.c:462(openat_pathref_fullname)
  openat_pathref_fullname: smb_fname [.]
[2026/05/19 08:41:41.299523,  5, pid=3900001, effective(65534, 65534), real(65534, 0)] source3/smbd/files.c:77(fsp_new)
  fsp_new: allocated files structure (1 used)
[2026/05/19 08:41:41.299544, 10, pid=3900001, effective(65534, 65534), real(65534, 0)] source3/smbd/files.c:2198(file_name_hash)
  file_name_hash: /var/samba/public/. hash 0xb9bae796
[2026/05/19 08:41:41.299583, 10, pid=3900001, effective(65534, 65534), real(65534, 0)] source3/smbd/open.c:930(fd_openat)
  fd_openat: name ., flags = 04000 mode = 00, fd = 14
[2026/05/19 08:41:41.299603, 10, pid=3900001, effective(65534, 65534), real(65534, 0)] source3/smbd/files.c:531(openat_pathref_fullname)
  openat_pathref_fullname: fsp [.]: OK
[2026/05/19 08:41:41.299622, 10, pid=3900001, effective(65534, 65534), real(65534, 0)] source3/smbd/files.c:562(openat_pathref_fsp)
  openat_pathref_fsp: smb_fname [.]
[2026/05/19 08:41:41.299641, 10, pid=3900001, effective(65534, 65534), real(65534, 0)] source3/smbd/files.c:462(openat_pathref_fullname)
  openat_pathref_fullname: smb_fname [.]
[2026/05/19 08:41:41.299660,  5, pid=3900001, effective(65534, 65534), real(65534, 0)] source3/smbd/files.c:77(fsp_new)
  fsp_new: allocated files structure (2 used)
[2026/05/19 08:41:41.299679, 10, pid=3900001, effective(65534, 65534), real(65534, 0)] source3/smbd/files.c:2198(file_name_hash)
  file_name_hash: /var/samba/public/. hash 0xb9bae796
[2026/05/19 08:41:41.299703, 10, pid=3900001, effective(65534, 65534), real(65534, 0)] source3/smbd/open.c:930(fd_openat)
  fd_openat: name ., flags = 04000 mode = 00, fd = 28
[2026/05/19 08:41:41.299723, 10, pid=3900001, effective(65534, 65534), real(65534, 0)] source3/smbd/files.c:531(openat_pathref_fullname)
  openat_pathref_fullname: fsp [.]: OK
[2026/05/19 08:41:41.299743, 10, pid=3900001, effective(65534, 65534), real(65534, 0)] source3/smbd/files.c:2198(file_name_hash)
  file_name_hash: /var/samba/public/. hash 0xb9bae796
[2026/05/19 08:41:41.299782, 10, pid=3900001, effective(65534, 65534), real(65534, 0)] source3/lib/g_lock.c:1655(g_lock_dump)
  g_lock_dump: dbwrap_parse_record returned NT_STATUS_NOT_FOUND
[2026/05/19 08:41:41.299805, 10, pid=3900001, effective(65534, 65534), real(65534, 0), class=locking] source3/locking/share_mode_lock.c:1570(fetch_share_mode_unlocked)
  fetch_share_mode_unlocked: g_lock_dump failed: NT_STATUS_NOT_FOUND
[2026/05/19 08:41:41.299839, 10, pid=3900001, effective(65534, 65534), real(65534, 0)] source3/smbd/smb2_trans2.c:2779(store_file_unix_basic)
  store_file_unix_basic: SMB_QUERY_FILE_UNIX_BASIC
[2026/05/19 08:41:41.299857,  4, pid=3900001, effective(65534, 65534), real(65534, 0)] source3/smbd/smb2_trans2.c:2780(store_file_unix_basic)
  store_file_unix_basic: st_mode=40777
[2026/05/19 08:41:41.299910,  9, pid=3900001, effective(65534, 65534), real(65534, 0)] source3/smbd/smb1_trans2.c:230(send_trans2_replies)
  t2_rep: params_sent_thistime = 2, data_sent_thistime = 100, useable_space = 16406
[2026/05/19 08:41:41.299928,  9, pid=3900001, effective(65534, 65534), real(65534, 0)] source3/smbd/smb1_trans2.c:232(send_trans2_replies)
  t2_rep: params_to_send = 2, data_to_send = 100, paramsize = 2, datasize = 100
[2026/05/19 08:41:41.299959,  5, pid=3900001, effective(65534, 65534), real(65534, 0)] source3/lib/util.c:150(show_msg)
  size=160
  smb_com=0x32
  smb_rcls=0
  smb_reh=0
  smb_err=0
  smb_flg=128
  smb_flg2=51203
  smb_tid=40835
  smb_pid=16799
  smb_uid=54244
  smb_mid=10
  smt_wct=10
  smb_vwv[ 0]=    2 (0x2)
  smb_vwv[ 1]=  100 (0x64)
  smb_vwv[ 2]=    0 (0x0)
  smb_vwv[ 3]=    2 (0x2)
  smb_vwv[ 4]=   56 (0x38)
  smb_vwv[ 5]=    0 (0x0)
  smb_vwv[ 6]=  100 (0x64)
  smb_vwv[ 7]=   60 (0x3C)
  smb_vwv[ 8]=    0 (0x0)
  smb_vwv[ 9]=    0 (0x0)
  smb_bcc=105
[2026/05/19 08:41:41.300064, 10, pid=3900001, effective(65534, 65534), real(65534, 0)] lib/util/util.c:578(dump_data)
  [0000] 00 00 00 00 00 00 00 00   00 00 00 00 00 00 00 00   ........ ........
  [0010] 00 00 00 00 00 44 FA 38   38 65 E6 DC 01 91 D5 E5   .....D.8 8e......
  [0020] 49 65 E6 DC 01 44 FA 38   38 65 E6 DC 01 FE FF 00   Ie...D.8 8e......
  [0030] 00 00 00 00 00 FE FF 00   00 00 00 00 00 01 00 00   ........ ........
  [0040] 00 FC 00 00 00 00 00 00   00 00 00 00 00 00 00 00   ........ ........
  [0050] 00 12 4A 02 01 00 00 00   00 FF 01 00 00 00 00 00   ..J..... ........
  [0060] 00 05 00 00 00 00 00 00   00                        ........ .
[2026/05/19 08:41:41.300257,  5, pid=3900001, effective(65534, 65534), real(65534, 0)] source3/smbd/files.c:1985(file_free)
  file_free: freed files structure 0 (1 used)
[2026/05/19 08:41:41.300280,  5, pid=3900001, effective(65534, 65534), real(65534, 0)] source3/smbd/files.c:1985(file_free)
  file_free: freed files structure 0 (0 used)
[2026/05/19 08:41:41.618943, 10, pid=3900001, effective(65534, 65534), real(65534, 0)] source3/lib/util_sock.c:180(read_smb_length_return_keepalive)
  got smb length of 142
[2026/05/19 08:41:41.619021,  6, pid=3900001, effective(65534, 65534), real(65534, 0)] source3/smbd/smb2_process.c:574(process_smb)
  got message type 0x0 of len 0x8e
[2026/05/19 08:41:41.619041,  3, pid=3900001, effective(65534, 65534), real(65534, 0)] source3/smbd/smb2_process.c:576(process_smb)
  Transaction 10 of length 146 (0 toread)
[2026/05/19 08:41:41.619074,  5, pid=3900001, effective(65534, 65534), real(65534, 0)] source3/lib/util.c:150(show_msg)
  size=142
  smb_com=0x32
  smb_rcls=0
  smb_reh=0
  smb_err=0
  smb_flg=0
  smb_flg2=49153
  smb_tid=40835
  smb_pid=1800
  smb_uid=54244
  smb_mid=11
  smt_wct=15
  smb_vwv[ 0]=   76 (0x4C)
  smb_vwv[ 1]=    0 (0x0)
  smb_vwv[ 2]=    2 (0x2)
  smb_vwv[ 3]= 4000 (0xFA0)
  smb_vwv[ 4]=    0 (0x0)
  smb_vwv[ 5]=    0 (0x0)
  smb_vwv[ 6]=    0 (0x0)
  smb_vwv[ 7]=    0 (0x0)
  smb_vwv[ 8]=    0 (0x0)
  smb_vwv[ 9]=   76 (0x4C)
  smb_vwv[10]=   66 (0x42)
  smb_vwv[11]=    0 (0x0)
  smb_vwv[12]=    0 (0x0)
  smb_vwv[13]=    1 (0x1)
  smb_vwv[14]=    5 (0x5)
  smb_bcc=77
[2026/05/19 08:41:41.619195, 10, pid=3900001, effective(65534, 65534), real(65534, 0)] lib/util/util.c:578(dump_data)
  [0000] 00 00 02 00 00 00 00 2F   00 64 00 65 00 62 00 69   ......./ .d.e.b.i
  [0010] 00 61 00 6E 00 2D 00 74   00 72 00 61 00 69 00 6E   .a.n.-.t .r.a.i.n
  [0020] 00 69 00 6E 00 67 00 2D   00 74 00 78 00 31 00 33   .i.n.g.- .t.x.1.3
  [0030] 00 32 00 30 00 2D 00 72   00 61 00 69 00 64 00 31   .2.0.-.r .a.i.d.1
  [0040] 00 30 00 2E 00 69 00 73   00 6F 00 00 00            .0...i.s .o...
[2026/05/19 08:41:41.619315,  3, pid=3900001, effective(65534, 65534), real(65534, 0)] source3/smbd/smb1_process.c:1112(switch_message)
  switch message SMBtrans2 (pid 3900001) conn 0x6087dc1782d0
[2026/05/19 08:41:41.619341,  5, pid=3900001, effective(65534, 65534), real(65534, 0)] source3/smbd/uid.c:327(change_to_user_impersonate)
  change_to_user_impersonate: Skipping user change - already user
[2026/05/19 08:41:41.619382,  5, pid=3900001, effective(65534, 65534), real(65534, 0)] source3/smbd/uid.c:294(print_impersonation_info)
  print_impersonation_info: Impersonated user: uid=(65534,65534), gid=(0,65534), cwd=[/var/samba/public]
[2026/05/19 08:41:41.619411,  3, pid=3900001, effective(65534, 65534), real(65534, 0)] source3/smbd/smb1_trans2.c:2645(call_trans2qpathinfo)
  call_trans2qpathinfo: TRANSACT2_QPATHINFO: level = 512
[2026/05/19 08:41:41.619439, 10, pid=3900001, effective(65534, 65534), real(65534, 0)] source3/smbd/files.c:562(openat_pathref_fsp)
  openat_pathref_fsp: smb_fname [.]
[2026/05/19 08:41:41.619460, 10, pid=3900001, effective(65534, 65534), real(65534, 0)] source3/smbd/files.c:462(openat_pathref_fullname)
  openat_pathref_fullname: smb_fname [.]
[2026/05/19 08:41:41.619519,  5, pid=3900001, effective(65534, 65534), real(65534, 0)] source3/smbd/files.c:77(fsp_new)
  fsp_new: allocated files structure (1 used)
[2026/05/19 08:41:41.619542, 10, pid=3900001, effective(65534, 65534), real(65534, 0)] source3/smbd/files.c:2198(file_name_hash)
  file_name_hash: /var/samba/public/. hash 0xb9bae796
[2026/05/19 08:41:41.619582, 10, pid=3900001, effective(65534, 65534), real(65534, 0)] source3/smbd/open.c:930(fd_openat)
  fd_openat: name ., flags = 04000 mode = 00, fd = 14
[2026/05/19 08:41:41.619602, 10, pid=3900001, effective(65534, 65534), real(65534, 0)] source3/smbd/files.c:531(openat_pathref_fullname)
  openat_pathref_fullname: fsp [.]: OK
[2026/05/19 08:41:41.619622, 10, pid=3900001, effective(65534, 65534), real(65534, 0)] source3/smbd/files.c:562(openat_pathref_fsp)
  openat_pathref_fsp: smb_fname [debian-training-tx1320-raid10.iso]
[2026/05/19 08:41:41.619643, 10, pid=3900001, effective(65534, 65534), real(65534, 0)] source3/smbd/files.c:462(openat_pathref_fullname)
  openat_pathref_fullname: smb_fname [debian-training-tx1320-raid10.iso]
[2026/05/19 08:41:41.619662,  5, pid=3900001, effective(65534, 65534), real(65534, 0)] source3/smbd/files.c:77(fsp_new)
  fsp_new: allocated files structure (2 used)
[2026/05/19 08:41:41.619681, 10, pid=3900001, effective(65534, 65534), real(65534, 0)] source3/smbd/files.c:2198(file_name_hash)
  file_name_hash: /var/samba/public/debian-training-tx1320-raid10.iso hash 0x2dee4f28
[2026/05/19 08:41:41.619708, 10, pid=3900001, effective(65534, 65534), real(65534, 0)] source3/smbd/open.c:930(fd_openat)
  fd_openat: name debian-training-tx1320-raid10.iso, flags = 04000 mode = 00, fd = 28
[2026/05/19 08:41:41.619727, 10, pid=3900001, effective(65534, 65534), real(65534, 0)] source3/smbd/files.c:531(openat_pathref_fullname)
  openat_pathref_fullname: fsp [debian-training-tx1320-raid10.iso]: OK
[2026/05/19 08:41:41.619748, 10, pid=3900001, effective(65534, 65534), real(65534, 0)] source3/smbd/files.c:2198(file_name_hash)
  file_name_hash: /var/samba/public/debian-training-tx1320-raid10.iso hash 0x2dee4f28
[2026/05/19 08:41:41.619792, 10, pid=3900001, effective(65534, 65534), real(65534, 0)] source3/lib/g_lock.c:1655(g_lock_dump)
  g_lock_dump: dbwrap_parse_record returned NT_STATUS_NOT_FOUND
[2026/05/19 08:41:41.619832, 10, pid=3900001, effective(65534, 65534), real(65534, 0), class=locking] source3/locking/share_mode_lock.c:1570(fetch_share_mode_unlocked)
  fetch_share_mode_unlocked: g_lock_dump failed: NT_STATUS_NOT_FOUND
[2026/05/19 08:41:41.619854, 10, pid=3900001, effective(65534, 65534), real(65534, 0)] source3/smbd/smb2_trans2.c:2779(store_file_unix_basic)
  store_file_unix_basic: SMB_QUERY_FILE_UNIX_BASIC
[2026/05/19 08:41:41.619909,  4, pid=3900001, effective(65534, 65534), real(65534, 0)] source3/smbd/smb2_trans2.c:2780(store_file_unix_basic)
  store_file_unix_basic: st_mode=100644
[2026/05/19 08:41:41.619932,  9, pid=3900001, effective(65534, 65534), real(65534, 0)] source3/smbd/smb1_trans2.c:230(send_trans2_replies)
  t2_rep: params_sent_thistime = 2, data_sent_thistime = 100, useable_space = 16406
[2026/05/19 08:41:41.619950,  9, pid=3900001, effective(65534, 65534), real(65534, 0)] source3/smbd/smb1_trans2.c:232(send_trans2_replies)
  t2_rep: params_to_send = 2, data_to_send = 100, paramsize = 2, datasize = 100
[2026/05/19 08:41:41.619981,  5, pid=3900001, effective(65534, 65534), real(65534, 0)] source3/lib/util.c:150(show_msg)
  size=160
  smb_com=0x32
  smb_rcls=0
  smb_reh=0
  smb_err=0
  smb_flg=128
  smb_flg2=51203
  smb_tid=40835
  smb_pid=1800
  smb_uid=54244
  smb_mid=11
  smt_wct=10
  smb_vwv[ 0]=    2 (0x2)
  smb_vwv[ 1]=  100 (0x64)
  smb_vwv[ 2]=    0 (0x0)
  smb_vwv[ 3]=    2 (0x2)
  smb_vwv[ 4]=   56 (0x38)
  smb_vwv[ 5]=    0 (0x0)
  smb_vwv[ 6]=  100 (0x64)
  smb_vwv[ 7]=   60 (0x3C)
  smb_vwv[ 8]=    0 (0x0)
  smb_vwv[ 9]=    0 (0x0)
  smb_bcc=105
[2026/05/19 08:41:41.620080, 10, pid=3900001, effective(65534, 65534), real(65534, 0)] lib/util/util.c:578(dump_data)
  [0000] 00 00 00 00 00 00 00 B5   2F 00 00 00 00 00 10 B5   ........ /.......
  [0010] 2F 00 00 00 00 A3 E5 86   AF 62 E6 DC 01 11 90 9F   /....... .b......
  [0020] B5 62 E6 DC 01 A3 E5 86   AF 62 E6 DC 01 00 00 00   .b...... .b......
  [0030] 00 00 00 00 00 00 00 00   00 00 00 00 00 00 00 00   ........ ........
  [0040] 00 FC 00 00 00 00 00 00   00 00 00 00 00 00 00 00   ........ ........
  [0050] 00 23 14 02 01 00 00 00   00 A4 01 00 00 00 00 00   .#...... ........
  [0060] 00 01 00 00 00 00 00 00   00                        ........ .
[2026/05/19 08:41:41.620286,  5, pid=3900001, effective(65534, 65534), real(65534, 0)] source3/smbd/files.c:1985(file_free)
  file_free: freed files structure 0 (1 used)
[2026/05/19 08:41:41.620309,  5, pid=3900001, effective(65534, 65534), real(65534, 0)] source3/smbd/files.c:1985(file_free)
  file_free: freed files structure 0 (0 used)
[2026/05/19 08:41:41.939097, 10, pid=3900001, effective(65534, 65534), real(65534, 0)] source3/lib/util_sock.c:180(read_smb_length_return_keepalive)
  got smb length of 162
[2026/05/19 08:41:41.939226,  6, pid=3900001, effective(65534, 65534), real(65534, 0)] source3/smbd/smb2_process.c:574(process_smb)
  got message type 0x0 of len 0xa2
[2026/05/19 08:41:41.939280,  3, pid=3900001, effective(65534, 65534), real(65534, 0)] source3/smbd/smb2_process.c:576(process_smb)
  Transaction 11 of length 166 (0 toread)
[2026/05/19 08:41:41.939312,  5, pid=3900001, effective(65534, 65534), real(65534, 0)] source3/lib/util.c:150(show_msg)
  size=162
  smb_com=0x32
  smb_rcls=0
  smb_reh=0
  smb_err=0
  smb_flg=0
  smb_flg2=49153
  smb_tid=40835
  smb_pid=1800
  smb_uid=54244
  smb_mid=12
  smt_wct=15
  smb_vwv[ 0]=   76 (0x4C)
  smb_vwv[ 1]=   18 (0x12)
  smb_vwv[ 2]=    2 (0x2)
  smb_vwv[ 3]= 1000 (0x3E8)
  smb_vwv[ 4]=    0 (0x0)
  smb_vwv[ 5]=    0 (0x0)
  smb_vwv[ 6]=    0 (0x0)
  smb_vwv[ 7]=    0 (0x0)
  smb_vwv[ 8]=    0 (0x0)
  smb_vwv[ 9]=   76 (0x4C)
  smb_vwv[10]=   68 (0x44)
  smb_vwv[11]=   18 (0x12)
  smb_vwv[12]=  144 (0x90)
  smb_vwv[13]=    1 (0x1)
  smb_vwv[14]=    6 (0x6)
  smb_bcc=97
[2026/05/19 08:41:41.939439, 10, pid=3900001, effective(65534, 65534), real(65534, 0)] lib/util/util.c:578(dump_data)
  [0000] 00 00 00 09 02 00 00 00   00 2F 00 64 00 65 00 62   ........ ./.d.e.b
  [0010] 00 69 00 61 00 6E 00 2D   00 74 00 72 00 61 00 69   .i.a.n.- .t.r.a.i
  [0020] 00 6E 00 69 00 6E 00 67   00 2D 00 74 00 78 00 31   .n.i.n.g .-.t.x.1
  [0030] 00 33 00 32 00 30 00 2D   00 72 00 61 00 69 00 64   .3.2.0.- .r.a.i.d
  [0040] 00 31 00 30 00 2E 00 69   00 73 00 6F 00 00 00 02   .1.0...i .s.o....
  [0050] 00 00 00 01 04 00 00 ED   01 00 00 00 00 00 00 00   ........ ........
  [0060] 02                                                  .
[2026/05/19 08:41:41.939589,  3, pid=3900001, effective(65534, 65534), real(65534, 0)] source3/smbd/smb1_process.c:1112(switch_message)
  switch message SMBtrans2 (pid 3900001) conn 0x6087dc1782d0
[2026/05/19 08:41:41.939614,  5, pid=3900001, effective(65534, 65534), real(65534, 0)] source3/smbd/uid.c:327(change_to_user_impersonate)
  change_to_user_impersonate: Skipping user change - already user
[2026/05/19 08:41:41.939653,  5, pid=3900001, effective(65534, 65534), real(65534, 0)] source3/smbd/uid.c:294(print_impersonation_info)
  print_impersonation_info: Impersonated user: uid=(65534,65534), gid=(0,65534), cwd=[/var/samba/public]
[2026/05/19 08:41:41.939685,  3, pid=3900001, effective(65534, 65534), real(65534, 0)] source3/smbd/smb1_trans2.c:4513(call_trans2setpathinfo)
  call_trans2setpathinfo: fname=debian-training-tx1320-raid10.iso info_level=521 totdata=18
[2026/05/19 08:41:41.939708, 10, pid=3900001, effective(65534, 65534), real(65534, 0)] source3/smbd/files.c:562(openat_pathref_fsp)
  openat_pathref_fsp: smb_fname [.]
[2026/05/19 08:41:41.939729, 10, pid=3900001, effective(65534, 65534), real(65534, 0)] source3/smbd/files.c:462(openat_pathref_fullname)
  openat_pathref_fullname: smb_fname [.]
[2026/05/19 08:41:41.939748,  5, pid=3900001, effective(65534, 65534), real(65534, 0)] source3/smbd/files.c:77(fsp_new)
  fsp_new: allocated files structure (1 used)
[2026/05/19 08:41:41.939783, 10, pid=3900001, effective(65534, 65534), real(65534, 0)] source3/smbd/files.c:2198(file_name_hash)
  file_name_hash: /var/samba/public/. hash 0xb9bae796
[2026/05/19 08:41:41.939833, 10, pid=3900001, effective(65534, 65534), real(65534, 0)] source3/smbd/open.c:930(fd_openat)
  fd_openat: name ., flags = 04000 mode = 00, fd = 14
[2026/05/19 08:41:41.939853, 10, pid=3900001, effective(65534, 65534), real(65534, 0)] source3/smbd/files.c:531(openat_pathref_fullname)
  openat_pathref_fullname: fsp [.]: OK
[2026/05/19 08:41:41.939904, 10, pid=3900001, effective(65534, 65534), real(65534, 0)] source3/smbd/files.c:562(openat_pathref_fsp)
  openat_pathref_fsp: smb_fname [debian-training-tx1320-raid10.iso]
[2026/05/19 08:41:41.939925, 10, pid=3900001, effective(65534, 65534), real(65534, 0)] source3/smbd/files.c:462(openat_pathref_fullname)
  openat_pathref_fullname: smb_fname [debian-training-tx1320-raid10.iso]
[2026/05/19 08:41:41.939944,  5, pid=3900001, effective(65534, 65534), real(65534, 0)] source3/smbd/files.c:77(fsp_new)
  fsp_new: allocated files structure (2 used)
[2026/05/19 08:41:41.939963, 10, pid=3900001, effective(65534, 65534), real(65534, 0)] source3/smbd/files.c:2198(file_name_hash)
  file_name_hash: /var/samba/public/debian-training-tx1320-raid10.iso hash 0x2dee4f28
[2026/05/19 08:41:41.939989, 10, pid=3900001, effective(65534, 65534), real(65534, 0)] source3/smbd/open.c:930(fd_openat)
  fd_openat: name debian-training-tx1320-raid10.iso, flags = 04000 mode = 00, fd = 28
[2026/05/19 08:41:41.940009, 10, pid=3900001, effective(65534, 65534), real(65534, 0)] source3/smbd/files.c:531(openat_pathref_fullname)
  openat_pathref_fullname: fsp [debian-training-tx1320-raid10.iso]: OK
[2026/05/19 08:41:41.940055, 10, pid=3900001, effective(65534, 65534), real(65534, 0)] source3/smbd/smb1_trans2.c:3477(smb_posix_open)
  smb_posix_open: file debian-training-tx1320-raid10.iso, smb_posix_flags = 1024, mode 0755
[2026/05/19 08:41:41.940074, 10, pid=3900001, effective(65534, 65534), real(65534, 0)] source3/smbd/open.c:6509(create_file_default)
  create_file_default: create_file: access_mask = 0x89 file_attributes = 0x0, share_access = 0x7, create_disposition = 0x1 create_options = 0x40 oplock_request = 0x1 private_flags = 0x0 ea_list = (nil), sd = (nil), fname = debian-training-tx1320-raid10.iso
[2026/05/19 08:41:41.940100, 10, pid=3900001, effective(65534, 65534), real(65534, 0)] source3/smbd/open.c:5926(create_file_unixpath)
  create_file_unixpath: access_mask = 0x89 file_attributes = 0x10001a4 share_access = 0x7 create_disposition = 0x1 create_options = 0x40 oplock_request = 0x1 private_flags = 0x0 ea_list = (nil), sd = (nil), fname = debian-training-tx1320-raid10.iso
[2026/05/19 08:41:41.940137,  5, pid=3900001, effective(65534, 65534), real(65534, 0)] lib/dbwrap/dbwrap.c:172(dbwrap_lock_order_lock)
  dbwrap_lock_order_lock: check lock order 1 for /run/samba/smbXsrv_open_global.tdb
[2026/05/19 08:41:41.940157, 10, pid=3900001, effective(65534, 65534), real(65534, 0)] lib/dbwrap/dbwrap.c:157(debug_lock_order)
  lock order:  1:/run/samba/smbXsrv_open_global.tdb 2:<none> 3:<none> 4:<none>
[2026/05/19 08:41:41.940293, 10, pid=3900001, effective(65534, 65534), real(65534, 0)] source3/smbd/smbXsrv_open.c:349(smbXsrv_open_global_store)
  smbXsrv_open_global_store: key '1DD28695' stored
[2026/05/19 08:41:41.940318,  1, pid=3900001, effective(65534, 65534), real(65534, 0), class=rpc_parse] source3/smbd/smbXsrv_open.c:350(smbXsrv_open_global_store)
       &global_blob: struct smbXsrv_open_globalB
          version                  : SMBXSRV_VERSION_0 (0)
          seqnum                   : 0x00000001 (1)
          info                     : union smbXsrv_open_globalU(case 0)
          info0                    : *
              info0: struct smbXsrv_open_global0
                  server_id: struct server_id
                      pid                      : 0x00000000003b8261 (3900001)
                      task_id                  : 0x00000000 (0)
                      vnn                      : 0xffffffff (4294967295)
                      unique_id                : 0xd2c33d9fcd33ff8f (-3259693948734275697)
                  open_global_id           : 0x1dd28695 (500336277)
                  open_persistent_id       : 0x000000001dd28695 (500336277)
                  open_volatile_id         : 0x0000000000004d06 (19718)
                  open_owner               : S-1-5-21-2342536155-1022706741-2866312864-501
                  open_time                : Tue May 19 08:41:42 AM 2026 JST
                  create_guid              : 00000000-0000-0000-0000-000000000000
                  client_guid              : 00000000-0000-0000-0000-000000000000
                  app_instance_id          : 00000000-0000-0000-0000-000000000000
                  disconnect_time          : NTTIME(0)
                  durable_timeout_msec     : 0x00000000 (0)
                  durable                  : 0x00 (0)
                  backend_cookie           : DATA_BLOB length=0
                  channel_sequence         : 0x0000 (0)
                  channel_generation       : 0x0000000000000000 (0)
                  lock_sequence_array: ARRAY(64)
  [0000] FF FF FF FF FF FF FF FF   FF FF FF FF FF FF FF FF   ........ ........
  [0010] FF FF FF FF FF FF FF FF   FF FF FF FF FF FF FF FF   ........ ........
  [0020] FF FF FF FF FF FF FF FF   FF FF FF FF FF FF FF FF   ........ ........
  [0030] FF FF FF FF FF FF FF FF   FF FF FF FF FF FF FF FF   ........ ........
[2026/05/19 08:41:41.940635,  5, pid=3900001, effective(65534, 65534), real(65534, 0)] lib/dbwrap/dbwrap.c:204(dbwrap_lock_order_unlock)
  dbwrap_lock_order_unlock: release lock order 1 for /run/samba/smbXsrv_open_global.tdb
[2026/05/19 08:41:41.940653, 10, pid=3900001, effective(65534, 65534), real(65534, 0)] source3/smbd/smbXsrv_open.c:466(smbXsrv_open_global_allocate)
  smbXsrv_open_global_allocate: Found slot 500336277
[2026/05/19 08:41:41.940672, 10, pid=3900001, effective(65534, 65534), real(65534, 0)] source3/smbd/smbXsrv_open.c:614(smbXsrv_open_create)
  smbXsrv_open_create: global_id (0x1dd28695) stored
[2026/05/19 08:41:41.940690,  1, pid=3900001, effective(65534, 65534), real(65534, 0), class=rpc_parse] source3/smbd/smbXsrv_open.c:616(smbXsrv_open_create)
       &open_blob: struct smbXsrv_openB
          version                  : SMBXSRV_VERSION_0 (0)
          reserved                 : 0x00000000 (0)
          info                     : union smbXsrv_openU(case 0)
          info0                    : *
              info0: struct smbXsrv_open
                  table                    : *
                  local_id                 : 0x00004d06 (19718)
                  global                   : *
                      global: struct smbXsrv_open_global0
                          server_id: struct server_id
                              pid                      : 0x00000000003b8261 (3900001)
                              task_id                  : 0x00000000 (0)
                              vnn                      : 0xffffffff (4294967295)
                              unique_id                : 0xd2c33d9fcd33ff8f (-3259693948734275697)
                          open_global_id           : 0x1dd28695 (500336277)
                          open_persistent_id       : 0x000000001dd28695 (500336277)
                          open_volatile_id         : 0x0000000000004d06 (19718)
                          open_owner               : S-1-5-21-2342536155-1022706741-2866312864-501
                          open_time                : Tue May 19 08:41:42 AM 2026 JST
                          create_guid              : 00000000-0000-0000-0000-000000000000
                          client_guid              : 00000000-0000-0000-0000-000000000000
                          app_instance_id          : 00000000-0000-0000-0000-000000000000
                          disconnect_time          : NTTIME(0)
                          durable_timeout_msec     : 0x00000000 (0)
                          durable                  : 0x00 (0)
                          backend_cookie           : DATA_BLOB length=0
                          channel_sequence         : 0x0000 (0)
                          channel_generation       : 0x0000000000000000 (0)
                          lock_sequence_array: ARRAY(64)
  [0000] FF FF FF FF FF FF FF FF   FF FF FF FF FF FF FF FF   ........ ........
  [0010] FF FF FF FF FF FF FF FF   FF FF FF FF FF FF FF FF   ........ ........
  [0020] FF FF FF FF FF FF FF FF   FF FF FF FF FF FF FF FF   ........ ........
  [0030] FF FF FF FF FF FF FF FF   FF FF FF FF FF FF FF FF   ........ ........
                  status                   : NT_STATUS_OK
                  idle_time                : Tue May 19 08:41:42 AM 2026 JST
                  compat                   : NULL
                  flags                    : 0x00 (0)
                         0: SMBXSRV_OPEN_NEED_REPLAY_CACHE
                         0: SMBXSRV_OPEN_HAVE_REPLAY_CACHE
                  create_action            : 0x00000000 (0)
                  request_count            : 0x0000000000000000 (0)
                  pre_request_count        : 0x0000000000000000 (0)
[2026/05/19 08:41:41.941119, 10, pid=3900001, effective(65534, 65534), real(65534, 0)] source3/smbd/files.c:135(fsp_bind_smb)
  fsp_bind_smb: fsp [debian-training-tx1320-raid10.iso] mid [12]
[2026/05/19 08:41:41.941141, 10, pid=3900001, effective(65534, 65534), real(65534, 0)] source3/smbd/files.c:562(openat_pathref_fsp)
  openat_pathref_fsp: smb_fname [.]
[2026/05/19 08:41:41.941160, 10, pid=3900001, effective(65534, 65534), real(65534, 0)] source3/smbd/files.c:462(openat_pathref_fullname)
  openat_pathref_fullname: smb_fname [.]
[2026/05/19 08:41:41.941180,  5, pid=3900001, effective(65534, 65534), real(65534, 0)] source3/smbd/files.c:77(fsp_new)
  fsp_new: allocated files structure (3 used)
[2026/05/19 08:41:41.941199, 10, pid=3900001, effective(65534, 65534), real(65534, 0)] source3/smbd/files.c:2198(file_name_hash)
  file_name_hash: /var/samba/public/. hash 0xb9bae796
[2026/05/19 08:41:41.941240, 10, pid=3900001, effective(65534, 65534), real(65534, 0)] source3/smbd/open.c:930(fd_openat)
  fd_openat: name ., flags = 04000 mode = 00, fd = 29
[2026/05/19 08:41:41.941261, 10, pid=3900001, effective(65534, 65534), real(65534, 0)] source3/smbd/files.c:531(openat_pathref_fullname)
  openat_pathref_fullname: fsp [.]: OK
[2026/05/19 08:41:41.941281, 10, pid=3900001, effective(65534, 65534), real(65534, 0)] source3/smbd/files.c:2198(file_name_hash)
  file_name_hash: /var/samba/public/. hash 0xb9bae796
[2026/05/19 08:41:41.941300, 10, pid=3900001, effective(65534, 65534), real(65534, 0)] source3/smbd/open.c:3837(open_file_ntcreate)
  open_file_ntcreate: fname=debian-training-tx1320-raid10.iso, dos_attrs=0x0 access_mask=0x89 share_access=0x7 create_disposition = 0x1 create_options=0x40 unix mode=0644 oplock_request=1 private_flags = 0x0
[2026/05/19 08:41:41.941324, 10, pid=3900001, effective(65534, 65534), real(65534, 0)] source3/smbd/open.c:4036(open_file_ntcreate)
  open_file_ntcreate: fname=debian-training-tx1320-raid10.iso, after mapping access_mask=0x89
[2026/05/19 08:41:41.941344,  4, pid=3900001, effective(65534, 65534), real(65534, 0)] source3/smbd/open.c:4138(open_file_ntcreate)
  calling open_file with flags=0x0 flags2=0x800 mode=0644, access_mask = 0x89, open_access_mask = 0x89
[2026/05/19 08:41:41.941365, 10, pid=3900001, effective(65534, 65534), real(65534, 0), class=acls] source3/smbd/posix_acls.c:3366(posix_fget_nt_acl)
  posix_fget_nt_acl: called for file debian-training-tx1320-raid10.iso
[2026/05/19 08:41:41.941578,  4, pid=3900001, effective(65534, 65534), real(65534, 0)] source3/smbd/sec_ctx.c:206(push_sec_ctx)
  push_sec_ctx(65534, 65534) : sec_ctx_stack_ndx = 1
[2026/05/19 08:41:41.941606,  4, pid=3900001, effective(65534, 65534), real(65534, 0)] source3/smbd/uid.c:566(push_conn_ctx)
  push_conn_ctx(54244) : conn_ctx_stack_ndx = 0
[2026/05/19 08:41:41.941624,  4, pid=3900001, effective(65534, 65534), real(65534, 0)] source3/smbd/sec_ctx.c:317(set_sec_ctx_internal)
  setting sec ctx (0, 0) - sec_ctx_stack_ndx = 1
[2026/05/19 08:41:41.941643,  5, pid=3900001, effective(65534, 65534), real(65534, 0)] libcli/security/security_token.c:49(security_token_debug)
  Security token: (NULL)
[2026/05/19 08:41:41.941668,  5, pid=3900001, effective(65534, 65534), real(65534, 0)] source3/auth/token_util.c:873(debug_unix_user_token)
  UNIX token of user 0
  Primary group is 0 and contains 0 supplementary groups
[2026/05/19 08:41:41.941769,  4, pid=3900001, effective(0, 0), real(0, 0)] source3/smbd/sec_ctx.c:206(push_sec_ctx)
  push_sec_ctx(0, 0) : sec_ctx_stack_ndx = 2
[2026/05/19 08:41:41.941794,  4, pid=3900001, effective(0, 0), real(0, 0)] source3/smbd/uid.c:566(push_conn_ctx)
  push_conn_ctx(54244) : conn_ctx_stack_ndx = 1
[2026/05/19 08:41:41.941812,  4, pid=3900001, effective(0, 0), real(0, 0)] source3/smbd/sec_ctx.c:317(set_sec_ctx_internal)
  setting sec ctx (0, 0) - sec_ctx_stack_ndx = 2
[2026/05/19 08:41:41.941842,  5, pid=3900001, effective(0, 0), real(0, 0)] libcli/security/security_token.c:49(security_token_debug)
  Security token: (NULL)
[2026/05/19 08:41:41.941858,  5, pid=3900001, effective(0, 0), real(0, 0)] source3/auth/token_util.c:873(debug_unix_user_token)
  UNIX token of user 0
  Primary group is 0 and contains 0 supplementary groups
[2026/05/19 08:41:41.941925,  5, pid=3900001, effective(0, 0), real(0, 0), class=passdb] source3/passdb/pdb_tdb.c:602(tdbsam_getsampwnam)
  pdb_getsampwnam (TDB): error fetching database.
   Key: USER_root
[2026/05/19 08:41:41.941956,  4, pid=3900001, effective(0, 0), real(0, 0)] source3/smbd/sec_ctx.c:443(pop_sec_ctx)
  pop_sec_ctx (0, 0) - sec_ctx_stack_ndx = 1
[2026/05/19 08:41:41.941977,  5, pid=3900001, effective(0, 0), real(0, 0), class=passdb] source3/passdb/pdb_interface.c:1439(pdb_default_uid_to_sid)
  pdb_default_uid_to_sid: Did not find user root (0)
[2026/05/19 08:41:41.942009,  4, pid=3900001, effective(65534, 65534), real(65534, 0)] source3/smbd/sec_ctx.c:443(pop_sec_ctx)
  pop_sec_ctx (65534, 65534) - sec_ctx_stack_ndx = 0
[2026/05/19 08:41:41.942032, 10, pid=3900001, effective(65534, 65534), real(65534, 0)] source3/passdb/lookup_sid.c:1256(xid_to_sid)
  xid_to_sid: UID 0 -> S-1-22-1-0 fallback
[2026/05/19 08:41:41.942092,  4, pid=3900001, effective(65534, 65534), real(65534, 0)] source3/smbd/sec_ctx.c:206(push_sec_ctx)
  push_sec_ctx(65534, 65534) : sec_ctx_stack_ndx = 1
[2026/05/19 08:41:41.942113,  4, pid=3900001, effective(65534, 65534), real(65534, 0)] source3/smbd/uid.c:566(push_conn_ctx)
  push_conn_ctx(54244) : conn_ctx_stack_ndx = 0
[2026/05/19 08:41:41.942131,  4, pid=3900001, effective(65534, 65534), real(65534, 0)] source3/smbd/sec_ctx.c:317(set_sec_ctx_internal)
  setting sec ctx (0, 0) - sec_ctx_stack_ndx = 1
[2026/05/19 08:41:41.942148,  5, pid=3900001, effective(65534, 65534), real(65534, 0)] libcli/security/security_token.c:49(security_token_debug)
  Security token: (NULL)
[2026/05/19 08:41:41.942165,  5, pid=3900001, effective(65534, 65534), real(65534, 0)] source3/auth/token_util.c:873(debug_unix_user_token)
  UNIX token of user 0
  Primary group is 0 and contains 0 supplementary groups
[2026/05/19 08:41:41.942230,  4, pid=3900001, effective(65534, 65534), real(65534, 0)] source3/smbd/sec_ctx.c:443(pop_sec_ctx)
  pop_sec_ctx (65534, 65534) - sec_ctx_stack_ndx = 0
[2026/05/19 08:41:41.942251, 10, pid=3900001, effective(65534, 65534), real(65534, 0)] source3/passdb/lookup_sid.c:1256(xid_to_sid)
  xid_to_sid: GID 0 -> S-1-22-2-0 fallback
[2026/05/19 08:41:41.942272, 10, pid=3900001, effective(65534, 65534), real(65534, 0), class=acls] source3/smbd/posix_acls.c:2692(canonicalise_acl)
  canonicalise_acl: Access ace entries before arrange :
[2026/05/19 08:41:41.942290, 10, pid=3900001, effective(65534, 65534), real(65534, 0), class=acls] source3/smbd/posix_acls.c:2705(canonicalise_acl)
  canon_ace index 0. Type = allow SID = S-1-1-0 other SMB_ACL_OTHER ace_flags = 0x0 perms r--
[2026/05/19 08:41:41.942312, 10, pid=3900001, effective(65534, 65534), real(65534, 0), class=acls] source3/smbd/posix_acls.c:2705(canonicalise_acl)
  canon_ace index 1. Type = allow SID = S-1-22-2-0 gid 0 SMB_ACL_GROUP_OBJ ace_flags = 0x0 perms r--
[2026/05/19 08:41:41.942339, 10, pid=3900001, effective(65534, 65534), real(65534, 0), class=acls] source3/smbd/posix_acls.c:2705(canonicalise_acl)
  canon_ace index 2. Type = allow SID = S-1-22-1-0 uid 0 SMB_ACL_USER_OBJ ace_flags = 0x0 perms rw-
[2026/05/19 08:41:41.942361, 10, pid=3900001, effective(65534, 65534), real(65534, 0), class=acls] source3/smbd/posix_acls.c:766(print_canon_ace_list)
  print_canon_ace_list: canonicalise_acl: ace entries after arrange
  canon_ace index 0. Type = allow SID = S-1-22-1-0 uid 0 SMB_ACL_USER_OBJ ace_flags = 0x0 perms rw-
  canon_ace index 1. Type = allow SID = S-1-22-2-0 gid 0 SMB_ACL_GROUP_OBJ ace_flags = 0x0 perms r--
  canon_ace index 2. Type = allow SID = S-1-1-0 other SMB_ACL_OTHER ace_flags = 0x0 perms r--
[2026/05/19 08:41:41.942402, 10, pid=3900001, effective(65534, 65534), real(65534, 0), class=acls] source3/smbd/posix_acls.c:1029(map_canon_ace_perms)
  map_canon_ace_perms: Mapped (UNIX) 180 to (NT) 12019f
[2026/05/19 08:41:41.942421, 10, pid=3900001, effective(65534, 65534), real(65534, 0), class=acls] source3/smbd/posix_acls.c:1029(map_canon_ace_perms)
  map_canon_ace_perms: Mapped (UNIX) 100 to (NT) 120089
[2026/05/19 08:41:41.942439, 10, pid=3900001, effective(65534, 65534), real(65534, 0), class=acls] source3/smbd/posix_acls.c:1029(map_canon_ace_perms)
  map_canon_ace_perms: Mapped (UNIX) 100 to (NT) 120089
[2026/05/19 08:41:41.942464, 10, pid=3900001, effective(65534, 65534), real(65534, 0)] source3/smbd/open.c:180(smbd_check_access_rights_sd)
  smbd_check_access_rights_sd: File [debian-training-tx1320-raid10.iso] requesting [0x89] returning [0x9] (NT_STATUS_OK)
[2026/05/19 08:41:41.942507,  2, pid=3900001, effective(65534, 65534), real(65534, 0)] source3/smbd/open.c:1649(open_file)
  nobody opened file debian-training-tx1320-raid10.iso read=Yes write=No (numopen=3)
[2026/05/19 08:41:41.942537,  5, pid=3900001, effective(65534, 65534), real(65534, 0)] lib/dbwrap/dbwrap.c:172(dbwrap_lock_order_lock)
  dbwrap_lock_order_lock: check lock order 1 for /run/samba/locking.tdb
[2026/05/19 08:41:41.942556, 10, pid=3900001, effective(65534, 65534), real(65534, 0)] lib/dbwrap/dbwrap.c:157(debug_lock_order)
  lock order:  1:/run/samba/locking.tdb 2:<none> 3:<none> 4:<none>
[2026/05/19 08:41:41.942579, 10, pid=3900001, effective(65534, 65534), real(65534, 0), class=locking] source3/locking/share_mode_lock.c:990(get_share_mode_lock_internal)
  get_share_mode_lock_internal: Returning 64512:16913443:0 (data_cached=1 key_refcount=1)
[2026/05/19 08:41:41.942605, 10, pid=3900001, effective(65534, 65534), real(65534, 0)] source3/smbd/open.c:2194(validate_oplock_types)
  validate_oplock_types: smbd:validate_oplock_types not set to yes
[2026/05/19 08:41:41.942624, 10, pid=3900001, effective(65534, 65534), real(65534, 0), class=locking] source3/locking/locking.c:1007(find_delete_on_close_token)
  find_delete_on_close_token: name_hash = 0x2dee4f28
[2026/05/19 08:41:41.942643, 10, pid=3900001, effective(65534, 65534), real(65534, 0)] source3/smbd/open.c:1712(share_conflict)
  share_conflict: existing access_mask = 0x0, existing share access = 0x7, access_mask = 0x89, share_access = 0x7
[2026/05/19 08:41:41.942662, 10, pid=3900001, effective(65534, 65534), real(65534, 0)] source3/smbd/open.c:1722(share_conflict)
  share_conflict: No conflict due to existing access_mask = 0x0
[2026/05/19 08:41:41.942679, 10, pid=3900001, effective(65534, 65534), real(65534, 0)] source3/smbd/open.c:1988(open_mode_check)
  open_mode_check: No conflict due to share_mode_flags access
[2026/05/19 08:41:41.942700, 10, pid=3900001, effective(65534, 65534), real(65534, 0), class=locking] source3/locking/share_mode_lock.c:2258(share_mode_forall_entries)
  share_mode_forall_entries: num_share_modes=0
[2026/05/19 08:41:41.942719, 10, pid=3900001, effective(65534, 65534), real(65534, 0), class=locking] source3/locking/share_mode_lock.c:2277(share_mode_forall_entries)
  share_mode_forall_entries: num_share_entries=0, writeback=0
[2026/05/19 08:41:41.942739, 10, pid=3900001, effective(65534, 65534), real(65534, 0), class=locking] source3/locking/brlock.c:1868(brl_get_locks_readonly)
  seqnum=0, fsp->brlock_seqnum=0
[2026/05/19 08:41:41.942790, 10, pid=3900001, effective(65534, 65534), real(65534, 0)] source3/smbd/open.c:2811(delay_for_oplock)
  delay_for_oplock: oplock type 0x0 granted (RW)(0x5), on file debian-training-tx1320-raid10.iso, requested 0x1 (RW)(0x5) => total (RW)(0x5)
[2026/05/19 08:41:41.942813, 10, pid=3900001, effective(65534, 65534), real(65534, 0), class=locking] source3/locking/share_mode_lock.c:1999(set_share_mode)
  set_share_mode: num_share_modes=0
[2026/05/19 08:41:41.942842, 10, pid=3900001, effective(65534, 65534), real(65534, 0), class=locking] source3/locking/share_mode_lock.c:349(share_mode_entry_put)
  share_mode_entry_put: share_mode_entry:
[2026/05/19 08:41:41.942860,  1, pid=3900001, effective(65534, 65534), real(65534, 0), class=rpc_parse] source3/locking/share_mode_lock.c:350(share_mode_entry_put)
       discard_const_p(void, e): struct share_mode_entry
          pid: struct server_id
              pid                      : 0x00000000003b8261 (3900001)
              task_id                  : 0x00000000 (0)
              vnn                      : 0xffffffff (4294967295)
              unique_id                : 0xd2c33d9fcd33ff8f (-3259693948734275697)
          op_mid                   : 0x000000000000000c (12)
          op_type                  : SHARE_MODE_ENTRY_OP_TYPE_EXCLUSIVE (1)
          client_guid              : 00000000-0000-0000-0000-000000000000
          lease_key: struct smb2_lease_key
              data: ARRAY(2)
                  data                     : 0x0000000000000000 (0)
                  data                     : 0x0000000000000000 (0)
          access_mask              : 0x00000089 (137)
          share_access             : 0x00000007 (7)
          private_options          : 0x00000000 (0)
          time                     : Tue May 19 08:41:41 AM 2026 JST.939961
          share_file_id            : 0x0000000000000009 (9)
          uid                      : 0x0000fffe (65534)
          flags                    : 0x0001 (1)
          name_hash                : 0x2dee4f28 (770592552)
          stale                    : 0x00 (0)
[2026/05/19 08:41:41.943065, 10, pid=3900001, effective(65534, 65534), real(65534, 0), class=locking] source3/locking/share_mode_lock.c:2043(set_share_mode)
  set_share_mode: idx=0, found=0
[2026/05/19 08:41:41.943084, 10, pid=3900001, effective(65534, 65534), real(65534, 0), class=locking] source3/locking/share_mode_lock.c:2071(set_share_mode)
  set_share_mode: dbufs[0]=(0x7ffc78fcd220, 132)
[2026/05/19 08:41:41.943103, 10, pid=3900001, effective(65534, 65534), real(65534, 0), class=locking] source3/locking/share_mode_lock.c:626(share_mode_data_ltdb_store)
  share_mode_data_ltdb_store: 
[2026/05/19 08:41:41.943121,  1, pid=3900001, effective(65534, 65534), real(65534, 0), class=rpc_parse] source3/locking/share_mode_lock.c:627(share_mode_data_ltdb_store)
       d: struct share_mode_data
          unique_content_epoch     : 0x43175613119d8f6a (4834427364905422698)
          flags                    : 0x01cb (459)
                 1: SHARE_MODE_SHARE_DELETE  
                 1: SHARE_MODE_SHARE_WRITE   
                 1: SHARE_MODE_SHARE_READ    
                 0: SHARE_MODE_ACCESS_DELETE 
                 0: SHARE_MODE_ACCESS_WRITE  
                 1: SHARE_MODE_ACCESS_READ   
                 0: SHARE_MODE_LEASE_HANDLE  
                 1: SHARE_MODE_LEASE_WRITE   
                 1: SHARE_MODE_LEASE_READ    
          servicepath              : *
              servicepath              : '/var/samba/public'
          base_name                : *
              base_name                : 'debian-training-tx1320-raid10.iso'
          stream_name              : NULL
          num_delete_tokens        : 0x00000000 (0)
          delete_tokens: ARRAY(0)
          old_write_time           : Mon May 18 10:07:24 AM 2026 JST
          changed_write_time       : NTTIME(0)
          not_stored               : 0x01 (1)
          modified                 : 0x01 (1)
          id: struct file_id
              devid                    : 0x000000000000fc00 (64512)
              inode                    : 0x0000000001021423 (16913443)
              extid                    : 0x0000000000000000 (0)
[2026/05/19 08:41:41.943317, 10, pid=3900001, effective(65534, 65534), real(65534, 0), class=locking] source3/locking/share_mode_lock.c:676(share_mode_data_store)
  share_mode_data_store: not modified
[2026/05/19 08:41:41.943336, 10, pid=3900001, effective(65534, 65534), real(65534, 0), class=locking] source3/locking/share_mode_lock.c:207(share_mode_memcache_store)
  share_mode_memcache_store: stored entry for file debian-training-tx1320-raid10.iso epoch 43175613119d8f6a key 64512:16913443:0
[2026/05/19 08:41:41.943359,  5, pid=3900001, effective(65534, 65534), real(65534, 0)] lib/dbwrap/dbwrap.c:204(dbwrap_lock_order_unlock)
  dbwrap_lock_order_unlock: release lock order 1 for /run/samba/locking.tdb
[2026/05/19 08:41:41.943377, 10, pid=3900001, effective(65534, 65534), real(65534, 0)] source3/lib/dbwrap/dbwrap_watch.c:507(dbwrap_watched_record_prepare_wakeup)
  dbwrap_watched_record_prepare_wakeup: No watchers
[2026/05/19 08:41:41.943401, 10, pid=3900001, effective(65534, 65534), real(65534, 0)] source3/lib/dbwrap/dbwrap_watch.c:487(dbwrap_watched_do_locked)
  dbwrap_watched_do_locked: dbwrap_watched_do_locked_fn returned
[2026/05/19 08:41:41.943419, 10, pid=3900001, effective(65534, 65534), real(65534, 0)] source3/lib/dbwrap/dbwrap_watch.c:550(dbwrap_watched_trigger_wakeup)
  dbwrap_watched_trigger_wakeup: No one to wakeup
[2026/05/19 08:41:41.943437, 10, pid=3900001, effective(65534, 65534), real(65534, 0)] source3/lib/g_lock.c:1275(g_lock_lock)
  g_lock_lock: status=NT_STATUS_OK, state.status=NT_STATUS_WAS_UNLOCKED
[2026/05/19 08:41:41.943458,  5, pid=3900001, effective(65534, 65534), real(65534, 0), class=locking] source3/smbd/smb2_oplock.c:86(set_file_oplock)
  set_file_oplock: granted oplock on file debian-training-tx1320-raid10.iso, 64512:16913443:0/9, tv_sec = 6a0ba3b5, tv_usec = e57b9
[2026/05/19 08:41:41.943485, 10, pid=3900001, effective(65534, 65534), real(65534, 0)] source3/smbd/open.c:6446(create_file_unixpath)
  create_file_unixpath: info=1
[2026/05/19 08:41:41.943509,  5, pid=3900001, effective(65534, 65534), real(65534, 0)] source3/smbd/files.c:1985(file_free)
  file_free: freed files structure 0 (2 used)
[2026/05/19 08:41:41.943528, 10, pid=3900001, effective(65534, 65534), real(65534, 0)] source3/smbd/open.c:6642(create_file_default)
  create_file: info=1
[2026/05/19 08:41:41.943547, 10, pid=3900001, effective(65534, 65534), real(65534, 0)] source3/smbd/smb2_trans2.c:2779(store_file_unix_basic)
  store_file_unix_basic: SMB_QUERY_FILE_UNIX_BASIC
[2026/05/19 08:41:41.943565,  4, pid=3900001, effective(65534, 65534), real(65534, 0)] source3/smbd/smb2_trans2.c:2780(store_file_unix_basic)
  store_file_unix_basic: st_mode=100644
[2026/05/19 08:41:41.943587,  9, pid=3900001, effective(65534, 65534), real(65534, 0)] source3/smbd/smb1_trans2.c:230(send_trans2_replies)
  t2_rep: params_sent_thistime = 2, data_sent_thistime = 112, useable_space = 16406
[2026/05/19 08:41:41.943605,  9, pid=3900001, effective(65534, 65534), real(65534, 0)] source3/smbd/smb1_trans2.c:232(send_trans2_replies)
  t2_rep: params_to_send = 2, data_to_send = 112, paramsize = 2, datasize = 112
[2026/05/19 08:41:41.943636,  5, pid=3900001, effective(65534, 65534), real(65534, 0)] source3/lib/util.c:150(show_msg)
  size=172
  smb_com=0x32
  smb_rcls=0
  smb_reh=0
  smb_err=0
  smb_flg=128
  smb_flg2=51203
  smb_tid=40835
  smb_pid=1800
  smb_uid=54244
  smb_mid=12
  smt_wct=10
  smb_vwv[ 0]=    2 (0x2)
  smb_vwv[ 1]=  112 (0x70)
  smb_vwv[ 2]=    0 (0x0)
  smb_vwv[ 3]=    2 (0x2)
  smb_vwv[ 4]=   56 (0x38)
  smb_vwv[ 5]=    0 (0x0)
  smb_vwv[ 6]=  112 (0x70)
  smb_vwv[ 7]=   60 (0x3C)
  smb_vwv[ 8]=    0 (0x0)
  smb_vwv[ 9]=    0 (0x0)
  smb_bcc=117
[2026/05/19 08:41:41.943736, 10, pid=3900001, effective(65534, 65534), real(65534, 0)] lib/util/util.c:578(dump_data)
  [0000] 00 00 00 00 00 01 00 06   4D 01 00 00 00 00 02 00   ........ M.......
  [0010] 00 00 00 B5 2F 00 00 00   00 00 10 B5 2F 00 00 00   ..../... ..../...
  [0020] 00 A3 E5 86 AF 62 E6 DC   01 11 90 9F B5 62 E6 DC   .....b.. .....b..
  [0030] 01 A3 E5 86 AF 62 E6 DC   01 00 00 00 00 00 00 00   .....b.. ........
  [0040] 00 00 00 00 00 00 00 00   00 00 00 00 00 FC 00 00   ........ ........
  [0050] 00 00 00 00 00 00 00 00   00 00 00 00 00 23 14 02   ........ .....#..
  [0060] 01 00 00 00 00 A4 01 00   00 00 00 00 00 01 00 00   ........ ........
  [0070] 00 00 00 00 00                                      .....
[2026/05/19 08:41:41.943982,  5, pid=3900001, effective(65534, 65534), real(65534, 0)] source3/smbd/files.c:1985(file_free)
  file_free: freed files structure 0 (1 used)
[2026/05/19 08:41:42.260035, 10, pid=3900001, effective(65534, 65534), real(65534, 0)] source3/lib/util_sock.c:180(read_smb_length_return_keepalive)
  got smb length of 59
[2026/05/19 08:41:42.260111,  6, pid=3900001, effective(65534, 65534), real(65534, 0)] source3/smbd/smb2_process.c:574(process_smb)
  got message type 0x0 of len 0x3b
[2026/05/19 08:41:42.260131,  3, pid=3900001, effective(65534, 65534), real(65534, 0)] source3/smbd/smb2_process.c:576(process_smb)
  Transaction 12 of length 63 (0 toread)
[2026/05/19 08:41:42.260164,  5, pid=3900001, effective(65534, 65534), real(65534, 0)] source3/lib/util.c:150(show_msg)
  size=59
  smb_com=0x2e
  smb_rcls=0
  smb_reh=0
  smb_err=0
  smb_flg=0
  smb_flg2=49153
  smb_tid=40835
  smb_pid=1800
  smb_uid=54244
  smb_mid=13
  smt_wct=12
  smb_vwv[ 0]=  255 (0xFF)
  smb_vwv[ 1]=    0 (0x0)
  smb_vwv[ 2]=19718 (0x4D06)
  smb_vwv[ 3]=32768 (0x8000)
  smb_vwv[ 4]=    0 (0x0)
  smb_vwv[ 5]= 4096 (0x1000)
  smb_vwv[ 6]=    0 (0x0)
  smb_vwv[ 7]=    0 (0x0)
  smb_vwv[ 8]=    0 (0x0)
  smb_vwv[ 9]=    0 (0x0)
  smb_vwv[10]=    0 (0x0)
  smb_vwv[11]=    0 (0x0)
  smb_bcc=0
[2026/05/19 08:41:42.260292,  3, pid=3900001, effective(65534, 65534), real(65534, 0)] source3/smbd/smb1_process.c:1112(switch_message)
  switch message SMBreadX (pid 3900001) conn 0x6087dc1782d0
[2026/05/19 08:41:42.260318,  5, pid=3900001, effective(65534, 65534), real(65534, 0)] source3/smbd/uid.c:327(change_to_user_impersonate)
  change_to_user_impersonate: Skipping user change - already user
[2026/05/19 08:41:42.260340,  4, pid=3900001, effective(65534, 65534), real(65534, 0), class=vfs] source3/smbd/vfs.c:937(vfs_ChDir)
  vfs_ChDir to /var/samba/public
[2026/05/19 08:41:42.260381,  5, pid=3900001, effective(65534, 65534), real(65534, 0), class=vfs] source3/smbd/vfs.c:999(vfs_ChDir)
  vfs_ChDir: vfs_ChDir got /var/samba/public
[2026/05/19 08:41:42.260408,  5, pid=3900001, effective(65534, 65534), real(65534, 0)] source3/smbd/uid.c:294(print_impersonation_info)
  print_impersonation_info: Impersonated user: uid=(65534,65534), gid=(0,65534), cwd=[/var/samba/public]
[2026/05/19 08:41:42.260485, 10, pid=3900001, effective(65534, 65534), real(65534, 0), class=locking] source3/locking/locking.c:128(strict_lock_check_default)
  strict_lock_check_default: optimisation - read lease on file debian-training-tx1320-raid10.iso
[2026/05/19 08:41:42.260652, 10, pid=3900001, effective(65534, 65534), real(65534, 0)] source3/smbd/smb1_aio.c:121(schedule_aio_read_and_X)
  schedule_aio_read_and_X: scheduled aio_read for file debian-training-tx1320-raid10.iso, offset 32768, len = 4096 (mid = 13)
[2026/05/19 08:41:42.260927, 10, pid=3900001, effective(65534, 65534), real(65534, 0)] source3/smbd/smb1_aio.c:142(aio_pread_smb1_done)
  pread_recv returned 4096, err = no error
[2026/05/19 08:41:42.260955,  3, pid=3900001, effective(65534, 65534), real(65534, 0)] source3/smbd/smb1_aio.c:167(aio_pread_smb1_done)
  handle_aio_read_complete file debian-training-tx1320-raid10.iso max=4096 nread=4096
[2026/05/19 08:41:42.260988,  5, pid=3900001, effective(65534, 65534), real(65534, 0)] source3/lib/util.c:150(show_msg)
  size=4156
  smb_com=0x2e
  smb_rcls=0
  smb_reh=0
  smb_err=0
  smb_flg=128
  smb_flg2=51203
  smb_tid=40835
  smb_pid=1800
  smb_uid=54244
  smb_mid=13
  smt_wct=12
  smb_vwv[ 0]=  255 (0xFF)
  smb_vwv[ 1]=    0 (0x0)
  smb_vwv[ 2]=65535 (0xFFFF)
  smb_vwv[ 3]=    0 (0x0)
  smb_vwv[ 4]=    0 (0x0)
  smb_vwv[ 5]= 4096 (0x1000)
  smb_vwv[ 6]=   60 (0x3C)
  smb_vwv[ 7]=    0 (0x0)
  smb_vwv[ 8]=    0 (0x0)
  smb_vwv[ 9]=    0 (0x0)
  smb_vwv[10]=    0 (0x0)
  smb_vwv[11]=    0 (0x0)
  smb_bcc=4097
[2026/05/19 08:41:42.261108, 10, pid=3900001, effective(65534, 65534), real(65534, 0)] lib/util/util.c:578(dump_data)
  [0000] 00 01 43 44 30 30 31 01   00 20 20 20 20 20 20 20   ..CD001. .       
  [0010] 20 20 20 20 20 20 20 20   20 20 20 20 20 20 20 20                    
  [0020] 20 20 20 20 20 20 20 20   20 44 65 62 69 61 6E 20             Debian 
  [0030] 31 33 2E 33 2E 30 20 61   6D 64 36 34 20 6E 20 20   13.3.0 a md64 n  
  [0040] 20 20 20 20 20 20 20 20   20 00 00 00 00 00 00 00             .......
  [0050] 00 00 F6 05 00 00 05 F6   00 00 00 00 00 00 00 00   ........ ........
  [0060] 00 00 00 00 00 00 00 00   00 00 00 00 00 00 00 00   ........ ........
  [0070] 00 00 00 00 00 00 00 00   00 01 00 00 01 01 00 00   ........ ........
  [0080] 01 00 08 08 00 F8 1E 00   00 00 00 1E F8 32 02 00   ........ .....2..
  [0090] 00 00 00 00 00 00 00 02   36 00 00 00 00 22 00 34   ........ 6....".4
  [00A0] 00 00 00 00 00 00 34 00   10 00 00 00 00 10 00 7E   ......4. .......~
  [00B0] 01 0A 0B 03 11 00 02 00   00 01 00 00 01 01 00 20   ........ ....... 
  [00C0] 20 20 20 20 20 20 20 20   20 20 20 20 20 20 20 20                    
  [00D0] 20 20 20 20 20 20 20 20   20 20 20 20 20 20 20 20                    
  [00E0] 20 20 20 20 20 20 20 20   20 20 20 20 20 20 20 20                    
  [00F0] 20 20 20 20 20 20 20 20   20 20 20 20 20 20 20 20                    
  [0100] 20 20 20 20 20 20 20 20   20 20 20 20 20 20 20 20                    
  [0110] 20 20 20 20 20 20 20 20   20 20 20 20 20 20 20 20                    
  [0120] 20 20 20 20 20 20 20 20   20 20 20 20 20 20 20 20                    
  [0130] 20 20 20 20 20 20 20 20   20 20 20 20 20 20 20 20                    
  [0140] 20 20 20 20 20 20 20 20   20 20 20 20 20 20 20 20                    
  [0150] 20 20 20 20 20 20 20 20   20 20 20 20 20 20 20 20                    
  [0160] 20 20 20 20 20 20 20 20   20 20 20 20 20 20 20 20                    
  [0170] 20 20 20 20 20 20 20 20   20 20 20 20 20 20 20 20                    
  [0180] 20 20 20 20 20 20 20 20   20 20 20 20 20 20 20 20                    
  [0190] 20 20 20 20 20 20 20 20   20 20 20 20 20 20 20 20                    
  [01A0] 20 20 20 20 20 20 20 20   20 20 20 20 20 20 20 20                    
  [01B0] 20 20 20 20 20 20 20 20   20 20 20 20 20 20 20 58                   X
  [01C0] 4F 52 52 49 53 4F 2D 31   2E 35 2E 36 20 32 30 32   ORRISO-1 .5.6 202
  [01D0] 33 2E 30 36 2E 30 37 2E   31 38 30 30 30 31 2C 20   3.06.07. 180001, 
  [01E0] 4C 49 42 49 53 4F 42 55   52 4E 2D 31 2E 35 2E 36   LIBISOBU RN-1.5.6
  [01F0] 2C 20 4C 49 42 49 53 4F   46 53 2D 31 2E 35 2E 36   , LIBISO FS-1.5.6
[2026/05/19 08:41:42.261796, 10, pid=3900001, effective(65534, 65534), real(65534, 0)] source3/smbd/smb1_aio.c:191(aio_pread_smb1_done)
  handle_aio_read_complete: scheduled aio_read completed for file debian-training-tx1320-raid10.iso, offset 32768, len = 4096
[2026/05/19 08:41:42.578582, 10, pid=3900001, effective(65534, 65534), real(65534, 0)] source3/lib/util_sock.c:180(read_smb_length_return_keepalive)
  got smb length of 41
[2026/05/19 08:41:42.578652,  6, pid=3900001, effective(65534, 65534), real(65534, 0)] source3/smbd/smb2_process.c:574(process_smb)
  got message type 0x0 of len 0x29
[2026/05/19 08:41:42.578673,  3, pid=3900001, effective(65534, 65534), real(65534, 0)] source3/smbd/smb2_process.c:576(process_smb)
  Transaction 13 of length 45 (0 toread)
[2026/05/19 08:41:42.578705,  5, pid=3900001, effective(65534, 65534), real(65534, 0)] source3/lib/util.c:150(show_msg)
  size=41
  smb_com=0x4
  smb_rcls=0
  smb_reh=0
  smb_err=0
  smb_flg=0
  smb_flg2=49153
  smb_tid=40835
  smb_pid=1800
  smb_uid=54244
  smb_mid=14
  smt_wct=3
  smb_vwv[ 0]=19718 (0x4D06)
  smb_vwv[ 1]=65535 (0xFFFF)
  smb_vwv[ 2]=65535 (0xFFFF)
  smb_bcc=0
[2026/05/19 08:41:42.578813,  3, pid=3900001, effective(65534, 65534), real(65534, 0)] source3/smbd/smb1_process.c:1112(switch_message)
  switch message SMBclose (pid 3900001) conn 0x6087dc1782d0
[2026/05/19 08:41:42.578848,  5, pid=3900001, effective(65534, 65534), real(65534, 0)] source3/smbd/uid.c:327(change_to_user_impersonate)
  change_to_user_impersonate: Skipping user change - already user
[2026/05/19 08:41:42.578917,  5, pid=3900001, effective(65534, 65534), real(65534, 0)] source3/smbd/uid.c:294(print_impersonation_info)
  print_impersonation_info: Impersonated user: uid=(65534,65534), gid=(0,65534), cwd=[/var/samba/public]
[2026/05/19 08:41:42.578948,  3, pid=3900001, effective(65534, 65534), real(65534, 0)] source3/smbd/smb1_reply.c:5097(reply_close)
  reply_close: Close file fd=30 fnum 19718 (numopen=1)
[2026/05/19 08:41:42.578982,  6, pid=3900001, effective(65534, 65534), real(65534, 0)] source3/smbd/close.c:656(set_close_write_time)
  close_write_time: Thu Jan  1 09:00:01 1970
[2026/05/19 08:41:42.579024,  5, pid=3900001, effective(65534, 65534), real(65534, 0)] lib/dbwrap/dbwrap.c:172(dbwrap_lock_order_lock)
  dbwrap_lock_order_lock: check lock order 1 for /run/samba/locking.tdb
[2026/05/19 08:41:42.579044, 10, pid=3900001, effective(65534, 65534), real(65534, 0)] lib/dbwrap/dbwrap.c:157(debug_lock_order)
  lock order:  1:/run/samba/locking.tdb 2:<none> 3:<none> 4:<none>
[2026/05/19 08:41:42.579071, 10, pid=3900001, effective(65534, 65534), real(65534, 0), class=locking] source3/locking/share_mode_lock.c:322(share_mode_memcache_fetch)
  share_mode_memcache_fetch: fetched entry for file debian-training-tx1320-raid10.iso epoch 43175613119d8f6a key 64512:16913443:0
[2026/05/19 08:41:42.579093, 10, pid=3900001, effective(65534, 65534), real(65534, 0), class=locking] source3/locking/share_mode_lock.c:990(get_share_mode_lock_internal)
  get_share_mode_lock_internal: Returning 64512:16913443:0 (data_cached=1 key_refcount=1)
[2026/05/19 08:41:42.579116, 10, pid=3900001, effective(65534, 65534), real(65534, 0), class=locking] source3/locking/share_mode_lock.c:2388(share_mode_entry_do)
  share_mode_entry_do: num_share_modes=1
[2026/05/19 08:41:42.579135, 10, pid=3900001, effective(65534, 65534), real(65534, 0), class=locking] source3/locking/share_mode_lock.c:1941(share_mode_entry_find)
  share_mode_entry_find: left=0, right=0, middle=0, middle_ptr=0x6087dc17ea5a
[2026/05/19 08:41:42.579167, 10, pid=3900001, effective(65534, 65534), real(65534, 0), class=locking] source3/locking/share_mode_lock.c:2404(share_mode_entry_do)
  share_mode_entry_do: entry[0]:
[2026/05/19 08:41:42.579186,  1, pid=3900001, effective(65534, 65534), real(65534, 0), class=rpc_parse] source3/locking/share_mode_lock.c:2405(share_mode_entry_do)
       &e: struct share_mode_entry
          pid: struct server_id
              pid                      : 0x00000000003b8261 (3900001)
              task_id                  : 0x00000000 (0)
              vnn                      : 0xffffffff (4294967295)
              unique_id                : 0xd2c33d9fcd33ff8f (-3259693948734275697)
          op_mid                   : 0x000000000000000c (12)
          op_type                  : SHARE_MODE_ENTRY_OP_TYPE_EXCLUSIVE (1)
          client_guid              : 00000000-0000-0000-0000-000000000000
          lease_key: struct smb2_lease_key
              data: ARRAY(2)
                  data                     : 0x0000000000000000 (0)
                  data                     : 0x0000000000000000 (0)
          access_mask              : 0x00000089 (137)
          share_access             : 0x00000007 (7)
          private_options          : 0x00000000 (0)
          time                     : Tue May 19 08:41:41 AM 2026 JST.939961
          share_file_id            : 0x0000000000000009 (9)
          uid                      : 0x0000fffe (65534)
          flags                    : 0x0001 (1)
          name_hash                : 0x2dee4f28 (770592552)
          stale                    : 0x00 (0)
[2026/05/19 08:41:42.579341, 10, pid=3900001, effective(65534, 65534), real(65534, 0), class=locking] source3/locking/share_mode_lock.c:2410(share_mode_entry_do)
  share_mode_entry_do: entry[0]: modified=1, e.stale=0
[2026/05/19 08:41:42.579366, 10, pid=3900001, effective(65534, 65534), real(65534, 0), class=locking] source3/locking/share_mode_lock.c:349(share_mode_entry_put)
  share_mode_entry_put: share_mode_entry:
[2026/05/19 08:41:42.579384,  1, pid=3900001, effective(65534, 65534), real(65534, 0), class=rpc_parse] source3/locking/share_mode_lock.c:350(share_mode_entry_put)
       discard_const_p(void, e): struct share_mode_entry
          pid: struct server_id
              pid                      : 0x00000000003b8261 (3900001)
              task_id                  : 0x00000000 (0)
              vnn                      : 0xffffffff (4294967295)
              unique_id                : 0xd2c33d9fcd33ff8f (-3259693948734275697)
          op_mid                   : 0x000000000000000c (12)
          op_type                  : SHARE_MODE_ENTRY_OP_TYPE_NONE (0)
          client_guid              : 00000000-0000-0000-0000-000000000000
          lease_key: struct smb2_lease_key
              data: ARRAY(2)
                  data                     : 0x0000000000000000 (0)
                  data                     : 0x0000000000000000 (0)
          access_mask              : 0x00000089 (137)
          share_access             : 0x00000007 (7)
          private_options          : 0x00000000 (0)
          time                     : Tue May 19 08:41:41 AM 2026 JST.939961
          share_file_id            : 0x0000000000000009 (9)
          uid                      : 0x0000fffe (65534)
          flags                    : 0x0001 (1)
          name_hash                : 0x2dee4f28 (770592552)
          stale                    : 0x00 (0)
[2026/05/19 08:41:42.579531, 10, pid=3900001, effective(65534, 65534), real(65534, 0), class=locking] source3/locking/share_mode_lock.c:619(share_mode_data_ltdb_store)
  share_mode_data_ltdb_store: share_mode_data not modified
[2026/05/19 08:41:42.579552, 10, pid=3900001, effective(65534, 65534), real(65534, 0), class=locking] source3/locking/share_mode_lock.c:990(get_share_mode_lock_internal)
  get_share_mode_lock_internal: Returning 64512:16913443:0 (data_cached=1 key_refcount=2)
[2026/05/19 08:41:42.579572, 10, pid=3900001, effective(65534, 65534), real(65534, 0), class=locking] source3/locking/locking.c:1007(find_delete_on_close_token)
  find_delete_on_close_token: name_hash = 0x2dee4f28
[2026/05/19 08:41:42.579592, 10, pid=3900001, effective(65534, 65534), real(65534, 0), class=locking] source3/locking/share_mode_lock.c:2388(share_mode_entry_do)
  share_mode_entry_do: num_share_modes=1
[2026/05/19 08:41:42.579610, 10, pid=3900001, effective(65534, 65534), real(65534, 0), class=locking] source3/locking/share_mode_lock.c:1941(share_mode_entry_find)
  share_mode_entry_find: left=0, right=0, middle=0, middle_ptr=0x6087dc17edda
[2026/05/19 08:41:42.579630, 10, pid=3900001, effective(65534, 65534), real(65534, 0), class=locking] source3/locking/share_mode_lock.c:2404(share_mode_entry_do)
  share_mode_entry_do: entry[0]:
[2026/05/19 08:41:42.579648,  1, pid=3900001, effective(65534, 65534), real(65534, 0), class=rpc_parse] source3/locking/share_mode_lock.c:2405(share_mode_entry_do)
       &e: struct share_mode_entry
          pid: struct server_id
              pid                      : 0x00000000003b8261 (3900001)
              task_id                  : 0x00000000 (0)
              vnn                      : 0xffffffff (4294967295)
              unique_id                : 0xd2c33d9fcd33ff8f (-3259693948734275697)
          op_mid                   : 0x000000000000000c (12)
          op_type                  : SHARE_MODE_ENTRY_OP_TYPE_NONE (0)
          client_guid              : 00000000-0000-0000-0000-000000000000
          lease_key: struct smb2_lease_key
              data: ARRAY(2)
                  data                     : 0x0000000000000000 (0)
                  data                     : 0x0000000000000000 (0)
          access_mask              : 0x00000089 (137)
          share_access             : 0x00000007 (7)
          private_options          : 0x00000000 (0)
          time                     : Tue May 19 08:41:41 AM 2026 JST.939961
          share_file_id            : 0x0000000000000009 (9)
          uid                      : 0x0000fffe (65534)
          flags                    : 0x0001 (1)
          name_hash                : 0x2dee4f28 (770592552)
          stale                    : 0x00 (0)
[2026/05/19 08:41:42.579794, 10, pid=3900001, effective(65534, 65534), real(65534, 0), class=locking] source3/locking/share_mode_lock.c:2410(share_mode_entry_do)
  share_mode_entry_do: entry[0]: modified=0, e.stale=1
[2026/05/19 08:41:42.579813, 10, pid=3900001, effective(65534, 65534), real(65534, 0), class=locking] source3/locking/share_mode_lock.c:2444(share_mode_entry_do)
  share_mode_entry_do: share_mode_entry:
[2026/05/19 08:41:42.579842,  1, pid=3900001, effective(65534, 65534), real(65534, 0), class=rpc_parse] source3/locking/share_mode_lock.c:2445(share_mode_entry_do)
       &e: struct share_mode_entry
          pid: struct server_id
              pid                      : 0x00000000003b8261 (3900001)
              task_id                  : 0x00000000 (0)
              vnn                      : 0xffffffff (4294967295)
              unique_id                : 0xd2c33d9fcd33ff8f (-3259693948734275697)
          op_mid                   : 0x000000000000000c (12)
          op_type                  : SHARE_MODE_ENTRY_OP_TYPE_NONE (0)
          client_guid              : 00000000-0000-0000-0000-000000000000
          lease_key: struct smb2_lease_key
              data: ARRAY(2)
                  data                     : 0x0000000000000000 (0)
                  data                     : 0x0000000000000000 (0)
          access_mask              : 0x00000089 (137)
          share_access             : 0x00000007 (7)
          private_options          : 0x00000000 (0)
          time                     : Tue May 19 08:41:41 AM 2026 JST.939961
          share_file_id            : 0x0000000000000009 (9)
          uid                      : 0x0000fffe (65534)
          flags                    : 0x0001 (1)
          name_hash                : 0x2dee4f28 (770592552)
          stale                    : 0x01 (1)
[2026/05/19 08:41:42.579998, 10, pid=3900001, effective(65534, 65534), real(65534, 0), class=locking] source3/locking/share_mode_lock.c:626(share_mode_data_ltdb_store)
  share_mode_data_ltdb_store: 
[2026/05/19 08:41:42.580016,  1, pid=3900001, effective(65534, 65534), real(65534, 0), class=rpc_parse] source3/locking/share_mode_lock.c:627(share_mode_data_ltdb_store)
       d: struct share_mode_data
          unique_content_epoch     : 0x43175613119d8f6d (4834427364905422701)
          flags                    : 0x01cb (459)
                 1: SHARE_MODE_SHARE_DELETE  
                 1: SHARE_MODE_SHARE_WRITE   
                 1: SHARE_MODE_SHARE_READ    
                 0: SHARE_MODE_ACCESS_DELETE 
                 0: SHARE_MODE_ACCESS_WRITE  
                 1: SHARE_MODE_ACCESS_READ   
                 0: SHARE_MODE_LEASE_HANDLE  
                 1: SHARE_MODE_LEASE_WRITE   
                 1: SHARE_MODE_LEASE_READ    
          servicepath              : *
              servicepath              : '/var/samba/public'
          base_name                : *
              base_name                : 'debian-training-tx1320-raid10.iso'
          stream_name              : NULL
          num_delete_tokens        : 0x00000000 (0)
          delete_tokens: ARRAY(0)
          old_write_time           : Mon May 18 10:07:24 AM 2026 JST
          changed_write_time       : NTTIME(0)
          not_stored               : 0x00 (0)
          modified                 : 0x01 (1)
          id: struct file_id
              devid                    : 0x000000000000fc00 (64512)
              inode                    : 0x0000000001021423 (16913443)
              extid                    : 0x0000000000000000 (0)
[2026/05/19 08:41:42.580185, 10, pid=3900001, effective(65534, 65534), real(65534, 0), class=locking] source3/locking/share_mode_lock.c:676(share_mode_data_store)
  share_mode_data_store: not modified
[2026/05/19 08:41:42.580210,  5, pid=3900001, effective(65534, 65534), real(65534, 0)] lib/dbwrap/dbwrap.c:204(dbwrap_lock_order_unlock)
  dbwrap_lock_order_unlock: release lock order 1 for /run/samba/locking.tdb
[2026/05/19 08:41:42.580229, 10, pid=3900001, effective(65534, 65534), real(65534, 0)] source3/lib/dbwrap/dbwrap_watch.c:507(dbwrap_watched_record_prepare_wakeup)
  dbwrap_watched_record_prepare_wakeup: No watchers
[2026/05/19 08:41:42.580252, 10, pid=3900001, effective(65534, 65534), real(65534, 0)] source3/lib/dbwrap/dbwrap_watch.c:487(dbwrap_watched_do_locked)
  dbwrap_watched_do_locked: dbwrap_watched_do_locked_fn returned
[2026/05/19 08:41:42.580270, 10, pid=3900001, effective(65534, 65534), real(65534, 0)] source3/lib/dbwrap/dbwrap_watch.c:550(dbwrap_watched_trigger_wakeup)
  dbwrap_watched_trigger_wakeup: No one to wakeup
[2026/05/19 08:41:42.580288, 10, pid=3900001, effective(65534, 65534), real(65534, 0)] source3/lib/g_lock.c:1275(g_lock_lock)
  g_lock_lock: status=NT_STATUS_OK, state.status=NT_STATUS_WAS_UNLOCKED
[2026/05/19 08:41:42.580326,  2, pid=3900001, effective(65534, 65534), real(65534, 0)] source3/smbd/close.c:934(close_normal_file)
  nobody closed file debian-training-tx1320-raid10.iso (numopen=0) NT_STATUS_OK
[2026/05/19 08:41:42.580348,  5, pid=3900001, effective(65534, 65534), real(65534, 0)] lib/dbwrap/dbwrap.c:172(dbwrap_lock_order_lock)
  dbwrap_lock_order_lock: check lock order 1 for /run/samba/smbXsrv_open_global.tdb
[2026/05/19 08:41:42.580366, 10, pid=3900001, effective(65534, 65534), real(65534, 0)] lib/dbwrap/dbwrap.c:157(debug_lock_order)
  lock order:  1:/run/samba/smbXsrv_open_global.tdb 2:<none> 3:<none> 4:<none>
[2026/05/19 08:41:42.580395,  5, pid=3900001, effective(65534, 65534), real(65534, 0)] lib/dbwrap/dbwrap.c:204(dbwrap_lock_order_unlock)
  dbwrap_lock_order_unlock: release lock order 1 for /run/samba/smbXsrv_open_global.tdb
[2026/05/19 08:41:42.580417,  5, pid=3900001, effective(65534, 65534), real(65534, 0)] source3/smbd/files.c:1985(file_free)
  file_free: freed files structure 19718 (0 used)
[2026/05/19 08:41:42.580450,  5, pid=3900001, effective(65534, 65534), real(65534, 0)] source3/lib/util.c:150(show_msg)
  size=35
  smb_com=0x4
  smb_rcls=0
  smb_reh=0
  smb_err=0
  smb_flg=128
  smb_flg2=51203
  smb_tid=40835
  smb_pid=1800
  smb_uid=54244
  smb_mid=14
  smt_wct=0
  smb_bcc=0
[2026/05/19 08:41:42.899154, 10, pid=3900001, effective(65534, 65534), real(65534, 0)] source3/lib/util_sock.c:180(read_smb_length_return_keepalive)
  got smb length of 84
[2026/05/19 08:41:42.899244,  6, pid=3900001, effective(65534, 65534), real(65534, 0)] source3/smbd/smb2_process.c:574(process_smb)
  got message type 0x0 of len 0x54
[2026/05/19 08:41:42.899265,  3, pid=3900001, effective(65534, 65534), real(65534, 0)] source3/smbd/smb2_process.c:576(process_smb)
  Transaction 14 of length 88 (0 toread)
[2026/05/19 08:41:42.899298,  5, pid=3900001, effective(65534, 65534), real(65534, 0)] source3/lib/util.c:150(show_msg)
  size=84
  smb_com=0x32
  smb_rcls=0
  smb_reh=0
  smb_err=0
  smb_flg=0
  smb_flg2=49153
  smb_tid=40835
  smb_pid=1800
  smb_uid=54244
  smb_mid=15
  smt_wct=15
  smb_vwv[ 0]=   18 (0x12)
  smb_vwv[ 1]=    0 (0x0)
  smb_vwv[ 2]=   10 (0xA)
  smb_vwv[ 3]=16384 (0x4000)
  smb_vwv[ 4]=    0 (0x0)
  smb_vwv[ 5]=    0 (0x0)
  smb_vwv[ 6]=    0 (0x0)
  smb_vwv[ 7]=    0 (0x0)
  smb_vwv[ 8]=    0 (0x0)
  smb_vwv[ 9]=   18 (0x12)
  smb_vwv[10]=   66 (0x42)
  smb_vwv[11]=    0 (0x0)
  smb_vwv[12]=    0 (0x0)
  smb_vwv[13]=    1 (0x1)
  smb_vwv[14]=    1 (0x1)
  smb_bcc=19
[2026/05/19 08:41:42.899422, 10, pid=3900001, effective(65534, 65534), real(65534, 0)] lib/util/util.c:578(dump_data)
  [0000] 00 17 00 96 00 06 00 02   02 00 00 00 00 2F 00 2A   ........ ...../.*
  [0010] 00 00 00                                            ...
[2026/05/19 08:41:42.899480,  3, pid=3900001, effective(65534, 65534), real(65534, 0)] source3/smbd/smb1_process.c:1112(switch_message)
  switch message SMBtrans2 (pid 3900001) conn 0x6087dc1782d0
[2026/05/19 08:41:42.899524,  5, pid=3900001, effective(65534, 65534), real(65534, 0)] source3/smbd/uid.c:327(change_to_user_impersonate)
  change_to_user_impersonate: Skipping user change - already user
[2026/05/19 08:41:42.899568,  5, pid=3900001, effective(65534, 65534), real(65534, 0)] source3/smbd/uid.c:294(print_impersonation_info)
  print_impersonation_info: Impersonated user: uid=(65534,65534), gid=(0,65534), cwd=[/var/samba/public]
[2026/05/19 08:41:42.899597,  3, pid=3900001, effective(65534, 65534), real(65534, 0)] source3/smbd/smb1_trans2.c:875(call_trans2findfirst)
  call_trans2findfirst: dirtype = 17, maxentries = 150, close_after_first=0, close_if_end = 1 requires_resume_key = 1 backup_priv = 0 level = 0x202, max_data_bytes = 16384
[2026/05/19 08:41:42.899625, 10, pid=3900001, effective(65534, 65534), real(65534, 0)] source3/smbd/filename.c:510(filename_convert_smb1_search_path)
  filename_convert_smb1_search_path: name_in: *
[2026/05/19 08:41:42.899644, 10, pid=3900001, effective(65534, 65534), real(65534, 0)] source3/smbd/filename.c:535(filename_convert_smb1_search_path)
  filename_convert_smb1_search_path: mask = *
[2026/05/19 08:41:42.899662, 10, pid=3900001, effective(65534, 65534), real(65534, 0)] source3/smbd/filename.c:549(filename_convert_smb1_search_path)
  filename_convert_smb1_search_path: For filename_convert_dirfsp: name_in = 
[2026/05/19 08:41:42.899683, 10, pid=3900001, effective(65534, 65534), real(65534, 0)] source3/smbd/files.c:562(openat_pathref_fsp)
  openat_pathref_fsp: smb_fname [.]
[2026/05/19 08:41:42.899704, 10, pid=3900001, effective(65534, 65534), real(65534, 0)] source3/smbd/files.c:462(openat_pathref_fullname)
  openat_pathref_fullname: smb_fname [.]
[2026/05/19 08:41:42.899723,  5, pid=3900001, effective(65534, 65534), real(65534, 0)] source3/smbd/files.c:77(fsp_new)
  fsp_new: allocated files structure (1 used)
[2026/05/19 08:41:42.899746, 10, pid=3900001, effective(65534, 65534), real(65534, 0)] source3/smbd/files.c:2198(file_name_hash)
  file_name_hash: /var/samba/public/. hash 0xb9bae796
[2026/05/19 08:41:42.899788, 10, pid=3900001, effective(65534, 65534), real(65534, 0)] source3/smbd/open.c:930(fd_openat)
  fd_openat: name ., flags = 04000 mode = 00, fd = 14
[2026/05/19 08:41:42.899808, 10, pid=3900001, effective(65534, 65534), real(65534, 0)] source3/smbd/files.c:531(openat_pathref_fullname)
  openat_pathref_fullname: fsp [.]: OK
[2026/05/19 08:41:42.899844, 10, pid=3900001, effective(65534, 65534), real(65534, 0)] source3/smbd/files.c:562(openat_pathref_fsp)
  openat_pathref_fsp: smb_fname [.]
[2026/05/19 08:41:42.899864, 10, pid=3900001, effective(65534, 65534), real(65534, 0)] source3/smbd/files.c:462(openat_pathref_fullname)
  openat_pathref_fullname: smb_fname [.]
[2026/05/19 08:41:42.899910,  5, pid=3900001, effective(65534, 65534), real(65534, 0)] source3/smbd/files.c:77(fsp_new)
  fsp_new: allocated files structure (2 used)
[2026/05/19 08:41:42.899930, 10, pid=3900001, effective(65534, 65534), real(65534, 0)] source3/smbd/files.c:2198(file_name_hash)
  file_name_hash: /var/samba/public/. hash 0xb9bae796
[2026/05/19 08:41:42.899955, 10, pid=3900001, effective(65534, 65534), real(65534, 0)] source3/smbd/open.c:930(fd_openat)
  fd_openat: name ., flags = 04000 mode = 00, fd = 28
[2026/05/19 08:41:42.899974, 10, pid=3900001, effective(65534, 65534), real(65534, 0)] source3/smbd/files.c:531(openat_pathref_fullname)
  openat_pathref_fullname: fsp [.]: OK
[2026/05/19 08:41:42.899994,  5, pid=3900001, effective(65534, 65534), real(65534, 0)] source3/smbd/smb1_trans2.c:975(call_trans2findfirst)
  dir=., mask = *
[2026/05/19 08:41:42.900041, 10, pid=3900001, effective(65534, 65534), real(65534, 0)] source3/smbd/open.c:6509(create_file_default)
  create_file_default: create_file: access_mask = 0x1 file_attributes = 0x10, share_access = 0x3, create_disposition = 0x1 create_options = 0x1 oplock_request = 0x0 private_flags = 0x0 ea_list = (nil), sd = (nil), fname = .
[2026/05/19 08:41:42.900073, 10, pid=3900001, effective(65534, 65534), real(65534, 0)] source3/smbd/open.c:5926(create_file_unixpath)
  create_file_unixpath: access_mask = 0x1 file_attributes = 0x10 share_access = 0x3 create_disposition = 0x1 create_options = 0x1 oplock_request = 0x0 private_flags = 0x0 ea_list = (nil), sd = (nil), fname = .
[2026/05/19 08:41:42.900105,  5, pid=3900001, effective(65534, 65534), real(65534, 0)] lib/dbwrap/dbwrap.c:172(dbwrap_lock_order_lock)
  dbwrap_lock_order_lock: check lock order 1 for /run/samba/smbXsrv_open_global.tdb
[2026/05/19 08:41:42.900125, 10, pid=3900001, effective(65534, 65534), real(65534, 0)] lib/dbwrap/dbwrap.c:157(debug_lock_order)
  lock order:  1:/run/samba/smbXsrv_open_global.tdb 2:<none> 3:<none> 4:<none>
[2026/05/19 08:41:42.900208, 10, pid=3900001, effective(65534, 65534), real(65534, 0)] source3/smbd/smbXsrv_open.c:349(smbXsrv_open_global_store)
  smbXsrv_open_global_store: key '13EB8D9F' stored
[2026/05/19 08:41:42.900231,  1, pid=3900001, effective(65534, 65534), real(65534, 0), class=rpc_parse] source3/smbd/smbXsrv_open.c:350(smbXsrv_open_global_store)
       &global_blob: struct smbXsrv_open_globalB
          version                  : SMBXSRV_VERSION_0 (0)
          seqnum                   : 0x00000001 (1)
          info                     : union smbXsrv_open_globalU(case 0)
          info0                    : *
              info0: struct smbXsrv_open_global0
                  server_id: struct server_id
                      pid                      : 0x00000000003b8261 (3900001)
                      task_id                  : 0x00000000 (0)
                      vnn                      : 0xffffffff (4294967295)
                      unique_id                : 0xd2c33d9fcd33ff8f (-3259693948734275697)
                  open_global_id           : 0x13eb8d9f (334204319)
                  open_persistent_id       : 0x0000000013eb8d9f (334204319)
                  open_volatile_id         : 0x000000000000825d (33373)
                  open_owner               : S-1-5-21-2342536155-1022706741-2866312864-501
                  open_time                : Tue May 19 08:41:43 AM 2026 JST
                  create_guid              : 00000000-0000-0000-0000-000000000000
                  client_guid              : 00000000-0000-0000-0000-000000000000
                  app_instance_id          : 00000000-0000-0000-0000-000000000000
                  disconnect_time          : NTTIME(0)
                  durable_timeout_msec     : 0x00000000 (0)
                  durable                  : 0x00 (0)
                  backend_cookie           : DATA_BLOB length=0
                  channel_sequence         : 0x0000 (0)
                  channel_generation       : 0x0000000000000000 (0)
                  lock_sequence_array: ARRAY(64)
  [0000] FF FF FF FF FF FF FF FF   FF FF FF FF FF FF FF FF   ........ ........
  [0010] FF FF FF FF FF FF FF FF   FF FF FF FF FF FF FF FF   ........ ........
  [0020] FF FF FF FF FF FF FF FF   FF FF FF FF FF FF FF FF   ........ ........
  [0030] FF FF FF FF FF FF FF FF   FF FF FF FF FF FF FF FF   ........ ........
[2026/05/19 08:41:42.900541,  5, pid=3900001, effective(65534, 65534), real(65534, 0)] lib/dbwrap/dbwrap.c:204(dbwrap_lock_order_unlock)
  dbwrap_lock_order_unlock: release lock order 1 for /run/samba/smbXsrv_open_global.tdb
[2026/05/19 08:41:42.900560, 10, pid=3900001, effective(65534, 65534), real(65534, 0)] source3/smbd/smbXsrv_open.c:466(smbXsrv_open_global_allocate)
  smbXsrv_open_global_allocate: Found slot 334204319
[2026/05/19 08:41:42.900579, 10, pid=3900001, effective(65534, 65534), real(65534, 0)] source3/smbd/smbXsrv_open.c:614(smbXsrv_open_create)
  smbXsrv_open_create: global_id (0x13eb8d9f) stored
[2026/05/19 08:41:42.900597,  1, pid=3900001, effective(65534, 65534), real(65534, 0), class=rpc_parse] source3/smbd/smbXsrv_open.c:616(smbXsrv_open_create)
       &open_blob: struct smbXsrv_openB
          version                  : SMBXSRV_VERSION_0 (0)
          reserved                 : 0x00000000 (0)
          info                     : union smbXsrv_openU(case 0)
          info0                    : *
              info0: struct smbXsrv_open
                  table                    : *
                  local_id                 : 0x0000825d (33373)
                  global                   : *
                      global: struct smbXsrv_open_global0
                          server_id: struct server_id
                              pid                      : 0x00000000003b8261 (3900001)
                              task_id                  : 0x00000000 (0)
                              vnn                      : 0xffffffff (4294967295)
                              unique_id                : 0xd2c33d9fcd33ff8f (-3259693948734275697)
                          open_global_id           : 0x13eb8d9f (334204319)
                          open_persistent_id       : 0x0000000013eb8d9f (334204319)
                          open_volatile_id         : 0x000000000000825d (33373)
                          open_owner               : S-1-5-21-2342536155-1022706741-2866312864-501
                          open_time                : Tue May 19 08:41:43 AM 2026 JST
                          create_guid              : 00000000-0000-0000-0000-000000000000
                          client_guid              : 00000000-0000-0000-0000-000000000000
                          app_instance_id          : 00000000-0000-0000-0000-000000000000
                          disconnect_time          : NTTIME(0)
                          durable_timeout_msec     : 0x00000000 (0)
                          durable                  : 0x00 (0)
                          backend_cookie           : DATA_BLOB length=0
                          channel_sequence         : 0x0000 (0)
                          channel_generation       : 0x0000000000000000 (0)
                          lock_sequence_array: ARRAY(64)
  [0000] FF FF FF FF FF FF FF FF   FF FF FF FF FF FF FF FF   ........ ........
  [0010] FF FF FF FF FF FF FF FF   FF FF FF FF FF FF FF FF   ........ ........
  [0020] FF FF FF FF FF FF FF FF   FF FF FF FF FF FF FF FF   ........ ........
  [0030] FF FF FF FF FF FF FF FF   FF FF FF FF FF FF FF FF   ........ ........
                  status                   : NT_STATUS_OK
                  idle_time                : Tue May 19 08:41:43 AM 2026 JST
                  compat                   : NULL
                  flags                    : 0x00 (0)
                         0: SMBXSRV_OPEN_NEED_REPLAY_CACHE
                         0: SMBXSRV_OPEN_HAVE_REPLAY_CACHE
                  create_action            : 0x00000000 (0)
                  request_count            : 0x0000000000000000 (0)
                  pre_request_count        : 0x0000000000000000 (0)
[2026/05/19 08:41:42.901020, 10, pid=3900001, effective(65534, 65534), real(65534, 0)] source3/smbd/files.c:135(fsp_bind_smb)
  fsp_bind_smb: fsp [.] mid [15]
[2026/05/19 08:41:42.901041,  5, pid=3900001, effective(65534, 65534), real(65534, 0)] source3/smbd/open.c:4718(open_directory)
  open_directory: opening directory ., access_mask = 0x1, share_access = 0x3 create_options = 0x1, create_disposition = 0x1, file_attributes = 0x10
[2026/05/19 08:41:42.901098, 10, pid=3900001, effective(65534, 65534), real(65534, 0), class=acls] source3/smbd/posix_acls.c:3366(posix_fget_nt_acl)
  posix_fget_nt_acl: called for file .
[2026/05/19 08:41:42.901198, 10, pid=3900001, effective(65534, 65534), real(65534, 0)] source3/passdb/lookup_sid.c:1201(xid_to_sid)
  xid_to_sid: UID 65534 -> S-1-5-21-2342536155-1022706741-2866312864-501 from cache
[2026/05/19 08:41:42.901316,  4, pid=3900001, effective(65534, 65534), real(65534, 0)] source3/smbd/sec_ctx.c:206(push_sec_ctx)
  push_sec_ctx(65534, 65534) : sec_ctx_stack_ndx = 1
[2026/05/19 08:41:42.901341,  4, pid=3900001, effective(65534, 65534), real(65534, 0)] source3/smbd/uid.c:566(push_conn_ctx)
  push_conn_ctx(54244) : conn_ctx_stack_ndx = 0
[2026/05/19 08:41:42.901360,  4, pid=3900001, effective(65534, 65534), real(65534, 0)] source3/smbd/sec_ctx.c:317(set_sec_ctx_internal)
  setting sec ctx (0, 0) - sec_ctx_stack_ndx = 1
[2026/05/19 08:41:42.901384,  5, pid=3900001, effective(65534, 65534), real(65534, 0)] libcli/security/security_token.c:49(security_token_debug)
  Security token: (NULL)
[2026/05/19 08:41:42.901404,  5, pid=3900001, effective(65534, 65534), real(65534, 0)] source3/auth/token_util.c:873(debug_unix_user_token)
  UNIX token of user 0
  Primary group is 0 and contains 0 supplementary groups
[2026/05/19 08:41:42.901493,  4, pid=3900001, effective(65534, 65534), real(65534, 0)] source3/smbd/sec_ctx.c:443(pop_sec_ctx)
  pop_sec_ctx (65534, 65534) - sec_ctx_stack_ndx = 0
[2026/05/19 08:41:42.901515, 10, pid=3900001, effective(65534, 65534), real(65534, 0)] source3/passdb/lookup_sid.c:1256(xid_to_sid)
  xid_to_sid: GID 65534 -> S-1-22-2-65534 fallback
[2026/05/19 08:41:42.901537, 10, pid=3900001, effective(65534, 65534), real(65534, 0), class=acls] source3/smbd/posix_acls.c:2692(canonicalise_acl)
  canonicalise_acl: Access ace entries before arrange :
[2026/05/19 08:41:42.901556, 10, pid=3900001, effective(65534, 65534), real(65534, 0), class=acls] source3/smbd/posix_acls.c:2705(canonicalise_acl)
  canon_ace index 0. Type = allow SID = S-1-1-0 other SMB_ACL_OTHER ace_flags = 0x0 perms rwx
[2026/05/19 08:41:42.901578, 10, pid=3900001, effective(65534, 65534), real(65534, 0), class=acls] source3/smbd/posix_acls.c:2705(canonicalise_acl)
  canon_ace index 1. Type = allow SID = S-1-22-2-65534 gid 65534 SMB_ACL_GROUP_OBJ ace_flags = 0x0 perms rwx
[2026/05/19 08:41:42.901598, 10, pid=3900001, effective(65534, 65534), real(65534, 0), class=acls] source3/smbd/posix_acls.c:2705(canonicalise_acl)
  canon_ace index 2. Type = allow SID = S-1-5-21-2342536155-1022706741-2866312864-501 uid 65534 SMB_ACL_USER_OBJ ace_flags = 0x0 perms rwx
[2026/05/19 08:41:42.901621, 10, pid=3900001, effective(65534, 65534), real(65534, 0), class=acls] source3/smbd/posix_acls.c:766(print_canon_ace_list)
  print_canon_ace_list: canonicalise_acl: ace entries after arrange
  canon_ace index 0. Type = allow SID = S-1-5-21-2342536155-1022706741-2866312864-501 uid 65534 SMB_ACL_USER_OBJ ace_flags = 0x0 perms rwx
  canon_ace index 1. Type = allow SID = S-1-22-2-65534 gid 65534 SMB_ACL_GROUP_OBJ ace_flags = 0x0 perms rwx
  canon_ace index 2. Type = allow SID = S-1-1-0 other SMB_ACL_OTHER ace_flags = 0x0 perms rwx
[2026/05/19 08:41:42.901662, 10, pid=3900001, effective(65534, 65534), real(65534, 0), class=acls] source3/smbd/posix_acls.c:1029(map_canon_ace_perms)
  map_canon_ace_perms: Mapped (UNIX) 1c0 to (NT) 1f01ff
[2026/05/19 08:41:42.901680, 10, pid=3900001, effective(65534, 65534), real(65534, 0), class=acls] source3/smbd/posix_acls.c:1029(map_canon_ace_perms)
  map_canon_ace_perms: Mapped (UNIX) 1c0 to (NT) 1f01ff
[2026/05/19 08:41:42.901698, 10, pid=3900001, effective(65534, 65534), real(65534, 0), class=acls] source3/smbd/posix_acls.c:1029(map_canon_ace_perms)
  map_canon_ace_perms: Mapped (UNIX) 1c0 to (NT) 1f01ff
[2026/05/19 08:41:42.901722, 10, pid=3900001, effective(65534, 65534), real(65534, 0)] source3/smbd/open.c:180(smbd_check_access_rights_sd)
  smbd_check_access_rights_sd: File [.] requesting [0x1] returning [0x1] (NT_STATUS_OK)
[2026/05/19 08:41:42.901752,  5, pid=3900001, effective(65534, 65534), real(65534, 0)] lib/dbwrap/dbwrap.c:172(dbwrap_lock_order_lock)
  dbwrap_lock_order_lock: check lock order 1 for /run/samba/locking.tdb
[2026/05/19 08:41:42.901771, 10, pid=3900001, effective(65534, 65534), real(65534, 0)] lib/dbwrap/dbwrap.c:157(debug_lock_order)
  lock order:  1:/run/samba/locking.tdb 2:<none> 3:<none> 4:<none>
[2026/05/19 08:41:42.901794, 10, pid=3900001, effective(65534, 65534), real(65534, 0), class=locking] source3/locking/share_mode_lock.c:990(get_share_mode_lock_internal)
  get_share_mode_lock_internal: Returning 64512:16927250:0 (data_cached=1 key_refcount=1)
[2026/05/19 08:41:42.901828, 10, pid=3900001, effective(65534, 65534), real(65534, 0), class=locking] source3/locking/locking.c:1007(find_delete_on_close_token)
  find_delete_on_close_token: name_hash = 0xb9bae796
[2026/05/19 08:41:42.901853, 10, pid=3900001, effective(65534, 65534), real(65534, 0)] source3/smbd/open.c:1712(share_conflict)
  share_conflict: existing access_mask = 0x0, existing share access = 0x7, access_mask = 0x1, share_access = 0x3
[2026/05/19 08:41:42.901899, 10, pid=3900001, effective(65534, 65534), real(65534, 0)] source3/smbd/open.c:1722(share_conflict)
  share_conflict: No conflict due to existing access_mask = 0x0
[2026/05/19 08:41:42.901918, 10, pid=3900001, effective(65534, 65534), real(65534, 0)] source3/smbd/open.c:1988(open_mode_check)
  open_mode_check: No conflict due to share_mode_flags access
[2026/05/19 08:41:42.901938, 10, pid=3900001, effective(65534, 65534), real(65534, 0), class=locking] source3/locking/share_mode_lock.c:1999(set_share_mode)
  set_share_mode: num_share_modes=0
[2026/05/19 08:41:42.901957, 10, pid=3900001, effective(65534, 65534), real(65534, 0), class=locking] source3/locking/share_mode_lock.c:349(share_mode_entry_put)
  share_mode_entry_put: share_mode_entry:
[2026/05/19 08:41:42.901976,  1, pid=3900001, effective(65534, 65534), real(65534, 0), class=rpc_parse] source3/locking/share_mode_lock.c:350(share_mode_entry_put)
       discard_const_p(void, e): struct share_mode_entry
          pid: struct server_id
              pid                      : 0x00000000003b8261 (3900001)
              task_id                  : 0x00000000 (0)
              vnn                      : 0xffffffff (4294967295)
              unique_id                : 0xd2c33d9fcd33ff8f (-3259693948734275697)
          op_mid                   : 0x000000000000000f (15)
          op_type                  : SHARE_MODE_ENTRY_OP_TYPE_NONE (0)
          client_guid              : 00000000-0000-0000-0000-000000000000
          lease_key: struct smb2_lease_key
              data: ARRAY(2)
                  data                     : 0x0000000000000000 (0)
                  data                     : 0x0000000000000000 (0)
          access_mask              : 0x00000001 (1)
          share_access             : 0x00000003 (3)
          private_options          : 0x00000000 (0)
          time                     : Tue May 19 08:41:42 AM 2026 JST.899928
          share_file_id            : 0x000000000000000c (12)
          uid                      : 0x0000fffe (65534)
          flags                    : 0x0000 (0)
          name_hash                : 0xb9bae796 (3116033942)
          stale                    : 0x00 (0)
[2026/05/19 08:41:42.902128, 10, pid=3900001, effective(65534, 65534), real(65534, 0), class=locking] source3/locking/share_mode_lock.c:2043(set_share_mode)
  set_share_mode: idx=0, found=0
[2026/05/19 08:41:42.902146, 10, pid=3900001, effective(65534, 65534), real(65534, 0), class=locking] source3/locking/share_mode_lock.c:2071(set_share_mode)
  set_share_mode: dbufs[0]=(0x7ffc78fcd2e0, 132)
[2026/05/19 08:41:42.902165, 10, pid=3900001, effective(65534, 65534), real(65534, 0), class=locking] source3/locking/share_mode_lock.c:626(share_mode_data_ltdb_store)
  share_mode_data_ltdb_store: 
[2026/05/19 08:41:42.902183,  1, pid=3900001, effective(65534, 65534), real(65534, 0), class=rpc_parse] source3/locking/share_mode_lock.c:627(share_mode_data_ltdb_store)
       d: struct share_mode_data
          unique_content_epoch     : 0x43175613119d8f72 (4834427364905422706)
          flags                    : 0x00c8 (200)
                 0: SHARE_MODE_SHARE_DELETE  
                 1: SHARE_MODE_SHARE_WRITE   
                 1: SHARE_MODE_SHARE_READ    
                 0: SHARE_MODE_ACCESS_DELETE 
                 0: SHARE_MODE_ACCESS_WRITE  
                 1: SHARE_MODE_ACCESS_READ   
                 0: SHARE_MODE_LEASE_HANDLE  
                 0: SHARE_MODE_LEASE_WRITE   
                 0: SHARE_MODE_LEASE_READ    
          servicepath              : *
              servicepath              : '/var/samba/public'
          base_name                : *
              base_name                : '.'
          stream_name              : NULL
          num_delete_tokens        : 0x00000000 (0)
          delete_tokens: ARRAY(0)
          old_write_time           : NTTIME(0)
          changed_write_time       : NTTIME(0)
          not_stored               : 0x01 (1)
          modified                 : 0x01 (1)
          id: struct file_id
              devid                    : 0x000000000000fc00 (64512)
              inode                    : 0x0000000001024a12 (16927250)
              extid                    : 0x0000000000000000 (0)
[2026/05/19 08:41:42.902355, 10, pid=3900001, effective(65534, 65534), real(65534, 0), class=locking] source3/locking/share_mode_lock.c:676(share_mode_data_store)
  share_mode_data_store: not modified
[2026/05/19 08:41:42.902374, 10, pid=3900001, effective(65534, 65534), real(65534, 0), class=locking] source3/locking/share_mode_lock.c:207(share_mode_memcache_store)
  share_mode_memcache_store: stored entry for file . epoch 43175613119d8f72 key 64512:16927250:0
[2026/05/19 08:41:42.902397,  5, pid=3900001, effective(65534, 65534), real(65534, 0)] lib/dbwrap/dbwrap.c:204(dbwrap_lock_order_unlock)
  dbwrap_lock_order_unlock: release lock order 1 for /run/samba/locking.tdb
[2026/05/19 08:41:42.902416, 10, pid=3900001, effective(65534, 65534), real(65534, 0)] source3/lib/dbwrap/dbwrap_watch.c:507(dbwrap_watched_record_prepare_wakeup)
  dbwrap_watched_record_prepare_wakeup: No watchers
[2026/05/19 08:41:42.902439, 10, pid=3900001, effective(65534, 65534), real(65534, 0)] source3/lib/dbwrap/dbwrap_watch.c:487(dbwrap_watched_do_locked)
  dbwrap_watched_do_locked: dbwrap_watched_do_locked_fn returned
[2026/05/19 08:41:42.902457, 10, pid=3900001, effective(65534, 65534), real(65534, 0)] source3/lib/dbwrap/dbwrap_watch.c:550(dbwrap_watched_trigger_wakeup)
  dbwrap_watched_trigger_wakeup: No one to wakeup
[2026/05/19 08:41:42.902475, 10, pid=3900001, effective(65534, 65534), real(65534, 0)] source3/lib/g_lock.c:1275(g_lock_lock)
  g_lock_lock: status=NT_STATUS_OK, state.status=NT_STATUS_WAS_UNLOCKED
[2026/05/19 08:41:42.902496, 10, pid=3900001, effective(65534, 65534), real(65534, 0)] source3/smbd/open.c:6446(create_file_unixpath)
  create_file_unixpath: info=1
[2026/05/19 08:41:42.902515, 10, pid=3900001, effective(65534, 65534), real(65534, 0)] source3/smbd/open.c:6642(create_file_default)
  create_file: info=1
[2026/05/19 08:41:42.902534,  5, pid=3900001, effective(65534, 65534), real(65534, 0)] source3/smbd/dir.c:210(dptr_create)
  dptr_create: dir=.
[2026/05/19 08:41:42.902591,  5, pid=3900001, effective(65534, 65534), real(65534, 0)] source3/smbd/dir.c:303(dptr_create)
  dptr_create: creating new dirptr [256] for path [.]
[2026/05/19 08:41:42.902612,  4, pid=3900001, effective(65534, 65534), real(65534, 0)] source3/smbd/smb1_trans2.c:1095(call_trans2findfirst)
  dptr_num is 256, wcard = *, attr = 23
[2026/05/19 08:41:42.902630,  8, pid=3900001, effective(65534, 65534), real(65534, 0)] source3/smbd/smb1_trans2.c:1100(call_trans2findfirst)
  dirpath=<.> dontdescend=<>
[2026/05/19 08:41:42.902677, 10, pid=3900001, effective(65534, 65534), real(65534, 0)] source3/smbd/dir.c:568(smbd_dirptr_get_entry)
  smbd_dirptr_get_entry: dir [.] dirptr [0x6087dc193e50] offset [1] => dname [.]
[2026/05/19 08:41:42.902702, 10, pid=3900001, effective(65534, 65534), real(65534, 0)] source3/smbd/files.c:562(openat_pathref_fsp)
  openat_pathref_fsp: smb_fname [.]
[2026/05/19 08:41:42.902722, 10, pid=3900001, effective(65534, 65534), real(65534, 0)] source3/smbd/files.c:462(openat_pathref_fullname)
  openat_pathref_fullname: smb_fname [.]
[2026/05/19 08:41:42.902741,  5, pid=3900001, effective(65534, 65534), real(65534, 0)] source3/smbd/files.c:77(fsp_new)
  fsp_new: allocated files structure (3 used)
[2026/05/19 08:41:42.902761, 10, pid=3900001, effective(65534, 65534), real(65534, 0)] source3/smbd/files.c:2198(file_name_hash)
  file_name_hash: /var/samba/public/. hash 0xb9bae796
[2026/05/19 08:41:42.902788, 10, pid=3900001, effective(65534, 65534), real(65534, 0)] source3/smbd/open.c:930(fd_openat)
  fd_openat: name ., flags = 04000 mode = 00, fd = 28
[2026/05/19 08:41:42.902808, 10, pid=3900001, effective(65534, 65534), real(65534, 0)] source3/smbd/files.c:531(openat_pathref_fullname)
  openat_pathref_fullname: fsp [.]: OK
[2026/05/19 08:41:42.902844, 10, pid=3900001, effective(65534, 65534), real(65534, 0)] source3/smbd/dosmode.c:692(fdos_mode)
  fdos_mode: .
[2026/05/19 08:41:42.902893,  5, pid=3900001, effective(65534, 65534), real(65534, 0)] source3/smbd/dosmode.c:391(fget_ea_dos_attribute)
  fget_ea_dos_attribute: Cannot get attribute from EA on file .: Error = No data available
[2026/05/19 08:41:42.902925,  5, pid=3900001, effective(65534, 65534), real(65534, 0)] source3/smbd/dosmode.c:68(dos_mode_debug_print)
  dos_mode_debug_print: fdos_mode returning (0x10): "d"
[2026/05/19 08:41:42.902944,  3, pid=3900001, effective(65534, 65534), real(65534, 0)] source3/smbd/dir.c:799(smbd_dirptr_get_entry)
  smbd_dirptr_get_entry: mask=[*] found . fname=. (.)
[2026/05/19 08:41:42.902965, 10, pid=3900001, effective(65534, 65534), real(65534, 0)] source3/smbd/smb2_trans2.c:1179(smbd_marshall_dir_entry)
  smbd_marshall_dir_entry: space_remaining = 16384
[2026/05/19 08:41:42.902983, 10, pid=3900001, effective(65534, 65534), real(65534, 0)] source3/smbd/smb2_trans2.c:1698(smbd_marshall_dir_entry)
  smbd_marshall_dir_entry: SMB_FIND_FILE_UNIX
[2026/05/19 08:41:42.903000, 10, pid=3900001, effective(65534, 65534), real(65534, 0)] source3/smbd/smb2_trans2.c:2779(store_file_unix_basic)
  store_file_unix_basic: SMB_QUERY_FILE_UNIX_BASIC
[2026/05/19 08:41:42.903018,  4, pid=3900001, effective(65534, 65534), real(65534, 0)] source3/smbd/smb2_trans2.c:2780(store_file_unix_basic)
  store_file_unix_basic: st_mode=40777
[2026/05/19 08:41:42.903046,  5, pid=3900001, effective(65534, 65534), real(65534, 0)] source3/smbd/files.c:1985(file_free)
  file_free: freed files structure 0 (2 used)
[2026/05/19 08:41:42.903066, 10, pid=3900001, effective(65534, 65534), real(65534, 0)] source3/smbd/dir.c:568(smbd_dirptr_get_entry)
  smbd_dirptr_get_entry: dir [.] dirptr [0x6087dc193e50] offset [2] => dname [..]
[2026/05/19 08:41:42.903088, 10, pid=3900001, effective(65534, 65534), real(65534, 0)] source3/smbd/files.c:562(openat_pathref_fsp)
  openat_pathref_fsp: smb_fname [.]
[2026/05/19 08:41:42.903107, 10, pid=3900001, effective(65534, 65534), real(65534, 0)] source3/smbd/files.c:462(openat_pathref_fullname)
  openat_pathref_fullname: smb_fname [.]
[2026/05/19 08:41:42.903126,  5, pid=3900001, effective(65534, 65534), real(65534, 0)] source3/smbd/files.c:77(fsp_new)
  fsp_new: allocated files structure (3 used)
[2026/05/19 08:41:42.903145, 10, pid=3900001, effective(65534, 65534), real(65534, 0)] source3/smbd/files.c:2198(file_name_hash)
  file_name_hash: /var/samba/public/. hash 0xb9bae796
[2026/05/19 08:41:42.903170, 10, pid=3900001, effective(65534, 65534), real(65534, 0)] source3/smbd/open.c:930(fd_openat)
  fd_openat: name ., flags = 04000 mode = 00, fd = 28
[2026/05/19 08:41:42.903190, 10, pid=3900001, effective(65534, 65534), real(65534, 0)] source3/smbd/files.c:531(openat_pathref_fullname)
  openat_pathref_fullname: fsp [.]: OK
[2026/05/19 08:41:42.903208, 10, pid=3900001, effective(65534, 65534), real(65534, 0)] source3/smbd/dosmode.c:692(fdos_mode)
  fdos_mode: .
[2026/05/19 08:41:42.903233,  5, pid=3900001, effective(65534, 65534), real(65534, 0)] source3/smbd/dosmode.c:391(fget_ea_dos_attribute)
  fget_ea_dos_attribute: Cannot get attribute from EA on file .: Error = No data available
[2026/05/19 08:41:42.903255,  5, pid=3900001, effective(65534, 65534), real(65534, 0)] source3/smbd/dosmode.c:68(dos_mode_debug_print)
  dos_mode_debug_print: fdos_mode returning (0x10): "d"
[2026/05/19 08:41:42.903273,  3, pid=3900001, effective(65534, 65534), real(65534, 0)] source3/smbd/dir.c:799(smbd_dirptr_get_entry)
  smbd_dirptr_get_entry: mask=[*] found . fname=.. (..)
[2026/05/19 08:41:42.903292, 10, pid=3900001, effective(65534, 65534), real(65534, 0)] source3/smbd/smb2_trans2.c:1179(smbd_marshall_dir_entry)
  smbd_marshall_dir_entry: space_remaining = 16272
[2026/05/19 08:41:42.903310, 10, pid=3900001, effective(65534, 65534), real(65534, 0)] source3/smbd/smb2_trans2.c:1698(smbd_marshall_dir_entry)
  smbd_marshall_dir_entry: SMB_FIND_FILE_UNIX
[2026/05/19 08:41:42.903332, 10, pid=3900001, effective(65534, 65534), real(65534, 0)] source3/smbd/smb2_trans2.c:2779(store_file_unix_basic)
  store_file_unix_basic: SMB_QUERY_FILE_UNIX_BASIC
[2026/05/19 08:41:42.903350,  4, pid=3900001, effective(65534, 65534), real(65534, 0)] source3/smbd/smb2_trans2.c:2780(store_file_unix_basic)
  store_file_unix_basic: st_mode=40777
[2026/05/19 08:41:42.903373,  5, pid=3900001, effective(65534, 65534), real(65534, 0)] source3/smbd/files.c:1985(file_free)
  file_free: freed files structure 0 (2 used)
[2026/05/19 08:41:42.903430, 10, pid=3900001, effective(65534, 65534), real(65534, 0)] source3/smbd/dir.c:568(smbd_dirptr_get_entry)
  smbd_dirptr_get_entry: dir [.] dirptr [0x6087dc193e50] offset [3] => dname [phoenix.x86_64-fnd_5.6.1_patch-aos_6.8.1_ga.iso]
[2026/05/19 08:41:42.903452, 10, pid=3900001, effective(65534, 65534), real(65534, 0)] source3/smbd/files.c:868(openat_pathref_fsp_nosymlink)
  openat_pathref_fsp_nosymlink: path_in=phoenix.x86_64-fnd_5.6.1_patch-aos_6.8.1_ga.iso
[2026/05/19 08:41:42.903471,  5, pid=3900001, effective(65534, 65534), real(65534, 0)] source3/smbd/files.c:77(fsp_new)
  fsp_new: allocated files structure (3 used)
[2026/05/19 08:41:42.903502, 10, pid=3900001, effective(65534, 65534), real(65534, 0)] source3/smbd/files.c:2198(file_name_hash)
  file_name_hash: /var/samba/public/phoenix.x86_64-fnd_5.6.1_patch-aos_6.8.1_ga.iso hash 0xf1f8e7ad
[2026/05/19 08:41:42.903526, 10, pid=3900001, effective(65534, 65534), real(65534, 0)] source3/smbd/files.c:1278(openat_pathref_fsp_nosymlink)
  openat_pathref_fsp_nosymlink: returning phoenix.x86_64-fnd_5.6.1_patch-aos_6.8.1_ga.iso
[2026/05/19 08:41:42.903545, 10, pid=3900001, effective(65534, 65534), real(65534, 0)] source3/smbd/dosmode.c:692(fdos_mode)
  fdos_mode: phoenix.x86_64-fnd_5.6.1_patch-aos_6.8.1_ga.iso
[2026/05/19 08:41:42.903595, 10, pid=3900001, effective(65534, 65534), real(65534, 0)] source3/smbd/dosmode.c:264(parse_dos_attribute_blob)
  parse_dos_attribute_blob: phoenix.x86_64-fnd_5.6.1_patch-aos_6.8.1_ga.iso attr = 
[2026/05/19 08:41:42.903615, 10, pid=3900001, effective(65534, 65534), real(65534, 0)] source3/smbd/dosmode.c:332(parse_dos_attribute_blob)
  parse_dos_attribute_blob: file [phoenix.x86_64-fnd_5.6.1_patch-aos_6.8.1_ga.iso] creation time [Wed May  6 09:02:18 PM 2026 JST]
[2026/05/19 08:41:42.903641,  5, pid=3900001, effective(65534, 65534), real(65534, 0)] source3/smbd/dosmode.c:68(dos_mode_debug_print)
  dos_mode_debug_print: parse_dos_attribute_blob returning (0x20): "a"
[2026/05/19 08:41:42.903660,  5, pid=3900001, effective(65534, 65534), real(65534, 0)] source3/smbd/dosmode.c:68(dos_mode_debug_print)
  dos_mode_debug_print: fdos_mode returning (0x20): "a"
[2026/05/19 08:41:42.903693, 10, pid=3900001, effective(65534, 65534), real(65534, 0)] source3/lib/g_lock.c:1655(g_lock_dump)
  g_lock_dump: dbwrap_parse_record returned NT_STATUS_NOT_FOUND
[2026/05/19 08:41:42.903715, 10, pid=3900001, effective(65534, 65534), real(65534, 0), class=locking] source3/locking/share_mode_lock.c:1570(fetch_share_mode_unlocked)
  fetch_share_mode_unlocked: g_lock_dump failed: NT_STATUS_NOT_FOUND
[2026/05/19 08:41:42.903735,  3, pid=3900001, effective(65534, 65534), real(65534, 0)] source3/smbd/dir.c:799(smbd_dirptr_get_entry)
  smbd_dirptr_get_entry: mask=[*] found phoenix.x86_64-fnd_5.6.1_patch-aos_6.8.1_ga.iso fname=phoenix.x86_64-fnd_5.6.1_patch-aos_6.8.1_ga.iso (phoenix.x86_64-fnd_5.6.1_patch-aos_6.8.1_ga.iso)
[2026/05/19 08:41:42.903756, 10, pid=3900001, effective(65534, 65534), real(65534, 0)] source3/smbd/smb2_trans2.c:1179(smbd_marshall_dir_entry)
  smbd_marshall_dir_entry: space_remaining = 16156
[2026/05/19 08:41:42.903773, 10, pid=3900001, effective(65534, 65534), real(65534, 0)] source3/smbd/smb2_trans2.c:1698(smbd_marshall_dir_entry)
  smbd_marshall_dir_entry: SMB_FIND_FILE_UNIX
[2026/05/19 08:41:42.903790, 10, pid=3900001, effective(65534, 65534), real(65534, 0)] source3/smbd/smb2_trans2.c:2779(store_file_unix_basic)
  store_file_unix_basic: SMB_QUERY_FILE_UNIX_BASIC
[2026/05/19 08:41:42.903812,  4, pid=3900001, effective(65534, 65534), real(65534, 0)] source3/smbd/smb2_trans2.c:2780(store_file_unix_basic)
  store_file_unix_basic: st_mode=100666
[2026/05/19 08:41:42.903847,  5, pid=3900001, effective(65534, 65534), real(65534, 0)] source3/smbd/files.c:1985(file_free)
  file_free: freed files structure 0 (2 used)
[2026/05/19 08:41:42.903881, 10, pid=3900001, effective(65534, 65534), real(65534, 0)] source3/smbd/dir.c:568(smbd_dirptr_get_entry)
  smbd_dirptr_get_entry: dir [.] dirptr [0x6087dc193e50] offset [4] => dname [mt86plus_8.00_x86_64.grub.iso.zip]
[2026/05/19 08:41:42.903903, 10, pid=3900001, effective(65534, 65534), real(65534, 0)] source3/smbd/files.c:868(openat_pathref_fsp_nosymlink)
  openat_pathref_fsp_nosymlink: path_in=mt86plus_8.00_x86_64.grub.iso.zip
[2026/05/19 08:41:42.903921,  5, pid=3900001, effective(65534, 65534), real(65534, 0)] source3/smbd/files.c:77(fsp_new)
  fsp_new: allocated files structure (3 used)
[2026/05/19 08:41:42.903949, 10, pid=3900001, effective(65534, 65534), real(65534, 0)] source3/smbd/files.c:2198(file_name_hash)
  file_name_hash: /var/samba/public/mt86plus_8.00_x86_64.grub.iso.zip hash 0xfa6c353c
[2026/05/19 08:41:42.903972, 10, pid=3900001, effective(65534, 65534), real(65534, 0)] source3/smbd/files.c:1278(openat_pathref_fsp_nosymlink)
  openat_pathref_fsp_nosymlink: returning mt86plus_8.00_x86_64.grub.iso.zip
[2026/05/19 08:41:42.903991, 10, pid=3900001, effective(65534, 65534), real(65534, 0)] source3/smbd/dosmode.c:692(fdos_mode)
  fdos_mode: mt86plus_8.00_x86_64.grub.iso.zip
[2026/05/19 08:41:42.904017,  5, pid=3900001, effective(65534, 65534), real(65534, 0)] source3/smbd/dosmode.c:391(fget_ea_dos_attribute)
  fget_ea_dos_attribute: Cannot get attribute from EA on file mt86plus_8.00_x86_64.grub.iso.zip: Error = No data available
[2026/05/19 08:41:42.904039,  5, pid=3900001, effective(65534, 65534), real(65534, 0)] source3/smbd/dosmode.c:68(dos_mode_debug_print)
  dos_mode_debug_print: fdos_mode returning (0x80): ""
[2026/05/19 08:41:42.904068, 10, pid=3900001, effective(65534, 65534), real(65534, 0)] source3/lib/g_lock.c:1655(g_lock_dump)
  g_lock_dump: dbwrap_parse_record returned NT_STATUS_NOT_FOUND
[2026/05/19 08:41:42.904087, 10, pid=3900001, effective(65534, 65534), real(65534, 0), class=locking] source3/locking/share_mode_lock.c:1570(fetch_share_mode_unlocked)
  fetch_share_mode_unlocked: g_lock_dump failed: NT_STATUS_NOT_FOUND
[2026/05/19 08:41:42.904107,  3, pid=3900001, effective(65534, 65534), real(65534, 0)] source3/smbd/dir.c:799(smbd_dirptr_get_entry)
  smbd_dirptr_get_entry: mask=[*] found mt86plus_8.00_x86_64.grub.iso.zip fname=mt86plus_8.00_x86_64.grub.iso.zip (mt86plus_8.00_x86_64.grub.iso.zip)
[2026/05/19 08:41:42.904127, 10, pid=3900001, effective(65534, 65534), real(65534, 0)] source3/smbd/smb2_trans2.c:1179(smbd_marshall_dir_entry)
  smbd_marshall_dir_entry: space_remaining = 15952
[2026/05/19 08:41:42.904144, 10, pid=3900001, effective(65534, 65534), real(65534, 0)] source3/smbd/smb2_trans2.c:1698(smbd_marshall_dir_entry)
  smbd_marshall_dir_entry: SMB_FIND_FILE_UNIX
[2026/05/19 08:41:42.904161, 10, pid=3900001, effective(65534, 65534), real(65534, 0)] source3/smbd/smb2_trans2.c:2779(store_file_unix_basic)
  store_file_unix_basic: SMB_QUERY_FILE_UNIX_BASIC
[2026/05/19 08:41:42.904178,  4, pid=3900001, effective(65534, 65534), real(65534, 0)] source3/smbd/smb2_trans2.c:2780(store_file_unix_basic)
  store_file_unix_basic: st_mode=100664
[2026/05/19 08:41:42.904202,  5, pid=3900001, effective(65534, 65534), real(65534, 0)] source3/smbd/files.c:1985(file_free)
  file_free: freed files structure 0 (2 used)
[2026/05/19 08:41:42.904222, 10, pid=3900001, effective(65534, 65534), real(65534, 0)] source3/smbd/dir.c:568(smbd_dirptr_get_entry)
  smbd_dirptr_get_entry: dir [.] dirptr [0x6087dc193e50] offset [5] => dname [debian-preseed-s13.iso]
[2026/05/19 08:41:42.904242, 10, pid=3900001, effective(65534, 65534), real(65534, 0)] source3/smbd/files.c:868(openat_pathref_fsp_nosymlink)
  openat_pathref_fsp_nosymlink: path_in=debian-preseed-s13.iso
[2026/05/19 08:41:42.904266,  5, pid=3900001, effective(65534, 65534), real(65534, 0)] source3/smbd/files.c:77(fsp_new)
  fsp_new: allocated files structure (3 used)
[2026/05/19 08:41:42.904293, 10, pid=3900001, effective(65534, 65534), real(65534, 0)] source3/smbd/files.c:2198(file_name_hash)
  file_name_hash: /var/samba/public/debian-preseed-s13.iso hash 0x6cfb843e
[2026/05/19 08:41:42.904316, 10, pid=3900001, effective(65534, 65534), real(65534, 0)] source3/smbd/files.c:1278(openat_pathref_fsp_nosymlink)
  openat_pathref_fsp_nosymlink: returning debian-preseed-s13.iso
[2026/05/19 08:41:42.904335, 10, pid=3900001, effective(65534, 65534), real(65534, 0)] source3/smbd/dosmode.c:692(fdos_mode)
  fdos_mode: debian-preseed-s13.iso
[2026/05/19 08:41:42.904360,  5, pid=3900001, effective(65534, 65534), real(65534, 0)] source3/smbd/dosmode.c:391(fget_ea_dos_attribute)
  fget_ea_dos_attribute: Cannot get attribute from EA on file debian-preseed-s13.iso: Error = No data available
[2026/05/19 08:41:42.904382,  5, pid=3900001, effective(65534, 65534), real(65534, 0)] source3/smbd/dosmode.c:68(dos_mode_debug_print)
  dos_mode_debug_print: fdos_mode returning (0x80): ""
[2026/05/19 08:41:42.904403, 10, pid=3900001, effective(65534, 65534), real(65534, 0)] source3/lib/g_lock.c:1655(g_lock_dump)
  g_lock_dump: dbwrap_parse_record returned NT_STATUS_NOT_FOUND
[2026/05/19 08:41:42.904422, 10, pid=3900001, effective(65534, 65534), real(65534, 0), class=locking] source3/locking/share_mode_lock.c:1570(fetch_share_mode_unlocked)
  fetch_share_mode_unlocked: g_lock_dump failed: NT_STATUS_NOT_FOUND
[2026/05/19 08:41:42.904442,  3, pid=3900001, effective(65534, 65534), real(65534, 0)] source3/smbd/dir.c:799(smbd_dirptr_get_entry)
  smbd_dirptr_get_entry: mask=[*] found debian-preseed-s13.iso fname=debian-preseed-s13.iso (debian-preseed-s13.iso)
[2026/05/19 08:41:42.904462, 10, pid=3900001, effective(65534, 65534), real(65534, 0)] source3/smbd/smb2_trans2.c:1179(smbd_marshall_dir_entry)
  smbd_marshall_dir_entry: space_remaining = 15776
[2026/05/19 08:41:42.904479, 10, pid=3900001, effective(65534, 65534), real(65534, 0)] source3/smbd/smb2_trans2.c:1698(smbd_marshall_dir_entry)
  smbd_marshall_dir_entry: SMB_FIND_FILE_UNIX
[2026/05/19 08:41:42.904496, 10, pid=3900001, effective(65534, 65534), real(65534, 0)] source3/smbd/smb2_trans2.c:2779(store_file_unix_basic)
  store_file_unix_basic: SMB_QUERY_FILE_UNIX_BASIC
[2026/05/19 08:41:42.904512,  4, pid=3900001, effective(65534, 65534), real(65534, 0)] source3/smbd/smb2_trans2.c:2780(store_file_unix_basic)
  store_file_unix_basic: st_mode=100644
[2026/05/19 08:41:42.904536,  5, pid=3900001, effective(65534, 65534), real(65534, 0)] source3/smbd/files.c:1985(file_free)
  file_free: freed files structure 0 (2 used)
[2026/05/19 08:41:42.904555, 10, pid=3900001, effective(65534, 65534), real(65534, 0)] source3/smbd/dir.c:568(smbd_dirptr_get_entry)
  smbd_dirptr_get_entry: dir [.] dirptr [0x6087dc193e50] offset [6] => dname [debian-preseed-s6.iso]
[2026/05/19 08:41:42.904576, 10, pid=3900001, effective(65534, 65534), real(65534, 0)] source3/smbd/files.c:868(openat_pathref_fsp_nosymlink)
  openat_pathref_fsp_nosymlink: path_in=debian-preseed-s6.iso
[2026/05/19 08:41:42.904594,  5, pid=3900001, effective(65534, 65534), real(65534, 0)] source3/smbd/files.c:77(fsp_new)
  fsp_new: allocated files structure (3 used)
[2026/05/19 08:41:42.904624, 10, pid=3900001, effective(65534, 65534), real(65534, 0)] source3/smbd/files.c:2198(file_name_hash)
  file_name_hash: /var/samba/public/debian-preseed-s6.iso hash 0x27abdd
[2026/05/19 08:41:42.904653, 10, pid=3900001, effective(65534, 65534), real(65534, 0)] source3/smbd/files.c:1278(openat_pathref_fsp_nosymlink)
  openat_pathref_fsp_nosymlink: returning debian-preseed-s6.iso
[2026/05/19 08:41:42.904674, 10, pid=3900001, effective(65534, 65534), real(65534, 0)] source3/smbd/dosmode.c:692(fdos_mode)
  fdos_mode: debian-preseed-s6.iso
[2026/05/19 08:41:42.904707,  5, pid=3900001, effective(65534, 65534), real(65534, 0)] source3/smbd/dosmode.c:391(fget_ea_dos_attribute)
  fget_ea_dos_attribute: Cannot get attribute from EA on file debian-preseed-s6.iso: Error = No data available
[2026/05/19 08:41:42.904738,  5, pid=3900001, effective(65534, 65534), real(65534, 0)] source3/smbd/dosmode.c:68(dos_mode_debug_print)
  dos_mode_debug_print: fdos_mode returning (0x80): ""
[2026/05/19 08:41:42.904761, 10, pid=3900001, effective(65534, 65534), real(65534, 0)] source3/lib/g_lock.c:1655(g_lock_dump)
  g_lock_dump: dbwrap_parse_record returned NT_STATUS_NOT_FOUND
[2026/05/19 08:41:42.904781, 10, pid=3900001, effective(65534, 65534), real(65534, 0), class=locking] source3/locking/share_mode_lock.c:1570(fetch_share_mode_unlocked)
  fetch_share_mode_unlocked: g_lock_dump failed: NT_STATUS_NOT_FOUND
[2026/05/19 08:41:42.904800,  3, pid=3900001, effective(65534, 65534), real(65534, 0)] source3/smbd/dir.c:799(smbd_dirptr_get_entry)
  smbd_dirptr_get_entry: mask=[*] found debian-preseed-s6.iso fname=debian-preseed-s6.iso (debian-preseed-s6.iso)
[2026/05/19 08:41:42.904831, 10, pid=3900001, effective(65534, 65534), real(65534, 0)] source3/smbd/smb2_trans2.c:1179(smbd_marshall_dir_entry)
  smbd_marshall_dir_entry: space_remaining = 15620
[2026/05/19 08:41:42.904849, 10, pid=3900001, effective(65534, 65534), real(65534, 0)] source3/smbd/smb2_trans2.c:1698(smbd_marshall_dir_entry)
  smbd_marshall_dir_entry: SMB_FIND_FILE_UNIX
[2026/05/19 08:41:42.904866, 10, pid=3900001, effective(65534, 65534), real(65534, 0)] source3/smbd/smb2_trans2.c:2779(store_file_unix_basic)
  store_file_unix_basic: SMB_QUERY_FILE_UNIX_BASIC
[2026/05/19 08:41:42.904902,  4, pid=3900001, effective(65534, 65534), real(65534, 0)] source3/smbd/smb2_trans2.c:2780(store_file_unix_basic)
  store_file_unix_basic: st_mode=100644
[2026/05/19 08:41:42.904928,  5, pid=3900001, effective(65534, 65534), real(65534, 0)] source3/smbd/files.c:1985(file_free)
  file_free: freed files structure 0 (2 used)
[2026/05/19 08:41:42.904948, 10, pid=3900001, effective(65534, 65534), real(65534, 0)] source3/smbd/dir.c:568(smbd_dirptr_get_entry)
  smbd_dirptr_get_entry: dir [.] dirptr [0x6087dc193e50] offset [7] => dname [debian-preseed-s7.iso.preseed-sha256]
[2026/05/19 08:41:42.904970, 10, pid=3900001, effective(65534, 65534), real(65534, 0)] source3/smbd/files.c:868(openat_pathref_fsp_nosymlink)
  openat_pathref_fsp_nosymlink: path_in=debian-preseed-s7.iso.preseed-sha256
[2026/05/19 08:41:42.904989,  5, pid=3900001, effective(65534, 65534), real(65534, 0)] source3/smbd/files.c:77(fsp_new)
  fsp_new: allocated files structure (3 used)
[2026/05/19 08:41:42.905023, 10, pid=3900001, effective(65534, 65534), real(65534, 0)] source3/smbd/files.c:2198(file_name_hash)
  file_name_hash: /var/samba/public/debian-preseed-s7.iso.preseed-sha256 hash 0x330af68a
[2026/05/19 08:41:42.905046, 10, pid=3900001, effective(65534, 65534), real(65534, 0)] source3/smbd/files.c:1278(openat_pathref_fsp_nosymlink)
  openat_pathref_fsp_nosymlink: returning debian-preseed-s7.iso.preseed-sha256
[2026/05/19 08:41:42.905065, 10, pid=3900001, effective(65534, 65534), real(65534, 0)] source3/smbd/dosmode.c:692(fdos_mode)
  fdos_mode: debian-preseed-s7.iso.preseed-sha256
[2026/05/19 08:41:42.905091,  5, pid=3900001, effective(65534, 65534), real(65534, 0)] source3/smbd/dosmode.c:391(fget_ea_dos_attribute)
  fget_ea_dos_attribute: Cannot get attribute from EA on file debian-preseed-s7.iso.preseed-sha256: Error = No data available
[2026/05/19 08:41:42.905113,  5, pid=3900001, effective(65534, 65534), real(65534, 0)] source3/smbd/dosmode.c:68(dos_mode_debug_print)
  dos_mode_debug_print: fdos_mode returning (0x80): ""
[2026/05/19 08:41:42.905143, 10, pid=3900001, effective(65534, 65534), real(65534, 0)] source3/lib/g_lock.c:1655(g_lock_dump)
  g_lock_dump: dbwrap_parse_record returned NT_STATUS_NOT_FOUND
[2026/05/19 08:41:42.905162, 10, pid=3900001, effective(65534, 65534), real(65534, 0), class=locking] source3/locking/share_mode_lock.c:1570(fetch_share_mode_unlocked)
  fetch_share_mode_unlocked: g_lock_dump failed: NT_STATUS_NOT_FOUND
[2026/05/19 08:41:42.905187,  3, pid=3900001, effective(65534, 65534), real(65534, 0)] source3/smbd/dir.c:799(smbd_dirptr_get_entry)
  smbd_dirptr_get_entry: mask=[*] found debian-preseed-s7.iso.preseed-sha256 fname=debian-preseed-s7.iso.preseed-sha256 (debian-preseed-s7.iso.preseed-sha256)
[2026/05/19 08:41:42.905208, 10, pid=3900001, effective(65534, 65534), real(65534, 0)] source3/smbd/smb2_trans2.c:1179(smbd_marshall_dir_entry)
  smbd_marshall_dir_entry: space_remaining = 15468
[2026/05/19 08:41:42.905225, 10, pid=3900001, effective(65534, 65534), real(65534, 0)] source3/smbd/smb2_trans2.c:1698(smbd_marshall_dir_entry)
  smbd_marshall_dir_entry: SMB_FIND_FILE_UNIX
[2026/05/19 08:41:42.905242, 10, pid=3900001, effective(65534, 65534), real(65534, 0)] source3/smbd/smb2_trans2.c:2779(store_file_unix_basic)
  store_file_unix_basic: SMB_QUERY_FILE_UNIX_BASIC
[2026/05/19 08:41:42.905259,  4, pid=3900001, effective(65534, 65534), real(65534, 0)] source3/smbd/smb2_trans2.c:2780(store_file_unix_basic)
  store_file_unix_basic: st_mode=100664
[2026/05/19 08:41:42.905283,  5, pid=3900001, effective(65534, 65534), real(65534, 0)] source3/smbd/files.c:1985(file_free)
  file_free: freed files structure 0 (2 used)
[2026/05/19 08:41:42.905302, 10, pid=3900001, effective(65534, 65534), real(65534, 0)] source3/smbd/dir.c:568(smbd_dirptr_get_entry)
  smbd_dirptr_get_entry: dir [.] dirptr [0x6087dc193e50] offset [8] => dname [netboot.xyz.iso]
[2026/05/19 08:41:42.905323, 10, pid=3900001, effective(65534, 65534), real(65534, 0)] source3/smbd/files.c:868(openat_pathref_fsp_nosymlink)
  openat_pathref_fsp_nosymlink: path_in=netboot.xyz.iso
[2026/05/19 08:41:42.905341,  5, pid=3900001, effective(65534, 65534), real(65534, 0)] source3/smbd/files.c:77(fsp_new)
  fsp_new: allocated files structure (3 used)
[2026/05/19 08:41:42.905368, 10, pid=3900001, effective(65534, 65534), real(65534, 0)] source3/smbd/files.c:2198(file_name_hash)
  file_name_hash: /var/samba/public/netboot.xyz.iso hash 0x961610b5
[2026/05/19 08:41:42.905391, 10, pid=3900001, effective(65534, 65534), real(65534, 0)] source3/smbd/files.c:1278(openat_pathref_fsp_nosymlink)
  openat_pathref_fsp_nosymlink: returning netboot.xyz.iso
[2026/05/19 08:41:42.905409, 10, pid=3900001, effective(65534, 65534), real(65534, 0)] source3/smbd/dosmode.c:692(fdos_mode)
  fdos_mode: netboot.xyz.iso
[2026/05/19 08:41:42.905443, 10, pid=3900001, effective(65534, 65534), real(65534, 0)] source3/smbd/dosmode.c:264(parse_dos_attribute_blob)
  parse_dos_attribute_blob: netboot.xyz.iso attr = 
[2026/05/19 08:41:42.905462, 10, pid=3900001, effective(65534, 65534), real(65534, 0)] source3/smbd/dosmode.c:332(parse_dos_attribute_blob)
  parse_dos_attribute_blob: file [netboot.xyz.iso] creation time [Mon Dec  1 02:53:52 AM 2025 JST]
[2026/05/19 08:41:42.905488,  5, pid=3900001, effective(65534, 65534), real(65534, 0)] source3/smbd/dosmode.c:68(dos_mode_debug_print)
  dos_mode_debug_print: parse_dos_attribute_blob returning (0x0): ""
[2026/05/19 08:41:42.905507,  5, pid=3900001, effective(65534, 65534), real(65534, 0)] source3/smbd/dosmode.c:68(dos_mode_debug_print)
  dos_mode_debug_print: fdos_mode returning (0x80): ""
[2026/05/19 08:41:42.905536, 10, pid=3900001, effective(65534, 65534), real(65534, 0)] source3/lib/g_lock.c:1655(g_lock_dump)
  g_lock_dump: dbwrap_parse_record returned NT_STATUS_NOT_FOUND
[2026/05/19 08:41:42.905555, 10, pid=3900001, effective(65534, 65534), real(65534, 0), class=locking] source3/locking/share_mode_lock.c:1570(fetch_share_mode_unlocked)
  fetch_share_mode_unlocked: g_lock_dump failed: NT_STATUS_NOT_FOUND
[2026/05/19 08:41:42.905575,  3, pid=3900001, effective(65534, 65534), real(65534, 0)] source3/smbd/dir.c:799(smbd_dirptr_get_entry)
  smbd_dirptr_get_entry: mask=[*] found netboot.xyz.iso fname=netboot.xyz.iso (netboot.xyz.iso)
[2026/05/19 08:41:42.905595, 10, pid=3900001, effective(65534, 65534), real(65534, 0)] source3/smbd/smb2_trans2.c:1179(smbd_marshall_dir_entry)
  smbd_marshall_dir_entry: space_remaining = 15284
[2026/05/19 08:41:42.905612, 10, pid=3900001, effective(65534, 65534), real(65534, 0)] source3/smbd/smb2_trans2.c:1698(smbd_marshall_dir_entry)
  smbd_marshall_dir_entry: SMB_FIND_FILE_UNIX
[2026/05/19 08:41:42.905634, 10, pid=3900001, effective(65534, 65534), real(65534, 0)] source3/smbd/smb2_trans2.c:2779(store_file_unix_basic)
  store_file_unix_basic: SMB_QUERY_FILE_UNIX_BASIC
[2026/05/19 08:41:42.905651,  4, pid=3900001, effective(65534, 65534), real(65534, 0)] source3/smbd/smb2_trans2.c:2780(store_file_unix_basic)
  store_file_unix_basic: st_mode=100666
[2026/05/19 08:41:42.905675,  5, pid=3900001, effective(65534, 65534), real(65534, 0)] source3/smbd/files.c:1985(file_free)
  file_free: freed files structure 0 (2 used)
[2026/05/19 08:41:42.905694, 10, pid=3900001, effective(65534, 65534), real(65534, 0)] source3/smbd/dir.c:568(smbd_dirptr_get_entry)
  smbd_dirptr_get_entry: dir [.] dirptr [0x6087dc193e50] offset [9] => dname [debian-13.3.0-amd64-netinst.iso]
[2026/05/19 08:41:42.905715, 10, pid=3900001, effective(65534, 65534), real(65534, 0)] source3/smbd/files.c:868(openat_pathref_fsp_nosymlink)
  openat_pathref_fsp_nosymlink: path_in=debian-13.3.0-amd64-netinst.iso
[2026/05/19 08:41:42.905734,  5, pid=3900001, effective(65534, 65534), real(65534, 0)] source3/smbd/files.c:77(fsp_new)
  fsp_new: allocated files structure (3 used)
[2026/05/19 08:41:42.905761, 10, pid=3900001, effective(65534, 65534), real(65534, 0)] source3/smbd/files.c:2198(file_name_hash)
  file_name_hash: /var/samba/public/debian-13.3.0-amd64-netinst.iso hash 0x620a2ea9
[2026/05/19 08:41:42.905783, 10, pid=3900001, effective(65534, 65534), real(65534, 0)] source3/smbd/files.c:1278(openat_pathref_fsp_nosymlink)
  openat_pathref_fsp_nosymlink: returning debian-13.3.0-amd64-netinst.iso
[2026/05/19 08:41:42.905802, 10, pid=3900001, effective(65534, 65534), real(65534, 0)] source3/smbd/dosmode.c:692(fdos_mode)
  fdos_mode: debian-13.3.0-amd64-netinst.iso
[2026/05/19 08:41:42.905837,  5, pid=3900001, effective(65534, 65534), real(65534, 0)] source3/smbd/dosmode.c:391(fget_ea_dos_attribute)
  fget_ea_dos_attribute: Cannot get attribute from EA on file debian-13.3.0-amd64-netinst.iso: Error = No data available
[2026/05/19 08:41:42.905858,  5, pid=3900001, effective(65534, 65534), real(65534, 0)] source3/smbd/dosmode.c:68(dos_mode_debug_print)
  dos_mode_debug_print: fdos_mode returning (0x80): ""
[2026/05/19 08:41:42.905895, 10, pid=3900001, effective(65534, 65534), real(65534, 0)] source3/lib/g_lock.c:1655(g_lock_dump)
  g_lock_dump: dbwrap_parse_record returned NT_STATUS_NOT_FOUND
[2026/05/19 08:41:42.905915, 10, pid=3900001, effective(65534, 65534), real(65534, 0), class=locking] source3/locking/share_mode_lock.c:1570(fetch_share_mode_unlocked)
  fetch_share_mode_unlocked: g_lock_dump failed: NT_STATUS_NOT_FOUND
[2026/05/19 08:41:42.905934,  3, pid=3900001, effective(65534, 65534), real(65534, 0)] source3/smbd/dir.c:799(smbd_dirptr_get_entry)
  smbd_dirptr_get_entry: mask=[*] found debian-13.3.0-amd64-netinst.iso fname=debian-13.3.0-amd64-netinst.iso (debian-13.3.0-amd64-netinst.iso)
[2026/05/19 08:41:42.905954, 10, pid=3900001, effective(65534, 65534), real(65534, 0)] source3/smbd/smb2_trans2.c:1179(smbd_marshall_dir_entry)
  smbd_marshall_dir_entry: space_remaining = 15144
[2026/05/19 08:41:42.905972, 10, pid=3900001, effective(65534, 65534), real(65534, 0)] source3/smbd/smb2_trans2.c:1698(smbd_marshall_dir_entry)
  smbd_marshall_dir_entry: SMB_FIND_FILE_UNIX
[2026/05/19 08:41:42.905988, 10, pid=3900001, effective(65534, 65534), real(65534, 0)] source3/smbd/smb2_trans2.c:2779(store_file_unix_basic)
  store_file_unix_basic: SMB_QUERY_FILE_UNIX_BASIC
[2026/05/19 08:41:42.906005,  4, pid=3900001, effective(65534, 65534), real(65534, 0)] source3/smbd/smb2_trans2.c:2780(store_file_unix_basic)
  store_file_unix_basic: st_mode=100664
[2026/05/19 08:41:42.906029,  5, pid=3900001, effective(65534, 65534), real(65534, 0)] source3/smbd/files.c:1985(file_free)
  file_free: freed files structure 0 (2 used)
[2026/05/19 08:41:42.906049, 10, pid=3900001, effective(65534, 65534), real(65534, 0)] source3/smbd/dir.c:568(smbd_dirptr_get_entry)
  smbd_dirptr_get_entry: dir [.] dirptr [0x6087dc193e50] offset [10] => dname [upload]
[2026/05/19 08:41:42.906075, 10, pid=3900001, effective(65534, 65534), real(65534, 0)] source3/smbd/files.c:868(openat_pathref_fsp_nosymlink)
  openat_pathref_fsp_nosymlink: path_in=upload
[2026/05/19 08:41:42.906093,  5, pid=3900001, effective(65534, 65534), real(65534, 0)] source3/smbd/files.c:77(fsp_new)
  fsp_new: allocated files structure (3 used)
[2026/05/19 08:41:42.906125, 10, pid=3900001, effective(65534, 65534), real(65534, 0)] source3/smbd/files.c:2198(file_name_hash)
  file_name_hash: /var/samba/public/upload hash 0xc190bf32
[2026/05/19 08:41:42.906149, 10, pid=3900001, effective(65534, 65534), real(65534, 0)] source3/smbd/files.c:1278(openat_pathref_fsp_nosymlink)
  openat_pathref_fsp_nosymlink: returning upload
[2026/05/19 08:41:42.906167, 10, pid=3900001, effective(65534, 65534), real(65534, 0)] source3/smbd/dosmode.c:692(fdos_mode)
  fdos_mode: upload
[2026/05/19 08:41:42.906198, 10, pid=3900001, effective(65534, 65534), real(65534, 0)] source3/smbd/dosmode.c:264(parse_dos_attribute_blob)
  parse_dos_attribute_blob: upload attr = 
[2026/05/19 08:41:42.906217, 10, pid=3900001, effective(65534, 65534), real(65534, 0)] source3/smbd/dosmode.c:332(parse_dos_attribute_blob)
  parse_dos_attribute_blob: file [upload] creation time [Fri May  8 01:55:12 AM 2026 JST]
[2026/05/19 08:41:42.906243,  5, pid=3900001, effective(65534, 65534), real(65534, 0)] source3/smbd/dosmode.c:68(dos_mode_debug_print)
  dos_mode_debug_print: parse_dos_attribute_blob returning (0x10): "d"
[2026/05/19 08:41:42.906262,  5, pid=3900001, effective(65534, 65534), real(65534, 0)] source3/smbd/dosmode.c:68(dos_mode_debug_print)
  dos_mode_debug_print: fdos_mode returning (0x10): "d"
[2026/05/19 08:41:42.906280,  3, pid=3900001, effective(65534, 65534), real(65534, 0)] source3/smbd/dir.c:799(smbd_dirptr_get_entry)
  smbd_dirptr_get_entry: mask=[*] found upload fname=upload (upload)
[2026/05/19 08:41:42.906300, 10, pid=3900001, effective(65534, 65534), real(65534, 0)] source3/smbd/smb2_trans2.c:1179(smbd_marshall_dir_entry)
  smbd_marshall_dir_entry: space_remaining = 14972
[2026/05/19 08:41:42.906317, 10, pid=3900001, effective(65534, 65534), real(65534, 0)] source3/smbd/smb2_trans2.c:1698(smbd_marshall_dir_entry)
  smbd_marshall_dir_entry: SMB_FIND_FILE_UNIX
[2026/05/19 08:41:42.906334, 10, pid=3900001, effective(65534, 65534), real(65534, 0)] source3/smbd/smb2_trans2.c:2779(store_file_unix_basic)
  store_file_unix_basic: SMB_QUERY_FILE_UNIX_BASIC
[2026/05/19 08:41:42.906351,  4, pid=3900001, effective(65534, 65534), real(65534, 0)] source3/smbd/smb2_trans2.c:2780(store_file_unix_basic)
  store_file_unix_basic: st_mode=40777
[2026/05/19 08:41:42.906374,  5, pid=3900001, effective(65534, 65534), real(65534, 0)] source3/smbd/files.c:1985(file_free)
  file_free: freed files structure 0 (2 used)
[2026/05/19 08:41:42.906393, 10, pid=3900001, effective(65534, 65534), real(65534, 0)] source3/smbd/dir.c:568(smbd_dirptr_get_entry)
  smbd_dirptr_get_entry: dir [.] dirptr [0x6087dc193e50] offset [11] => dname [debian-preseed-s13.iso.preseed-sha256]
[2026/05/19 08:41:42.906415, 10, pid=3900001, effective(65534, 65534), real(65534, 0)] source3/smbd/files.c:868(openat_pathref_fsp_nosymlink)
  openat_pathref_fsp_nosymlink: path_in=debian-preseed-s13.iso.preseed-sha256
[2026/05/19 08:41:42.906433,  5, pid=3900001, effective(65534, 65534), real(65534, 0)] source3/smbd/files.c:77(fsp_new)
  fsp_new: allocated files structure (3 used)
[2026/05/19 08:41:42.906460, 10, pid=3900001, effective(65534, 65534), real(65534, 0)] source3/smbd/files.c:2198(file_name_hash)
  file_name_hash: /var/samba/public/debian-preseed-s13.iso.preseed-sha256 hash 0x2727a2fa
[2026/05/19 08:41:42.906483, 10, pid=3900001, effective(65534, 65534), real(65534, 0)] source3/smbd/files.c:1278(openat_pathref_fsp_nosymlink)
  openat_pathref_fsp_nosymlink: returning debian-preseed-s13.iso.preseed-sha256
[2026/05/19 08:41:42.906502, 10, pid=3900001, effective(65534, 65534), real(65534, 0)] source3/smbd/dosmode.c:692(fdos_mode)
  fdos_mode: debian-preseed-s13.iso.preseed-sha256
[2026/05/19 08:41:42.906532,  5, pid=3900001, effective(65534, 65534), real(65534, 0)] source3/smbd/dosmode.c:391(fget_ea_dos_attribute)
  fget_ea_dos_attribute: Cannot get attribute from EA on file debian-preseed-s13.iso.preseed-sha256: Error = No data available
[2026/05/19 08:41:42.906553,  5, pid=3900001, effective(65534, 65534), real(65534, 0)] source3/smbd/dosmode.c:68(dos_mode_debug_print)
  dos_mode_debug_print: fdos_mode returning (0x80): ""
[2026/05/19 08:41:42.906574, 10, pid=3900001, effective(65534, 65534), real(65534, 0)] source3/lib/g_lock.c:1655(g_lock_dump)
  g_lock_dump: dbwrap_parse_record returned NT_STATUS_NOT_FOUND
[2026/05/19 08:41:42.906593, 10, pid=3900001, effective(65534, 65534), real(65534, 0), class=locking] source3/locking/share_mode_lock.c:1570(fetch_share_mode_unlocked)
  fetch_share_mode_unlocked: g_lock_dump failed: NT_STATUS_NOT_FOUND
[2026/05/19 08:41:42.906613,  3, pid=3900001, effective(65534, 65534), real(65534, 0)] source3/smbd/dir.c:799(smbd_dirptr_get_entry)
  smbd_dirptr_get_entry: mask=[*] found debian-preseed-s13.iso.preseed-sha256 fname=debian-preseed-s13.iso.preseed-sha256 (debian-preseed-s13.iso.preseed-sha256)
[2026/05/19 08:41:42.906633, 10, pid=3900001, effective(65534, 65534), real(65534, 0)] source3/smbd/smb2_trans2.c:1179(smbd_marshall_dir_entry)
  smbd_marshall_dir_entry: space_remaining = 14848
[2026/05/19 08:41:42.906650, 10, pid=3900001, effective(65534, 65534), real(65534, 0)] source3/smbd/smb2_trans2.c:1698(smbd_marshall_dir_entry)
  smbd_marshall_dir_entry: SMB_FIND_FILE_UNIX
[2026/05/19 08:41:42.906667, 10, pid=3900001, effective(65534, 65534), real(65534, 0)] source3/smbd/smb2_trans2.c:2779(store_file_unix_basic)
  store_file_unix_basic: SMB_QUERY_FILE_UNIX_BASIC
[2026/05/19 08:41:42.906684,  4, pid=3900001, effective(65534, 65534), real(65534, 0)] source3/smbd/smb2_trans2.c:2780(store_file_unix_basic)
  store_file_unix_basic: st_mode=100664
[2026/05/19 08:41:42.906708,  5, pid=3900001, effective(65534, 65534), real(65534, 0)] source3/smbd/files.c:1985(file_free)
  file_free: freed files structure 0 (2 used)
[2026/05/19 08:41:42.906727, 10, pid=3900001, effective(65534, 65534), real(65534, 0)] source3/smbd/dir.c:568(smbd_dirptr_get_entry)
  smbd_dirptr_get_entry: dir [.] dirptr [0x6087dc193e50] offset [12] => dname [debian-preseed-s4.iso.preseed-sha256]
[2026/05/19 08:41:42.906749, 10, pid=3900001, effective(65534, 65534), real(65534, 0)] source3/smbd/files.c:868(openat_pathref_fsp_nosymlink)
  openat_pathref_fsp_nosymlink: path_in=debian-preseed-s4.iso.preseed-sha256
[2026/05/19 08:41:42.906767,  5, pid=3900001, effective(65534, 65534), real(65534, 0)] source3/smbd/files.c:77(fsp_new)
  fsp_new: allocated files structure (3 used)
[2026/05/19 08:41:42.906794, 10, pid=3900001, effective(65534, 65534), real(65534, 0)] source3/smbd/files.c:2198(file_name_hash)
  file_name_hash: /var/samba/public/debian-preseed-s4.iso.preseed-sha256 hash 0xa75857a9
[2026/05/19 08:41:42.906824, 10, pid=3900001, effective(65534, 65534), real(65534, 0)] source3/smbd/files.c:1278(openat_pathref_fsp_nosymlink)
  openat_pathref_fsp_nosymlink: returning debian-preseed-s4.iso.preseed-sha256
[2026/05/19 08:41:42.906843, 10, pid=3900001, effective(65534, 65534), real(65534, 0)] source3/smbd/dosmode.c:692(fdos_mode)
  fdos_mode: debian-preseed-s4.iso.preseed-sha256
[2026/05/19 08:41:42.906889,  5, pid=3900001, effective(65534, 65534), real(65534, 0)] source3/smbd/dosmode.c:391(fget_ea_dos_attribute)
  fget_ea_dos_attribute: Cannot get attribute from EA on file debian-preseed-s4.iso.preseed-sha256: Error = No data available
[2026/05/19 08:41:42.906913,  5, pid=3900001, effective(65534, 65534), real(65534, 0)] source3/smbd/dosmode.c:68(dos_mode_debug_print)
  dos_mode_debug_print: fdos_mode returning (0x80): ""
[2026/05/19 08:41:42.906934, 10, pid=3900001, effective(65534, 65534), real(65534, 0)] source3/lib/g_lock.c:1655(g_lock_dump)
  g_lock_dump: dbwrap_parse_record returned NT_STATUS_NOT_FOUND
[2026/05/19 08:41:42.906963, 10, pid=3900001, effective(65534, 65534), real(65534, 0), class=locking] source3/locking/share_mode_lock.c:1570(fetch_share_mode_unlocked)
  fetch_share_mode_unlocked: g_lock_dump failed: NT_STATUS_NOT_FOUND
[2026/05/19 08:41:42.906983,  3, pid=3900001, effective(65534, 65534), real(65534, 0)] source3/smbd/dir.c:799(smbd_dirptr_get_entry)
  smbd_dirptr_get_entry: mask=[*] found debian-preseed-s4.iso.preseed-sha256 fname=debian-preseed-s4.iso.preseed-sha256 (debian-preseed-s4.iso.preseed-sha256)
[2026/05/19 08:41:42.907003, 10, pid=3900001, effective(65534, 65534), real(65534, 0)] source3/smbd/smb2_trans2.c:1179(smbd_marshall_dir_entry)
  smbd_marshall_dir_entry: space_remaining = 14664
[2026/05/19 08:41:42.907020, 10, pid=3900001, effective(65534, 65534), real(65534, 0)] source3/smbd/smb2_trans2.c:1698(smbd_marshall_dir_entry)
  smbd_marshall_dir_entry: SMB_FIND_FILE_UNIX
[2026/05/19 08:41:42.907037, 10, pid=3900001, effective(65534, 65534), real(65534, 0)] source3/smbd/smb2_trans2.c:2779(store_file_unix_basic)
  store_file_unix_basic: SMB_QUERY_FILE_UNIX_BASIC
[2026/05/19 08:41:42.907054,  4, pid=3900001, effective(65534, 65534), real(65534, 0)] source3/smbd/smb2_trans2.c:2780(store_file_unix_basic)
  store_file_unix_basic: st_mode=100664
[2026/05/19 08:41:42.907078,  5, pid=3900001, effective(65534, 65534), real(65534, 0)] source3/smbd/files.c:1985(file_free)
  file_free: freed files structure 0 (2 used)
[2026/05/19 08:41:42.907098, 10, pid=3900001, effective(65534, 65534), real(65534, 0)] source3/smbd/dir.c:568(smbd_dirptr_get_entry)
  smbd_dirptr_get_entry: dir [.] dirptr [0x6087dc193e50] offset [13] => dname [SAS-RAID_Firmware_25.5.9.0001.EXE]
[2026/05/19 08:41:42.907119, 10, pid=3900001, effective(65534, 65534), real(65534, 0)] source3/smbd/files.c:868(openat_pathref_fsp_nosymlink)
  openat_pathref_fsp_nosymlink: path_in=SAS-RAID_Firmware_25.5.9.0001.EXE
[2026/05/19 08:41:42.907137,  5, pid=3900001, effective(65534, 65534), real(65534, 0)] source3/smbd/files.c:77(fsp_new)
  fsp_new: allocated files structure (3 used)
[2026/05/19 08:41:42.907165, 10, pid=3900001, effective(65534, 65534), real(65534, 0)] source3/smbd/files.c:2198(file_name_hash)
  file_name_hash: /var/samba/public/SAS-RAID_Firmware_25.5.9.0001.EXE hash 0x5e7b360d
[2026/05/19 08:41:42.907188, 10, pid=3900001, effective(65534, 65534), real(65534, 0)] source3/smbd/files.c:1278(openat_pathref_fsp_nosymlink)
  openat_pathref_fsp_nosymlink: returning SAS-RAID_Firmware_25.5.9.0001.EXE
[2026/05/19 08:41:42.907206, 10, pid=3900001, effective(65534, 65534), real(65534, 0)] source3/smbd/dosmode.c:692(fdos_mode)
  fdos_mode: SAS-RAID_Firmware_25.5.9.0001.EXE
[2026/05/19 08:41:42.907232,  5, pid=3900001, effective(65534, 65534), real(65534, 0)] source3/smbd/dosmode.c:391(fget_ea_dos_attribute)
  fget_ea_dos_attribute: Cannot get attribute from EA on file SAS-RAID_Firmware_25.5.9.0001.EXE: Error = No data available
[2026/05/19 08:41:42.907259,  5, pid=3900001, effective(65534, 65534), real(65534, 0)] source3/smbd/dosmode.c:68(dos_mode_debug_print)
  dos_mode_debug_print: fdos_mode returning (0x80): ""
[2026/05/19 08:41:42.907280, 10, pid=3900001, effective(65534, 65534), real(65534, 0)] source3/lib/g_lock.c:1655(g_lock_dump)
  g_lock_dump: dbwrap_parse_record returned NT_STATUS_NOT_FOUND
[2026/05/19 08:41:42.907299, 10, pid=3900001, effective(65534, 65534), real(65534, 0), class=locking] source3/locking/share_mode_lock.c:1570(fetch_share_mode_unlocked)
  fetch_share_mode_unlocked: g_lock_dump failed: NT_STATUS_NOT_FOUND
[2026/05/19 08:41:42.907318,  3, pid=3900001, effective(65534, 65534), real(65534, 0)] source3/smbd/dir.c:799(smbd_dirptr_get_entry)
  smbd_dirptr_get_entry: mask=[*] found SAS-RAID_Firmware_25.5.9.0001.EXE fname=SAS-RAID_Firmware_25.5.9.0001.EXE (SAS-RAID_Firmware_25.5.9.0001.EXE)
[2026/05/19 08:41:42.907338, 10, pid=3900001, effective(65534, 65534), real(65534, 0)] source3/smbd/smb2_trans2.c:1179(smbd_marshall_dir_entry)
  smbd_marshall_dir_entry: space_remaining = 14480
[2026/05/19 08:41:42.907356, 10, pid=3900001, effective(65534, 65534), real(65534, 0)] source3/smbd/smb2_trans2.c:1698(smbd_marshall_dir_entry)
  smbd_marshall_dir_entry: SMB_FIND_FILE_UNIX
[2026/05/19 08:41:42.907377, 10, pid=3900001, effective(65534, 65534), real(65534, 0)] source3/smbd/smb2_trans2.c:2779(store_file_unix_basic)
  store_file_unix_basic: SMB_QUERY_FILE_UNIX_BASIC
[2026/05/19 08:41:42.907394,  4, pid=3900001, effective(65534, 65534), real(65534, 0)] source3/smbd/smb2_trans2.c:2780(store_file_unix_basic)
  store_file_unix_basic: st_mode=100664
[2026/05/19 08:41:42.907418,  5, pid=3900001, effective(65534, 65534), real(65534, 0)] source3/smbd/files.c:1985(file_free)
  file_free: freed files structure 0 (2 used)
[2026/05/19 08:41:42.907438, 10, pid=3900001, effective(65534, 65534), real(65534, 0)] source3/smbd/dir.c:568(smbd_dirptr_get_entry)
  smbd_dirptr_get_entry: dir [.] dirptr [0x6087dc193e50] offset [14] => dname [debian-preseed-s9.iso.preseed-sha256]
[2026/05/19 08:41:42.907459, 10, pid=3900001, effective(65534, 65534), real(65534, 0)] source3/smbd/files.c:868(openat_pathref_fsp_nosymlink)
  openat_pathref_fsp_nosymlink: path_in=debian-preseed-s9.iso.preseed-sha256
[2026/05/19 08:41:42.907477,  5, pid=3900001, effective(65534, 65534), real(65534, 0)] source3/smbd/files.c:77(fsp_new)
  fsp_new: allocated files structure (3 used)
[2026/05/19 08:41:42.907503, 10, pid=3900001, effective(65534, 65534), real(65534, 0)] source3/smbd/files.c:2198(file_name_hash)
  file_name_hash: /var/samba/public/debian-preseed-s9.iso.preseed-sha256 hash 0x363e65ee
[2026/05/19 08:41:42.907526, 10, pid=3900001, effective(65534, 65534), real(65534, 0)] source3/smbd/files.c:1278(openat_pathref_fsp_nosymlink)
  openat_pathref_fsp_nosymlink: returning debian-preseed-s9.iso.preseed-sha256
[2026/05/19 08:41:42.907545, 10, pid=3900001, effective(65534, 65534), real(65534, 0)] source3/smbd/dosmode.c:692(fdos_mode)
  fdos_mode: debian-preseed-s9.iso.preseed-sha256
[2026/05/19 08:41:42.907570,  5, pid=3900001, effective(65534, 65534), real(65534, 0)] source3/smbd/dosmode.c:391(fget_ea_dos_attribute)
  fget_ea_dos_attribute: Cannot get attribute from EA on file debian-preseed-s9.iso.preseed-sha256: Error = No data available
[2026/05/19 08:41:42.907591,  5, pid=3900001, effective(65534, 65534), real(65534, 0)] source3/smbd/dosmode.c:68(dos_mode_debug_print)
  dos_mode_debug_print: fdos_mode returning (0x80): ""
[2026/05/19 08:41:42.907612, 10, pid=3900001, effective(65534, 65534), real(65534, 0)] source3/lib/g_lock.c:1655(g_lock_dump)
  g_lock_dump: dbwrap_parse_record returned NT_STATUS_NOT_FOUND
[2026/05/19 08:41:42.907631, 10, pid=3900001, effective(65534, 65534), real(65534, 0), class=locking] source3/locking/share_mode_lock.c:1570(fetch_share_mode_unlocked)
  fetch_share_mode_unlocked: g_lock_dump failed: NT_STATUS_NOT_FOUND
[2026/05/19 08:41:42.907651,  3, pid=3900001, effective(65534, 65534), real(65534, 0)] source3/smbd/dir.c:799(smbd_dirptr_get_entry)
  smbd_dirptr_get_entry: mask=[*] found debian-preseed-s9.iso.preseed-sha256 fname=debian-preseed-s9.iso.preseed-sha256 (debian-preseed-s9.iso.preseed-sha256)
[2026/05/19 08:41:42.907671, 10, pid=3900001, effective(65534, 65534), real(65534, 0)] source3/smbd/smb2_trans2.c:1179(smbd_marshall_dir_entry)
  smbd_marshall_dir_entry: space_remaining = 14304
[2026/05/19 08:41:42.907688, 10, pid=3900001, effective(65534, 65534), real(65534, 0)] source3/smbd/smb2_trans2.c:1698(smbd_marshall_dir_entry)
  smbd_marshall_dir_entry: SMB_FIND_FILE_UNIX
[2026/05/19 08:41:42.907705, 10, pid=3900001, effective(65534, 65534), real(65534, 0)] source3/smbd/smb2_trans2.c:2779(store_file_unix_basic)
  store_file_unix_basic: SMB_QUERY_FILE_UNIX_BASIC
[2026/05/19 08:41:42.907722,  4, pid=3900001, effective(65534, 65534), real(65534, 0)] source3/smbd/smb2_trans2.c:2780(store_file_unix_basic)
  store_file_unix_basic: st_mode=100664
[2026/05/19 08:41:42.907745,  5, pid=3900001, effective(65534, 65534), real(65534, 0)] source3/smbd/files.c:1985(file_free)
  file_free: freed files structure 0 (2 used)
[2026/05/19 08:41:42.907765, 10, pid=3900001, effective(65534, 65534), real(65534, 0)] source3/smbd/dir.c:568(smbd_dirptr_get_entry)
  smbd_dirptr_get_entry: dir [.] dirptr [0x6087dc193e50] offset [15] => dname [debian-preseed-s9.iso]
[2026/05/19 08:41:42.907791, 10, pid=3900001, effective(65534, 65534), real(65534, 0)] source3/smbd/files.c:868(openat_pathref_fsp_nosymlink)
  openat_pathref_fsp_nosymlink: path_in=debian-preseed-s9.iso
[2026/05/19 08:41:42.907810,  5, pid=3900001, effective(65534, 65534), real(65534, 0)] source3/smbd/files.c:77(fsp_new)
  fsp_new: allocated files structure (3 used)
[2026/05/19 08:41:42.907845, 10, pid=3900001, effective(65534, 65534), real(65534, 0)] source3/smbd/files.c:2198(file_name_hash)
  file_name_hash: /var/samba/public/debian-preseed-s9.iso hash 0x38ceefc8
[2026/05/19 08:41:42.907880, 10, pid=3900001, effective(65534, 65534), real(65534, 0)] source3/smbd/files.c:1278(openat_pathref_fsp_nosymlink)
  openat_pathref_fsp_nosymlink: returning debian-preseed-s9.iso
[2026/05/19 08:41:42.907901, 10, pid=3900001, effective(65534, 65534), real(65534, 0)] source3/smbd/dosmode.c:692(fdos_mode)
  fdos_mode: debian-preseed-s9.iso
[2026/05/19 08:41:42.907927,  5, pid=3900001, effective(65534, 65534), real(65534, 0)] source3/smbd/dosmode.c:391(fget_ea_dos_attribute)
  fget_ea_dos_attribute: Cannot get attribute from EA on file debian-preseed-s9.iso: Error = No data available
[2026/05/19 08:41:42.907948,  5, pid=3900001, effective(65534, 65534), real(65534, 0)] source3/smbd/dosmode.c:68(dos_mode_debug_print)
  dos_mode_debug_print: fdos_mode returning (0x80): ""
[2026/05/19 08:41:42.907969, 10, pid=3900001, effective(65534, 65534), real(65534, 0)] source3/lib/g_lock.c:1655(g_lock_dump)
  g_lock_dump: dbwrap_parse_record returned NT_STATUS_NOT_FOUND
[2026/05/19 08:41:42.907988, 10, pid=3900001, effective(65534, 65534), real(65534, 0), class=locking] source3/locking/share_mode_lock.c:1570(fetch_share_mode_unlocked)
  fetch_share_mode_unlocked: g_lock_dump failed: NT_STATUS_NOT_FOUND
[2026/05/19 08:41:42.908007,  3, pid=3900001, effective(65534, 65534), real(65534, 0)] source3/smbd/dir.c:799(smbd_dirptr_get_entry)
  smbd_dirptr_get_entry: mask=[*] found debian-preseed-s9.iso fname=debian-preseed-s9.iso (debian-preseed-s9.iso)
[2026/05/19 08:41:42.908027, 10, pid=3900001, effective(65534, 65534), real(65534, 0)] source3/smbd/smb2_trans2.c:1179(smbd_marshall_dir_entry)
  smbd_marshall_dir_entry: space_remaining = 14120
[2026/05/19 08:41:42.908044, 10, pid=3900001, effective(65534, 65534), real(65534, 0)] source3/smbd/smb2_trans2.c:1698(smbd_marshall_dir_entry)
  smbd_marshall_dir_entry: SMB_FIND_FILE_UNIX
[2026/05/19 08:41:42.908061, 10, pid=3900001, effective(65534, 65534), real(65534, 0)] source3/smbd/smb2_trans2.c:2779(store_file_unix_basic)
  store_file_unix_basic: SMB_QUERY_FILE_UNIX_BASIC
[2026/05/19 08:41:42.908078,  4, pid=3900001, effective(65534, 65534), real(65534, 0)] source3/smbd/smb2_trans2.c:2780(store_file_unix_basic)
  store_file_unix_basic: st_mode=100644
[2026/05/19 08:41:42.908101,  5, pid=3900001, effective(65534, 65534), real(65534, 0)] source3/smbd/files.c:1985(file_free)
  file_free: freed files structure 0 (2 used)
[2026/05/19 08:41:42.908121, 10, pid=3900001, effective(65534, 65534), real(65534, 0)] source3/smbd/dir.c:568(smbd_dirptr_get_entry)
  smbd_dirptr_get_entry: dir [.] dirptr [0x6087dc193e50] offset [16] => dname [debian-preseed-s14.iso.preseed-sha256]
[2026/05/19 08:41:42.908142, 10, pid=3900001, effective(65534, 65534), real(65534, 0)] source3/smbd/files.c:868(openat_pathref_fsp_nosymlink)
  openat_pathref_fsp_nosymlink: path_in=debian-preseed-s14.iso.preseed-sha256
[2026/05/19 08:41:42.908160,  5, pid=3900001, effective(65534, 65534), real(65534, 0)] source3/smbd/files.c:77(fsp_new)
  fsp_new: allocated files structure (3 used)
[2026/05/19 08:41:42.908187, 10, pid=3900001, effective(65534, 65534), real(65534, 0)] source3/smbd/files.c:2198(file_name_hash)
  file_name_hash: /var/samba/public/debian-preseed-s14.iso.preseed-sha256 hash 0x37d712b1
[2026/05/19 08:41:42.908210, 10, pid=3900001, effective(65534, 65534), real(65534, 0)] source3/smbd/files.c:1278(openat_pathref_fsp_nosymlink)
  openat_pathref_fsp_nosymlink: returning debian-preseed-s14.iso.preseed-sha256
[2026/05/19 08:41:42.908308, 10, pid=3900001, effective(65534, 65534), real(65534, 0)] source3/smbd/dosmode.c:692(fdos_mode)
  fdos_mode: debian-preseed-s14.iso.preseed-sha256
[2026/05/19 08:41:42.908335,  5, pid=3900001, effective(65534, 65534), real(65534, 0)] source3/smbd/dosmode.c:391(fget_ea_dos_attribute)
  fget_ea_dos_attribute: Cannot get attribute from EA on file debian-preseed-s14.iso.preseed-sha256: Error = No data available
[2026/05/19 08:41:42.908356,  5, pid=3900001, effective(65534, 65534), real(65534, 0)] source3/smbd/dosmode.c:68(dos_mode_debug_print)
  dos_mode_debug_print: fdos_mode returning (0x80): ""
[2026/05/19 08:41:42.908377, 10, pid=3900001, effective(65534, 65534), real(65534, 0)] source3/lib/g_lock.c:1655(g_lock_dump)
  g_lock_dump: dbwrap_parse_record returned NT_STATUS_NOT_FOUND
[2026/05/19 08:41:42.908396, 10, pid=3900001, effective(65534, 65534), real(65534, 0), class=locking] source3/locking/share_mode_lock.c:1570(fetch_share_mode_unlocked)
  fetch_share_mode_unlocked: g_lock_dump failed: NT_STATUS_NOT_FOUND
[2026/05/19 08:41:42.908416,  3, pid=3900001, effective(65534, 65534), real(65534, 0)] source3/smbd/dir.c:799(smbd_dirptr_get_entry)
  smbd_dirptr_get_entry: mask=[*] found debian-preseed-s14.iso.preseed-sha256 fname=debian-preseed-s14.iso.preseed-sha256 (debian-preseed-s14.iso.preseed-sha256)
[2026/05/19 08:41:42.908436, 10, pid=3900001, effective(65534, 65534), real(65534, 0)] source3/smbd/smb2_trans2.c:1179(smbd_marshall_dir_entry)
  smbd_marshall_dir_entry: space_remaining = 13968
[2026/05/19 08:41:42.908454, 10, pid=3900001, effective(65534, 65534), real(65534, 0)] source3/smbd/smb2_trans2.c:1698(smbd_marshall_dir_entry)
  smbd_marshall_dir_entry: SMB_FIND_FILE_UNIX
[2026/05/19 08:41:42.908471, 10, pid=3900001, effective(65534, 65534), real(65534, 0)] source3/smbd/smb2_trans2.c:2779(store_file_unix_basic)
  store_file_unix_basic: SMB_QUERY_FILE_UNIX_BASIC
[2026/05/19 08:41:42.908487,  4, pid=3900001, effective(65534, 65534), real(65534, 0)] source3/smbd/smb2_trans2.c:2780(store_file_unix_basic)
  store_file_unix_basic: st_mode=100664
[2026/05/19 08:41:42.908511,  5, pid=3900001, effective(65534, 65534), real(65534, 0)] source3/smbd/files.c:1985(file_free)
  file_free: freed files structure 0 (2 used)
[2026/05/19 08:41:42.908531, 10, pid=3900001, effective(65534, 65534), real(65534, 0)] source3/smbd/dir.c:568(smbd_dirptr_get_entry)
  smbd_dirptr_get_entry: dir [.] dirptr [0x6087dc193e50] offset [17] => dname [debian-preseed-s14.iso]
[2026/05/19 08:41:42.908552, 10, pid=3900001, effective(65534, 65534), real(65534, 0)] source3/smbd/files.c:868(openat_pathref_fsp_nosymlink)
  openat_pathref_fsp_nosymlink: path_in=debian-preseed-s14.iso
[2026/05/19 08:41:42.908571,  5, pid=3900001, effective(65534, 65534), real(65534, 0)] source3/smbd/files.c:77(fsp_new)
  fsp_new: allocated files structure (3 used)
[2026/05/19 08:41:42.908597, 10, pid=3900001, effective(65534, 65534), real(65534, 0)] source3/smbd/files.c:2198(file_name_hash)
  file_name_hash: /var/samba/public/debian-preseed-s14.iso hash 0x92c779a4
[2026/05/19 08:41:42.908620, 10, pid=3900001, effective(65534, 65534), real(65534, 0)] source3/smbd/files.c:1278(openat_pathref_fsp_nosymlink)
  openat_pathref_fsp_nosymlink: returning debian-preseed-s14.iso
[2026/05/19 08:41:42.908639, 10, pid=3900001, effective(65534, 65534), real(65534, 0)] source3/smbd/dosmode.c:692(fdos_mode)
  fdos_mode: debian-preseed-s14.iso
[2026/05/19 08:41:42.908664,  5, pid=3900001, effective(65534, 65534), real(65534, 0)] source3/smbd/dosmode.c:391(fget_ea_dos_attribute)
  fget_ea_dos_attribute: Cannot get attribute from EA on file debian-preseed-s14.iso: Error = No data available
[2026/05/19 08:41:42.908685,  5, pid=3900001, effective(65534, 65534), real(65534, 0)] source3/smbd/dosmode.c:68(dos_mode_debug_print)
  dos_mode_debug_print: fdos_mode returning (0x80): ""
[2026/05/19 08:41:42.908706, 10, pid=3900001, effective(65534, 65534), real(65534, 0)] source3/lib/g_lock.c:1655(g_lock_dump)
  g_lock_dump: dbwrap_parse_record returned NT_STATUS_NOT_FOUND
[2026/05/19 08:41:42.908730, 10, pid=3900001, effective(65534, 65534), real(65534, 0), class=locking] source3/locking/share_mode_lock.c:1570(fetch_share_mode_unlocked)
  fetch_share_mode_unlocked: g_lock_dump failed: NT_STATUS_NOT_FOUND
[2026/05/19 08:41:42.908750,  3, pid=3900001, effective(65534, 65534), real(65534, 0)] source3/smbd/dir.c:799(smbd_dirptr_get_entry)
  smbd_dirptr_get_entry: mask=[*] found debian-preseed-s14.iso fname=debian-preseed-s14.iso (debian-preseed-s14.iso)
[2026/05/19 08:41:42.908770, 10, pid=3900001, effective(65534, 65534), real(65534, 0)] source3/smbd/smb2_trans2.c:1179(smbd_marshall_dir_entry)
  smbd_marshall_dir_entry: space_remaining = 13784
[2026/05/19 08:41:42.908788, 10, pid=3900001, effective(65534, 65534), real(65534, 0)] source3/smbd/smb2_trans2.c:1698(smbd_marshall_dir_entry)
  smbd_marshall_dir_entry: SMB_FIND_FILE_UNIX
[2026/05/19 08:41:42.908805, 10, pid=3900001, effective(65534, 65534), real(65534, 0)] source3/smbd/smb2_trans2.c:2779(store_file_unix_basic)
  store_file_unix_basic: SMB_QUERY_FILE_UNIX_BASIC
[2026/05/19 08:41:42.908833,  4, pid=3900001, effective(65534, 65534), real(65534, 0)] source3/smbd/smb2_trans2.c:2780(store_file_unix_basic)
  store_file_unix_basic: st_mode=100644
[2026/05/19 08:41:42.908856,  5, pid=3900001, effective(65534, 65534), real(65534, 0)] source3/smbd/files.c:1985(file_free)
  file_free: freed files structure 0 (2 used)
[2026/05/19 08:41:42.908890, 10, pid=3900001, effective(65534, 65534), real(65534, 0)] source3/smbd/dir.c:568(smbd_dirptr_get_entry)
  smbd_dirptr_get_entry: dir [.] dirptr [0x6087dc193e50] offset [18] => dname [image]
[2026/05/19 08:41:42.908911, 10, pid=3900001, effective(65534, 65534), real(65534, 0)] source3/smbd/files.c:868(openat_pathref_fsp_nosymlink)
  openat_pathref_fsp_nosymlink: path_in=image
[2026/05/19 08:41:42.908930,  5, pid=3900001, effective(65534, 65534), real(65534, 0)] source3/smbd/files.c:77(fsp_new)
  fsp_new: allocated files structure (3 used)
[2026/05/19 08:41:42.908962, 10, pid=3900001, effective(65534, 65534), real(65534, 0)] source3/smbd/files.c:2198(file_name_hash)
  file_name_hash: /var/samba/public/image hash 0xeaa40387
[2026/05/19 08:41:42.908985, 10, pid=3900001, effective(65534, 65534), real(65534, 0)] source3/smbd/files.c:1278(openat_pathref_fsp_nosymlink)
  openat_pathref_fsp_nosymlink: returning image
[2026/05/19 08:41:42.909004, 10, pid=3900001, effective(65534, 65534), real(65534, 0)] source3/smbd/dosmode.c:692(fdos_mode)
  fdos_mode: image
[2026/05/19 08:41:42.909042, 10, pid=3900001, effective(65534, 65534), real(65534, 0)] source3/smbd/dosmode.c:264(parse_dos_attribute_blob)
  parse_dos_attribute_blob: image attr = 
[2026/05/19 08:41:42.909062, 10, pid=3900001, effective(65534, 65534), real(65534, 0)] source3/smbd/dosmode.c:332(parse_dos_attribute_blob)
  parse_dos_attribute_blob: file [image] creation time [Thu May  7 11:58:24 PM 2026 JST]
[2026/05/19 08:41:42.909088,  5, pid=3900001, effective(65534, 65534), real(65534, 0)] source3/smbd/dosmode.c:68(dos_mode_debug_print)
  dos_mode_debug_print: parse_dos_attribute_blob returning (0x10): "d"
[2026/05/19 08:41:42.909107,  5, pid=3900001, effective(65534, 65534), real(65534, 0)] source3/smbd/dosmode.c:68(dos_mode_debug_print)
  dos_mode_debug_print: fdos_mode returning (0x10): "d"
[2026/05/19 08:41:42.909125,  3, pid=3900001, effective(65534, 65534), real(65534, 0)] source3/smbd/dir.c:799(smbd_dirptr_get_entry)
  smbd_dirptr_get_entry: mask=[*] found image fname=image (image)
[2026/05/19 08:41:42.909145, 10, pid=3900001, effective(65534, 65534), real(65534, 0)] source3/smbd/smb2_trans2.c:1179(smbd_marshall_dir_entry)
  smbd_marshall_dir_entry: space_remaining = 13628
[2026/05/19 08:41:42.909162, 10, pid=3900001, effective(65534, 65534), real(65534, 0)] source3/smbd/smb2_trans2.c:1698(smbd_marshall_dir_entry)
  smbd_marshall_dir_entry: SMB_FIND_FILE_UNIX
[2026/05/19 08:41:42.909179, 10, pid=3900001, effective(65534, 65534), real(65534, 0)] source3/smbd/smb2_trans2.c:2779(store_file_unix_basic)
  store_file_unix_basic: SMB_QUERY_FILE_UNIX_BASIC
[2026/05/19 08:41:42.909201,  4, pid=3900001, effective(65534, 65534), real(65534, 0)] source3/smbd/smb2_trans2.c:2780(store_file_unix_basic)
  store_file_unix_basic: st_mode=40777
[2026/05/19 08:41:42.909225,  5, pid=3900001, effective(65534, 65534), real(65534, 0)] source3/smbd/files.c:1985(file_free)
  file_free: freed files structure 0 (2 used)
[2026/05/19 08:41:42.909245, 10, pid=3900001, effective(65534, 65534), real(65534, 0)] source3/smbd/dir.c:568(smbd_dirptr_get_entry)
  smbd_dirptr_get_entry: dir [.] dirptr [0x6087dc193e50] offset [19] => dname [debian-preseed-s8.iso]
[2026/05/19 08:41:42.909265, 10, pid=3900001, effective(65534, 65534), real(65534, 0)] source3/smbd/files.c:868(openat_pathref_fsp_nosymlink)
  openat_pathref_fsp_nosymlink: path_in=debian-preseed-s8.iso
[2026/05/19 08:41:42.909284,  5, pid=3900001, effective(65534, 65534), real(65534, 0)] source3/smbd/files.c:77(fsp_new)
  fsp_new: allocated files structure (3 used)
[2026/05/19 08:41:42.909310, 10, pid=3900001, effective(65534, 65534), real(65534, 0)] source3/smbd/files.c:2198(file_name_hash)
  file_name_hash: /var/samba/public/debian-preseed-s8.iso hash 0x44dcc5
[2026/05/19 08:41:42.909333, 10, pid=3900001, effective(65534, 65534), real(65534, 0)] source3/smbd/files.c:1278(openat_pathref_fsp_nosymlink)
  openat_pathref_fsp_nosymlink: returning debian-preseed-s8.iso
[2026/05/19 08:41:42.909352, 10, pid=3900001, effective(65534, 65534), real(65534, 0)] source3/smbd/dosmode.c:692(fdos_mode)
  fdos_mode: debian-preseed-s8.iso
[2026/05/19 08:41:42.909377,  5, pid=3900001, effective(65534, 65534), real(65534, 0)] source3/smbd/dosmode.c:391(fget_ea_dos_attribute)
  fget_ea_dos_attribute: Cannot get attribute from EA on file debian-preseed-s8.iso: Error = No data available
[2026/05/19 08:41:42.909398,  5, pid=3900001, effective(65534, 65534), real(65534, 0)] source3/smbd/dosmode.c:68(dos_mode_debug_print)
  dos_mode_debug_print: fdos_mode returning (0x80): ""
[2026/05/19 08:41:42.909420, 10, pid=3900001, effective(65534, 65534), real(65534, 0)] source3/lib/g_lock.c:1655(g_lock_dump)
  g_lock_dump: dbwrap_parse_record returned NT_STATUS_NOT_FOUND
[2026/05/19 08:41:42.909439, 10, pid=3900001, effective(65534, 65534), real(65534, 0), class=locking] source3/locking/share_mode_lock.c:1570(fetch_share_mode_unlocked)
  fetch_share_mode_unlocked: g_lock_dump failed: NT_STATUS_NOT_FOUND
[2026/05/19 08:41:42.909458,  3, pid=3900001, effective(65534, 65534), real(65534, 0)] source3/smbd/dir.c:799(smbd_dirptr_get_entry)
  smbd_dirptr_get_entry: mask=[*] found debian-preseed-s8.iso fname=debian-preseed-s8.iso (debian-preseed-s8.iso)
[2026/05/19 08:41:42.909478, 10, pid=3900001, effective(65534, 65534), real(65534, 0)] source3/smbd/smb2_trans2.c:1179(smbd_marshall_dir_entry)
  smbd_marshall_dir_entry: space_remaining = 13508
[2026/05/19 08:41:42.909496, 10, pid=3900001, effective(65534, 65534), real(65534, 0)] source3/smbd/smb2_trans2.c:1698(smbd_marshall_dir_entry)
  smbd_marshall_dir_entry: SMB_FIND_FILE_UNIX
[2026/05/19 08:41:42.909513, 10, pid=3900001, effective(65534, 65534), real(65534, 0)] source3/smbd/smb2_trans2.c:2779(store_file_unix_basic)
  store_file_unix_basic: SMB_QUERY_FILE_UNIX_BASIC
[2026/05/19 08:41:42.909530,  4, pid=3900001, effective(65534, 65534), real(65534, 0)] source3/smbd/smb2_trans2.c:2780(store_file_unix_basic)
  store_file_unix_basic: st_mode=100644
[2026/05/19 08:41:42.909553,  5, pid=3900001, effective(65534, 65534), real(65534, 0)] source3/smbd/files.c:1985(file_free)
  file_free: freed files structure 0 (2 used)
[2026/05/19 08:41:42.909573, 10, pid=3900001, effective(65534, 65534), real(65534, 0)] source3/smbd/dir.c:568(smbd_dirptr_get_entry)
  smbd_dirptr_get_entry: dir [.] dirptr [0x6087dc193e50] offset [20] => dname [debian-training-tx1320-raid10.iso]
[2026/05/19 08:41:42.909594, 10, pid=3900001, effective(65534, 65534), real(65534, 0)] source3/smbd/files.c:868(openat_pathref_fsp_nosymlink)
  openat_pathref_fsp_nosymlink: path_in=debian-training-tx1320-raid10.iso
[2026/05/19 08:41:42.909617,  5, pid=3900001, effective(65534, 65534), real(65534, 0)] source3/smbd/files.c:77(fsp_new)
  fsp_new: allocated files structure (3 used)
[2026/05/19 08:41:42.909644, 10, pid=3900001, effective(65534, 65534), real(65534, 0)] source3/smbd/files.c:2198(file_name_hash)
  file_name_hash: /var/samba/public/debian-training-tx1320-raid10.iso hash 0x2dee4f28
[2026/05/19 08:41:42.909667, 10, pid=3900001, effective(65534, 65534), real(65534, 0)] source3/smbd/files.c:1278(openat_pathref_fsp_nosymlink)
  openat_pathref_fsp_nosymlink: returning debian-training-tx1320-raid10.iso
[2026/05/19 08:41:42.909685, 10, pid=3900001, effective(65534, 65534), real(65534, 0)] source3/smbd/dosmode.c:692(fdos_mode)
  fdos_mode: debian-training-tx1320-raid10.iso
[2026/05/19 08:41:42.909710,  5, pid=3900001, effective(65534, 65534), real(65534, 0)] source3/smbd/dosmode.c:391(fget_ea_dos_attribute)
  fget_ea_dos_attribute: Cannot get attribute from EA on file debian-training-tx1320-raid10.iso: Error = No data available
[2026/05/19 08:41:42.909731,  5, pid=3900001, effective(65534, 65534), real(65534, 0)] source3/smbd/dosmode.c:68(dos_mode_debug_print)
  dos_mode_debug_print: fdos_mode returning (0x80): ""
[2026/05/19 08:41:42.909752, 10, pid=3900001, effective(65534, 65534), real(65534, 0)] source3/lib/g_lock.c:1655(g_lock_dump)
  g_lock_dump: dbwrap_parse_record returned NT_STATUS_NOT_FOUND
[2026/05/19 08:41:42.909771, 10, pid=3900001, effective(65534, 65534), real(65534, 0), class=locking] source3/locking/share_mode_lock.c:1570(fetch_share_mode_unlocked)
  fetch_share_mode_unlocked: g_lock_dump failed: NT_STATUS_NOT_FOUND
[2026/05/19 08:41:42.909790,  3, pid=3900001, effective(65534, 65534), real(65534, 0)] source3/smbd/dir.c:799(smbd_dirptr_get_entry)
  smbd_dirptr_get_entry: mask=[*] found debian-training-tx1320-raid10.iso fname=debian-training-tx1320-raid10.iso (debian-training-tx1320-raid10.iso)
[2026/05/19 08:41:42.909811, 10, pid=3900001, effective(65534, 65534), real(65534, 0)] source3/smbd/smb2_trans2.c:1179(smbd_marshall_dir_entry)
  smbd_marshall_dir_entry: space_remaining = 13356
[2026/05/19 08:41:42.909845, 10, pid=3900001, effective(65534, 65534), real(65534, 0)] source3/smbd/smb2_trans2.c:1698(smbd_marshall_dir_entry)
  smbd_marshall_dir_entry: SMB_FIND_FILE_UNIX
[2026/05/19 08:41:42.909862, 10, pid=3900001, effective(65534, 65534), real(65534, 0)] source3/smbd/smb2_trans2.c:2779(store_file_unix_basic)
  store_file_unix_basic: SMB_QUERY_FILE_UNIX_BASIC
[2026/05/19 08:41:42.909894,  4, pid=3900001, effective(65534, 65534), real(65534, 0)] source3/smbd/smb2_trans2.c:2780(store_file_unix_basic)
  store_file_unix_basic: st_mode=100644
[2026/05/19 08:41:42.909918,  5, pid=3900001, effective(65534, 65534), real(65534, 0)] source3/smbd/files.c:1985(file_free)
  file_free: freed files structure 0 (2 used)
[2026/05/19 08:41:42.909938, 10, pid=3900001, effective(65534, 65534), real(65534, 0)] source3/smbd/dir.c:568(smbd_dirptr_get_entry)
  smbd_dirptr_get_entry: dir [.] dirptr [0x6087dc193e50] offset [21] => dname [debian-12.9.0-amd64-netinst.iso]
[2026/05/19 08:41:42.909958, 10, pid=3900001, effective(65534, 65534), real(65534, 0)] source3/smbd/files.c:868(openat_pathref_fsp_nosymlink)
  openat_pathref_fsp_nosymlink: path_in=debian-12.9.0-amd64-netinst.iso
[2026/05/19 08:41:42.909977,  5, pid=3900001, effective(65534, 65534), real(65534, 0)] source3/smbd/files.c:77(fsp_new)
  fsp_new: allocated files structure (3 used)
[2026/05/19 08:41:42.910004, 10, pid=3900001, effective(65534, 65534), real(65534, 0)] source3/smbd/files.c:2198(file_name_hash)
  file_name_hash: /var/samba/public/debian-12.9.0-amd64-netinst.iso hash 0x6bd22ea3
[2026/05/19 08:41:42.910026, 10, pid=3900001, effective(65534, 65534), real(65534, 0)] source3/smbd/files.c:1278(openat_pathref_fsp_nosymlink)
  openat_pathref_fsp_nosymlink: returning debian-12.9.0-amd64-netinst.iso
[2026/05/19 08:41:42.910045, 10, pid=3900001, effective(65534, 65534), real(65534, 0)] source3/smbd/dosmode.c:692(fdos_mode)
  fdos_mode: debian-12.9.0-amd64-netinst.iso
[2026/05/19 08:41:42.910076,  5, pid=3900001, effective(65534, 65534), real(65534, 0)] source3/smbd/dosmode.c:391(fget_ea_dos_attribute)
  fget_ea_dos_attribute: Cannot get attribute from EA on file debian-12.9.0-amd64-netinst.iso: Error = No data available
[2026/05/19 08:41:42.910098,  5, pid=3900001, effective(65534, 65534), real(65534, 0)] source3/smbd/dosmode.c:68(dos_mode_debug_print)
  dos_mode_debug_print: fdos_mode returning (0x80): ""
[2026/05/19 08:41:42.910119, 10, pid=3900001, effective(65534, 65534), real(65534, 0)] source3/lib/g_lock.c:1655(g_lock_dump)
  g_lock_dump: dbwrap_parse_record returned NT_STATUS_NOT_FOUND
[2026/05/19 08:41:42.910138, 10, pid=3900001, effective(65534, 65534), real(65534, 0), class=locking] source3/locking/share_mode_lock.c:1570(fetch_share_mode_unlocked)
  fetch_share_mode_unlocked: g_lock_dump failed: NT_STATUS_NOT_FOUND
[2026/05/19 08:41:42.910157,  3, pid=3900001, effective(65534, 65534), real(65534, 0)] source3/smbd/dir.c:799(smbd_dirptr_get_entry)
  smbd_dirptr_get_entry: mask=[*] found debian-12.9.0-amd64-netinst.iso fname=debian-12.9.0-amd64-netinst.iso (debian-12.9.0-amd64-netinst.iso)
[2026/05/19 08:41:42.910177, 10, pid=3900001, effective(65534, 65534), real(65534, 0)] source3/smbd/smb2_trans2.c:1179(smbd_marshall_dir_entry)
  smbd_marshall_dir_entry: space_remaining = 13180
[2026/05/19 08:41:42.910195, 10, pid=3900001, effective(65534, 65534), real(65534, 0)] source3/smbd/smb2_trans2.c:1698(smbd_marshall_dir_entry)
  smbd_marshall_dir_entry: SMB_FIND_FILE_UNIX
[2026/05/19 08:41:42.910212, 10, pid=3900001, effective(65534, 65534), real(65534, 0)] source3/smbd/smb2_trans2.c:2779(store_file_unix_basic)
  store_file_unix_basic: SMB_QUERY_FILE_UNIX_BASIC
[2026/05/19 08:41:42.910228,  4, pid=3900001, effective(65534, 65534), real(65534, 0)] source3/smbd/smb2_trans2.c:2780(store_file_unix_basic)
  store_file_unix_basic: st_mode=100664
[2026/05/19 08:41:42.910252,  5, pid=3900001, effective(65534, 65534), real(65534, 0)] source3/smbd/files.c:1985(file_free)
  file_free: freed files structure 0 (2 used)
[2026/05/19 08:41:42.910271, 10, pid=3900001, effective(65534, 65534), real(65534, 0)] source3/smbd/dir.c:568(smbd_dirptr_get_entry)
  smbd_dirptr_get_entry: dir [.] dirptr [0x6087dc193e50] offset [22] => dname [ubuntu-24.04.3-live-server-amd64.iso]
[2026/05/19 08:41:42.910292, 10, pid=3900001, effective(65534, 65534), real(65534, 0)] source3/smbd/files.c:868(openat_pathref_fsp_nosymlink)
  openat_pathref_fsp_nosymlink: path_in=ubuntu-24.04.3-live-server-amd64.iso
[2026/05/19 08:41:42.910311,  5, pid=3900001, effective(65534, 65534), real(65534, 0)] source3/smbd/files.c:77(fsp_new)
  fsp_new: allocated files structure (3 used)
[2026/05/19 08:41:42.910343, 10, pid=3900001, effective(65534, 65534), real(65534, 0)] source3/smbd/files.c:2198(file_name_hash)
  file_name_hash: /var/samba/public/ubuntu-24.04.3-live-server-amd64.iso hash 0x6d305bfa
[2026/05/19 08:41:42.910366, 10, pid=3900001, effective(65534, 65534), real(65534, 0)] source3/smbd/files.c:1278(openat_pathref_fsp_nosymlink)
  openat_pathref_fsp_nosymlink: returning ubuntu-24.04.3-live-server-amd64.iso
[2026/05/19 08:41:42.910385, 10, pid=3900001, effective(65534, 65534), real(65534, 0)] source3/smbd/dosmode.c:692(fdos_mode)
  fdos_mode: ubuntu-24.04.3-live-server-amd64.iso
[2026/05/19 08:41:42.910410,  5, pid=3900001, effective(65534, 65534), real(65534, 0)] source3/smbd/dosmode.c:391(fget_ea_dos_attribute)
  fget_ea_dos_attribute: Cannot get attribute from EA on file ubuntu-24.04.3-live-server-amd64.iso: Error = No data available
[2026/05/19 08:41:42.910431,  5, pid=3900001, effective(65534, 65534), real(65534, 0)] source3/smbd/dosmode.c:68(dos_mode_debug_print)
  dos_mode_debug_print: fdos_mode returning (0x80): ""
[2026/05/19 08:41:42.910452, 10, pid=3900001, effective(65534, 65534), real(65534, 0)] source3/lib/g_lock.c:1655(g_lock_dump)
  g_lock_dump: dbwrap_parse_record returned NT_STATUS_NOT_FOUND
[2026/05/19 08:41:42.910471, 10, pid=3900001, effective(65534, 65534), real(65534, 0), class=locking] source3/locking/share_mode_lock.c:1570(fetch_share_mode_unlocked)
  fetch_share_mode_unlocked: g_lock_dump failed: NT_STATUS_NOT_FOUND
[2026/05/19 08:41:42.910496,  3, pid=3900001, effective(65534, 65534), real(65534, 0)] source3/smbd/dir.c:799(smbd_dirptr_get_entry)
  smbd_dirptr_get_entry: mask=[*] found ubuntu-24.04.3-live-server-amd64.iso fname=ubuntu-24.04.3-live-server-amd64.iso (ubuntu-24.04.3-live-server-amd64.iso)
[2026/05/19 08:41:42.910516, 10, pid=3900001, effective(65534, 65534), real(65534, 0)] source3/smbd/smb2_trans2.c:1179(smbd_marshall_dir_entry)
  smbd_marshall_dir_entry: space_remaining = 13008
[2026/05/19 08:41:42.910534, 10, pid=3900001, effective(65534, 65534), real(65534, 0)] source3/smbd/smb2_trans2.c:1698(smbd_marshall_dir_entry)
  smbd_marshall_dir_entry: SMB_FIND_FILE_UNIX
[2026/05/19 08:41:42.910551, 10, pid=3900001, effective(65534, 65534), real(65534, 0)] source3/smbd/smb2_trans2.c:2779(store_file_unix_basic)
  store_file_unix_basic: SMB_QUERY_FILE_UNIX_BASIC
[2026/05/19 08:41:42.910568,  4, pid=3900001, effective(65534, 65534), real(65534, 0)] source3/smbd/smb2_trans2.c:2780(store_file_unix_basic)
  store_file_unix_basic: st_mode=100664
[2026/05/19 08:41:42.910591,  5, pid=3900001, effective(65534, 65534), real(65534, 0)] source3/smbd/files.c:1985(file_free)
  file_free: freed files structure 0 (2 used)
[2026/05/19 08:41:42.910611, 10, pid=3900001, effective(65534, 65534), real(65534, 0)] source3/smbd/dir.c:568(smbd_dirptr_get_entry)
  smbd_dirptr_get_entry: dir [.] dirptr [0x6087dc193e50] offset [23] => dname [storcli64.deb]
[2026/05/19 08:41:42.910631, 10, pid=3900001, effective(65534, 65534), real(65534, 0)] source3/smbd/files.c:868(openat_pathref_fsp_nosymlink)
  openat_pathref_fsp_nosymlink: path_in=storcli64.deb
[2026/05/19 08:41:42.910650,  5, pid=3900001, effective(65534, 65534), real(65534, 0)] source3/smbd/files.c:77(fsp_new)
  fsp_new: allocated files structure (3 used)
[2026/05/19 08:41:42.910676, 10, pid=3900001, effective(65534, 65534), real(65534, 0)] source3/smbd/files.c:2198(file_name_hash)
  file_name_hash: /var/samba/public/storcli64.deb hash 0x74359eb
[2026/05/19 08:41:42.910700, 10, pid=3900001, effective(65534, 65534), real(65534, 0)] source3/smbd/files.c:1278(openat_pathref_fsp_nosymlink)
  openat_pathref_fsp_nosymlink: returning storcli64.deb
[2026/05/19 08:41:42.910718, 10, pid=3900001, effective(65534, 65534), real(65534, 0)] source3/smbd/dosmode.c:692(fdos_mode)
  fdos_mode: storcli64.deb
[2026/05/19 08:41:42.910743,  5, pid=3900001, effective(65534, 65534), real(65534, 0)] source3/smbd/dosmode.c:391(fget_ea_dos_attribute)
  fget_ea_dos_attribute: Cannot get attribute from EA on file storcli64.deb: Error = No data available
[2026/05/19 08:41:42.910764,  5, pid=3900001, effective(65534, 65534), real(65534, 0)] source3/smbd/dosmode.c:68(dos_mode_debug_print)
  dos_mode_debug_print: fdos_mode returning (0x80): ""
[2026/05/19 08:41:42.910785, 10, pid=3900001, effective(65534, 65534), real(65534, 0)] source3/lib/g_lock.c:1655(g_lock_dump)
  g_lock_dump: dbwrap_parse_record returned NT_STATUS_NOT_FOUND
[2026/05/19 08:41:42.910804, 10, pid=3900001, effective(65534, 65534), real(65534, 0), class=locking] source3/locking/share_mode_lock.c:1570(fetch_share_mode_unlocked)
  fetch_share_mode_unlocked: g_lock_dump failed: NT_STATUS_NOT_FOUND
[2026/05/19 08:41:42.910832,  3, pid=3900001, effective(65534, 65534), real(65534, 0)] source3/smbd/dir.c:799(smbd_dirptr_get_entry)
  smbd_dirptr_get_entry: mask=[*] found storcli64.deb fname=storcli64.deb (storcli64.deb)
[2026/05/19 08:41:42.910852, 10, pid=3900001, effective(65534, 65534), real(65534, 0)] source3/smbd/smb2_trans2.c:1179(smbd_marshall_dir_entry)
  smbd_marshall_dir_entry: space_remaining = 12824
[2026/05/19 08:41:42.910886, 10, pid=3900001, effective(65534, 65534), real(65534, 0)] source3/smbd/smb2_trans2.c:1698(smbd_marshall_dir_entry)
  smbd_marshall_dir_entry: SMB_FIND_FILE_UNIX
[2026/05/19 08:41:42.910904, 10, pid=3900001, effective(65534, 65534), real(65534, 0)] source3/smbd/smb2_trans2.c:2779(store_file_unix_basic)
  store_file_unix_basic: SMB_QUERY_FILE_UNIX_BASIC
[2026/05/19 08:41:42.910926,  4, pid=3900001, effective(65534, 65534), real(65534, 0)] source3/smbd/smb2_trans2.c:2780(store_file_unix_basic)
  store_file_unix_basic: st_mode=100644
[2026/05/19 08:41:42.910950,  5, pid=3900001, effective(65534, 65534), real(65534, 0)] source3/smbd/files.c:1985(file_free)
  file_free: freed files structure 0 (2 used)
[2026/05/19 08:41:42.910970, 10, pid=3900001, effective(65534, 65534), real(65534, 0)] source3/smbd/dir.c:568(smbd_dirptr_get_entry)
  smbd_dirptr_get_entry: dir [.] dirptr [0x6087dc193e50] offset [24] => dname [debian-preseed-s11.iso]
[2026/05/19 08:41:42.910990, 10, pid=3900001, effective(65534, 65534), real(65534, 0)] source3/smbd/files.c:868(openat_pathref_fsp_nosymlink)
  openat_pathref_fsp_nosymlink: path_in=debian-preseed-s11.iso
[2026/05/19 08:41:42.911009,  5, pid=3900001, effective(65534, 65534), real(65534, 0)] source3/smbd/files.c:77(fsp_new)
  fsp_new: allocated files structure (3 used)
[2026/05/19 08:41:42.911035, 10, pid=3900001, effective(65534, 65534), real(65534, 0)] source3/smbd/files.c:2198(file_name_hash)
  file_name_hash: /var/samba/public/debian-preseed-s11.iso hash 0x2a838926
[2026/05/19 08:41:42.911058, 10, pid=3900001, effective(65534, 65534), real(65534, 0)] source3/smbd/files.c:1278(openat_pathref_fsp_nosymlink)
  openat_pathref_fsp_nosymlink: returning debian-preseed-s11.iso
[2026/05/19 08:41:42.911077, 10, pid=3900001, effective(65534, 65534), real(65534, 0)] source3/smbd/dosmode.c:692(fdos_mode)
  fdos_mode: debian-preseed-s11.iso
[2026/05/19 08:41:42.911102,  5, pid=3900001, effective(65534, 65534), real(65534, 0)] source3/smbd/dosmode.c:391(fget_ea_dos_attribute)
  fget_ea_dos_attribute: Cannot get attribute from EA on file debian-preseed-s11.iso: Error = No data available
[2026/05/19 08:41:42.911124,  5, pid=3900001, effective(65534, 65534), real(65534, 0)] source3/smbd/dosmode.c:68(dos_mode_debug_print)
  dos_mode_debug_print: fdos_mode returning (0x80): ""
[2026/05/19 08:41:42.911145, 10, pid=3900001, effective(65534, 65534), real(65534, 0)] source3/lib/g_lock.c:1655(g_lock_dump)
  g_lock_dump: dbwrap_parse_record returned NT_STATUS_NOT_FOUND
[2026/05/19 08:41:42.911164, 10, pid=3900001, effective(65534, 65534), real(65534, 0), class=locking] source3/locking/share_mode_lock.c:1570(fetch_share_mode_unlocked)
  fetch_share_mode_unlocked: g_lock_dump failed: NT_STATUS_NOT_FOUND
[2026/05/19 08:41:42.911183,  3, pid=3900001, effective(65534, 65534), real(65534, 0)] source3/smbd/dir.c:799(smbd_dirptr_get_entry)
  smbd_dirptr_get_entry: mask=[*] found debian-preseed-s11.iso fname=debian-preseed-s11.iso (debian-preseed-s11.iso)
[2026/05/19 08:41:42.911203, 10, pid=3900001, effective(65534, 65534), real(65534, 0)] source3/smbd/smb2_trans2.c:1179(smbd_marshall_dir_entry)
  smbd_marshall_dir_entry: space_remaining = 12688
[2026/05/19 08:41:42.911221, 10, pid=3900001, effective(65534, 65534), real(65534, 0)] source3/smbd/smb2_trans2.c:1698(smbd_marshall_dir_entry)
  smbd_marshall_dir_entry: SMB_FIND_FILE_UNIX
[2026/05/19 08:41:42.911238, 10, pid=3900001, effective(65534, 65534), real(65534, 0)] source3/smbd/smb2_trans2.c:2779(store_file_unix_basic)
  store_file_unix_basic: SMB_QUERY_FILE_UNIX_BASIC
[2026/05/19 08:41:42.911255,  4, pid=3900001, effective(65534, 65534), real(65534, 0)] source3/smbd/smb2_trans2.c:2780(store_file_unix_basic)
  store_file_unix_basic: st_mode=100644
[2026/05/19 08:41:42.911278,  5, pid=3900001, effective(65534, 65534), real(65534, 0)] source3/smbd/files.c:1985(file_free)
  file_free: freed files structure 0 (2 used)
[2026/05/19 08:41:42.911298, 10, pid=3900001, effective(65534, 65534), real(65534, 0)] source3/smbd/dir.c:568(smbd_dirptr_get_entry)
  smbd_dirptr_get_entry: dir [.] dirptr [0x6087dc193e50] offset [25] => dname [debian-preseed-s8.iso.preseed-sha256]
[2026/05/19 08:41:42.911319, 10, pid=3900001, effective(65534, 65534), real(65534, 0)] source3/smbd/files.c:868(openat_pathref_fsp_nosymlink)
  openat_pathref_fsp_nosymlink: path_in=debian-preseed-s8.iso.preseed-sha256
[2026/05/19 08:41:42.911342,  5, pid=3900001, effective(65534, 65534), real(65534, 0)] source3/smbd/files.c:77(fsp_new)
  fsp_new: allocated files structure (3 used)
[2026/05/19 08:41:42.911369, 10, pid=3900001, effective(65534, 65534), real(65534, 0)] source3/smbd/files.c:2198(file_name_hash)
  file_name_hash: /var/samba/public/debian-preseed-s8.iso.preseed-sha256 hash 0xa6b14c01
[2026/05/19 08:41:42.911391, 10, pid=3900001, effective(65534, 65534), real(65534, 0)] source3/smbd/files.c:1278(openat_pathref_fsp_nosymlink)
  openat_pathref_fsp_nosymlink: returning debian-preseed-s8.iso.preseed-sha256
[2026/05/19 08:41:42.911410, 10, pid=3900001, effective(65534, 65534), real(65534, 0)] source3/smbd/dosmode.c:692(fdos_mode)
  fdos_mode: debian-preseed-s8.iso.preseed-sha256
[2026/05/19 08:41:42.911435,  5, pid=3900001, effective(65534, 65534), real(65534, 0)] source3/smbd/dosmode.c:391(fget_ea_dos_attribute)
  fget_ea_dos_attribute: Cannot get attribute from EA on file debian-preseed-s8.iso.preseed-sha256: Error = No data available
[2026/05/19 08:41:42.911456,  5, pid=3900001, effective(65534, 65534), real(65534, 0)] source3/smbd/dosmode.c:68(dos_mode_debug_print)
  dos_mode_debug_print: fdos_mode returning (0x80): ""
[2026/05/19 08:41:42.911477, 10, pid=3900001, effective(65534, 65534), real(65534, 0)] source3/lib/g_lock.c:1655(g_lock_dump)
  g_lock_dump: dbwrap_parse_record returned NT_STATUS_NOT_FOUND
[2026/05/19 08:41:42.911496, 10, pid=3900001, effective(65534, 65534), real(65534, 0), class=locking] source3/locking/share_mode_lock.c:1570(fetch_share_mode_unlocked)
  fetch_share_mode_unlocked: g_lock_dump failed: NT_STATUS_NOT_FOUND
[2026/05/19 08:41:42.911515,  3, pid=3900001, effective(65534, 65534), real(65534, 0)] source3/smbd/dir.c:799(smbd_dirptr_get_entry)
  smbd_dirptr_get_entry: mask=[*] found debian-preseed-s8.iso.preseed-sha256 fname=debian-preseed-s8.iso.preseed-sha256 (debian-preseed-s8.iso.preseed-sha256)
[2026/05/19 08:41:42.911536, 10, pid=3900001, effective(65534, 65534), real(65534, 0)] source3/smbd/smb2_trans2.c:1179(smbd_marshall_dir_entry)
  smbd_marshall_dir_entry: space_remaining = 12532
[2026/05/19 08:41:42.911553, 10, pid=3900001, effective(65534, 65534), real(65534, 0)] source3/smbd/smb2_trans2.c:1698(smbd_marshall_dir_entry)
  smbd_marshall_dir_entry: SMB_FIND_FILE_UNIX
[2026/05/19 08:41:42.911570, 10, pid=3900001, effective(65534, 65534), real(65534, 0)] source3/smbd/smb2_trans2.c:2779(store_file_unix_basic)
  store_file_unix_basic: SMB_QUERY_FILE_UNIX_BASIC
[2026/05/19 08:41:42.911587,  4, pid=3900001, effective(65534, 65534), real(65534, 0)] source3/smbd/smb2_trans2.c:2780(store_file_unix_basic)
  store_file_unix_basic: st_mode=100664
[2026/05/19 08:41:42.911610,  5, pid=3900001, effective(65534, 65534), real(65534, 0)] source3/smbd/files.c:1985(file_free)
  file_free: freed files structure 0 (2 used)
[2026/05/19 08:41:42.911630, 10, pid=3900001, effective(65534, 65534), real(65534, 0)] source3/smbd/dir.c:568(smbd_dirptr_get_entry)
  smbd_dirptr_get_entry: dir [.] dirptr [0x6087dc193e50] offset [26] => dname [debian-preseed.iso]
[2026/05/19 08:41:42.911650, 10, pid=3900001, effective(65534, 65534), real(65534, 0)] source3/smbd/files.c:868(openat_pathref_fsp_nosymlink)
  openat_pathref_fsp_nosymlink: path_in=debian-preseed.iso
[2026/05/19 08:41:42.911668,  5, pid=3900001, effective(65534, 65534), real(65534, 0)] source3/smbd/files.c:77(fsp_new)
  fsp_new: allocated files structure (3 used)
[2026/05/19 08:41:42.911694, 10, pid=3900001, effective(65534, 65534), real(65534, 0)] source3/smbd/files.c:2198(file_name_hash)
  file_name_hash: /var/samba/public/debian-preseed.iso hash 0x8e771944
[2026/05/19 08:41:42.911717, 10, pid=3900001, effective(65534, 65534), real(65534, 0)] source3/smbd/files.c:1278(openat_pathref_fsp_nosymlink)
  openat_pathref_fsp_nosymlink: returning debian-preseed.iso
[2026/05/19 08:41:42.911735, 10, pid=3900001, effective(65534, 65534), real(65534, 0)] source3/smbd/dosmode.c:692(fdos_mode)
  fdos_mode: debian-preseed.iso
[2026/05/19 08:41:42.911774,  5, pid=3900001, effective(65534, 65534), real(65534, 0)] source3/smbd/dosmode.c:391(fget_ea_dos_attribute)
  fget_ea_dos_attribute: Cannot get attribute from EA on file debian-preseed.iso: Error = No data available
[2026/05/19 08:41:42.911795,  5, pid=3900001, effective(65534, 65534), real(65534, 0)] source3/smbd/dosmode.c:68(dos_mode_debug_print)
  dos_mode_debug_print: fdos_mode returning (0x80): ""
[2026/05/19 08:41:42.911828, 10, pid=3900001, effective(65534, 65534), real(65534, 0)] source3/lib/g_lock.c:1655(g_lock_dump)
  g_lock_dump: dbwrap_parse_record returned NT_STATUS_NOT_FOUND
[2026/05/19 08:41:42.911848, 10, pid=3900001, effective(65534, 65534), real(65534, 0), class=locking] source3/locking/share_mode_lock.c:1570(fetch_share_mode_unlocked)
  fetch_share_mode_unlocked: g_lock_dump failed: NT_STATUS_NOT_FOUND
[2026/05/19 08:41:42.911877,  3, pid=3900001, effective(65534, 65534), real(65534, 0)] source3/smbd/dir.c:799(smbd_dirptr_get_entry)
  smbd_dirptr_get_entry: mask=[*] found debian-preseed.iso fname=debian-preseed.iso (debian-preseed.iso)
[2026/05/19 08:41:42.911900, 10, pid=3900001, effective(65534, 65534), real(65534, 0)] source3/smbd/smb2_trans2.c:1179(smbd_marshall_dir_entry)
  smbd_marshall_dir_entry: space_remaining = 12348
[2026/05/19 08:41:42.911918, 10, pid=3900001, effective(65534, 65534), real(65534, 0)] source3/smbd/smb2_trans2.c:1698(smbd_marshall_dir_entry)
  smbd_marshall_dir_entry: SMB_FIND_FILE_UNIX
[2026/05/19 08:41:42.911935, 10, pid=3900001, effective(65534, 65534), real(65534, 0)] source3/smbd/smb2_trans2.c:2779(store_file_unix_basic)
  store_file_unix_basic: SMB_QUERY_FILE_UNIX_BASIC
[2026/05/19 08:41:42.911952,  4, pid=3900001, effective(65534, 65534), real(65534, 0)] source3/smbd/smb2_trans2.c:2780(store_file_unix_basic)
  store_file_unix_basic: st_mode=100644
[2026/05/19 08:41:42.911975,  5, pid=3900001, effective(65534, 65534), real(65534, 0)] source3/smbd/files.c:1985(file_free)
  file_free: freed files structure 0 (2 used)
[2026/05/19 08:41:42.911995, 10, pid=3900001, effective(65534, 65534), real(65534, 0)] source3/smbd/dir.c:568(smbd_dirptr_get_entry)
  smbd_dirptr_get_entry: dir [.] dirptr [0x6087dc193e50] offset [27] => dname [debian-preseed-s6b.iso]
[2026/05/19 08:41:42.912015, 10, pid=3900001, effective(65534, 65534), real(65534, 0)] source3/smbd/files.c:868(openat_pathref_fsp_nosymlink)
  openat_pathref_fsp_nosymlink: path_in=debian-preseed-s6b.iso
[2026/05/19 08:41:42.912034,  5, pid=3900001, effective(65534, 65534), real(65534, 0)] source3/smbd/files.c:77(fsp_new)
  fsp_new: allocated files structure (3 used)
[2026/05/19 08:41:42.912060, 10, pid=3900001, effective(65534, 65534), real(65534, 0)] source3/smbd/files.c:2198(file_name_hash)
  file_name_hash: /var/samba/public/debian-preseed-s6b.iso hash 0x8208fe0f
[2026/05/19 08:41:42.912083, 10, pid=3900001, effective(65534, 65534), real(65534, 0)] source3/smbd/files.c:1278(openat_pathref_fsp_nosymlink)
  openat_pathref_fsp_nosymlink: returning debian-preseed-s6b.iso
[2026/05/19 08:41:42.912101, 10, pid=3900001, effective(65534, 65534), real(65534, 0)] source3/smbd/dosmode.c:692(fdos_mode)
  fdos_mode: debian-preseed-s6b.iso
[2026/05/19 08:41:42.912126,  5, pid=3900001, effective(65534, 65534), real(65534, 0)] source3/smbd/dosmode.c:391(fget_ea_dos_attribute)
  fget_ea_dos_attribute: Cannot get attribute from EA on file debian-preseed-s6b.iso: Error = No data available
[2026/05/19 08:41:42.912147,  5, pid=3900001, effective(65534, 65534), real(65534, 0)] source3/smbd/dosmode.c:68(dos_mode_debug_print)
  dos_mode_debug_print: fdos_mode returning (0x80): ""
[2026/05/19 08:41:42.912168, 10, pid=3900001, effective(65534, 65534), real(65534, 0)] source3/lib/g_lock.c:1655(g_lock_dump)
  g_lock_dump: dbwrap_parse_record returned NT_STATUS_NOT_FOUND
[2026/05/19 08:41:42.912187, 10, pid=3900001, effective(65534, 65534), real(65534, 0), class=locking] source3/locking/share_mode_lock.c:1570(fetch_share_mode_unlocked)
  fetch_share_mode_unlocked: g_lock_dump failed: NT_STATUS_NOT_FOUND
[2026/05/19 08:41:42.912206,  3, pid=3900001, effective(65534, 65534), real(65534, 0)] source3/smbd/dir.c:799(smbd_dirptr_get_entry)
  smbd_dirptr_get_entry: mask=[*] found debian-preseed-s6b.iso fname=debian-preseed-s6b.iso (debian-preseed-s6b.iso)
[2026/05/19 08:41:42.912232, 10, pid=3900001, effective(65534, 65534), real(65534, 0)] source3/smbd/smb2_trans2.c:1179(smbd_marshall_dir_entry)
  smbd_marshall_dir_entry: space_remaining = 12200
[2026/05/19 08:41:42.912249, 10, pid=3900001, effective(65534, 65534), real(65534, 0)] source3/smbd/smb2_trans2.c:1698(smbd_marshall_dir_entry)
  smbd_marshall_dir_entry: SMB_FIND_FILE_UNIX
[2026/05/19 08:41:42.912266, 10, pid=3900001, effective(65534, 65534), real(65534, 0)] source3/smbd/smb2_trans2.c:2779(store_file_unix_basic)
  store_file_unix_basic: SMB_QUERY_FILE_UNIX_BASIC
[2026/05/19 08:41:42.912283,  4, pid=3900001, effective(65534, 65534), real(65534, 0)] source3/smbd/smb2_trans2.c:2780(store_file_unix_basic)
  store_file_unix_basic: st_mode=100644
[2026/05/19 08:41:42.912306,  5, pid=3900001, effective(65534, 65534), real(65534, 0)] source3/smbd/files.c:1985(file_free)
  file_free: freed files structure 0 (2 used)
[2026/05/19 08:41:42.912326, 10, pid=3900001, effective(65534, 65534), real(65534, 0)] source3/smbd/dir.c:568(smbd_dirptr_get_entry)
  smbd_dirptr_get_entry: dir [.] dirptr [0x6087dc193e50] offset [28] => dname [iDRAC_2.85.85.85_firmimg.d7]
[2026/05/19 08:41:42.912347, 10, pid=3900001, effective(65534, 65534), real(65534, 0)] source3/smbd/files.c:868(openat_pathref_fsp_nosymlink)
  openat_pathref_fsp_nosymlink: path_in=iDRAC_2.85.85.85_firmimg.d7
[2026/05/19 08:41:42.912365,  5, pid=3900001, effective(65534, 65534), real(65534, 0)] source3/smbd/files.c:77(fsp_new)
  fsp_new: allocated files structure (3 used)
[2026/05/19 08:41:42.912392, 10, pid=3900001, effective(65534, 65534), real(65534, 0)] source3/smbd/files.c:2198(file_name_hash)
  file_name_hash: /var/samba/public/iDRAC_2.85.85.85_firmimg.d7 hash 0x96b7f512
[2026/05/19 08:41:42.912415, 10, pid=3900001, effective(65534, 65534), real(65534, 0)] source3/smbd/files.c:1278(openat_pathref_fsp_nosymlink)
  openat_pathref_fsp_nosymlink: returning iDRAC_2.85.85.85_firmimg.d7
[2026/05/19 08:41:42.912433, 10, pid=3900001, effective(65534, 65534), real(65534, 0)] source3/smbd/dosmode.c:692(fdos_mode)
  fdos_mode: iDRAC_2.85.85.85_firmimg.d7
[2026/05/19 08:41:42.912458,  5, pid=3900001, effective(65534, 65534), real(65534, 0)] source3/smbd/dosmode.c:391(fget_ea_dos_attribute)
  fget_ea_dos_attribute: Cannot get attribute from EA on file iDRAC_2.85.85.85_firmimg.d7: Error = No data available
[2026/05/19 08:41:42.912479,  5, pid=3900001, effective(65534, 65534), real(65534, 0)] source3/smbd/dosmode.c:68(dos_mode_debug_print)
  dos_mode_debug_print: fdos_mode returning (0x80): ""
[2026/05/19 08:41:42.912500, 10, pid=3900001, effective(65534, 65534), real(65534, 0)] source3/lib/g_lock.c:1655(g_lock_dump)
  g_lock_dump: dbwrap_parse_record returned NT_STATUS_NOT_FOUND
[2026/05/19 08:41:42.912519, 10, pid=3900001, effective(65534, 65534), real(65534, 0), class=locking] source3/locking/share_mode_lock.c:1570(fetch_share_mode_unlocked)
  fetch_share_mode_unlocked: g_lock_dump failed: NT_STATUS_NOT_FOUND
[2026/05/19 08:41:42.912538,  3, pid=3900001, effective(65534, 65534), real(65534, 0)] source3/smbd/dir.c:799(smbd_dirptr_get_entry)
  smbd_dirptr_get_entry: mask=[*] found iDRAC_2.85.85.85_firmimg.d7 fname=iDRAC_2.85.85.85_firmimg.d7 (iDRAC_2.85.85.85_firmimg.d7)
[2026/05/19 08:41:42.912558, 10, pid=3900001, effective(65534, 65534), real(65534, 0)] source3/smbd/smb2_trans2.c:1179(smbd_marshall_dir_entry)
  smbd_marshall_dir_entry: space_remaining = 12044
[2026/05/19 08:41:42.912576, 10, pid=3900001, effective(65534, 65534), real(65534, 0)] source3/smbd/smb2_trans2.c:1698(smbd_marshall_dir_entry)
  smbd_marshall_dir_entry: SMB_FIND_FILE_UNIX
[2026/05/19 08:41:42.912593, 10, pid=3900001, effective(65534, 65534), real(65534, 0)] source3/smbd/smb2_trans2.c:2779(store_file_unix_basic)
  store_file_unix_basic: SMB_QUERY_FILE_UNIX_BASIC
[2026/05/19 08:41:42.912610,  4, pid=3900001, effective(65534, 65534), real(65534, 0)] source3/smbd/smb2_trans2.c:2780(store_file_unix_basic)
  store_file_unix_basic: st_mode=100664
[2026/05/19 08:41:42.912638,  5, pid=3900001, effective(65534, 65534), real(65534, 0)] source3/smbd/files.c:1985(file_free)
  file_free: freed files structure 0 (2 used)
[2026/05/19 08:41:42.912657, 10, pid=3900001, effective(65534, 65534), real(65534, 0)] source3/smbd/dir.c:568(smbd_dirptr_get_entry)
  smbd_dirptr_get_entry: dir [.] dirptr [0x6087dc193e50] offset [29] => dname [iDRAC_2.85.85.85.EXE]
[2026/05/19 08:41:42.912678, 10, pid=3900001, effective(65534, 65534), real(65534, 0)] source3/smbd/files.c:868(openat_pathref_fsp_nosymlink)
  openat_pathref_fsp_nosymlink: path_in=iDRAC_2.85.85.85.EXE
[2026/05/19 08:41:42.912696,  5, pid=3900001, effective(65534, 65534), real(65534, 0)] source3/smbd/files.c:77(fsp_new)
  fsp_new: allocated files structure (3 used)
[2026/05/19 08:41:42.912722, 10, pid=3900001, effective(65534, 65534), real(65534, 0)] source3/smbd/files.c:2198(file_name_hash)
  file_name_hash: /var/samba/public/iDRAC_2.85.85.85.EXE hash 0x8fc2454
[2026/05/19 08:41:42.912745, 10, pid=3900001, effective(65534, 65534), real(65534, 0)] source3/smbd/files.c:1278(openat_pathref_fsp_nosymlink)
  openat_pathref_fsp_nosymlink: returning iDRAC_2.85.85.85.EXE
[2026/05/19 08:41:42.912764, 10, pid=3900001, effective(65534, 65534), real(65534, 0)] source3/smbd/dosmode.c:692(fdos_mode)
  fdos_mode: iDRAC_2.85.85.85.EXE
[2026/05/19 08:41:42.912789,  5, pid=3900001, effective(65534, 65534), real(65534, 0)] source3/smbd/dosmode.c:391(fget_ea_dos_attribute)
  fget_ea_dos_attribute: Cannot get attribute from EA on file iDRAC_2.85.85.85.EXE: Error = No data available
[2026/05/19 08:41:42.912810,  5, pid=3900001, effective(65534, 65534), real(65534, 0)] source3/smbd/dosmode.c:68(dos_mode_debug_print)
  dos_mode_debug_print: fdos_mode returning (0x80): ""
[2026/05/19 08:41:42.912841, 10, pid=3900001, effective(65534, 65534), real(65534, 0)] source3/lib/g_lock.c:1655(g_lock_dump)
  g_lock_dump: dbwrap_parse_record returned NT_STATUS_NOT_FOUND
[2026/05/19 08:41:42.912861, 10, pid=3900001, effective(65534, 65534), real(65534, 0), class=locking] source3/locking/share_mode_lock.c:1570(fetch_share_mode_unlocked)
  fetch_share_mode_unlocked: g_lock_dump failed: NT_STATUS_NOT_FOUND
[2026/05/19 08:41:42.912893,  3, pid=3900001, effective(65534, 65534), real(65534, 0)] source3/smbd/dir.c:799(smbd_dirptr_get_entry)
  smbd_dirptr_get_entry: mask=[*] found iDRAC_2.85.85.85.EXE fname=iDRAC_2.85.85.85.EXE (iDRAC_2.85.85.85.EXE)
[2026/05/19 08:41:42.912913, 10, pid=3900001, effective(65534, 65534), real(65534, 0)] source3/smbd/smb2_trans2.c:1179(smbd_marshall_dir_entry)
  smbd_marshall_dir_entry: space_remaining = 11880
[2026/05/19 08:41:42.912931, 10, pid=3900001, effective(65534, 65534), real(65534, 0)] source3/smbd/smb2_trans2.c:1698(smbd_marshall_dir_entry)
  smbd_marshall_dir_entry: SMB_FIND_FILE_UNIX
[2026/05/19 08:41:42.912947, 10, pid=3900001, effective(65534, 65534), real(65534, 0)] source3/smbd/smb2_trans2.c:2779(store_file_unix_basic)
  store_file_unix_basic: SMB_QUERY_FILE_UNIX_BASIC
[2026/05/19 08:41:42.912964,  4, pid=3900001, effective(65534, 65534), real(65534, 0)] source3/smbd/smb2_trans2.c:2780(store_file_unix_basic)
  store_file_unix_basic: st_mode=100664
[2026/05/19 08:41:42.912988,  5, pid=3900001, effective(65534, 65534), real(65534, 0)] source3/smbd/files.c:1985(file_free)
  file_free: freed files structure 0 (2 used)
[2026/05/19 08:41:42.913007, 10, pid=3900001, effective(65534, 65534), real(65534, 0)] source3/smbd/dir.c:568(smbd_dirptr_get_entry)
  smbd_dirptr_get_entry: dir [.] dirptr [0x6087dc193e50] offset [30] => dname [debian-preseed-s15.iso]
[2026/05/19 08:41:42.913028, 10, pid=3900001, effective(65534, 65534), real(65534, 0)] source3/smbd/files.c:868(openat_pathref_fsp_nosymlink)
  openat_pathref_fsp_nosymlink: path_in=debian-preseed-s15.iso
[2026/05/19 08:41:42.913046,  5, pid=3900001, effective(65534, 65534), real(65534, 0)] source3/smbd/files.c:77(fsp_new)
  fsp_new: allocated files structure (3 used)
[2026/05/19 08:41:42.913077, 10, pid=3900001, effective(65534, 65534), real(65534, 0)] source3/smbd/files.c:2198(file_name_hash)
  file_name_hash: /var/samba/public/debian-preseed-s15.iso hash 0x7846dd07
[2026/05/19 08:41:42.913100, 10, pid=3900001, effective(65534, 65534), real(65534, 0)] source3/smbd/files.c:1278(openat_pathref_fsp_nosymlink)
  openat_pathref_fsp_nosymlink: returning debian-preseed-s15.iso
[2026/05/19 08:41:42.913119, 10, pid=3900001, effective(65534, 65534), real(65534, 0)] source3/smbd/dosmode.c:692(fdos_mode)
  fdos_mode: debian-preseed-s15.iso
[2026/05/19 08:41:42.913144,  5, pid=3900001, effective(65534, 65534), real(65534, 0)] source3/smbd/dosmode.c:391(fget_ea_dos_attribute)
  fget_ea_dos_attribute: Cannot get attribute from EA on file debian-preseed-s15.iso: Error = No data available
[2026/05/19 08:41:42.913165,  5, pid=3900001, effective(65534, 65534), real(65534, 0)] source3/smbd/dosmode.c:68(dos_mode_debug_print)
  dos_mode_debug_print: fdos_mode returning (0x80): ""
[2026/05/19 08:41:42.913186, 10, pid=3900001, effective(65534, 65534), real(65534, 0)] source3/lib/g_lock.c:1655(g_lock_dump)
  g_lock_dump: dbwrap_parse_record returned NT_STATUS_NOT_FOUND
[2026/05/19 08:41:42.913205, 10, pid=3900001, effective(65534, 65534), real(65534, 0), class=locking] source3/locking/share_mode_lock.c:1570(fetch_share_mode_unlocked)
  fetch_share_mode_unlocked: g_lock_dump failed: NT_STATUS_NOT_FOUND
[2026/05/19 08:41:42.913224,  3, pid=3900001, effective(65534, 65534), real(65534, 0)] source3/smbd/dir.c:799(smbd_dirptr_get_entry)
  smbd_dirptr_get_entry: mask=[*] found debian-preseed-s15.iso fname=debian-preseed-s15.iso (debian-preseed-s15.iso)
[2026/05/19 08:41:42.913244, 10, pid=3900001, effective(65534, 65534), real(65534, 0)] source3/smbd/smb2_trans2.c:1179(smbd_marshall_dir_entry)
  smbd_marshall_dir_entry: space_remaining = 11728
[2026/05/19 08:41:42.913261, 10, pid=3900001, effective(65534, 65534), real(65534, 0)] source3/smbd/smb2_trans2.c:1698(smbd_marshall_dir_entry)
  smbd_marshall_dir_entry: SMB_FIND_FILE_UNIX
[2026/05/19 08:41:42.913278, 10, pid=3900001, effective(65534, 65534), real(65534, 0)] source3/smbd/smb2_trans2.c:2779(store_file_unix_basic)
  store_file_unix_basic: SMB_QUERY_FILE_UNIX_BASIC
[2026/05/19 08:41:42.913295,  4, pid=3900001, effective(65534, 65534), real(65534, 0)] source3/smbd/smb2_trans2.c:2780(store_file_unix_basic)
  store_file_unix_basic: st_mode=100644
[2026/05/19 08:41:42.913318,  5, pid=3900001, effective(65534, 65534), real(65534, 0)] source3/smbd/files.c:1985(file_free)
  file_free: freed files structure 0 (2 used)
[2026/05/19 08:41:42.913338, 10, pid=3900001, effective(65534, 65534), real(65534, 0)] source3/smbd/dir.c:568(smbd_dirptr_get_entry)
  smbd_dirptr_get_entry: dir [.] dirptr [0x6087dc193e50] offset [31] => dname [debian-preseed-s10.iso]
[2026/05/19 08:41:42.913358, 10, pid=3900001, effective(65534, 65534), real(65534, 0)] source3/smbd/files.c:868(openat_pathref_fsp_nosymlink)
  openat_pathref_fsp_nosymlink: path_in=debian-preseed-s10.iso
[2026/05/19 08:41:42.913377,  5, pid=3900001, effective(65534, 65534), real(65534, 0)] source3/smbd/files.c:77(fsp_new)
  fsp_new: allocated files structure (3 used)
[2026/05/19 08:41:42.913403, 10, pid=3900001, effective(65534, 65534), real(65534, 0)] source3/smbd/files.c:2198(file_name_hash)
  file_name_hash: /var/samba/public/debian-preseed-s10.iso hash 0x9b93cba7
[2026/05/19 08:41:42.913432, 10, pid=3900001, effective(65534, 65534), real(65534, 0)] source3/smbd/files.c:1278(openat_pathref_fsp_nosymlink)
  openat_pathref_fsp_nosymlink: returning debian-preseed-s10.iso
[2026/05/19 08:41:42.913450, 10, pid=3900001, effective(65534, 65534), real(65534, 0)] source3/smbd/dosmode.c:692(fdos_mode)
  fdos_mode: debian-preseed-s10.iso
[2026/05/19 08:41:42.913476,  5, pid=3900001, effective(65534, 65534), real(65534, 0)] source3/smbd/dosmode.c:391(fget_ea_dos_attribute)
  fget_ea_dos_attribute: Cannot get attribute from EA on file debian-preseed-s10.iso: Error = No data available
[2026/05/19 08:41:42.913501,  5, pid=3900001, effective(65534, 65534), real(65534, 0)] source3/smbd/dosmode.c:68(dos_mode_debug_print)
  dos_mode_debug_print: fdos_mode returning (0x80): ""
[2026/05/19 08:41:42.913522, 10, pid=3900001, effective(65534, 65534), real(65534, 0)] source3/lib/g_lock.c:1655(g_lock_dump)
  g_lock_dump: dbwrap_parse_record returned NT_STATUS_NOT_FOUND
[2026/05/19 08:41:42.913541, 10, pid=3900001, effective(65534, 65534), real(65534, 0), class=locking] source3/locking/share_mode_lock.c:1570(fetch_share_mode_unlocked)
  fetch_share_mode_unlocked: g_lock_dump failed: NT_STATUS_NOT_FOUND
[2026/05/19 08:41:42.913560,  3, pid=3900001, effective(65534, 65534), real(65534, 0)] source3/smbd/dir.c:799(smbd_dirptr_get_entry)
  smbd_dirptr_get_entry: mask=[*] found debian-preseed-s10.iso fname=debian-preseed-s10.iso (debian-preseed-s10.iso)
[2026/05/19 08:41:42.913580, 10, pid=3900001, effective(65534, 65534), real(65534, 0)] source3/smbd/smb2_trans2.c:1179(smbd_marshall_dir_entry)
  smbd_marshall_dir_entry: space_remaining = 11572
[2026/05/19 08:41:42.913598, 10, pid=3900001, effective(65534, 65534), real(65534, 0)] source3/smbd/smb2_trans2.c:1698(smbd_marshall_dir_entry)
  smbd_marshall_dir_entry: SMB_FIND_FILE_UNIX
[2026/05/19 08:41:42.913615, 10, pid=3900001, effective(65534, 65534), real(65534, 0)] source3/smbd/smb2_trans2.c:2779(store_file_unix_basic)
  store_file_unix_basic: SMB_QUERY_FILE_UNIX_BASIC
[2026/05/19 08:41:42.913632,  4, pid=3900001, effective(65534, 65534), real(65534, 0)] source3/smbd/smb2_trans2.c:2780(store_file_unix_basic)
  store_file_unix_basic: st_mode=100644
[2026/05/19 08:41:42.913655,  5, pid=3900001, effective(65534, 65534), real(65534, 0)] source3/smbd/files.c:1985(file_free)
  file_free: freed files structure 0 (2 used)
[2026/05/19 08:41:42.913674, 10, pid=3900001, effective(65534, 65534), real(65534, 0)] source3/smbd/dir.c:568(smbd_dirptr_get_entry)
  smbd_dirptr_get_entry: dir [.] dirptr [0x6087dc193e50] offset [32] => dname [debian-tx1320-raid10.iso]
[2026/05/19 08:41:42.913695, 10, pid=3900001, effective(65534, 65534), real(65534, 0)] source3/smbd/files.c:868(openat_pathref_fsp_nosymlink)
  openat_pathref_fsp_nosymlink: path_in=debian-tx1320-raid10.iso
[2026/05/19 08:41:42.913713,  5, pid=3900001, effective(65534, 65534), real(65534, 0)] source3/smbd/files.c:77(fsp_new)
  fsp_new: allocated files structure (3 used)
[2026/05/19 08:41:42.913740, 10, pid=3900001, effective(65534, 65534), real(65534, 0)] source3/smbd/files.c:2198(file_name_hash)
  file_name_hash: /var/samba/public/debian-tx1320-raid10.iso hash 0xa3a25d2d
[2026/05/19 08:41:42.913762, 10, pid=3900001, effective(65534, 65534), real(65534, 0)] source3/smbd/files.c:1278(openat_pathref_fsp_nosymlink)
  openat_pathref_fsp_nosymlink: returning debian-tx1320-raid10.iso
[2026/05/19 08:41:42.913780, 10, pid=3900001, effective(65534, 65534), real(65534, 0)] source3/smbd/dosmode.c:692(fdos_mode)
  fdos_mode: debian-tx1320-raid10.iso
[2026/05/19 08:41:42.913806,  5, pid=3900001, effective(65534, 65534), real(65534, 0)] source3/smbd/dosmode.c:391(fget_ea_dos_attribute)
  fget_ea_dos_attribute: Cannot get attribute from EA on file debian-tx1320-raid10.iso: Error = No data available
[2026/05/19 08:41:42.913835,  5, pid=3900001, effective(65534, 65534), real(65534, 0)] source3/smbd/dosmode.c:68(dos_mode_debug_print)
  dos_mode_debug_print: fdos_mode returning (0x80): ""
[2026/05/19 08:41:42.913856, 10, pid=3900001, effective(65534, 65534), real(65534, 0)] source3/lib/g_lock.c:1655(g_lock_dump)
  g_lock_dump: dbwrap_parse_record returned NT_STATUS_NOT_FOUND
[2026/05/19 08:41:42.913887, 10, pid=3900001, effective(65534, 65534), real(65534, 0), class=locking] source3/locking/share_mode_lock.c:1570(fetch_share_mode_unlocked)
  fetch_share_mode_unlocked: g_lock_dump failed: NT_STATUS_NOT_FOUND
[2026/05/19 08:41:42.913907,  3, pid=3900001, effective(65534, 65534), real(65534, 0)] source3/smbd/dir.c:799(smbd_dirptr_get_entry)
  smbd_dirptr_get_entry: mask=[*] found debian-tx1320-raid10.iso fname=debian-tx1320-raid10.iso (debian-tx1320-raid10.iso)
[2026/05/19 08:41:42.913934, 10, pid=3900001, effective(65534, 65534), real(65534, 0)] source3/smbd/smb2_trans2.c:1179(smbd_marshall_dir_entry)
  smbd_marshall_dir_entry: space_remaining = 11416
[2026/05/19 08:41:42.913952, 10, pid=3900001, effective(65534, 65534), real(65534, 0)] source3/smbd/smb2_trans2.c:1698(smbd_marshall_dir_entry)
  smbd_marshall_dir_entry: SMB_FIND_FILE_UNIX
[2026/05/19 08:41:42.913969, 10, pid=3900001, effective(65534, 65534), real(65534, 0)] source3/smbd/smb2_trans2.c:2779(store_file_unix_basic)
  store_file_unix_basic: SMB_QUERY_FILE_UNIX_BASIC
[2026/05/19 08:41:42.913986,  4, pid=3900001, effective(65534, 65534), real(65534, 0)] source3/smbd/smb2_trans2.c:2780(store_file_unix_basic)
  store_file_unix_basic: st_mode=100644
[2026/05/19 08:41:42.914009,  5, pid=3900001, effective(65534, 65534), real(65534, 0)] source3/smbd/files.c:1985(file_free)
  file_free: freed files structure 0 (2 used)
[2026/05/19 08:41:42.914029, 10, pid=3900001, effective(65534, 65534), real(65534, 0)] source3/smbd/dir.c:568(smbd_dirptr_get_entry)
  smbd_dirptr_get_entry: dir [.] dirptr [0x6087dc193e50] offset [33] => dname [debian-preseed-s12.iso]
[2026/05/19 08:41:42.914050, 10, pid=3900001, effective(65534, 65534), real(65534, 0)] source3/smbd/files.c:868(openat_pathref_fsp_nosymlink)
  openat_pathref_fsp_nosymlink: path_in=debian-preseed-s12.iso
[2026/05/19 08:41:42.914068,  5, pid=3900001, effective(65534, 65534), real(65534, 0)] source3/smbd/files.c:77(fsp_new)
  fsp_new: allocated files structure (3 used)
[2026/05/19 08:41:42.914106, 10, pid=3900001, effective(65534, 65534), real(65534, 0)] source3/smbd/files.c:2198(file_name_hash)
  file_name_hash: /var/samba/public/debian-preseed-s12.iso hash 0x81cfd8c5
[2026/05/19 08:41:42.914130, 10, pid=3900001, effective(65534, 65534), real(65534, 0)] source3/smbd/files.c:1278(openat_pathref_fsp_nosymlink)
  openat_pathref_fsp_nosymlink: returning debian-preseed-s12.iso
[2026/05/19 08:41:42.914148, 10, pid=3900001, effective(65534, 65534), real(65534, 0)] source3/smbd/dosmode.c:692(fdos_mode)
  fdos_mode: debian-preseed-s12.iso
[2026/05/19 08:41:42.914174,  5, pid=3900001, effective(65534, 65534), real(65534, 0)] source3/smbd/dosmode.c:391(fget_ea_dos_attribute)
  fget_ea_dos_attribute: Cannot get attribute from EA on file debian-preseed-s12.iso: Error = No data available
[2026/05/19 08:41:42.914195,  5, pid=3900001, effective(65534, 65534), real(65534, 0)] source3/smbd/dosmode.c:68(dos_mode_debug_print)
  dos_mode_debug_print: fdos_mode returning (0x80): ""
[2026/05/19 08:41:42.914216, 10, pid=3900001, effective(65534, 65534), real(65534, 0)] source3/lib/g_lock.c:1655(g_lock_dump)
  g_lock_dump: dbwrap_parse_record returned NT_STATUS_NOT_FOUND
[2026/05/19 08:41:42.914235, 10, pid=3900001, effective(65534, 65534), real(65534, 0), class=locking] source3/locking/share_mode_lock.c:1570(fetch_share_mode_unlocked)
  fetch_share_mode_unlocked: g_lock_dump failed: NT_STATUS_NOT_FOUND
[2026/05/19 08:41:42.914255,  3, pid=3900001, effective(65534, 65534), real(65534, 0)] source3/smbd/dir.c:799(smbd_dirptr_get_entry)
  smbd_dirptr_get_entry: mask=[*] found debian-preseed-s12.iso fname=debian-preseed-s12.iso (debian-preseed-s12.iso)
[2026/05/19 08:41:42.914275, 10, pid=3900001, effective(65534, 65534), real(65534, 0)] source3/smbd/smb2_trans2.c:1179(smbd_marshall_dir_entry)
  smbd_marshall_dir_entry: space_remaining = 11256
[2026/05/19 08:41:42.914292, 10, pid=3900001, effective(65534, 65534), real(65534, 0)] source3/smbd/smb2_trans2.c:1698(smbd_marshall_dir_entry)
  smbd_marshall_dir_entry: SMB_FIND_FILE_UNIX
[2026/05/19 08:41:42.914309, 10, pid=3900001, effective(65534, 65534), real(65534, 0)] source3/smbd/smb2_trans2.c:2779(store_file_unix_basic)
  store_file_unix_basic: SMB_QUERY_FILE_UNIX_BASIC
[2026/05/19 08:41:42.914326,  4, pid=3900001, effective(65534, 65534), real(65534, 0)] source3/smbd/smb2_trans2.c:2780(store_file_unix_basic)
  store_file_unix_basic: st_mode=100644
[2026/05/19 08:41:42.914350,  5, pid=3900001, effective(65534, 65534), real(65534, 0)] source3/smbd/files.c:1985(file_free)
  file_free: freed files structure 0 (2 used)
[2026/05/19 08:41:42.914375, 10, pid=3900001, effective(65534, 65534), real(65534, 0)] source3/smbd/dir.c:568(smbd_dirptr_get_entry)
  smbd_dirptr_get_entry: dir [.] dirptr [0x6087dc193e50] offset [34] => dname [debian-preseed-s10.iso.preseed-sha256]
[2026/05/19 08:41:42.914396, 10, pid=3900001, effective(65534, 65534), real(65534, 0)] source3/smbd/files.c:868(openat_pathref_fsp_nosymlink)
  openat_pathref_fsp_nosymlink: path_in=debian-preseed-s10.iso.preseed-sha256
[2026/05/19 08:41:42.914414,  5, pid=3900001, effective(65534, 65534), real(65534, 0)] source3/smbd/files.c:77(fsp_new)
  fsp_new: allocated files structure (3 used)
[2026/05/19 08:41:42.914443, 10, pid=3900001, effective(65534, 65534), real(65534, 0)] source3/smbd/files.c:2198(file_name_hash)
  file_name_hash: /var/samba/public/debian-preseed-s10.iso.preseed-sha256 hash 0xce69fe2e
[2026/05/19 08:41:42.914472, 10, pid=3900001, effective(65534, 65534), real(65534, 0)] source3/smbd/files.c:1278(openat_pathref_fsp_nosymlink)
  openat_pathref_fsp_nosymlink: returning debian-preseed-s10.iso.preseed-sha256
[2026/05/19 08:41:42.914495, 10, pid=3900001, effective(65534, 65534), real(65534, 0)] source3/smbd/dosmode.c:692(fdos_mode)
  fdos_mode: debian-preseed-s10.iso.preseed-sha256
[2026/05/19 08:41:42.914525,  5, pid=3900001, effective(65534, 65534), real(65534, 0)] source3/smbd/dosmode.c:391(fget_ea_dos_attribute)
  fget_ea_dos_attribute: Cannot get attribute from EA on file debian-preseed-s10.iso.preseed-sha256: Error = No data available
[2026/05/19 08:41:42.914547,  5, pid=3900001, effective(65534, 65534), real(65534, 0)] source3/smbd/dosmode.c:68(dos_mode_debug_print)
  dos_mode_debug_print: fdos_mode returning (0x80): ""
[2026/05/19 08:41:42.914569, 10, pid=3900001, effective(65534, 65534), real(65534, 0)] source3/lib/g_lock.c:1655(g_lock_dump)
  g_lock_dump: dbwrap_parse_record returned NT_STATUS_NOT_FOUND
[2026/05/19 08:41:42.914589, 10, pid=3900001, effective(65534, 65534), real(65534, 0), class=locking] source3/locking/share_mode_lock.c:1570(fetch_share_mode_unlocked)
  fetch_share_mode_unlocked: g_lock_dump failed: NT_STATUS_NOT_FOUND
[2026/05/19 08:41:42.914608,  3, pid=3900001, effective(65534, 65534), real(65534, 0)] source3/smbd/dir.c:799(smbd_dirptr_get_entry)
  smbd_dirptr_get_entry: mask=[*] found debian-preseed-s10.iso.preseed-sha256 fname=debian-preseed-s10.iso.preseed-sha256 (debian-preseed-s10.iso.preseed-sha256)
[2026/05/19 08:41:42.914629, 10, pid=3900001, effective(65534, 65534), real(65534, 0)] source3/smbd/smb2_trans2.c:1179(smbd_marshall_dir_entry)
  smbd_marshall_dir_entry: space_remaining = 11100
[2026/05/19 08:41:42.914646, 10, pid=3900001, effective(65534, 65534), real(65534, 0)] source3/smbd/smb2_trans2.c:1698(smbd_marshall_dir_entry)
  smbd_marshall_dir_entry: SMB_FIND_FILE_UNIX
[2026/05/19 08:41:42.914663, 10, pid=3900001, effective(65534, 65534), real(65534, 0)] source3/smbd/smb2_trans2.c:2779(store_file_unix_basic)
  store_file_unix_basic: SMB_QUERY_FILE_UNIX_BASIC
[2026/05/19 08:41:42.914680,  4, pid=3900001, effective(65534, 65534), real(65534, 0)] source3/smbd/smb2_trans2.c:2780(store_file_unix_basic)
  store_file_unix_basic: st_mode=100664
[2026/05/19 08:41:42.914704,  5, pid=3900001, effective(65534, 65534), real(65534, 0)] source3/smbd/files.c:1985(file_free)
  file_free: freed files structure 0 (2 used)
[2026/05/19 08:41:42.914724, 10, pid=3900001, effective(65534, 65534), real(65534, 0)] source3/smbd/dir.c:568(smbd_dirptr_get_entry)
  smbd_dirptr_get_entry: dir [.] dirptr [0x6087dc193e50] offset [35] => dname [debian-preseed-s5.iso]
[2026/05/19 08:41:42.914745, 10, pid=3900001, effective(65534, 65534), real(65534, 0)] source3/smbd/files.c:868(openat_pathref_fsp_nosymlink)
  openat_pathref_fsp_nosymlink: path_in=debian-preseed-s5.iso
[2026/05/19 08:41:42.914763,  5, pid=3900001, effective(65534, 65534), real(65534, 0)] source3/smbd/files.c:77(fsp_new)
  fsp_new: allocated files structure (3 used)
[2026/05/19 08:41:42.914791, 10, pid=3900001, effective(65534, 65534), real(65534, 0)] source3/smbd/files.c:2198(file_name_hash)
  file_name_hash: /var/samba/public/debian-preseed-s5.iso hash 0x286575e5
[2026/05/19 08:41:42.914830, 10, pid=3900001, effective(65534, 65534), real(65534, 0)] source3/smbd/files.c:1278(openat_pathref_fsp_nosymlink)
  openat_pathref_fsp_nosymlink: returning debian-preseed-s5.iso
[2026/05/19 08:41:42.914849, 10, pid=3900001, effective(65534, 65534), real(65534, 0)] source3/smbd/dosmode.c:692(fdos_mode)
  fdos_mode: debian-preseed-s5.iso
[2026/05/19 08:41:42.914894,  5, pid=3900001, effective(65534, 65534), real(65534, 0)] source3/smbd/dosmode.c:391(fget_ea_dos_attribute)
  fget_ea_dos_attribute: Cannot get attribute from EA on file debian-preseed-s5.iso: Error = No data available
[2026/05/19 08:41:42.914927,  5, pid=3900001, effective(65534, 65534), real(65534, 0)] source3/smbd/dosmode.c:68(dos_mode_debug_print)
  dos_mode_debug_print: fdos_mode returning (0x80): ""
[2026/05/19 08:41:42.914949, 10, pid=3900001, effective(65534, 65534), real(65534, 0)] source3/lib/g_lock.c:1655(g_lock_dump)
  g_lock_dump: dbwrap_parse_record returned NT_STATUS_NOT_FOUND
[2026/05/19 08:41:42.914968, 10, pid=3900001, effective(65534, 65534), real(65534, 0), class=locking] source3/locking/share_mode_lock.c:1570(fetch_share_mode_unlocked)
  fetch_share_mode_unlocked: g_lock_dump failed: NT_STATUS_NOT_FOUND
[2026/05/19 08:41:42.914987,  3, pid=3900001, effective(65534, 65534), real(65534, 0)] source3/smbd/dir.c:799(smbd_dirptr_get_entry)
  smbd_dirptr_get_entry: mask=[*] found debian-preseed-s5.iso fname=debian-preseed-s5.iso (debian-preseed-s5.iso)
[2026/05/19 08:41:42.915007, 10, pid=3900001, effective(65534, 65534), real(65534, 0)] source3/smbd/smb2_trans2.c:1179(smbd_marshall_dir_entry)
  smbd_marshall_dir_entry: space_remaining = 10916
[2026/05/19 08:41:42.915025, 10, pid=3900001, effective(65534, 65534), real(65534, 0)] source3/smbd/smb2_trans2.c:1698(smbd_marshall_dir_entry)
  smbd_marshall_dir_entry: SMB_FIND_FILE_UNIX
[2026/05/19 08:41:42.915042, 10, pid=3900001, effective(65534, 65534), real(65534, 0)] source3/smbd/smb2_trans2.c:2779(store_file_unix_basic)
  store_file_unix_basic: SMB_QUERY_FILE_UNIX_BASIC
[2026/05/19 08:41:42.915059,  4, pid=3900001, effective(65534, 65534), real(65534, 0)] source3/smbd/smb2_trans2.c:2780(store_file_unix_basic)
  store_file_unix_basic: st_mode=100644
[2026/05/19 08:41:42.915083,  5, pid=3900001, effective(65534, 65534), real(65534, 0)] source3/smbd/files.c:1985(file_free)
  file_free: freed files structure 0 (2 used)
[2026/05/19 08:41:42.915102, 10, pid=3900001, effective(65534, 65534), real(65534, 0)] source3/smbd/dir.c:568(smbd_dirptr_get_entry)
  smbd_dirptr_get_entry: dir [.] dirptr [0x6087dc193e50] offset [36] => dname [KAMITSUBAKI]
[2026/05/19 08:41:42.915123, 10, pid=3900001, effective(65534, 65534), real(65534, 0)] source3/smbd/files.c:868(openat_pathref_fsp_nosymlink)
  openat_pathref_fsp_nosymlink: path_in=KAMITSUBAKI
[2026/05/19 08:41:42.915141,  5, pid=3900001, effective(65534, 65534), real(65534, 0)] source3/smbd/files.c:77(fsp_new)
  fsp_new: allocated files structure (3 used)
[2026/05/19 08:41:42.915168, 10, pid=3900001, effective(65534, 65534), real(65534, 0)] source3/smbd/files.c:2198(file_name_hash)
  file_name_hash: /var/samba/public/KAMITSUBAKI hash 0x368d58be
[2026/05/19 08:41:42.915191, 10, pid=3900001, effective(65534, 65534), real(65534, 0)] source3/smbd/files.c:1278(openat_pathref_fsp_nosymlink)
  openat_pathref_fsp_nosymlink: returning KAMITSUBAKI
[2026/05/19 08:41:42.915210, 10, pid=3900001, effective(65534, 65534), real(65534, 0)] source3/smbd/dosmode.c:692(fdos_mode)
  fdos_mode: KAMITSUBAKI
[2026/05/19 08:41:42.915244, 10, pid=3900001, effective(65534, 65534), real(65534, 0)] source3/smbd/dosmode.c:264(parse_dos_attribute_blob)
  parse_dos_attribute_blob: KAMITSUBAKI attr = 
[2026/05/19 08:41:42.915263, 10, pid=3900001, effective(65534, 65534), real(65534, 0)] source3/smbd/dosmode.c:332(parse_dos_attribute_blob)
  parse_dos_attribute_blob: file [KAMITSUBAKI] creation time [Sat May  9 09:07:41 PM 2026 JST]
[2026/05/19 08:41:42.915295,  5, pid=3900001, effective(65534, 65534), real(65534, 0)] source3/smbd/dosmode.c:68(dos_mode_debug_print)
  dos_mode_debug_print: parse_dos_attribute_blob returning (0x10): "d"
[2026/05/19 08:41:42.915314,  5, pid=3900001, effective(65534, 65534), real(65534, 0)] source3/smbd/dosmode.c:68(dos_mode_debug_print)
  dos_mode_debug_print: fdos_mode returning (0x10): "d"
[2026/05/19 08:41:42.915333,  3, pid=3900001, effective(65534, 65534), real(65534, 0)] source3/smbd/dir.c:799(smbd_dirptr_get_entry)
  smbd_dirptr_get_entry: mask=[*] found KAMITSUBAKI fname=KAMITSUBAKI (KAMITSUBAKI)
[2026/05/19 08:41:42.915352, 10, pid=3900001, effective(65534, 65534), real(65534, 0)] source3/smbd/smb2_trans2.c:1179(smbd_marshall_dir_entry)
  smbd_marshall_dir_entry: space_remaining = 10764
[2026/05/19 08:41:42.915370, 10, pid=3900001, effective(65534, 65534), real(65534, 0)] source3/smbd/smb2_trans2.c:1698(smbd_marshall_dir_entry)
  smbd_marshall_dir_entry: SMB_FIND_FILE_UNIX
[2026/05/19 08:41:42.915387, 10, pid=3900001, effective(65534, 65534), real(65534, 0)] source3/smbd/smb2_trans2.c:2779(store_file_unix_basic)
  store_file_unix_basic: SMB_QUERY_FILE_UNIX_BASIC
[2026/05/19 08:41:42.915403,  4, pid=3900001, effective(65534, 65534), real(65534, 0)] source3/smbd/smb2_trans2.c:2780(store_file_unix_basic)
  store_file_unix_basic: st_mode=40777
[2026/05/19 08:41:42.915427,  5, pid=3900001, effective(65534, 65534), real(65534, 0)] source3/smbd/files.c:1985(file_free)
  file_free: freed files structure 0 (2 used)
[2026/05/19 08:41:42.915446, 10, pid=3900001, effective(65534, 65534), real(65534, 0)] source3/smbd/dir.c:568(smbd_dirptr_get_entry)
  smbd_dirptr_get_entry: dir [.] dirptr [0x6087dc193e50] offset [37] => dname [debian-preseed-s7.iso]
[2026/05/19 08:41:42.915467, 10, pid=3900001, effective(65534, 65534), real(65534, 0)] source3/smbd/files.c:868(openat_pathref_fsp_nosymlink)
  openat_pathref_fsp_nosymlink: path_in=debian-preseed-s7.iso
[2026/05/19 08:41:42.915486,  5, pid=3900001, effective(65534, 65534), real(65534, 0)] source3/smbd/files.c:77(fsp_new)
  fsp_new: allocated files structure (3 used)
[2026/05/19 08:41:42.915512, 10, pid=3900001, effective(65534, 65534), real(65534, 0)] source3/smbd/files.c:2198(file_name_hash)
  file_name_hash: /var/samba/public/debian-preseed-s7.iso hash 0x3db0acbf
[2026/05/19 08:41:42.915535, 10, pid=3900001, effective(65534, 65534), real(65534, 0)] source3/smbd/files.c:1278(openat_pathref_fsp_nosymlink)
  openat_pathref_fsp_nosymlink: returning debian-preseed-s7.iso
[2026/05/19 08:41:42.915554, 10, pid=3900001, effective(65534, 65534), real(65534, 0)] source3/smbd/dosmode.c:692(fdos_mode)
  fdos_mode: debian-preseed-s7.iso
[2026/05/19 08:41:42.915579,  5, pid=3900001, effective(65534, 65534), real(65534, 0)] source3/smbd/dosmode.c:391(fget_ea_dos_attribute)
  fget_ea_dos_attribute: Cannot get attribute from EA on file debian-preseed-s7.iso: Error = No data available
[2026/05/19 08:41:42.915600,  5, pid=3900001, effective(65534, 65534), real(65534, 0)] source3/smbd/dosmode.c:68(dos_mode_debug_print)
  dos_mode_debug_print: fdos_mode returning (0x80): ""
[2026/05/19 08:41:42.915621, 10, pid=3900001, effective(65534, 65534), real(65534, 0)] source3/lib/g_lock.c:1655(g_lock_dump)
  g_lock_dump: dbwrap_parse_record returned NT_STATUS_NOT_FOUND
[2026/05/19 08:41:42.915640, 10, pid=3900001, effective(65534, 65534), real(65534, 0), class=locking] source3/locking/share_mode_lock.c:1570(fetch_share_mode_unlocked)
  fetch_share_mode_unlocked: g_lock_dump failed: NT_STATUS_NOT_FOUND
[2026/05/19 08:41:42.915659,  3, pid=3900001, effective(65534, 65534), real(65534, 0)] source3/smbd/dir.c:799(smbd_dirptr_get_entry)
  smbd_dirptr_get_entry: mask=[*] found debian-preseed-s7.iso fname=debian-preseed-s7.iso (debian-preseed-s7.iso)
[2026/05/19 08:41:42.915680, 10, pid=3900001, effective(65534, 65534), real(65534, 0)] source3/smbd/smb2_trans2.c:1179(smbd_marshall_dir_entry)
  smbd_marshall_dir_entry: space_remaining = 10632
[2026/05/19 08:41:42.915697, 10, pid=3900001, effective(65534, 65534), real(65534, 0)] source3/smbd/smb2_trans2.c:1698(smbd_marshall_dir_entry)
  smbd_marshall_dir_entry: SMB_FIND_FILE_UNIX
[2026/05/19 08:41:42.915719, 10, pid=3900001, effective(65534, 65534), real(65534, 0)] source3/smbd/smb2_trans2.c:2779(store_file_unix_basic)
  store_file_unix_basic: SMB_QUERY_FILE_UNIX_BASIC
[2026/05/19 08:41:42.915736,  4, pid=3900001, effective(65534, 65534), real(65534, 0)] source3/smbd/smb2_trans2.c:2780(store_file_unix_basic)
  store_file_unix_basic: st_mode=100644
[2026/05/19 08:41:42.915760,  5, pid=3900001, effective(65534, 65534), real(65534, 0)] source3/smbd/files.c:1985(file_free)
  file_free: freed files structure 0 (2 used)
[2026/05/19 08:41:42.915779, 10, pid=3900001, effective(65534, 65534), real(65534, 0)] source3/smbd/dir.c:568(smbd_dirptr_get_entry)
  smbd_dirptr_get_entry: dir [.] dirptr [0x6087dc193e50] offset [38] => dname [debian-tx1320-v2.iso]
[2026/05/19 08:41:42.915799, 10, pid=3900001, effective(65534, 65534), real(65534, 0)] source3/smbd/files.c:868(openat_pathref_fsp_nosymlink)
  openat_pathref_fsp_nosymlink: path_in=debian-tx1320-v2.iso
[2026/05/19 08:41:42.915827,  5, pid=3900001, effective(65534, 65534), real(65534, 0)] source3/smbd/files.c:77(fsp_new)
  fsp_new: allocated files structure (3 used)
[2026/05/19 08:41:42.915853, 10, pid=3900001, effective(65534, 65534), real(65534, 0)] source3/smbd/files.c:2198(file_name_hash)
  file_name_hash: /var/samba/public/debian-tx1320-v2.iso hash 0x9c08f593
[2026/05/19 08:41:42.915896, 10, pid=3900001, effective(65534, 65534), real(65534, 0)] source3/smbd/files.c:1278(openat_pathref_fsp_nosymlink)
  openat_pathref_fsp_nosymlink: returning debian-tx1320-v2.iso
[2026/05/19 08:41:42.915915, 10, pid=3900001, effective(65534, 65534), real(65534, 0)] source3/smbd/dosmode.c:692(fdos_mode)
  fdos_mode: debian-tx1320-v2.iso
[2026/05/19 08:41:42.915941,  5, pid=3900001, effective(65534, 65534), real(65534, 0)] source3/smbd/dosmode.c:391(fget_ea_dos_attribute)
  fget_ea_dos_attribute: Cannot get attribute from EA on file debian-tx1320-v2.iso: Error = No data available
[2026/05/19 08:41:42.915961,  5, pid=3900001, effective(65534, 65534), real(65534, 0)] source3/smbd/dosmode.c:68(dos_mode_debug_print)
  dos_mode_debug_print: fdos_mode returning (0x80): ""
[2026/05/19 08:41:42.915983, 10, pid=3900001, effective(65534, 65534), real(65534, 0)] source3/lib/g_lock.c:1655(g_lock_dump)
  g_lock_dump: dbwrap_parse_record returned NT_STATUS_NOT_FOUND
[2026/05/19 08:41:42.916002, 10, pid=3900001, effective(65534, 65534), real(65534, 0), class=locking] source3/locking/share_mode_lock.c:1570(fetch_share_mode_unlocked)
  fetch_share_mode_unlocked: g_lock_dump failed: NT_STATUS_NOT_FOUND
[2026/05/19 08:41:42.916021,  3, pid=3900001, effective(65534, 65534), real(65534, 0)] source3/smbd/dir.c:799(smbd_dirptr_get_entry)
  smbd_dirptr_get_entry: mask=[*] found debian-tx1320-v2.iso fname=debian-tx1320-v2.iso (debian-tx1320-v2.iso)
[2026/05/19 08:41:42.916041, 10, pid=3900001, effective(65534, 65534), real(65534, 0)] source3/smbd/smb2_trans2.c:1179(smbd_marshall_dir_entry)
  smbd_marshall_dir_entry: space_remaining = 10480
[2026/05/19 08:41:42.916059, 10, pid=3900001, effective(65534, 65534), real(65534, 0)] source3/smbd/smb2_trans2.c:1698(smbd_marshall_dir_entry)
  smbd_marshall_dir_entry: SMB_FIND_FILE_UNIX
[2026/05/19 08:41:42.916076, 10, pid=3900001, effective(65534, 65534), real(65534, 0)] source3/smbd/smb2_trans2.c:2779(store_file_unix_basic)
  store_file_unix_basic: SMB_QUERY_FILE_UNIX_BASIC
[2026/05/19 08:41:42.916093,  4, pid=3900001, effective(65534, 65534), real(65534, 0)] source3/smbd/smb2_trans2.c:2780(store_file_unix_basic)
  store_file_unix_basic: st_mode=100644
[2026/05/19 08:41:42.916116,  5, pid=3900001, effective(65534, 65534), real(65534, 0)] source3/smbd/files.c:1985(file_free)
  file_free: freed files structure 0 (2 used)
[2026/05/19 08:41:42.916136, 10, pid=3900001, effective(65534, 65534), real(65534, 0)] source3/smbd/dir.c:568(smbd_dirptr_get_entry)
  smbd_dirptr_get_entry: dir [.] dirptr [0x6087dc193e50] offset [39] => dname [debian-preseed-s4.iso]
[2026/05/19 08:41:42.916162, 10, pid=3900001, effective(65534, 65534), real(65534, 0)] source3/smbd/files.c:868(openat_pathref_fsp_nosymlink)
  openat_pathref_fsp_nosymlink: path_in=debian-preseed-s4.iso
[2026/05/19 08:41:42.916181,  5, pid=3900001, effective(65534, 65534), real(65534, 0)] source3/smbd/files.c:77(fsp_new)
  fsp_new: allocated files structure (3 used)
[2026/05/19 08:41:42.916207, 10, pid=3900001, effective(65534, 65534), real(65534, 0)] source3/smbd/files.c:2198(file_name_hash)
  file_name_hash: /var/samba/public/debian-preseed-s4.iso hash 0x105bd9b0
[2026/05/19 08:41:42.916230, 10, pid=3900001, effective(65534, 65534), real(65534, 0)] source3/smbd/files.c:1278(openat_pathref_fsp_nosymlink)
  openat_pathref_fsp_nosymlink: returning debian-preseed-s4.iso
[2026/05/19 08:41:42.916248, 10, pid=3900001, effective(65534, 65534), real(65534, 0)] source3/smbd/dosmode.c:692(fdos_mode)
  fdos_mode: debian-preseed-s4.iso
[2026/05/19 08:41:42.916274,  5, pid=3900001, effective(65534, 65534), real(65534, 0)] source3/smbd/dosmode.c:391(fget_ea_dos_attribute)
  fget_ea_dos_attribute: Cannot get attribute from EA on file debian-preseed-s4.iso: Error = No data available
[2026/05/19 08:41:42.916295,  5, pid=3900001, effective(65534, 65534), real(65534, 0)] source3/smbd/dosmode.c:68(dos_mode_debug_print)
  dos_mode_debug_print: fdos_mode returning (0x80): ""
[2026/05/19 08:41:42.916316, 10, pid=3900001, effective(65534, 65534), real(65534, 0)] source3/lib/g_lock.c:1655(g_lock_dump)
  g_lock_dump: dbwrap_parse_record returned NT_STATUS_NOT_FOUND
[2026/05/19 08:41:42.916335, 10, pid=3900001, effective(65534, 65534), real(65534, 0), class=locking] source3/locking/share_mode_lock.c:1570(fetch_share_mode_unlocked)
  fetch_share_mode_unlocked: g_lock_dump failed: NT_STATUS_NOT_FOUND
[2026/05/19 08:41:42.916354,  3, pid=3900001, effective(65534, 65534), real(65534, 0)] source3/smbd/dir.c:799(smbd_dirptr_get_entry)
  smbd_dirptr_get_entry: mask=[*] found debian-preseed-s4.iso fname=debian-preseed-s4.iso (debian-preseed-s4.iso)
[2026/05/19 08:41:42.916374, 10, pid=3900001, effective(65534, 65534), real(65534, 0)] source3/smbd/smb2_trans2.c:1179(smbd_marshall_dir_entry)
  smbd_marshall_dir_entry: space_remaining = 10328
[2026/05/19 08:41:42.916392, 10, pid=3900001, effective(65534, 65534), real(65534, 0)] source3/smbd/smb2_trans2.c:1698(smbd_marshall_dir_entry)
  smbd_marshall_dir_entry: SMB_FIND_FILE_UNIX
[2026/05/19 08:41:42.916409, 10, pid=3900001, effective(65534, 65534), real(65534, 0)] source3/smbd/smb2_trans2.c:2779(store_file_unix_basic)
  store_file_unix_basic: SMB_QUERY_FILE_UNIX_BASIC
[2026/05/19 08:41:42.916426,  4, pid=3900001, effective(65534, 65534), real(65534, 0)] source3/smbd/smb2_trans2.c:2780(store_file_unix_basic)
  store_file_unix_basic: st_mode=100644
[2026/05/19 08:41:42.916449,  5, pid=3900001, effective(65534, 65534), real(65534, 0)] source3/smbd/files.c:1985(file_free)
  file_free: freed files structure 0 (2 used)
[2026/05/19 08:41:42.916469, 10, pid=3900001, effective(65534, 65534), real(65534, 0)] source3/smbd/dir.c:568(smbd_dirptr_get_entry)
  smbd_dirptr_get_entry: dir [.] dirptr [0x6087dc193e50] offset [40] => dname [debian-preseed-s12.iso.preseed-sha256]
[2026/05/19 08:41:42.916495, 10, pid=3900001, effective(65534, 65534), real(65534, 0)] source3/smbd/files.c:868(openat_pathref_fsp_nosymlink)
  openat_pathref_fsp_nosymlink: path_in=debian-preseed-s12.iso.preseed-sha256
[2026/05/19 08:41:42.916514,  5, pid=3900001, effective(65534, 65534), real(65534, 0)] source3/smbd/files.c:77(fsp_new)
  fsp_new: allocated files structure (3 used)
[2026/05/19 08:41:42.916541, 10, pid=3900001, effective(65534, 65534), real(65534, 0)] source3/smbd/files.c:2198(file_name_hash)
  file_name_hash: /var/samba/public/debian-preseed-s12.iso.preseed-sha256 hash 0x258f0baf
[2026/05/19 08:41:42.916564, 10, pid=3900001, effective(65534, 65534), real(65534, 0)] source3/smbd/files.c:1278(openat_pathref_fsp_nosymlink)
  openat_pathref_fsp_nosymlink: returning debian-preseed-s12.iso.preseed-sha256
[2026/05/19 08:41:42.916583, 10, pid=3900001, effective(65534, 65534), real(65534, 0)] source3/smbd/dosmode.c:692(fdos_mode)
  fdos_mode: debian-preseed-s12.iso.preseed-sha256
[2026/05/19 08:41:42.916613,  5, pid=3900001, effective(65534, 65534), real(65534, 0)] source3/smbd/dosmode.c:391(fget_ea_dos_attribute)
  fget_ea_dos_attribute: Cannot get attribute from EA on file debian-preseed-s12.iso.preseed-sha256: Error = No data available
[2026/05/19 08:41:42.916634,  5, pid=3900001, effective(65534, 65534), real(65534, 0)] source3/smbd/dosmode.c:68(dos_mode_debug_print)
  dos_mode_debug_print: fdos_mode returning (0x80): ""
[2026/05/19 08:41:42.916655, 10, pid=3900001, effective(65534, 65534), real(65534, 0)] source3/lib/g_lock.c:1655(g_lock_dump)
  g_lock_dump: dbwrap_parse_record returned NT_STATUS_NOT_FOUND
[2026/05/19 08:41:42.916674, 10, pid=3900001, effective(65534, 65534), real(65534, 0), class=locking] source3/locking/share_mode_lock.c:1570(fetch_share_mode_unlocked)
  fetch_share_mode_unlocked: g_lock_dump failed: NT_STATUS_NOT_FOUND
[2026/05/19 08:41:42.916694,  3, pid=3900001, effective(65534, 65534), real(65534, 0)] source3/smbd/dir.c:799(smbd_dirptr_get_entry)
  smbd_dirptr_get_entry: mask=[*] found debian-preseed-s12.iso.preseed-sha256 fname=debian-preseed-s12.iso.preseed-sha256 (debian-preseed-s12.iso.preseed-sha256)
[2026/05/19 08:41:42.916714, 10, pid=3900001, effective(65534, 65534), real(65534, 0)] source3/smbd/smb2_trans2.c:1179(smbd_marshall_dir_entry)
  smbd_marshall_dir_entry: space_remaining = 10176
[2026/05/19 08:41:42.916731, 10, pid=3900001, effective(65534, 65534), real(65534, 0)] source3/smbd/smb2_trans2.c:1698(smbd_marshall_dir_entry)
  smbd_marshall_dir_entry: SMB_FIND_FILE_UNIX
[2026/05/19 08:41:42.916748, 10, pid=3900001, effective(65534, 65534), real(65534, 0)] source3/smbd/smb2_trans2.c:2779(store_file_unix_basic)
  store_file_unix_basic: SMB_QUERY_FILE_UNIX_BASIC
[2026/05/19 08:41:42.916765,  4, pid=3900001, effective(65534, 65534), real(65534, 0)] source3/smbd/smb2_trans2.c:2780(store_file_unix_basic)
  store_file_unix_basic: st_mode=100664
[2026/05/19 08:41:42.916789,  5, pid=3900001, effective(65534, 65534), real(65534, 0)] source3/smbd/files.c:1985(file_free)
  file_free: freed files structure 0 (2 used)
[2026/05/19 08:41:42.916808, 10, pid=3900001, effective(65534, 65534), real(65534, 0)] source3/smbd/dir.c:568(smbd_dirptr_get_entry)
  smbd_dirptr_get_entry: dir [.] dirptr [0x6087dc193e50] offset [41] => dname [debian-preseed-s6.iso.preseed-sha256]
[2026/05/19 08:41:42.916838, 10, pid=3900001, effective(65534, 65534), real(65534, 0)] source3/smbd/files.c:868(openat_pathref_fsp_nosymlink)
  openat_pathref_fsp_nosymlink: path_in=debian-preseed-s6.iso.preseed-sha256
[2026/05/19 08:41:42.916856,  5, pid=3900001, effective(65534, 65534), real(65534, 0)] source3/smbd/files.c:77(fsp_new)
  fsp_new: allocated files structure (3 used)
[2026/05/19 08:41:42.916896, 10, pid=3900001, effective(65534, 65534), real(65534, 0)] source3/smbd/files.c:2198(file_name_hash)
  file_name_hash: /var/samba/public/debian-preseed-s6.iso.preseed-sha256 hash 0xee5389e6
[2026/05/19 08:41:42.916919, 10, pid=3900001, effective(65534, 65534), real(65534, 0)] source3/smbd/files.c:1278(openat_pathref_fsp_nosymlink)
  openat_pathref_fsp_nosymlink: returning debian-preseed-s6.iso.preseed-sha256
[2026/05/19 08:41:42.916938, 10, pid=3900001, effective(65534, 65534), real(65534, 0)] source3/smbd/dosmode.c:692(fdos_mode)
  fdos_mode: debian-preseed-s6.iso.preseed-sha256
[2026/05/19 08:41:42.916963,  5, pid=3900001, effective(65534, 65534), real(65534, 0)] source3/smbd/dosmode.c:391(fget_ea_dos_attribute)
  fget_ea_dos_attribute: Cannot get attribute from EA on file debian-preseed-s6.iso.preseed-sha256: Error = No data available
[2026/05/19 08:41:42.916984,  5, pid=3900001, effective(65534, 65534), real(65534, 0)] source3/smbd/dosmode.c:68(dos_mode_debug_print)
  dos_mode_debug_print: fdos_mode returning (0x80): ""
[2026/05/19 08:41:42.917005, 10, pid=3900001, effective(65534, 65534), real(65534, 0)] source3/lib/g_lock.c:1655(g_lock_dump)
  g_lock_dump: dbwrap_parse_record returned NT_STATUS_NOT_FOUND
[2026/05/19 08:41:42.917034, 10, pid=3900001, effective(65534, 65534), real(65534, 0), class=locking] source3/locking/share_mode_lock.c:1570(fetch_share_mode_unlocked)
  fetch_share_mode_unlocked: g_lock_dump failed: NT_STATUS_NOT_FOUND
[2026/05/19 08:41:42.917054,  3, pid=3900001, effective(65534, 65534), real(65534, 0)] source3/smbd/dir.c:799(smbd_dirptr_get_entry)
  smbd_dirptr_get_entry: mask=[*] found debian-preseed-s6.iso.preseed-sha256 fname=debian-preseed-s6.iso.preseed-sha256 (debian-preseed-s6.iso.preseed-sha256)
[2026/05/19 08:41:42.917075, 10, pid=3900001, effective(65534, 65534), real(65534, 0)] source3/smbd/smb2_trans2.c:1179(smbd_marshall_dir_entry)
  smbd_marshall_dir_entry: space_remaining = 9992
[2026/05/19 08:41:42.917092, 10, pid=3900001, effective(65534, 65534), real(65534, 0)] source3/smbd/smb2_trans2.c:1698(smbd_marshall_dir_entry)
  smbd_marshall_dir_entry: SMB_FIND_FILE_UNIX
[2026/05/19 08:41:42.917109, 10, pid=3900001, effective(65534, 65534), real(65534, 0)] source3/smbd/smb2_trans2.c:2779(store_file_unix_basic)
  store_file_unix_basic: SMB_QUERY_FILE_UNIX_BASIC
[2026/05/19 08:41:42.917126,  4, pid=3900001, effective(65534, 65534), real(65534, 0)] source3/smbd/smb2_trans2.c:2780(store_file_unix_basic)
  store_file_unix_basic: st_mode=100664
[2026/05/19 08:41:42.917150,  5, pid=3900001, effective(65534, 65534), real(65534, 0)] source3/smbd/files.c:1985(file_free)
  file_free: freed files structure 0 (2 used)
[2026/05/19 08:41:42.917169, 10, pid=3900001, effective(65534, 65534), real(65534, 0)] source3/smbd/dir.c:568(smbd_dirptr_get_entry)
  smbd_dirptr_get_entry: dir [.] dirptr [0x6087dc193e50] offset [42] => dname [SAS-RAID_Firmware_25.5.9.0001.BIN]
[2026/05/19 08:41:42.917190, 10, pid=3900001, effective(65534, 65534), real(65534, 0)] source3/smbd/files.c:868(openat_pathref_fsp_nosymlink)
  openat_pathref_fsp_nosymlink: path_in=SAS-RAID_Firmware_25.5.9.0001.BIN
[2026/05/19 08:41:42.917209,  5, pid=3900001, effective(65534, 65534), real(65534, 0)] source3/smbd/files.c:77(fsp_new)
  fsp_new: allocated files structure (3 used)
[2026/05/19 08:41:42.917236, 10, pid=3900001, effective(65534, 65534), real(65534, 0)] source3/smbd/files.c:2198(file_name_hash)
  file_name_hash: /var/samba/public/SAS-RAID_Firmware_25.5.9.0001.BIN hash 0xb6240d47
[2026/05/19 08:41:42.917258, 10, pid=3900001, effective(65534, 65534), real(65534, 0)] source3/smbd/files.c:1278(openat_pathref_fsp_nosymlink)
  openat_pathref_fsp_nosymlink: returning SAS-RAID_Firmware_25.5.9.0001.BIN
[2026/05/19 08:41:42.917277, 10, pid=3900001, effective(65534, 65534), real(65534, 0)] source3/smbd/dosmode.c:692(fdos_mode)
  fdos_mode: SAS-RAID_Firmware_25.5.9.0001.BIN
[2026/05/19 08:41:42.917302,  5, pid=3900001, effective(65534, 65534), real(65534, 0)] source3/smbd/dosmode.c:391(fget_ea_dos_attribute)
  fget_ea_dos_attribute: Cannot get attribute from EA on file SAS-RAID_Firmware_25.5.9.0001.BIN: Error = No data available
[2026/05/19 08:41:42.917323,  5, pid=3900001, effective(65534, 65534), real(65534, 0)] source3/smbd/dosmode.c:68(dos_mode_debug_print)
  dos_mode_debug_print: fdos_mode returning (0x80): ""
[2026/05/19 08:41:42.917344, 10, pid=3900001, effective(65534, 65534), real(65534, 0)] source3/lib/g_lock.c:1655(g_lock_dump)
  g_lock_dump: dbwrap_parse_record returned NT_STATUS_NOT_FOUND
[2026/05/19 08:41:42.917363, 10, pid=3900001, effective(65534, 65534), real(65534, 0), class=locking] source3/locking/share_mode_lock.c:1570(fetch_share_mode_unlocked)
  fetch_share_mode_unlocked: g_lock_dump failed: NT_STATUS_NOT_FOUND
[2026/05/19 08:41:42.917382,  3, pid=3900001, effective(65534, 65534), real(65534, 0)] source3/smbd/dir.c:799(smbd_dirptr_get_entry)
  smbd_dirptr_get_entry: mask=[*] found SAS-RAID_Firmware_25.5.9.0001.BIN fname=SAS-RAID_Firmware_25.5.9.0001.BIN (SAS-RAID_Firmware_25.5.9.0001.BIN)
[2026/05/19 08:41:42.917402, 10, pid=3900001, effective(65534, 65534), real(65534, 0)] source3/smbd/smb2_trans2.c:1179(smbd_marshall_dir_entry)
  smbd_marshall_dir_entry: space_remaining = 9808
[2026/05/19 08:41:42.917425, 10, pid=3900001, effective(65534, 65534), real(65534, 0)] source3/smbd/smb2_trans2.c:1698(smbd_marshall_dir_entry)
  smbd_marshall_dir_entry: SMB_FIND_FILE_UNIX
[2026/05/19 08:41:42.917442, 10, pid=3900001, effective(65534, 65534), real(65534, 0)] source3/smbd/smb2_trans2.c:2779(store_file_unix_basic)
  store_file_unix_basic: SMB_QUERY_FILE_UNIX_BASIC
[2026/05/19 08:41:42.917459,  4, pid=3900001, effective(65534, 65534), real(65534, 0)] source3/smbd/smb2_trans2.c:2780(store_file_unix_basic)
  store_file_unix_basic: st_mode=100664
[2026/05/19 08:41:42.917483,  5, pid=3900001, effective(65534, 65534), real(65534, 0)] source3/smbd/files.c:1985(file_free)
  file_free: freed files structure 0 (2 used)
[2026/05/19 08:41:42.917503, 10, pid=3900001, effective(65534, 65534), real(65534, 0)] source3/smbd/dir.c:568(smbd_dirptr_get_entry)
  smbd_dirptr_get_entry: dir [.] dirptr [0x6087dc193e50] offset [43] => dname [debian-preseed-s11.iso.preseed-sha256]
[2026/05/19 08:41:42.917524, 10, pid=3900001, effective(65534, 65534), real(65534, 0)] source3/smbd/files.c:868(openat_pathref_fsp_nosymlink)
  openat_pathref_fsp_nosymlink: path_in=debian-preseed-s11.iso.preseed-sha256
[2026/05/19 08:41:42.917542,  5, pid=3900001, effective(65534, 65534), real(65534, 0)] source3/smbd/files.c:77(fsp_new)
  fsp_new: allocated files structure (3 used)
[2026/05/19 08:41:42.917569, 10, pid=3900001, effective(65534, 65534), real(65534, 0)] source3/smbd/files.c:2198(file_name_hash)
  file_name_hash: /var/samba/public/debian-preseed-s11.iso.preseed-sha256 hash 0xe7dfe00f
[2026/05/19 08:41:42.917592, 10, pid=3900001, effective(65534, 65534), real(65534, 0)] source3/smbd/files.c:1278(openat_pathref_fsp_nosymlink)
  openat_pathref_fsp_nosymlink: returning debian-preseed-s11.iso.preseed-sha256
[2026/05/19 08:41:42.917611, 10, pid=3900001, effective(65534, 65534), real(65534, 0)] source3/smbd/dosmode.c:692(fdos_mode)
  fdos_mode: debian-preseed-s11.iso.preseed-sha256
[2026/05/19 08:41:42.917636,  5, pid=3900001, effective(65534, 65534), real(65534, 0)] source3/smbd/dosmode.c:391(fget_ea_dos_attribute)
  fget_ea_dos_attribute: Cannot get attribute from EA on file debian-preseed-s11.iso.preseed-sha256: Error = No data available
[2026/05/19 08:41:42.917657,  5, pid=3900001, effective(65534, 65534), real(65534, 0)] source3/smbd/dosmode.c:68(dos_mode_debug_print)
  dos_mode_debug_print: fdos_mode returning (0x80): ""
[2026/05/19 08:41:42.917678, 10, pid=3900001, effective(65534, 65534), real(65534, 0)] source3/lib/g_lock.c:1655(g_lock_dump)
  g_lock_dump: dbwrap_parse_record returned NT_STATUS_NOT_FOUND
[2026/05/19 08:41:42.917697, 10, pid=3900001, effective(65534, 65534), real(65534, 0), class=locking] source3/locking/share_mode_lock.c:1570(fetch_share_mode_unlocked)
  fetch_share_mode_unlocked: g_lock_dump failed: NT_STATUS_NOT_FOUND
[2026/05/19 08:41:42.917716,  3, pid=3900001, effective(65534, 65534), real(65534, 0)] source3/smbd/dir.c:799(smbd_dirptr_get_entry)
  smbd_dirptr_get_entry: mask=[*] found debian-preseed-s11.iso.preseed-sha256 fname=debian-preseed-s11.iso.preseed-sha256 (debian-preseed-s11.iso.preseed-sha256)
[2026/05/19 08:41:42.917736, 10, pid=3900001, effective(65534, 65534), real(65534, 0)] source3/smbd/smb2_trans2.c:1179(smbd_marshall_dir_entry)
  smbd_marshall_dir_entry: space_remaining = 9632
[2026/05/19 08:41:42.917754, 10, pid=3900001, effective(65534, 65534), real(65534, 0)] source3/smbd/smb2_trans2.c:1698(smbd_marshall_dir_entry)
  smbd_marshall_dir_entry: SMB_FIND_FILE_UNIX
[2026/05/19 08:41:42.917771, 10, pid=3900001, effective(65534, 65534), real(65534, 0)] source3/smbd/smb2_trans2.c:2779(store_file_unix_basic)
  store_file_unix_basic: SMB_QUERY_FILE_UNIX_BASIC
[2026/05/19 08:41:42.917788,  4, pid=3900001, effective(65534, 65534), real(65534, 0)] source3/smbd/smb2_trans2.c:2780(store_file_unix_basic)
  store_file_unix_basic: st_mode=100664
[2026/05/19 08:41:42.917811,  5, pid=3900001, effective(65534, 65534), real(65534, 0)] source3/smbd/files.c:1985(file_free)
  file_free: freed files structure 0 (2 used)
[2026/05/19 08:41:42.917843, 10, pid=3900001, effective(65534, 65534), real(65534, 0)] source3/smbd/dir.c:568(smbd_dirptr_get_entry)
  smbd_dirptr_get_entry: dir [.] dirptr [0x6087dc193e50] offset [44] => dname [debian-preseed-s14-v5.iso]
[2026/05/19 08:41:42.917865, 10, pid=3900001, effective(65534, 65534), real(65534, 0)] source3/smbd/files.c:868(openat_pathref_fsp_nosymlink)
  openat_pathref_fsp_nosymlink: path_in=debian-preseed-s14-v5.iso
[2026/05/19 08:41:42.917911,  5, pid=3900001, effective(65534, 65534), real(65534, 0)] source3/smbd/files.c:77(fsp_new)
  fsp_new: allocated files structure (3 used)
[2026/05/19 08:41:42.917944, 10, pid=3900001, effective(65534, 65534), real(65534, 0)] source3/smbd/files.c:2198(file_name_hash)
  file_name_hash: /var/samba/public/debian-preseed-s14-v5.iso hash 0x35ba58f2
[2026/05/19 08:41:42.917968, 10, pid=3900001, effective(65534, 65534), real(65534, 0)] source3/smbd/files.c:1278(openat_pathref_fsp_nosymlink)
  openat_pathref_fsp_nosymlink: returning debian-preseed-s14-v5.iso
[2026/05/19 08:41:42.917987, 10, pid=3900001, effective(65534, 65534), real(65534, 0)] source3/smbd/dosmode.c:692(fdos_mode)
  fdos_mode: debian-preseed-s14-v5.iso
[2026/05/19 08:41:42.918013,  5, pid=3900001, effective(65534, 65534), real(65534, 0)] source3/smbd/dosmode.c:391(fget_ea_dos_attribute)
  fget_ea_dos_attribute: Cannot get attribute from EA on file debian-preseed-s14-v5.iso: Error = No data available
[2026/05/19 08:41:42.918034,  5, pid=3900001, effective(65534, 65534), real(65534, 0)] source3/smbd/dosmode.c:68(dos_mode_debug_print)
  dos_mode_debug_print: fdos_mode returning (0x80): ""
[2026/05/19 08:41:42.918055, 10, pid=3900001, effective(65534, 65534), real(65534, 0)] source3/lib/g_lock.c:1655(g_lock_dump)
  g_lock_dump: dbwrap_parse_record returned NT_STATUS_NOT_FOUND
[2026/05/19 08:41:42.918074, 10, pid=3900001, effective(65534, 65534), real(65534, 0), class=locking] source3/locking/share_mode_lock.c:1570(fetch_share_mode_unlocked)
  fetch_share_mode_unlocked: g_lock_dump failed: NT_STATUS_NOT_FOUND
[2026/05/19 08:41:42.918093,  3, pid=3900001, effective(65534, 65534), real(65534, 0)] source3/smbd/dir.c:799(smbd_dirptr_get_entry)
  smbd_dirptr_get_entry: mask=[*] found debian-preseed-s14-v5.iso fname=debian-preseed-s14-v5.iso (debian-preseed-s14-v5.iso)
[2026/05/19 08:41:42.918113, 10, pid=3900001, effective(65534, 65534), real(65534, 0)] source3/smbd/smb2_trans2.c:1179(smbd_marshall_dir_entry)
  smbd_marshall_dir_entry: space_remaining = 9448
[2026/05/19 08:41:42.918131, 10, pid=3900001, effective(65534, 65534), real(65534, 0)] source3/smbd/smb2_trans2.c:1698(smbd_marshall_dir_entry)
  smbd_marshall_dir_entry: SMB_FIND_FILE_UNIX
[2026/05/19 08:41:42.918148, 10, pid=3900001, effective(65534, 65534), real(65534, 0)] source3/smbd/smb2_trans2.c:2779(store_file_unix_basic)
  store_file_unix_basic: SMB_QUERY_FILE_UNIX_BASIC
[2026/05/19 08:41:42.918165,  4, pid=3900001, effective(65534, 65534), real(65534, 0)] source3/smbd/smb2_trans2.c:2780(store_file_unix_basic)
  store_file_unix_basic: st_mode=100644
[2026/05/19 08:41:42.918188,  5, pid=3900001, effective(65534, 65534), real(65534, 0)] source3/smbd/files.c:1985(file_free)
  file_free: freed files structure 0 (2 used)
[2026/05/19 08:41:42.918208, 10, pid=3900001, effective(65534, 65534), real(65534, 0)] source3/smbd/dir.c:568(smbd_dirptr_get_entry)
  smbd_dirptr_get_entry: dir [.] dirptr [0x6087dc193e50] offset [45] => dname [debian-preseed-s15.iso.preseed-sha256]
[2026/05/19 08:41:42.918229, 10, pid=3900001, effective(65534, 65534), real(65534, 0)] source3/smbd/files.c:868(openat_pathref_fsp_nosymlink)
  openat_pathref_fsp_nosymlink: path_in=debian-preseed-s15.iso.preseed-sha256
[2026/05/19 08:41:42.918248,  5, pid=3900001, effective(65534, 65534), real(65534, 0)] source3/smbd/files.c:77(fsp_new)
  fsp_new: allocated files structure (3 used)
[2026/05/19 08:41:42.918274, 10, pid=3900001, effective(65534, 65534), real(65534, 0)] source3/smbd/files.c:2198(file_name_hash)
  file_name_hash: /var/samba/public/debian-preseed-s15.iso.preseed-sha256 hash 0x5c083cef
[2026/05/19 08:41:42.918302, 10, pid=3900001, effective(65534, 65534), real(65534, 0)] source3/smbd/files.c:1278(openat_pathref_fsp_nosymlink)
  openat_pathref_fsp_nosymlink: returning debian-preseed-s15.iso.preseed-sha256
[2026/05/19 08:41:42.918321, 10, pid=3900001, effective(65534, 65534), real(65534, 0)] source3/smbd/dosmode.c:692(fdos_mode)
  fdos_mode: debian-preseed-s15.iso.preseed-sha256
[2026/05/19 08:41:42.918346,  5, pid=3900001, effective(65534, 65534), real(65534, 0)] source3/smbd/dosmode.c:391(fget_ea_dos_attribute)
  fget_ea_dos_attribute: Cannot get attribute from EA on file debian-preseed-s15.iso.preseed-sha256: Error = No data available
[2026/05/19 08:41:42.918367,  5, pid=3900001, effective(65534, 65534), real(65534, 0)] source3/smbd/dosmode.c:68(dos_mode_debug_print)
  dos_mode_debug_print: fdos_mode returning (0x80): ""
[2026/05/19 08:41:42.918388, 10, pid=3900001, effective(65534, 65534), real(65534, 0)] source3/lib/g_lock.c:1655(g_lock_dump)
  g_lock_dump: dbwrap_parse_record returned NT_STATUS_NOT_FOUND
[2026/05/19 08:41:42.918407, 10, pid=3900001, effective(65534, 65534), real(65534, 0), class=locking] source3/locking/share_mode_lock.c:1570(fetch_share_mode_unlocked)
  fetch_share_mode_unlocked: g_lock_dump failed: NT_STATUS_NOT_FOUND
[2026/05/19 08:41:42.918426,  3, pid=3900001, effective(65534, 65534), real(65534, 0)] source3/smbd/dir.c:799(smbd_dirptr_get_entry)
  smbd_dirptr_get_entry: mask=[*] found debian-preseed-s15.iso.preseed-sha256 fname=debian-preseed-s15.iso.preseed-sha256 (debian-preseed-s15.iso.preseed-sha256)
[2026/05/19 08:41:42.918446, 10, pid=3900001, effective(65534, 65534), real(65534, 0)] source3/smbd/smb2_trans2.c:1179(smbd_marshall_dir_entry)
  smbd_marshall_dir_entry: space_remaining = 9288
[2026/05/19 08:41:42.918464, 10, pid=3900001, effective(65534, 65534), real(65534, 0)] source3/smbd/smb2_trans2.c:1698(smbd_marshall_dir_entry)
  smbd_marshall_dir_entry: SMB_FIND_FILE_UNIX
[2026/05/19 08:41:42.918481, 10, pid=3900001, effective(65534, 65534), real(65534, 0)] source3/smbd/smb2_trans2.c:2779(store_file_unix_basic)
  store_file_unix_basic: SMB_QUERY_FILE_UNIX_BASIC
[2026/05/19 08:41:42.918498,  4, pid=3900001, effective(65534, 65534), real(65534, 0)] source3/smbd/smb2_trans2.c:2780(store_file_unix_basic)
  store_file_unix_basic: st_mode=100664
[2026/05/19 08:41:42.918522,  5, pid=3900001, effective(65534, 65534), real(65534, 0)] source3/smbd/files.c:1985(file_free)
  file_free: freed files structure 0 (2 used)
[2026/05/19 08:41:42.918541, 10, pid=3900001, effective(65534, 65534), real(65534, 0)] source3/smbd/dir.c:568(smbd_dirptr_get_entry)
  smbd_dirptr_get_entry: dir [.] dirptr [0x6087dc193e50] offset [46] => dname [debian-preseed-s5.iso.preseed-sha256]
[2026/05/19 08:41:42.918562, 10, pid=3900001, effective(65534, 65534), real(65534, 0)] source3/smbd/files.c:868(openat_pathref_fsp_nosymlink)
  openat_pathref_fsp_nosymlink: path_in=debian-preseed-s5.iso.preseed-sha256
[2026/05/19 08:41:42.918581,  5, pid=3900001, effective(65534, 65534), real(65534, 0)] source3/smbd/files.c:77(fsp_new)
  fsp_new: allocated files structure (3 used)
[2026/05/19 08:41:42.918607, 10, pid=3900001, effective(65534, 65534), real(65534, 0)] source3/smbd/files.c:2198(file_name_hash)
  file_name_hash: /var/samba/public/debian-preseed-s5.iso.preseed-sha256 hash 0x852ea435
[2026/05/19 08:41:42.918630, 10, pid=3900001, effective(65534, 65534), real(65534, 0)] source3/smbd/files.c:1278(openat_pathref_fsp_nosymlink)
  openat_pathref_fsp_nosymlink: returning debian-preseed-s5.iso.preseed-sha256
[2026/05/19 08:41:42.918649, 10, pid=3900001, effective(65534, 65534), real(65534, 0)] source3/smbd/dosmode.c:692(fdos_mode)
  fdos_mode: debian-preseed-s5.iso.preseed-sha256
[2026/05/19 08:41:42.918674,  5, pid=3900001, effective(65534, 65534), real(65534, 0)] source3/smbd/dosmode.c:391(fget_ea_dos_attribute)
  fget_ea_dos_attribute: Cannot get attribute from EA on file debian-preseed-s5.iso.preseed-sha256: Error = No data available
[2026/05/19 08:41:42.918695,  5, pid=3900001, effective(65534, 65534), real(65534, 0)] source3/smbd/dosmode.c:68(dos_mode_debug_print)
  dos_mode_debug_print: fdos_mode returning (0x80): ""
[2026/05/19 08:41:42.918719, 10, pid=3900001, effective(65534, 65534), real(65534, 0)] source3/lib/g_lock.c:1655(g_lock_dump)
  g_lock_dump: dbwrap_parse_record returned NT_STATUS_NOT_FOUND
[2026/05/19 08:41:42.918739, 10, pid=3900001, effective(65534, 65534), real(65534, 0), class=locking] source3/locking/share_mode_lock.c:1570(fetch_share_mode_unlocked)
  fetch_share_mode_unlocked: g_lock_dump failed: NT_STATUS_NOT_FOUND
[2026/05/19 08:41:42.918758,  3, pid=3900001, effective(65534, 65534), real(65534, 0)] source3/smbd/dir.c:799(smbd_dirptr_get_entry)
  smbd_dirptr_get_entry: mask=[*] found debian-preseed-s5.iso.preseed-sha256 fname=debian-preseed-s5.iso.preseed-sha256 (debian-preseed-s5.iso.preseed-sha256)
[2026/05/19 08:41:42.918779, 10, pid=3900001, effective(65534, 65534), real(65534, 0)] source3/smbd/smb2_trans2.c:1179(smbd_marshall_dir_entry)
  smbd_marshall_dir_entry: space_remaining = 9104
[2026/05/19 08:41:42.918796, 10, pid=3900001, effective(65534, 65534), real(65534, 0)] source3/smbd/smb2_trans2.c:1698(smbd_marshall_dir_entry)
  smbd_marshall_dir_entry: SMB_FIND_FILE_UNIX
[2026/05/19 08:41:42.918813, 10, pid=3900001, effective(65534, 65534), real(65534, 0)] source3/smbd/smb2_trans2.c:2779(store_file_unix_basic)
  store_file_unix_basic: SMB_QUERY_FILE_UNIX_BASIC
[2026/05/19 08:41:42.918841,  4, pid=3900001, effective(65534, 65534), real(65534, 0)] source3/smbd/smb2_trans2.c:2780(store_file_unix_basic)
  store_file_unix_basic: st_mode=100664
[2026/05/19 08:41:42.918864,  5, pid=3900001, effective(65534, 65534), real(65534, 0)] source3/smbd/files.c:1985(file_free)
  file_free: freed files structure 0 (2 used)
[2026/05/19 08:41:42.918897, 10, pid=3900001, effective(65534, 65534), real(65534, 0)] source3/smbd/dir.c:568(smbd_dirptr_get_entry)
  smbd_dirptr_get_entry: dir [.] dirptr [0x6087dc193e50] offset [47] => dname [grub-memtest.iso]
[2026/05/19 08:41:42.918918, 10, pid=3900001, effective(65534, 65534), real(65534, 0)] source3/smbd/files.c:868(openat_pathref_fsp_nosymlink)
  openat_pathref_fsp_nosymlink: path_in=grub-memtest.iso
[2026/05/19 08:41:42.918936,  5, pid=3900001, effective(65534, 65534), real(65534, 0)] source3/smbd/files.c:77(fsp_new)
  fsp_new: allocated files structure (3 used)
[2026/05/19 08:41:42.918963, 10, pid=3900001, effective(65534, 65534), real(65534, 0)] source3/smbd/files.c:2198(file_name_hash)
  file_name_hash: /var/samba/public/grub-memtest.iso hash 0x38e9897a
[2026/05/19 08:41:42.918986, 10, pid=3900001, effective(65534, 65534), real(65534, 0)] source3/smbd/files.c:1278(openat_pathref_fsp_nosymlink)
  openat_pathref_fsp_nosymlink: returning grub-memtest.iso
[2026/05/19 08:41:42.919004, 10, pid=3900001, effective(65534, 65534), real(65534, 0)] source3/smbd/dosmode.c:692(fdos_mode)
  fdos_mode: grub-memtest.iso
[2026/05/19 08:41:42.919030,  5, pid=3900001, effective(65534, 65534), real(65534, 0)] source3/smbd/dosmode.c:391(fget_ea_dos_attribute)
  fget_ea_dos_attribute: Cannot get attribute from EA on file grub-memtest.iso: Error = No data available
[2026/05/19 08:41:42.919051,  5, pid=3900001, effective(65534, 65534), real(65534, 0)] source3/smbd/dosmode.c:68(dos_mode_debug_print)
  dos_mode_debug_print: fdos_mode returning (0x80): ""
[2026/05/19 08:41:42.919071, 10, pid=3900001, effective(65534, 65534), real(65534, 0)] source3/lib/g_lock.c:1655(g_lock_dump)
  g_lock_dump: dbwrap_parse_record returned NT_STATUS_NOT_FOUND
[2026/05/19 08:41:42.919091, 10, pid=3900001, effective(65534, 65534), real(65534, 0), class=locking] source3/locking/share_mode_lock.c:1570(fetch_share_mode_unlocked)
  fetch_share_mode_unlocked: g_lock_dump failed: NT_STATUS_NOT_FOUND
[2026/05/19 08:41:42.919110,  3, pid=3900001, effective(65534, 65534), real(65534, 0)] source3/smbd/dir.c:799(smbd_dirptr_get_entry)
  smbd_dirptr_get_entry: mask=[*] found grub-memtest.iso fname=grub-memtest.iso (grub-memtest.iso)
[2026/05/19 08:41:42.919130, 10, pid=3900001, effective(65534, 65534), real(65534, 0)] source3/smbd/smb2_trans2.c:1179(smbd_marshall_dir_entry)
  smbd_marshall_dir_entry: space_remaining = 8920
[2026/05/19 08:41:42.919152, 10, pid=3900001, effective(65534, 65534), real(65534, 0)] source3/smbd/smb2_trans2.c:1698(smbd_marshall_dir_entry)
  smbd_marshall_dir_entry: SMB_FIND_FILE_UNIX
[2026/05/19 08:41:42.919170, 10, pid=3900001, effective(65534, 65534), real(65534, 0)] source3/smbd/smb2_trans2.c:2779(store_file_unix_basic)
  store_file_unix_basic: SMB_QUERY_FILE_UNIX_BASIC
[2026/05/19 08:41:42.919187,  4, pid=3900001, effective(65534, 65534), real(65534, 0)] source3/smbd/smb2_trans2.c:2780(store_file_unix_basic)
  store_file_unix_basic: st_mode=100664
[2026/05/19 08:41:42.919210,  5, pid=3900001, effective(65534, 65534), real(65534, 0)] source3/smbd/files.c:1985(file_free)
  file_free: freed files structure 0 (2 used)
[2026/05/19 08:41:42.919232, 10, pid=3900001, effective(65534, 65534), real(65534, 0)] source3/smbd/dir.c:568(smbd_dirptr_get_entry)
  smbd_dirptr_get_entry: dir [.] dirptr [0x6087dc193e50] offset [47] => dname [(finished)]
[2026/05/19 08:41:42.919251,  5, pid=3900001, effective(65534, 65534), real(65534, 0)] source3/smbd/smb1_trans2.c:1160(call_trans2findfirst)
  call_trans2findfirst - (2) closing dptr_num 256
[2026/05/19 08:41:42.919281,  5, pid=3900001, effective(65534, 65534), real(65534, 0)] lib/dbwrap/dbwrap.c:172(dbwrap_lock_order_lock)
  dbwrap_lock_order_lock: check lock order 1 for /run/samba/locking.tdb
[2026/05/19 08:41:42.919300, 10, pid=3900001, effective(65534, 65534), real(65534, 0)] lib/dbwrap/dbwrap.c:157(debug_lock_order)
  lock order:  1:/run/samba/locking.tdb 2:<none> 3:<none> 4:<none>
[2026/05/19 08:41:42.919324, 10, pid=3900001, effective(65534, 65534), real(65534, 0), class=locking] source3/locking/share_mode_lock.c:322(share_mode_memcache_fetch)
  share_mode_memcache_fetch: fetched entry for file . epoch 43175613119d8f72 key 64512:16927250:0
[2026/05/19 08:41:42.919344, 10, pid=3900001, effective(65534, 65534), real(65534, 0), class=locking] source3/locking/share_mode_lock.c:990(get_share_mode_lock_internal)
  get_share_mode_lock_internal: Returning 64512:16927250:0 (data_cached=1 key_refcount=1)
[2026/05/19 08:41:42.919364, 10, pid=3900001, effective(65534, 65534), real(65534, 0), class=locking] source3/locking/locking.c:1007(find_delete_on_close_token)
  find_delete_on_close_token: name_hash = 0xb9bae796
[2026/05/19 08:41:42.919385, 10, pid=3900001, effective(65534, 65534), real(65534, 0), class=locking] source3/locking/share_mode_lock.c:2388(share_mode_entry_do)
  share_mode_entry_do: num_share_modes=1
[2026/05/19 08:41:42.919403, 10, pid=3900001, effective(65534, 65534), real(65534, 0), class=locking] source3/locking/share_mode_lock.c:1941(share_mode_entry_find)
  share_mode_entry_find: left=0, right=0, middle=0, middle_ptr=0x6087dc1ad11a
[2026/05/19 08:41:42.919426, 10, pid=3900001, effective(65534, 65534), real(65534, 0), class=locking] source3/locking/share_mode_lock.c:2404(share_mode_entry_do)
  share_mode_entry_do: entry[0]:
[2026/05/19 08:41:42.919445,  1, pid=3900001, effective(65534, 65534), real(65534, 0), class=rpc_parse] source3/locking/share_mode_lock.c:2405(share_mode_entry_do)
       &e: struct share_mode_entry
          pid: struct server_id
              pid                      : 0x00000000003b8261 (3900001)
              task_id                  : 0x00000000 (0)
              vnn                      : 0xffffffff (4294967295)
              unique_id                : 0xd2c33d9fcd33ff8f (-3259693948734275697)
          op_mid                   : 0x000000000000000f (15)
          op_type                  : SHARE_MODE_ENTRY_OP_TYPE_NONE (0)
          client_guid              : 00000000-0000-0000-0000-000000000000
          lease_key: struct smb2_lease_key
              data: ARRAY(2)
                  data                     : 0x0000000000000000 (0)
                  data                     : 0x0000000000000000 (0)
          access_mask              : 0x00000001 (1)
          share_access             : 0x00000003 (3)
          private_options          : 0x00000000 (0)
          time                     : Tue May 19 08:41:42 AM 2026 JST.899928
          share_file_id            : 0x000000000000000c (12)
          uid                      : 0x0000fffe (65534)
          flags                    : 0x0000 (0)
          name_hash                : 0xb9bae796 (3116033942)
          stale                    : 0x00 (0)
[2026/05/19 08:41:42.919599, 10, pid=3900001, effective(65534, 65534), real(65534, 0), class=locking] source3/locking/share_mode_lock.c:2410(share_mode_entry_do)
  share_mode_entry_do: entry[0]: modified=0, e.stale=1
[2026/05/19 08:41:42.919617, 10, pid=3900001, effective(65534, 65534), real(65534, 0), class=locking] source3/locking/share_mode_lock.c:2444(share_mode_entry_do)
  share_mode_entry_do: share_mode_entry:
[2026/05/19 08:41:42.919635,  1, pid=3900001, effective(65534, 65534), real(65534, 0), class=rpc_parse] source3/locking/share_mode_lock.c:2445(share_mode_entry_do)
       &e: struct share_mode_entry
          pid: struct server_id
              pid                      : 0x00000000003b8261 (3900001)
              task_id                  : 0x00000000 (0)
              vnn                      : 0xffffffff (4294967295)
              unique_id                : 0xd2c33d9fcd33ff8f (-3259693948734275697)
          op_mid                   : 0x000000000000000f (15)
          op_type                  : SHARE_MODE_ENTRY_OP_TYPE_NONE (0)
          client_guid              : 00000000-0000-0000-0000-000000000000
          lease_key: struct smb2_lease_key
              data: ARRAY(2)
                  data                     : 0x0000000000000000 (0)
                  data                     : 0x0000000000000000 (0)
          access_mask              : 0x00000001 (1)
          share_access             : 0x00000003 (3)
          private_options          : 0x00000000 (0)
          time                     : Tue May 19 08:41:42 AM 2026 JST.899928
          share_file_id            : 0x000000000000000c (12)
          uid                      : 0x0000fffe (65534)
          flags                    : 0x0000 (0)
          name_hash                : 0xb9bae796 (3116033942)
          stale                    : 0x01 (1)
[2026/05/19 08:41:42.919776, 10, pid=3900001, effective(65534, 65534), real(65534, 0), class=locking] source3/locking/share_mode_lock.c:626(share_mode_data_ltdb_store)
  share_mode_data_ltdb_store: 
[2026/05/19 08:41:42.919794,  1, pid=3900001, effective(65534, 65534), real(65534, 0), class=rpc_parse] source3/locking/share_mode_lock.c:627(share_mode_data_ltdb_store)
       d: struct share_mode_data
          unique_content_epoch     : 0x43175613119d8f74 (4834427364905422708)
          flags                    : 0x00c8 (200)
                 0: SHARE_MODE_SHARE_DELETE  
                 1: SHARE_MODE_SHARE_WRITE   
                 1: SHARE_MODE_SHARE_READ    
                 0: SHARE_MODE_ACCESS_DELETE 
                 0: SHARE_MODE_ACCESS_WRITE  
                 1: SHARE_MODE_ACCESS_READ   
                 0: SHARE_MODE_LEASE_HANDLE  
                 0: SHARE_MODE_LEASE_WRITE   
                 0: SHARE_MODE_LEASE_READ    
          servicepath              : *
              servicepath              : '/var/samba/public'
          base_name                : *
              base_name                : '.'
          stream_name              : NULL
          num_delete_tokens        : 0x00000000 (0)
          delete_tokens: ARRAY(0)
          old_write_time           : NTTIME(0)
          changed_write_time       : NTTIME(0)
          not_stored               : 0x00 (0)
          modified                 : 0x01 (1)
          id: struct file_id
              devid                    : 0x000000000000fc00 (64512)
              inode                    : 0x0000000001024a12 (16927250)
              extid                    : 0x0000000000000000 (0)
[2026/05/19 08:41:42.919977, 10, pid=3900001, effective(65534, 65534), real(65534, 0), class=locking] source3/locking/share_mode_lock.c:676(share_mode_data_store)
  share_mode_data_store: not modified
[2026/05/19 08:41:42.920002,  5, pid=3900001, effective(65534, 65534), real(65534, 0)] lib/dbwrap/dbwrap.c:204(dbwrap_lock_order_unlock)
  dbwrap_lock_order_unlock: release lock order 1 for /run/samba/locking.tdb
[2026/05/19 08:41:42.920020, 10, pid=3900001, effective(65534, 65534), real(65534, 0)] source3/lib/dbwrap/dbwrap_watch.c:507(dbwrap_watched_record_prepare_wakeup)
  dbwrap_watched_record_prepare_wakeup: No watchers
[2026/05/19 08:41:42.920041, 10, pid=3900001, effective(65534, 65534), real(65534, 0)] source3/lib/dbwrap/dbwrap_watch.c:487(dbwrap_watched_do_locked)
  dbwrap_watched_do_locked: dbwrap_watched_do_locked_fn returned
[2026/05/19 08:41:42.920059, 10, pid=3900001, effective(65534, 65534), real(65534, 0)] source3/lib/dbwrap/dbwrap_watch.c:550(dbwrap_watched_trigger_wakeup)
  dbwrap_watched_trigger_wakeup: No one to wakeup
[2026/05/19 08:41:42.920077, 10, pid=3900001, effective(65534, 65534), real(65534, 0)] source3/lib/g_lock.c:1275(g_lock_lock)
  g_lock_lock: status=NT_STATUS_OK, state.status=NT_STATUS_WAS_UNLOCKED
[2026/05/19 08:41:42.920098,  5, pid=3900001, effective(65534, 65534), real(65534, 0)] source3/smbd/dir.c:330(dptr_CloseDir)
  dptr_CloseDir: closing dptr key 256
[2026/05/19 08:41:42.920130,  5, pid=3900001, effective(65534, 65534), real(65534, 0)] lib/dbwrap/dbwrap.c:172(dbwrap_lock_order_lock)
  dbwrap_lock_order_lock: check lock order 1 for /run/samba/smbXsrv_open_global.tdb
[2026/05/19 08:41:42.920148, 10, pid=3900001, effective(65534, 65534), real(65534, 0)] lib/dbwrap/dbwrap.c:157(debug_lock_order)
  lock order:  1:/run/samba/smbXsrv_open_global.tdb 2:<none> 3:<none> 4:<none>
[2026/05/19 08:41:42.920171,  5, pid=3900001, effective(65534, 65534), real(65534, 0)] lib/dbwrap/dbwrap.c:204(dbwrap_lock_order_unlock)
  dbwrap_lock_order_unlock: release lock order 1 for /run/samba/smbXsrv_open_global.tdb
[2026/05/19 08:41:42.920192,  5, pid=3900001, effective(65534, 65534), real(65534, 0)] source3/smbd/files.c:1985(file_free)
  file_free: freed files structure 33373 (1 used)
[2026/05/19 08:41:42.920214,  9, pid=3900001, effective(65534, 65534), real(65534, 0)] source3/smbd/smb1_trans2.c:230(send_trans2_replies)
  t2_rep: params_sent_thistime = 10, data_sent_thistime = 7608, useable_space = 16406
[2026/05/19 08:41:42.920232,  9, pid=3900001, effective(65534, 65534), real(65534, 0)] source3/smbd/smb1_trans2.c:232(send_trans2_replies)
  t2_rep: params_to_send = 10, data_to_send = 7608, paramsize = 10, datasize = 7608
[2026/05/19 08:41:42.920263,  5, pid=3900001, effective(65534, 65534), real(65534, 0)] source3/lib/util.c:150(show_msg)
  size=7676
  smb_com=0x32
  smb_rcls=0
  smb_reh=0
  smb_err=0
  smb_flg=128
  smb_flg2=51203
  smb_tid=40835
  smb_pid=1800
  smb_uid=54244
  smb_mid=15
  smt_wct=10
  smb_vwv[ 0]=   10 (0xA)
  smb_vwv[ 1]= 7608 (0x1DB8)
  smb_vwv[ 2]=    0 (0x0)
  smb_vwv[ 3]=   10 (0xA)
  smb_vwv[ 4]=   56 (0x38)
  smb_vwv[ 5]=    0 (0x0)
  smb_vwv[ 6]= 7608 (0x1DB8)
  smb_vwv[ 7]=   68 (0x44)
  smb_vwv[ 8]=    0 (0x0)
  smb_vwv[ 9]=    0 (0x0)
  smb_bcc=7621
[2026/05/19 08:41:42.920364, 10, pid=3900001, effective(65534, 65534), real(65534, 0)] lib/util/util.c:578(dump_data)
  [0000] 00 FF FF 2F 00 01 00 00   00 28 1D 00 00 70 00 00   .../.... .(...p..
  [0010] 00 00 00 00 00 00 00 00   00 00 00 00 00 00 00 00   ........ ........
  [0020] 00 00 00 00 00 44 FA 38   38 65 E6 DC 01 91 D5 E5   .....D.8 8e......
  [0030] 49 65 E6 DC 01 44 FA 38   38 65 E6 DC 01 FE FF 00   Ie...D.8 8e......
  [0040] 00 00 00 00 00 FE FF 00   00 00 00 00 00 01 00 00   ........ ........
  [0050] 00 FC 00 00 00 00 00 00   00 00 00 00 00 00 00 00   ........ ........
  [0060] 00 12 4A 02 01 00 00 00   00 FF 01 00 00 00 00 00   ..J..... ........
  [0070] 00 05 00 00 00 00 00 00   00 2E 00 00 00 74 00 00   ........ .....t..
  [0080] 00 00 00 00 00 00 00 00   00 00 00 00 00 00 00 00   ........ ........
  [0090] 00 00 00 00 00 44 FA 38   38 65 E6 DC 01 91 D5 E5   .....D.8 8e......
  [00A0] 49 65 E6 DC 01 44 FA 38   38 65 E6 DC 01 FF FF FF   Ie...D.8 8e......
  [00B0] FF 00 00 00 00 FF FF FF   FF 00 00 00 00 01 00 00   ........ ........
  [00C0] 00 00 00 00 00 00 00 00   00 00 00 00 00 00 00 00   ........ ........
  [00D0] 00 00 00 00 00 00 00 00   00 FF 01 00 00 00 00 00   ........ ........
  [00E0] 00 05 00 00 00 00 00 00   00 2E 00 2E 00 00 00 00   ........ ........
  [00F0] 00 CC 00 00 00 00 00 00   00 00 D8 96 A8 01 00 00   ........ ........
  [0100] 00 00 F0 96 A8 01 00 00   00 A4 C8 6E 87 51 DD DC   ........ ...n.Q..
  [0110] 01 46 50 CA 4A 8A DD DC   01 F1 E5 6E 87 51 DD DC   .FP.J... ...n.Q..
  [0120] 01 FE FF 00 00 00 00 00   00 FE FF 00 00 00 00 00   ........ ........
  [0130] 00 00 00 00 00 FC 00 00   00 00 00 00 00 00 00 00   ........ ........
  [0140] 00 00 00 00 00 FD 13 02   01 00 00 00 00 B6 01 00   ........ ........
  [0150] 00 00 00 00 00 01 00 00   00 00 00 00 00 70 00 68   ........ .....p.h
  [0160] 00 6F 00 65 00 6E 00 69   00 78 00 2E 00 78 00 38   .o.e.n.i .x...x.8
  [0170] 00 36 00 5F 00 36 00 34   00 2D 00 66 00 6E 00 64   .6._.6.4 .-.f.n.d
  [0180] 00 5F 00 35 00 2E 00 36   00 2E 00 31 00 5F 00 70   ._.5...6 ...1._.p
  [0190] 00 61 00 74 00 63 00 68   00 2D 00 61 00 6F 00 73   .a.t.c.h .-.a.o.s
  [01A0] 00 5F 00 36 00 2E 00 38   00 2E 00 31 00 5F 00 67   ._.6...8 ...1._.g
  [01B0] 00 61 00 2E 00 69 00 73   00 6F 00 00 00 B0 00 00   .a...i.s .o......
  [01C0] 00 00 00 00 00 3D 7C 62   00 00 00 00 00 00 80 62   .....=|b .......b
  [01D0] 00 00 00 00 00 1F 6A 78   0D 7F C8 DC 01 83 9A F0   ......jx ........
  [01E0] 32 7F C8 DC 01 80 18 17   0C D2 5C DC 01 E8 03 00   2....... ..\.....
  [01F0] 00 00 00 00 00 E8 03 00   00 00 00 00 00 00 00 00   ........ ........
[2026/05/19 08:41:42.921105,  4, pid=3900001, effective(65534, 65534), real(65534, 0)] source3/smbd/smb1_trans2.c:1210(call_trans2findfirst)
  SMBtrans2 mask=* directory=. dirtype=23 numentries=47
[2026/05/19 08:41:42.921189,  5, pid=3900001, effective(65534, 65534), real(65534, 0)] source3/smbd/files.c:1985(file_free)
  file_free: freed files structure 0 (0 used)
[2026/05/19 08:42:38.479939, 10, pid=3900001, effective(65534, 65534), real(65534, 0)] source3/lib/util_event.c:42(smbd_idle_event_handler)
  smbd_idle_event_handler: idle_evt(deadtime) (nil) called
[2026/05/19 08:42:38.480181, 10, pid=3900001, effective(65534, 65534), real(65534, 0)] source3/lib/util_event.c:53(smbd_idle_event_handler)
  smbd_idle_event_handler: idle_evt(deadtime) (nil) rescheduled
[2026/05/19 08:42:38.480260, 10, pid=3900001, effective(65534, 65534), real(65534, 0)] source3/lib/util_event.c:42(smbd_idle_event_handler)
  smbd_idle_event_handler: idle_evt(housekeeping) (nil) called
[2026/05/19 08:42:38.480286,  5, pid=3900001, effective(65534, 65534), real(65534, 0)] source3/smbd/smb2_process.c:1582(housekeeping_fn)
  housekeeping
[2026/05/19 08:42:38.480328,  4, pid=3900001, effective(65534, 65534), real(65534, 0)] source3/smbd/sec_ctx.c:317(set_sec_ctx_internal)
  setting sec ctx (0, 0) - sec_ctx_stack_ndx = 0
[2026/05/19 08:42:38.480358,  5, pid=3900001, effective(65534, 65534), real(65534, 0)] libcli/security/security_token.c:49(security_token_debug)
  Security token: (NULL)
[2026/05/19 08:42:38.480383,  5, pid=3900001, effective(65534, 65534), real(65534, 0)] source3/auth/token_util.c:873(debug_unix_user_token)
  UNIX token of user 0
  Primary group is 0 and contains 0 supplementary groups
[2026/05/19 08:42:38.480460,  5, pid=3900001, effective(0, 0), real(0, 0)] source3/smbd/uid.c:494(smbd_change_to_root_user)
  change_to_root_user: now uid=(0,0) gid=(0,0)
[2026/05/19 08:42:38.480502, 10, pid=3900001, effective(0, 0), real(0, 0)] source3/lib/util_event.c:53(smbd_idle_event_handler)
  smbd_idle_event_handler: idle_evt(housekeeping) (nil) rescheduled
[2026/05/19 08:42:41.780123, 10, pid=3900001, effective(0, 0), real(0, 0)] source3/lib/util_sock.c:180(read_smb_length_return_keepalive)
  got smb length of 142
[2026/05/19 08:42:41.780228,  6, pid=3900001, effective(0, 0), real(0, 0)] source3/smbd/smb2_process.c:574(process_smb)
  got message type 0x0 of len 0x8e
[2026/05/19 08:42:41.780251,  3, pid=3900001, effective(0, 0), real(0, 0)] source3/smbd/smb2_process.c:576(process_smb)
  Transaction 15 of length 146 (0 toread)
[2026/05/19 08:42:41.780321,  5, pid=3900001, effective(0, 0), real(0, 0)] source3/lib/util.c:150(show_msg)
  size=142
  smb_com=0x32
  smb_rcls=0
  smb_reh=0
  smb_err=0
  smb_flg=0
  smb_flg2=49153
  smb_tid=40835
  smb_pid=1800
  smb_uid=54244
  smb_mid=16
  smt_wct=15
  smb_vwv[ 0]=   76 (0x4C)
  smb_vwv[ 1]=    0 (0x0)
  smb_vwv[ 2]=    2 (0x2)
  smb_vwv[ 3]= 4000 (0xFA0)
  smb_vwv[ 4]=    0 (0x0)
  smb_vwv[ 5]=    0 (0x0)
  smb_vwv[ 6]=    0 (0x0)
  smb_vwv[ 7]=    0 (0x0)
  smb_vwv[ 8]=    0 (0x0)
  smb_vwv[ 9]=   76 (0x4C)
  smb_vwv[10]=   66 (0x42)
  smb_vwv[11]=    0 (0x0)
  smb_vwv[12]=    0 (0x0)
  smb_vwv[13]=    1 (0x1)
  smb_vwv[14]=    5 (0x5)
  smb_bcc=77
[2026/05/19 08:42:41.780443, 10, pid=3900001, effective(0, 0), real(0, 0)] lib/util/util.c:578(dump_data)
  [0000] 00 00 02 00 00 00 00 2F   00 64 00 65 00 62 00 69   ......./ .d.e.b.i
  [0010] 00 61 00 6E 00 2D 00 74   00 72 00 61 00 69 00 6E   .a.n.-.t .r.a.i.n
  [0020] 00 69 00 6E 00 67 00 2D   00 74 00 78 00 31 00 33   .i.n.g.- .t.x.1.3
  [0030] 00 32 00 30 00 2D 00 72   00 61 00 69 00 64 00 31   .2.0.-.r .a.i.d.1
  [0040] 00 30 00 2E 00 69 00 73   00 6F 00 00 00            .0...i.s .o...
[2026/05/19 08:42:41.780581,  3, pid=3900001, effective(0, 0), real(0, 0)] source3/smbd/smb1_process.c:1112(switch_message)
  switch message SMBtrans2 (pid 3900001) conn 0x6087dc1782d0
[2026/05/19 08:42:41.780632,  4, pid=3900001, effective(0, 0), real(0, 0)] source3/smbd/sec_ctx.c:317(set_sec_ctx_internal)
  setting sec ctx (65534, 65534) - sec_ctx_stack_ndx = 0
[2026/05/19 08:42:41.780652,  5, pid=3900001, effective(0, 0), real(0, 0)] libcli/security/security_token.c:53(security_token_debug)
  Security token SIDs (7):
    SID[  0]: S-1-5-21-2342536155-1022706741-2866312864-501
    SID[  1]: S-1-5-21-2342536155-1022706741-2866312864-514
    SID[  2]: S-1-22-2-65534
    SID[  3]: S-1-1-0
    SID[  4]: S-1-5-2
    SID[  5]: S-1-5-32-546
    SID[  6]: S-1-22-1-65534
   Privileges (0x               0):
   Rights (0x               0):
[2026/05/19 08:42:41.780719,  5, pid=3900001, effective(0, 0), real(0, 0)] source3/auth/token_util.c:873(debug_unix_user_token)
  UNIX token of user 65534
  Primary group is 65534 and contains 1 supplementary groups
  Group[  0]: 65534
[2026/05/19 08:42:41.780784,  4, pid=3900001, effective(65534, 65534), real(65534, 0), class=vfs] source3/smbd/vfs.c:937(vfs_ChDir)
  vfs_ChDir to /var/samba/public
[2026/05/19 08:42:41.780833,  5, pid=3900001, effective(65534, 65534), real(65534, 0), class=vfs] source3/smbd/vfs.c:999(vfs_ChDir)
  vfs_ChDir: vfs_ChDir got /var/samba/public
[2026/05/19 08:42:41.780861,  5, pid=3900001, effective(65534, 65534), real(65534, 0)] source3/smbd/uid.c:294(print_impersonation_info)
  print_impersonation_info: Impersonated user: uid=(65534,65534), gid=(0,65534), cwd=[/var/samba/public]
[2026/05/19 08:42:41.780957,  3, pid=3900001, effective(65534, 65534), real(65534, 0)] source3/smbd/smb1_trans2.c:2645(call_trans2qpathinfo)
  call_trans2qpathinfo: TRANSACT2_QPATHINFO: level = 512
[2026/05/19 08:42:41.781013, 10, pid=3900001, effective(65534, 65534), real(65534, 0)] source3/smbd/files.c:562(openat_pathref_fsp)
  openat_pathref_fsp: smb_fname [.]
[2026/05/19 08:42:41.781034, 10, pid=3900001, effective(65534, 65534), real(65534, 0)] source3/smbd/files.c:462(openat_pathref_fullname)
  openat_pathref_fullname: smb_fname [.]
[2026/05/19 08:42:41.781053,  5, pid=3900001, effective(65534, 65534), real(65534, 0)] source3/smbd/files.c:77(fsp_new)
  fsp_new: allocated files structure (1 used)
[2026/05/19 08:42:41.781074, 10, pid=3900001, effective(65534, 65534), real(65534, 0)] source3/smbd/files.c:2198(file_name_hash)
  file_name_hash: /var/samba/public/. hash 0xb9bae796
[2026/05/19 08:42:41.781114, 10, pid=3900001, effective(65534, 65534), real(65534, 0)] source3/smbd/open.c:930(fd_openat)
  fd_openat: name ., flags = 04000 mode = 00, fd = 14
[2026/05/19 08:42:41.781134, 10, pid=3900001, effective(65534, 65534), real(65534, 0)] source3/smbd/files.c:531(openat_pathref_fullname)
  openat_pathref_fullname: fsp [.]: OK
[2026/05/19 08:42:41.781162, 10, pid=3900001, effective(65534, 65534), real(65534, 0)] source3/smbd/files.c:562(openat_pathref_fsp)
  openat_pathref_fsp: smb_fname [debian-training-tx1320-raid10.iso]
[2026/05/19 08:42:41.781181, 10, pid=3900001, effective(65534, 65534), real(65534, 0)] source3/smbd/files.c:462(openat_pathref_fullname)
  openat_pathref_fullname: smb_fname [debian-training-tx1320-raid10.iso]
[2026/05/19 08:42:41.781200,  5, pid=3900001, effective(65534, 65534), real(65534, 0)] source3/smbd/files.c:77(fsp_new)
  fsp_new: allocated files structure (2 used)
[2026/05/19 08:42:41.781219, 10, pid=3900001, effective(65534, 65534), real(65534, 0)] source3/smbd/files.c:2198(file_name_hash)
  file_name_hash: /var/samba/public/debian-training-tx1320-raid10.iso hash 0x2dee4f28
[2026/05/19 08:42:41.781246, 10, pid=3900001, effective(65534, 65534), real(65534, 0)] source3/smbd/open.c:930(fd_openat)
  fd_openat: name debian-training-tx1320-raid10.iso, flags = 04000 mode = 00, fd = 28
[2026/05/19 08:42:41.781266, 10, pid=3900001, effective(65534, 65534), real(65534, 0)] source3/smbd/files.c:531(openat_pathref_fullname)
  openat_pathref_fullname: fsp [debian-training-tx1320-raid10.iso]: OK
[2026/05/19 08:42:41.781286, 10, pid=3900001, effective(65534, 65534), real(65534, 0)] source3/smbd/files.c:2198(file_name_hash)
  file_name_hash: /var/samba/public/debian-training-tx1320-raid10.iso hash 0x2dee4f28
[2026/05/19 08:42:41.781345, 10, pid=3900001, effective(65534, 65534), real(65534, 0)] source3/lib/g_lock.c:1655(g_lock_dump)
  g_lock_dump: dbwrap_parse_record returned NT_STATUS_NOT_FOUND
[2026/05/19 08:42:41.781370, 10, pid=3900001, effective(65534, 65534), real(65534, 0), class=locking] source3/locking/share_mode_lock.c:1570(fetch_share_mode_unlocked)
  fetch_share_mode_unlocked: g_lock_dump failed: NT_STATUS_NOT_FOUND
[2026/05/19 08:42:41.781406, 10, pid=3900001, effective(65534, 65534), real(65534, 0)] source3/smbd/smb2_trans2.c:2779(store_file_unix_basic)
  store_file_unix_basic: SMB_QUERY_FILE_UNIX_BASIC
[2026/05/19 08:42:41.781424,  4, pid=3900001, effective(65534, 65534), real(65534, 0)] source3/smbd/smb2_trans2.c:2780(store_file_unix_basic)
  store_file_unix_basic: st_mode=100644
[2026/05/19 08:42:41.781447,  9, pid=3900001, effective(65534, 65534), real(65534, 0)] source3/smbd/smb1_trans2.c:230(send_trans2_replies)
  t2_rep: params_sent_thistime = 2, data_sent_thistime = 100, useable_space = 16406
[2026/05/19 08:42:41.781465,  9, pid=3900001, effective(65534, 65534), real(65534, 0)] source3/smbd/smb1_trans2.c:232(send_trans2_replies)
  t2_rep: params_to_send = 2, data_to_send = 100, paramsize = 2, datasize = 100
[2026/05/19 08:42:41.781497,  5, pid=3900001, effective(65534, 65534), real(65534, 0)] source3/lib/util.c:150(show_msg)
  size=160
  smb_com=0x32
  smb_rcls=0
  smb_reh=0
  smb_err=0
  smb_flg=128
  smb_flg2=51203
  smb_tid=40835
  smb_pid=1800
  smb_uid=54244
  smb_mid=16
  smt_wct=10
  smb_vwv[ 0]=    2 (0x2)
  smb_vwv[ 1]=  100 (0x64)
  smb_vwv[ 2]=    0 (0x0)
  smb_vwv[ 3]=    2 (0x2)
  smb_vwv[ 4]=   56 (0x38)
  smb_vwv[ 5]=    0 (0x0)
  smb_vwv[ 6]=  100 (0x64)
  smb_vwv[ 7]=   60 (0x3C)
  smb_vwv[ 8]=    0 (0x0)
  smb_vwv[ 9]=    0 (0x0)
  smb_bcc=105
[2026/05/19 08:42:41.781598, 10, pid=3900001, effective(65534, 65534), real(65534, 0)] lib/util/util.c:578(dump_data)
  [0000] 00 00 00 00 00 00 00 B5   2F 00 00 00 00 00 10 B5   ........ /.......
  [0010] 2F 00 00 00 00 A3 E5 86   AF 62 E6 DC 01 11 90 9F   /....... .b......
  [0020] B5 62 E6 DC 01 A3 E5 86   AF 62 E6 DC 01 00 00 00   .b...... .b......
  [0030] 00 00 00 00 00 00 00 00   00 00 00 00 00 00 00 00   ........ ........
  [0040] 00 FC 00 00 00 00 00 00   00 00 00 00 00 00 00 00   ........ ........
  [0050] 00 23 14 02 01 00 00 00   00 A4 01 00 00 00 00 00   .#...... ........
  [0060] 00 01 00 00 00 00 00 00   00                        ........ .
[2026/05/19 08:42:41.781811,  5, pid=3900001, effective(65534, 65534), real(65534, 0)] source3/smbd/files.c:1985(file_free)
  file_free: freed files structure 0 (1 used)
[2026/05/19 08:42:41.781842,  5, pid=3900001, effective(65534, 65534), real(65534, 0)] source3/smbd/files.c:1985(file_free)
  file_free: freed files structure 0 (0 used)
[2026/05/19 08:42:42.098949, 10, pid=3900001, effective(65534, 65534), real(65534, 0)] source3/lib/util_sock.c:180(read_smb_length_return_keepalive)
  got smb length of 162
[2026/05/19 08:42:42.099014,  6, pid=3900001, effective(65534, 65534), real(65534, 0)] source3/smbd/smb2_process.c:574(process_smb)
  got message type 0x0 of len 0xa2
[2026/05/19 08:42:42.099035,  3, pid=3900001, effective(65534, 65534), real(65534, 0)] source3/smbd/smb2_process.c:576(process_smb)
  Transaction 16 of length 166 (0 toread)
[2026/05/19 08:42:42.099068,  5, pid=3900001, effective(65534, 65534), real(65534, 0)] source3/lib/util.c:150(show_msg)
  size=162
  smb_com=0x32
  smb_rcls=0
  smb_reh=0
  smb_err=0
  smb_flg=0
  smb_flg2=49153
  smb_tid=40835
  smb_pid=1800
  smb_uid=54244
  smb_mid=17
  smt_wct=15
  smb_vwv[ 0]=   76 (0x4C)
  smb_vwv[ 1]=   18 (0x12)
  smb_vwv[ 2]=    2 (0x2)
  smb_vwv[ 3]= 1000 (0x3E8)
  smb_vwv[ 4]=    0 (0x0)
  smb_vwv[ 5]=    0 (0x0)
  smb_vwv[ 6]=    0 (0x0)
  smb_vwv[ 7]=    0 (0x0)
  smb_vwv[ 8]=    0 (0x0)
  smb_vwv[ 9]=   76 (0x4C)
  smb_vwv[10]=   68 (0x44)
  smb_vwv[11]=   18 (0x12)
  smb_vwv[12]=  144 (0x90)
  smb_vwv[13]=    1 (0x1)
  smb_vwv[14]=    6 (0x6)
  smb_bcc=97
[2026/05/19 08:42:42.099191, 10, pid=3900001, effective(65534, 65534), real(65534, 0)] lib/util/util.c:578(dump_data)
  [0000] 00 00 00 09 02 00 00 00   00 2F 00 64 00 65 00 62   ........ ./.d.e.b
  [0010] 00 69 00 61 00 6E 00 2D   00 74 00 72 00 61 00 69   .i.a.n.- .t.r.a.i
  [0020] 00 6E 00 69 00 6E 00 67   00 2D 00 74 00 78 00 31   .n.i.n.g .-.t.x.1
  [0030] 00 33 00 32 00 30 00 2D   00 72 00 61 00 69 00 64   .3.2.0.- .r.a.i.d
  [0040] 00 31 00 30 00 2E 00 69   00 73 00 6F 00 00 00 02   .1.0...i .s.o....
  [0050] 00 00 00 01 04 00 00 ED   01 00 00 00 00 00 00 00   ........ ........
  [0060] 02                                                  .
[2026/05/19 08:42:42.099345,  3, pid=3900001, effective(65534, 65534), real(65534, 0)] source3/smbd/smb1_process.c:1112(switch_message)
  switch message SMBtrans2 (pid 3900001) conn 0x6087dc1782d0
[2026/05/19 08:42:42.099371,  5, pid=3900001, effective(65534, 65534), real(65534, 0)] source3/smbd/uid.c:327(change_to_user_impersonate)
  change_to_user_impersonate: Skipping user change - already user
[2026/05/19 08:42:42.099412,  5, pid=3900001, effective(65534, 65534), real(65534, 0)] source3/smbd/uid.c:294(print_impersonation_info)
  print_impersonation_info: Impersonated user: uid=(65534,65534), gid=(0,65534), cwd=[/var/samba/public]
[2026/05/19 08:42:42.099445,  3, pid=3900001, effective(65534, 65534), real(65534, 0)] source3/smbd/smb1_trans2.c:4513(call_trans2setpathinfo)
  call_trans2setpathinfo: fname=debian-training-tx1320-raid10.iso info_level=521 totdata=18
[2026/05/19 08:42:42.099467, 10, pid=3900001, effective(65534, 65534), real(65534, 0)] source3/smbd/files.c:562(openat_pathref_fsp)
  openat_pathref_fsp: smb_fname [.]
[2026/05/19 08:42:42.099488, 10, pid=3900001, effective(65534, 65534), real(65534, 0)] source3/smbd/files.c:462(openat_pathref_fullname)
  openat_pathref_fullname: smb_fname [.]
[2026/05/19 08:42:42.099508,  5, pid=3900001, effective(65534, 65534), real(65534, 0)] source3/smbd/files.c:77(fsp_new)
  fsp_new: allocated files structure (1 used)
[2026/05/19 08:42:42.099529, 10, pid=3900001, effective(65534, 65534), real(65534, 0)] source3/smbd/files.c:2198(file_name_hash)
  file_name_hash: /var/samba/public/. hash 0xb9bae796
[2026/05/19 08:42:42.099572, 10, pid=3900001, effective(65534, 65534), real(65534, 0)] source3/smbd/open.c:930(fd_openat)
  fd_openat: name ., flags = 04000 mode = 00, fd = 14
[2026/05/19 08:42:42.099592, 10, pid=3900001, effective(65534, 65534), real(65534, 0)] source3/smbd/files.c:531(openat_pathref_fullname)
  openat_pathref_fullname: fsp [.]: OK
[2026/05/19 08:42:42.099612, 10, pid=3900001, effective(65534, 65534), real(65534, 0)] source3/smbd/files.c:562(openat_pathref_fsp)
  openat_pathref_fsp: smb_fname [debian-training-tx1320-raid10.iso]
[2026/05/19 08:42:42.099645, 10, pid=3900001, effective(65534, 65534), real(65534, 0)] source3/smbd/files.c:462(openat_pathref_fullname)
  openat_pathref_fullname: smb_fname [debian-training-tx1320-raid10.iso]
[2026/05/19 08:42:42.099664,  5, pid=3900001, effective(65534, 65534), real(65534, 0)] source3/smbd/files.c:77(fsp_new)
  fsp_new: allocated files structure (2 used)
[2026/05/19 08:42:42.099683, 10, pid=3900001, effective(65534, 65534), real(65534, 0)] source3/smbd/files.c:2198(file_name_hash)
  file_name_hash: /var/samba/public/debian-training-tx1320-raid10.iso hash 0x2dee4f28
[2026/05/19 08:42:42.099710, 10, pid=3900001, effective(65534, 65534), real(65534, 0)] source3/smbd/open.c:930(fd_openat)
  fd_openat: name debian-training-tx1320-raid10.iso, flags = 04000 mode = 00, fd = 28
[2026/05/19 08:42:42.099730, 10, pid=3900001, effective(65534, 65534), real(65534, 0)] source3/smbd/files.c:531(openat_pathref_fullname)
  openat_pathref_fullname: fsp [debian-training-tx1320-raid10.iso]: OK
[2026/05/19 08:42:42.099754, 10, pid=3900001, effective(65534, 65534), real(65534, 0)] source3/smbd/smb1_trans2.c:3477(smb_posix_open)
  smb_posix_open: file debian-training-tx1320-raid10.iso, smb_posix_flags = 1024, mode 0755
[2026/05/19 08:42:42.099774, 10, pid=3900001, effective(65534, 65534), real(65534, 0)] source3/smbd/open.c:6509(create_file_default)
  create_file_default: create_file: access_mask = 0x89 file_attributes = 0x0, share_access = 0x7, create_disposition = 0x1 create_options = 0x40 oplock_request = 0x1 private_flags = 0x0 ea_list = (nil), sd = (nil), fname = debian-training-tx1320-raid10.iso
[2026/05/19 08:42:42.099819, 10, pid=3900001, effective(65534, 65534), real(65534, 0)] source3/smbd/open.c:5926(create_file_unixpath)
  create_file_unixpath: access_mask = 0x89 file_attributes = 0x10001a4 share_access = 0x7 create_disposition = 0x1 create_options = 0x40 oplock_request = 0x1 private_flags = 0x0 ea_list = (nil), sd = (nil), fname = debian-training-tx1320-raid10.iso
[2026/05/19 08:42:42.099853,  5, pid=3900001, effective(65534, 65534), real(65534, 0)] lib/dbwrap/dbwrap.c:172(dbwrap_lock_order_lock)
  dbwrap_lock_order_lock: check lock order 1 for /run/samba/smbXsrv_open_global.tdb
[2026/05/19 08:42:42.099883, 10, pid=3900001, effective(65534, 65534), real(65534, 0)] lib/dbwrap/dbwrap.c:157(debug_lock_order)
  lock order:  1:/run/samba/smbXsrv_open_global.tdb 2:<none> 3:<none> 4:<none>
[2026/05/19 08:42:42.099989, 10, pid=3900001, effective(65534, 65534), real(65534, 0)] source3/smbd/smbXsrv_open.c:349(smbXsrv_open_global_store)
  smbXsrv_open_global_store: key 'B2489A5F' stored
[2026/05/19 08:42:42.100012,  1, pid=3900001, effective(65534, 65534), real(65534, 0), class=rpc_parse] source3/smbd/smbXsrv_open.c:350(smbXsrv_open_global_store)
       &global_blob: struct smbXsrv_open_globalB
          version                  : SMBXSRV_VERSION_0 (0)
          seqnum                   : 0x00000001 (1)
          info                     : union smbXsrv_open_globalU(case 0)
          info0                    : *
              info0: struct smbXsrv_open_global0
                  server_id: struct server_id
                      pid                      : 0x00000000003b8261 (3900001)
                      task_id                  : 0x00000000 (0)
                      vnn                      : 0xffffffff (4294967295)
                      unique_id                : 0xd2c33d9fcd33ff8f (-3259693948734275697)
                  open_global_id           : 0xb2489a5f (2991102559)
                  open_persistent_id       : 0x00000000b2489a5f (2991102559)
                  open_volatile_id         : 0x000000000000937f (37759)
                  open_owner               : S-1-5-21-2342536155-1022706741-2866312864-501
                  open_time                : Tue May 19 08:42:42 AM 2026 JST
                  create_guid              : 00000000-0000-0000-0000-000000000000
                  client_guid              : 00000000-0000-0000-0000-000000000000
                  app_instance_id          : 00000000-0000-0000-0000-000000000000
                  disconnect_time          : NTTIME(0)
                  durable_timeout_msec     : 0x00000000 (0)
                  durable                  : 0x00 (0)
                  backend_cookie           : DATA_BLOB length=0
                  channel_sequence         : 0x0000 (0)
                  channel_generation       : 0x0000000000000000 (0)
                  lock_sequence_array: ARRAY(64)
  [0000] FF FF FF FF FF FF FF FF   FF FF FF FF FF FF FF FF   ........ ........
  [0010] FF FF FF FF FF FF FF FF   FF FF FF FF FF FF FF FF   ........ ........
  [0020] FF FF FF FF FF FF FF FF   FF FF FF FF FF FF FF FF   ........ ........
  [0030] FF FF FF FF FF FF FF FF   FF FF FF FF FF FF FF FF   ........ ........
[2026/05/19 08:42:42.100329,  5, pid=3900001, effective(65534, 65534), real(65534, 0)] lib/dbwrap/dbwrap.c:204(dbwrap_lock_order_unlock)
  dbwrap_lock_order_unlock: release lock order 1 for /run/samba/smbXsrv_open_global.tdb
[2026/05/19 08:42:42.100348, 10, pid=3900001, effective(65534, 65534), real(65534, 0)] source3/smbd/smbXsrv_open.c:466(smbXsrv_open_global_allocate)
  smbXsrv_open_global_allocate: Found slot 2991102559
[2026/05/19 08:42:42.100367, 10, pid=3900001, effective(65534, 65534), real(65534, 0)] source3/smbd/smbXsrv_open.c:614(smbXsrv_open_create)
  smbXsrv_open_create: global_id (0xb2489a5f) stored
[2026/05/19 08:42:42.100384,  1, pid=3900001, effective(65534, 65534), real(65534, 0), class=rpc_parse] source3/smbd/smbXsrv_open.c:616(smbXsrv_open_create)
       &open_blob: struct smbXsrv_openB
          version                  : SMBXSRV_VERSION_0 (0)
          reserved                 : 0x00000000 (0)
          info                     : union smbXsrv_openU(case 0)
          info0                    : *
              info0: struct smbXsrv_open
                  table                    : *
                  local_id                 : 0x0000937f (37759)
                  global                   : *
                      global: struct smbXsrv_open_global0
                          server_id: struct server_id
                              pid                      : 0x00000000003b8261 (3900001)
                              task_id                  : 0x00000000 (0)
                              vnn                      : 0xffffffff (4294967295)
                              unique_id                : 0xd2c33d9fcd33ff8f (-3259693948734275697)
                          open_global_id           : 0xb2489a5f (2991102559)
                          open_persistent_id       : 0x00000000b2489a5f (2991102559)
                          open_volatile_id         : 0x000000000000937f (37759)
                          open_owner               : S-1-5-21-2342536155-1022706741-2866312864-501
                          open_time                : Tue May 19 08:42:42 AM 2026 JST
                          create_guid              : 00000000-0000-0000-0000-000000000000
                          client_guid              : 00000000-0000-0000-0000-000000000000
                          app_instance_id          : 00000000-0000-0000-0000-000000000000
                          disconnect_time          : NTTIME(0)
                          durable_timeout_msec     : 0x00000000 (0)
                          durable                  : 0x00 (0)
                          backend_cookie           : DATA_BLOB length=0
                          channel_sequence         : 0x0000 (0)
                          channel_generation       : 0x0000000000000000 (0)
                          lock_sequence_array: ARRAY(64)
  [0000] FF FF FF FF FF FF FF FF   FF FF FF FF FF FF FF FF   ........ ........
  [0010] FF FF FF FF FF FF FF FF   FF FF FF FF FF FF FF FF   ........ ........
  [0020] FF FF FF FF FF FF FF FF   FF FF FF FF FF FF FF FF   ........ ........
  [0030] FF FF FF FF FF FF FF FF   FF FF FF FF FF FF FF FF   ........ ........
                  status                   : NT_STATUS_OK
                  idle_time                : Tue May 19 08:42:42 AM 2026 JST
                  compat                   : NULL
                  flags                    : 0x00 (0)
                         0: SMBXSRV_OPEN_NEED_REPLAY_CACHE
                         0: SMBXSRV_OPEN_HAVE_REPLAY_CACHE
                  create_action            : 0x00000000 (0)
                  request_count            : 0x0000000000000000 (0)
                  pre_request_count        : 0x0000000000000000 (0)
[2026/05/19 08:42:42.100776, 10, pid=3900001, effective(65534, 65534), real(65534, 0)] source3/smbd/files.c:135(fsp_bind_smb)
  fsp_bind_smb: fsp [debian-training-tx1320-raid10.iso] mid [17]
[2026/05/19 08:42:42.100798, 10, pid=3900001, effective(65534, 65534), real(65534, 0)] source3/smbd/files.c:562(openat_pathref_fsp)
  openat_pathref_fsp: smb_fname [.]
[2026/05/19 08:42:42.100818, 10, pid=3900001, effective(65534, 65534), real(65534, 0)] source3/smbd/files.c:462(openat_pathref_fullname)
  openat_pathref_fullname: smb_fname [.]
[2026/05/19 08:42:42.100837,  5, pid=3900001, effective(65534, 65534), real(65534, 0)] source3/smbd/files.c:77(fsp_new)
  fsp_new: allocated files structure (3 used)
[2026/05/19 08:42:42.100856, 10, pid=3900001, effective(65534, 65534), real(65534, 0)] source3/smbd/files.c:2198(file_name_hash)
  file_name_hash: /var/samba/public/. hash 0xb9bae796
[2026/05/19 08:42:42.100916, 10, pid=3900001, effective(65534, 65534), real(65534, 0)] source3/smbd/open.c:930(fd_openat)
  fd_openat: name ., flags = 04000 mode = 00, fd = 29
[2026/05/19 08:42:42.100936, 10, pid=3900001, effective(65534, 65534), real(65534, 0)] source3/smbd/files.c:531(openat_pathref_fullname)
  openat_pathref_fullname: fsp [.]: OK
[2026/05/19 08:42:42.100956, 10, pid=3900001, effective(65534, 65534), real(65534, 0)] source3/smbd/files.c:2198(file_name_hash)
  file_name_hash: /var/samba/public/. hash 0xb9bae796
[2026/05/19 08:42:42.100976, 10, pid=3900001, effective(65534, 65534), real(65534, 0)] source3/smbd/open.c:3837(open_file_ntcreate)
  open_file_ntcreate: fname=debian-training-tx1320-raid10.iso, dos_attrs=0x0 access_mask=0x89 share_access=0x7 create_disposition = 0x1 create_options=0x40 unix mode=0644 oplock_request=1 private_flags = 0x0
[2026/05/19 08:42:42.101000, 10, pid=3900001, effective(65534, 65534), real(65534, 0)] source3/smbd/open.c:4036(open_file_ntcreate)
  open_file_ntcreate: fname=debian-training-tx1320-raid10.iso, after mapping access_mask=0x89
[2026/05/19 08:42:42.101019,  4, pid=3900001, effective(65534, 65534), real(65534, 0)] source3/smbd/open.c:4138(open_file_ntcreate)
  calling open_file with flags=0x0 flags2=0x800 mode=0644, access_mask = 0x89, open_access_mask = 0x89
[2026/05/19 08:42:42.101056, 10, pid=3900001, effective(65534, 65534), real(65534, 0), class=acls] source3/smbd/posix_acls.c:3366(posix_fget_nt_acl)
  posix_fget_nt_acl: called for file debian-training-tx1320-raid10.iso
[2026/05/19 08:42:42.101262,  4, pid=3900001, effective(65534, 65534), real(65534, 0)] source3/smbd/sec_ctx.c:206(push_sec_ctx)
  push_sec_ctx(65534, 65534) : sec_ctx_stack_ndx = 1
[2026/05/19 08:42:42.101288,  4, pid=3900001, effective(65534, 65534), real(65534, 0)] source3/smbd/uid.c:566(push_conn_ctx)
  push_conn_ctx(54244) : conn_ctx_stack_ndx = 0
[2026/05/19 08:42:42.101307,  4, pid=3900001, effective(65534, 65534), real(65534, 0)] source3/smbd/sec_ctx.c:317(set_sec_ctx_internal)
  setting sec ctx (0, 0) - sec_ctx_stack_ndx = 1
[2026/05/19 08:42:42.101325,  5, pid=3900001, effective(65534, 65534), real(65534, 0)] libcli/security/security_token.c:49(security_token_debug)
  Security token: (NULL)
[2026/05/19 08:42:42.101344,  5, pid=3900001, effective(65534, 65534), real(65534, 0)] source3/auth/token_util.c:873(debug_unix_user_token)
  UNIX token of user 0
  Primary group is 0 and contains 0 supplementary groups
[2026/05/19 08:42:42.101434,  4, pid=3900001, effective(0, 0), real(0, 0)] source3/smbd/sec_ctx.c:206(push_sec_ctx)
  push_sec_ctx(0, 0) : sec_ctx_stack_ndx = 2
[2026/05/19 08:42:42.101459,  4, pid=3900001, effective(0, 0), real(0, 0)] source3/smbd/uid.c:566(push_conn_ctx)
  push_conn_ctx(54244) : conn_ctx_stack_ndx = 1
[2026/05/19 08:42:42.101484,  4, pid=3900001, effective(0, 0), real(0, 0)] source3/smbd/sec_ctx.c:317(set_sec_ctx_internal)
  setting sec ctx (0, 0) - sec_ctx_stack_ndx = 2
[2026/05/19 08:42:42.101502,  5, pid=3900001, effective(0, 0), real(0, 0)] libcli/security/security_token.c:49(security_token_debug)
  Security token: (NULL)
[2026/05/19 08:42:42.101519,  5, pid=3900001, effective(0, 0), real(0, 0)] source3/auth/token_util.c:873(debug_unix_user_token)
  UNIX token of user 0
  Primary group is 0 and contains 0 supplementary groups
[2026/05/19 08:42:42.101592,  5, pid=3900001, effective(0, 0), real(0, 0), class=passdb] source3/passdb/pdb_tdb.c:602(tdbsam_getsampwnam)
  pdb_getsampwnam (TDB): error fetching database.
   Key: USER_root
[2026/05/19 08:42:42.101624,  4, pid=3900001, effective(0, 0), real(0, 0)] source3/smbd/sec_ctx.c:443(pop_sec_ctx)
  pop_sec_ctx (0, 0) - sec_ctx_stack_ndx = 1
[2026/05/19 08:42:42.101645,  5, pid=3900001, effective(0, 0), real(0, 0), class=passdb] source3/passdb/pdb_interface.c:1439(pdb_default_uid_to_sid)
  pdb_default_uid_to_sid: Did not find user root (0)
[2026/05/19 08:42:42.101677,  4, pid=3900001, effective(65534, 65534), real(65534, 0)] source3/smbd/sec_ctx.c:443(pop_sec_ctx)
  pop_sec_ctx (65534, 65534) - sec_ctx_stack_ndx = 0
[2026/05/19 08:42:42.101699, 10, pid=3900001, effective(65534, 65534), real(65534, 0)] source3/passdb/lookup_sid.c:1256(xid_to_sid)
  xid_to_sid: UID 0 -> S-1-22-1-0 fallback
[2026/05/19 08:42:42.101749,  4, pid=3900001, effective(65534, 65534), real(65534, 0)] source3/smbd/sec_ctx.c:206(push_sec_ctx)
  push_sec_ctx(65534, 65534) : sec_ctx_stack_ndx = 1
[2026/05/19 08:42:42.101770,  4, pid=3900001, effective(65534, 65534), real(65534, 0)] source3/smbd/uid.c:566(push_conn_ctx)
  push_conn_ctx(54244) : conn_ctx_stack_ndx = 0
[2026/05/19 08:42:42.101787,  4, pid=3900001, effective(65534, 65534), real(65534, 0)] source3/smbd/sec_ctx.c:317(set_sec_ctx_internal)
  setting sec ctx (0, 0) - sec_ctx_stack_ndx = 1
[2026/05/19 08:42:42.101805,  5, pid=3900001, effective(65534, 65534), real(65534, 0)] libcli/security/security_token.c:49(security_token_debug)
  Security token: (NULL)
[2026/05/19 08:42:42.101821,  5, pid=3900001, effective(65534, 65534), real(65534, 0)] source3/auth/token_util.c:873(debug_unix_user_token)
  UNIX token of user 0
  Primary group is 0 and contains 0 supplementary groups
[2026/05/19 08:42:42.101914,  4, pid=3900001, effective(65534, 65534), real(65534, 0)] source3/smbd/sec_ctx.c:443(pop_sec_ctx)
  pop_sec_ctx (65534, 65534) - sec_ctx_stack_ndx = 0
[2026/05/19 08:42:42.101940, 10, pid=3900001, effective(65534, 65534), real(65534, 0)] source3/passdb/lookup_sid.c:1256(xid_to_sid)
  xid_to_sid: GID 0 -> S-1-22-2-0 fallback
[2026/05/19 08:42:42.101975, 10, pid=3900001, effective(65534, 65534), real(65534, 0), class=acls] source3/smbd/posix_acls.c:2692(canonicalise_acl)
  canonicalise_acl: Access ace entries before arrange :
[2026/05/19 08:42:42.101994, 10, pid=3900001, effective(65534, 65534), real(65534, 0), class=acls] source3/smbd/posix_acls.c:2705(canonicalise_acl)
  canon_ace index 0. Type = allow SID = S-1-1-0 other SMB_ACL_OTHER ace_flags = 0x0 perms r--
[2026/05/19 08:42:42.102015, 10, pid=3900001, effective(65534, 65534), real(65534, 0), class=acls] source3/smbd/posix_acls.c:2705(canonicalise_acl)
  canon_ace index 1. Type = allow SID = S-1-22-2-0 gid 0 SMB_ACL_GROUP_OBJ ace_flags = 0x0 perms r--
[2026/05/19 08:42:42.102036, 10, pid=3900001, effective(65534, 65534), real(65534, 0), class=acls] source3/smbd/posix_acls.c:2705(canonicalise_acl)
  canon_ace index 2. Type = allow SID = S-1-22-1-0 uid 0 SMB_ACL_USER_OBJ ace_flags = 0x0 perms rw-
[2026/05/19 08:42:42.102071, 10, pid=3900001, effective(65534, 65534), real(65534, 0), class=acls] source3/smbd/posix_acls.c:766(print_canon_ace_list)
  print_canon_ace_list: canonicalise_acl: ace entries after arrange
  canon_ace index 0. Type = allow SID = S-1-22-1-0 uid 0 SMB_ACL_USER_OBJ ace_flags = 0x0 perms rw-
  canon_ace index 1. Type = allow SID = S-1-22-2-0 gid 0 SMB_ACL_GROUP_OBJ ace_flags = 0x0 perms r--
  canon_ace index 2. Type = allow SID = S-1-1-0 other SMB_ACL_OTHER ace_flags = 0x0 perms r--
[2026/05/19 08:42:42.102119, 10, pid=3900001, effective(65534, 65534), real(65534, 0), class=acls] source3/smbd/posix_acls.c:1029(map_canon_ace_perms)
  map_canon_ace_perms: Mapped (UNIX) 180 to (NT) 12019f
[2026/05/19 08:42:42.102138, 10, pid=3900001, effective(65534, 65534), real(65534, 0), class=acls] source3/smbd/posix_acls.c:1029(map_canon_ace_perms)
  map_canon_ace_perms: Mapped (UNIX) 100 to (NT) 120089
[2026/05/19 08:42:42.102156, 10, pid=3900001, effective(65534, 65534), real(65534, 0), class=acls] source3/smbd/posix_acls.c:1029(map_canon_ace_perms)
  map_canon_ace_perms: Mapped (UNIX) 100 to (NT) 120089
[2026/05/19 08:42:42.102194, 10, pid=3900001, effective(65534, 65534), real(65534, 0)] source3/smbd/open.c:180(smbd_check_access_rights_sd)
  smbd_check_access_rights_sd: File [debian-training-tx1320-raid10.iso] requesting [0x89] returning [0x9] (NT_STATUS_OK)
[2026/05/19 08:42:42.102240,  2, pid=3900001, effective(65534, 65534), real(65534, 0)] source3/smbd/open.c:1649(open_file)
  nobody opened file debian-training-tx1320-raid10.iso read=Yes write=No (numopen=3)
[2026/05/19 08:42:42.102271,  5, pid=3900001, effective(65534, 65534), real(65534, 0)] lib/dbwrap/dbwrap.c:172(dbwrap_lock_order_lock)
  dbwrap_lock_order_lock: check lock order 1 for /run/samba/locking.tdb
[2026/05/19 08:42:42.102291, 10, pid=3900001, effective(65534, 65534), real(65534, 0)] lib/dbwrap/dbwrap.c:157(debug_lock_order)
  lock order:  1:/run/samba/locking.tdb 2:<none> 3:<none> 4:<none>
[2026/05/19 08:42:42.102328, 10, pid=3900001, effective(65534, 65534), real(65534, 0), class=locking] source3/locking/share_mode_lock.c:990(get_share_mode_lock_internal)
  get_share_mode_lock_internal: Returning 64512:16913443:0 (data_cached=1 key_refcount=1)
[2026/05/19 08:42:42.102350, 10, pid=3900001, effective(65534, 65534), real(65534, 0), class=locking] source3/locking/locking.c:1007(find_delete_on_close_token)
  find_delete_on_close_token: name_hash = 0x2dee4f28
[2026/05/19 08:42:42.102369, 10, pid=3900001, effective(65534, 65534), real(65534, 0)] source3/smbd/open.c:1712(share_conflict)
  share_conflict: existing access_mask = 0x0, existing share access = 0x7, access_mask = 0x89, share_access = 0x7
[2026/05/19 08:42:42.102387, 10, pid=3900001, effective(65534, 65534), real(65534, 0)] source3/smbd/open.c:1722(share_conflict)
  share_conflict: No conflict due to existing access_mask = 0x0
[2026/05/19 08:42:42.102405, 10, pid=3900001, effective(65534, 65534), real(65534, 0)] source3/smbd/open.c:1988(open_mode_check)
  open_mode_check: No conflict due to share_mode_flags access
[2026/05/19 08:42:42.102425, 10, pid=3900001, effective(65534, 65534), real(65534, 0), class=locking] source3/locking/share_mode_lock.c:2258(share_mode_forall_entries)
  share_mode_forall_entries: num_share_modes=0
[2026/05/19 08:42:42.102444, 10, pid=3900001, effective(65534, 65534), real(65534, 0), class=locking] source3/locking/share_mode_lock.c:2277(share_mode_forall_entries)
  share_mode_forall_entries: num_share_entries=0, writeback=0
[2026/05/19 08:42:42.102463, 10, pid=3900001, effective(65534, 65534), real(65534, 0), class=locking] source3/locking/brlock.c:1868(brl_get_locks_readonly)
  seqnum=0, fsp->brlock_seqnum=0
[2026/05/19 08:42:42.102486, 10, pid=3900001, effective(65534, 65534), real(65534, 0)] source3/smbd/open.c:2811(delay_for_oplock)
  delay_for_oplock: oplock type 0x0 granted (RW)(0x5), on file debian-training-tx1320-raid10.iso, requested 0x1 (RW)(0x5) => total (RW)(0x5)
[2026/05/19 08:42:42.102509, 10, pid=3900001, effective(65534, 65534), real(65534, 0), class=locking] source3/locking/share_mode_lock.c:1999(set_share_mode)
  set_share_mode: num_share_modes=0
[2026/05/19 08:42:42.102528, 10, pid=3900001, effective(65534, 65534), real(65534, 0), class=locking] source3/locking/share_mode_lock.c:349(share_mode_entry_put)
  share_mode_entry_put: share_mode_entry:
[2026/05/19 08:42:42.102547,  1, pid=3900001, effective(65534, 65534), real(65534, 0), class=rpc_parse] source3/locking/share_mode_lock.c:350(share_mode_entry_put)
       discard_const_p(void, e): struct share_mode_entry
          pid: struct server_id
              pid                      : 0x00000000003b8261 (3900001)
              task_id                  : 0x00000000 (0)
              vnn                      : 0xffffffff (4294967295)
              unique_id                : 0xd2c33d9fcd33ff8f (-3259693948734275697)
          op_mid                   : 0x0000000000000011 (17)
          op_type                  : SHARE_MODE_ENTRY_OP_TYPE_EXCLUSIVE (1)
          client_guid              : 00000000-0000-0000-0000-000000000000
          lease_key: struct smb2_lease_key
              data: ARRAY(2)
                  data                     : 0x0000000000000000 (0)
                  data                     : 0x0000000000000000 (0)
          access_mask              : 0x00000089 (137)
          share_access             : 0x00000007 (7)
          private_options          : 0x00000000 (0)
          time                     : Tue May 19 08:42:42 AM 2026 JST.99682
          share_file_id            : 0x000000000000003f (63)
          uid                      : 0x0000fffe (65534)
          flags                    : 0x0001 (1)
          name_hash                : 0x2dee4f28 (770592552)
          stale                    : 0x00 (0)
[2026/05/19 08:42:42.102709, 10, pid=3900001, effective(65534, 65534), real(65534, 0), class=locking] source3/locking/share_mode_lock.c:2043(set_share_mode)
  set_share_mode: idx=0, found=0
[2026/05/19 08:42:42.102727, 10, pid=3900001, effective(65534, 65534), real(65534, 0), class=locking] source3/locking/share_mode_lock.c:2071(set_share_mode)
  set_share_mode: dbufs[0]=(0x7ffc78fcd220, 132)
[2026/05/19 08:42:42.102746, 10, pid=3900001, effective(65534, 65534), real(65534, 0), class=locking] source3/locking/share_mode_lock.c:626(share_mode_data_ltdb_store)
  share_mode_data_ltdb_store: 
[2026/05/19 08:42:42.102764,  1, pid=3900001, effective(65534, 65534), real(65534, 0), class=rpc_parse] source3/locking/share_mode_lock.c:627(share_mode_data_ltdb_store)
       d: struct share_mode_data
          unique_content_epoch     : 0x43175613119d8f79 (4834427364905422713)
          flags                    : 0x01cb (459)
                 1: SHARE_MODE_SHARE_DELETE  
                 1: SHARE_MODE_SHARE_WRITE   
                 1: SHARE_MODE_SHARE_READ    
                 0: SHARE_MODE_ACCESS_DELETE 
                 0: SHARE_MODE_ACCESS_WRITE  
                 1: SHARE_MODE_ACCESS_READ   
                 0: SHARE_MODE_LEASE_HANDLE  
                 1: SHARE_MODE_LEASE_WRITE   
                 1: SHARE_MODE_LEASE_READ    
          servicepath              : *
              servicepath              : '/var/samba/public'
          base_name                : *
              base_name                : 'debian-training-tx1320-raid10.iso'
          stream_name              : NULL
          num_delete_tokens        : 0x00000000 (0)
          delete_tokens: ARRAY(0)
          old_write_time           : Mon May 18 10:07:24 AM 2026 JST
          changed_write_time       : NTTIME(0)
          not_stored               : 0x01 (1)
          modified                 : 0x01 (1)
          id: struct file_id
              devid                    : 0x000000000000fc00 (64512)
              inode                    : 0x0000000001021423 (16913443)
              extid                    : 0x0000000000000000 (0)
[2026/05/19 08:42:42.102969, 10, pid=3900001, effective(65534, 65534), real(65534, 0), class=locking] source3/locking/share_mode_lock.c:676(share_mode_data_store)
  share_mode_data_store: not modified
[2026/05/19 08:42:42.102988, 10, pid=3900001, effective(65534, 65534), real(65534, 0), class=locking] source3/locking/share_mode_lock.c:207(share_mode_memcache_store)
  share_mode_memcache_store: stored entry for file debian-training-tx1320-raid10.iso epoch 43175613119d8f79 key 64512:16913443:0
[2026/05/19 08:42:42.103010,  5, pid=3900001, effective(65534, 65534), real(65534, 0)] lib/dbwrap/dbwrap.c:204(dbwrap_lock_order_unlock)
  dbwrap_lock_order_unlock: release lock order 1 for /run/samba/locking.tdb
[2026/05/19 08:42:42.103034, 10, pid=3900001, effective(65534, 65534), real(65534, 0)] source3/lib/dbwrap/dbwrap_watch.c:507(dbwrap_watched_record_prepare_wakeup)
  dbwrap_watched_record_prepare_wakeup: No watchers
[2026/05/19 08:42:42.103057, 10, pid=3900001, effective(65534, 65534), real(65534, 0)] source3/lib/dbwrap/dbwrap_watch.c:487(dbwrap_watched_do_locked)
  dbwrap_watched_do_locked: dbwrap_watched_do_locked_fn returned
[2026/05/19 08:42:42.103076, 10, pid=3900001, effective(65534, 65534), real(65534, 0)] source3/lib/dbwrap/dbwrap_watch.c:550(dbwrap_watched_trigger_wakeup)
  dbwrap_watched_trigger_wakeup: No one to wakeup
[2026/05/19 08:42:42.103094, 10, pid=3900001, effective(65534, 65534), real(65534, 0)] source3/lib/g_lock.c:1275(g_lock_lock)
  g_lock_lock: status=NT_STATUS_OK, state.status=NT_STATUS_WAS_UNLOCKED
[2026/05/19 08:42:42.103115,  5, pid=3900001, effective(65534, 65534), real(65534, 0), class=locking] source3/smbd/smb2_oplock.c:86(set_file_oplock)
  set_file_oplock: granted oplock on file debian-training-tx1320-raid10.iso, 64512:16913443:0/63, tv_sec = 6a0ba3f2, tv_usec = 18562
[2026/05/19 08:42:42.103137, 10, pid=3900001, effective(65534, 65534), real(65534, 0)] source3/smbd/open.c:6446(create_file_unixpath)
  create_file_unixpath: info=1
[2026/05/19 08:42:42.103162,  5, pid=3900001, effective(65534, 65534), real(65534, 0)] source3/smbd/files.c:1985(file_free)
  file_free: freed files structure 0 (2 used)
[2026/05/19 08:42:42.103182, 10, pid=3900001, effective(65534, 65534), real(65534, 0)] source3/smbd/open.c:6642(create_file_default)
  create_file: info=1
[2026/05/19 08:42:42.103202, 10, pid=3900001, effective(65534, 65534), real(65534, 0)] source3/smbd/smb2_trans2.c:2779(store_file_unix_basic)
  store_file_unix_basic: SMB_QUERY_FILE_UNIX_BASIC
[2026/05/19 08:42:42.103220,  4, pid=3900001, effective(65534, 65534), real(65534, 0)] source3/smbd/smb2_trans2.c:2780(store_file_unix_basic)
  store_file_unix_basic: st_mode=100644
[2026/05/19 08:42:42.103242,  9, pid=3900001, effective(65534, 65534), real(65534, 0)] source3/smbd/smb1_trans2.c:230(send_trans2_replies)
  t2_rep: params_sent_thistime = 2, data_sent_thistime = 112, useable_space = 16406
[2026/05/19 08:42:42.103261,  9, pid=3900001, effective(65534, 65534), real(65534, 0)] source3/smbd/smb1_trans2.c:232(send_trans2_replies)
  t2_rep: params_to_send = 2, data_to_send = 112, paramsize = 2, datasize = 112
[2026/05/19 08:42:42.103292,  5, pid=3900001, effective(65534, 65534), real(65534, 0)] source3/lib/util.c:150(show_msg)
  size=172
  smb_com=0x32
  smb_rcls=0
  smb_reh=0
  smb_err=0
  smb_flg=128
  smb_flg2=51203
  smb_tid=40835
  smb_pid=1800
  smb_uid=54244
  smb_mid=17
  smt_wct=10
  smb_vwv[ 0]=    2 (0x2)
  smb_vwv[ 1]=  112 (0x70)
  smb_vwv[ 2]=    0 (0x0)
  smb_vwv[ 3]=    2 (0x2)
  smb_vwv[ 4]=   56 (0x38)
  smb_vwv[ 5]=    0 (0x0)
  smb_vwv[ 6]=  112 (0x70)
  smb_vwv[ 7]=   60 (0x3C)
  smb_vwv[ 8]=    0 (0x0)
  smb_vwv[ 9]=    0 (0x0)
  smb_bcc=117
[2026/05/19 08:42:42.103393, 10, pid=3900001, effective(65534, 65534), real(65534, 0)] lib/util/util.c:578(dump_data)
  [0000] 00 00 00 00 00 01 00 7F   93 01 00 00 00 00 02 00   ........ ........
  [0010] 00 00 00 B5 2F 00 00 00   00 00 10 B5 2F 00 00 00   ..../... ..../...
  [0020] 00 A3 E5 86 AF 62 E6 DC   01 11 90 9F B5 62 E6 DC   .....b.. .....b..
  [0030] 01 A3 E5 86 AF 62 E6 DC   01 00 00 00 00 00 00 00   .....b.. ........
  [0040] 00 00 00 00 00 00 00 00   00 00 00 00 00 FC 00 00   ........ ........
  [0050] 00 00 00 00 00 00 00 00   00 00 00 00 00 23 14 02   ........ .....#..
  [0060] 01 00 00 00 00 A4 01 00   00 00 00 00 00 01 00 00   ........ ........
  [0070] 00 00 00 00 00                                      .....
[2026/05/19 08:42:42.103603,  5, pid=3900001, effective(65534, 65534), real(65534, 0)] source3/smbd/files.c:1985(file_free)
  file_free: freed files structure 0 (1 used)
[2026/05/19 08:42:42.419224, 10, pid=3900001, effective(65534, 65534), real(65534, 0)] source3/lib/util_sock.c:180(read_smb_length_return_keepalive)
  got smb length of 41
[2026/05/19 08:42:42.419379,  6, pid=3900001, effective(65534, 65534), real(65534, 0)] source3/smbd/smb2_process.c:574(process_smb)
  got message type 0x0 of len 0x29
[2026/05/19 08:42:42.419401,  3, pid=3900001, effective(65534, 65534), real(65534, 0)] source3/smbd/smb2_process.c:576(process_smb)
  Transaction 17 of length 45 (0 toread)
[2026/05/19 08:42:42.419433,  5, pid=3900001, effective(65534, 65534), real(65534, 0)] source3/lib/util.c:150(show_msg)
  size=41
  smb_com=0x4
  smb_rcls=0
  smb_reh=0
  smb_err=0
  smb_flg=0
  smb_flg2=49153
  smb_tid=40835
  smb_pid=1800
  smb_uid=54244
  smb_mid=18
  smt_wct=3
  smb_vwv[ 0]=37759 (0x937F)
  smb_vwv[ 1]=65535 (0xFFFF)
  smb_vwv[ 2]=65535 (0xFFFF)
  smb_bcc=0
[2026/05/19 08:42:42.419530,  3, pid=3900001, effective(65534, 65534), real(65534, 0)] source3/smbd/smb1_process.c:1112(switch_message)
  switch message SMBclose (pid 3900001) conn 0x6087dc1782d0
[2026/05/19 08:42:42.419556,  5, pid=3900001, effective(65534, 65534), real(65534, 0)] source3/smbd/uid.c:327(change_to_user_impersonate)
  change_to_user_impersonate: Skipping user change - already user
[2026/05/19 08:42:42.419578,  4, pid=3900001, effective(65534, 65534), real(65534, 0), class=vfs] source3/smbd/vfs.c:937(vfs_ChDir)
  vfs_ChDir to /var/samba/public
[2026/05/19 08:42:42.419626,  5, pid=3900001, effective(65534, 65534), real(65534, 0), class=vfs] source3/smbd/vfs.c:999(vfs_ChDir)
  vfs_ChDir: vfs_ChDir got /var/samba/public
[2026/05/19 08:42:42.419655,  5, pid=3900001, effective(65534, 65534), real(65534, 0)] source3/smbd/uid.c:294(print_impersonation_info)
  print_impersonation_info: Impersonated user: uid=(65534,65534), gid=(0,65534), cwd=[/var/samba/public]
[2026/05/19 08:42:42.419683,  3, pid=3900001, effective(65534, 65534), real(65534, 0)] source3/smbd/smb1_reply.c:5097(reply_close)
  reply_close: Close file fd=30 fnum 37759 (numopen=1)
[2026/05/19 08:42:42.419705,  6, pid=3900001, effective(65534, 65534), real(65534, 0)] source3/smbd/close.c:656(set_close_write_time)
  close_write_time: Thu Jan  1 09:00:01 1970
[2026/05/19 08:42:42.419749,  5, pid=3900001, effective(65534, 65534), real(65534, 0)] lib/dbwrap/dbwrap.c:172(dbwrap_lock_order_lock)
  dbwrap_lock_order_lock: check lock order 1 for /run/samba/locking.tdb
[2026/05/19 08:42:42.419768, 10, pid=3900001, effective(65534, 65534), real(65534, 0)] lib/dbwrap/dbwrap.c:157(debug_lock_order)
  lock order:  1:/run/samba/locking.tdb 2:<none> 3:<none> 4:<none>
[2026/05/19 08:42:42.419795, 10, pid=3900001, effective(65534, 65534), real(65534, 0), class=locking] source3/locking/share_mode_lock.c:322(share_mode_memcache_fetch)
  share_mode_memcache_fetch: fetched entry for file debian-training-tx1320-raid10.iso epoch 43175613119d8f79 key 64512:16913443:0
[2026/05/19 08:42:42.419817, 10, pid=3900001, effective(65534, 65534), real(65534, 0), class=locking] source3/locking/share_mode_lock.c:990(get_share_mode_lock_internal)
  get_share_mode_lock_internal: Returning 64512:16913443:0 (data_cached=1 key_refcount=1)
[2026/05/19 08:42:42.419840, 10, pid=3900001, effective(65534, 65534), real(65534, 0), class=locking] source3/locking/share_mode_lock.c:2388(share_mode_entry_do)
  share_mode_entry_do: num_share_modes=1
[2026/05/19 08:42:42.419859, 10, pid=3900001, effective(65534, 65534), real(65534, 0), class=locking] source3/locking/share_mode_lock.c:1941(share_mode_entry_find)
  share_mode_entry_find: left=0, right=0, middle=0, middle_ptr=0x6087dc17eada
[2026/05/19 08:42:42.419955, 10, pid=3900001, effective(65534, 65534), real(65534, 0), class=locking] source3/locking/share_mode_lock.c:2404(share_mode_entry_do)
  share_mode_entry_do: entry[0]:
[2026/05/19 08:42:42.419975,  1, pid=3900001, effective(65534, 65534), real(65534, 0), class=rpc_parse] source3/locking/share_mode_lock.c:2405(share_mode_entry_do)
       &e: struct share_mode_entry
          pid: struct server_id
              pid                      : 0x00000000003b8261 (3900001)
              task_id                  : 0x00000000 (0)
              vnn                      : 0xffffffff (4294967295)
              unique_id                : 0xd2c33d9fcd33ff8f (-3259693948734275697)
          op_mid                   : 0x0000000000000011 (17)
          op_type                  : SHARE_MODE_ENTRY_OP_TYPE_EXCLUSIVE (1)
          client_guid              : 00000000-0000-0000-0000-000000000000
          lease_key: struct smb2_lease_key
              data: ARRAY(2)
                  data                     : 0x0000000000000000 (0)
                  data                     : 0x0000000000000000 (0)
          access_mask              : 0x00000089 (137)
          share_access             : 0x00000007 (7)
          private_options          : 0x00000000 (0)
          time                     : Tue May 19 08:42:42 AM 2026 JST.99682
          share_file_id            : 0x000000000000003f (63)
          uid                      : 0x0000fffe (65534)
          flags                    : 0x0001 (1)
          name_hash                : 0x2dee4f28 (770592552)
          stale                    : 0x00 (0)
[2026/05/19 08:42:42.420140, 10, pid=3900001, effective(65534, 65534), real(65534, 0), class=locking] source3/locking/share_mode_lock.c:2410(share_mode_entry_do)
  share_mode_entry_do: entry[0]: modified=1, e.stale=0
[2026/05/19 08:42:42.420158, 10, pid=3900001, effective(65534, 65534), real(65534, 0), class=locking] source3/locking/share_mode_lock.c:349(share_mode_entry_put)
  share_mode_entry_put: share_mode_entry:
[2026/05/19 08:42:42.420176,  1, pid=3900001, effective(65534, 65534), real(65534, 0), class=rpc_parse] source3/locking/share_mode_lock.c:350(share_mode_entry_put)
       discard_const_p(void, e): struct share_mode_entry
          pid: struct server_id
              pid                      : 0x00000000003b8261 (3900001)
              task_id                  : 0x00000000 (0)
              vnn                      : 0xffffffff (4294967295)
              unique_id                : 0xd2c33d9fcd33ff8f (-3259693948734275697)
          op_mid                   : 0x0000000000000011 (17)
          op_type                  : SHARE_MODE_ENTRY_OP_TYPE_NONE (0)
          client_guid              : 00000000-0000-0000-0000-000000000000
          lease_key: struct smb2_lease_key
              data: ARRAY(2)
                  data                     : 0x0000000000000000 (0)
                  data                     : 0x0000000000000000 (0)
          access_mask              : 0x00000089 (137)
          share_access             : 0x00000007 (7)
          private_options          : 0x00000000 (0)
          time                     : Tue May 19 08:42:42 AM 2026 JST.99682
          share_file_id            : 0x000000000000003f (63)
          uid                      : 0x0000fffe (65534)
          flags                    : 0x0001 (1)
          name_hash                : 0x2dee4f28 (770592552)
          stale                    : 0x00 (0)
[2026/05/19 08:42:42.420323, 10, pid=3900001, effective(65534, 65534), real(65534, 0), class=locking] source3/locking/share_mode_lock.c:619(share_mode_data_ltdb_store)
  share_mode_data_ltdb_store: share_mode_data not modified
[2026/05/19 08:42:42.420344, 10, pid=3900001, effective(65534, 65534), real(65534, 0), class=locking] source3/locking/share_mode_lock.c:990(get_share_mode_lock_internal)
  get_share_mode_lock_internal: Returning 64512:16913443:0 (data_cached=1 key_refcount=2)
[2026/05/19 08:42:42.420365, 10, pid=3900001, effective(65534, 65534), real(65534, 0), class=locking] source3/locking/locking.c:1007(find_delete_on_close_token)
  find_delete_on_close_token: name_hash = 0x2dee4f28
[2026/05/19 08:42:42.420385, 10, pid=3900001, effective(65534, 65534), real(65534, 0), class=locking] source3/locking/share_mode_lock.c:2388(share_mode_entry_do)
  share_mode_entry_do: num_share_modes=1
[2026/05/19 08:42:42.420403, 10, pid=3900001, effective(65534, 65534), real(65534, 0), class=locking] source3/locking/share_mode_lock.c:1941(share_mode_entry_find)
  share_mode_entry_find: left=0, right=0, middle=0, middle_ptr=0x6087dc17ee5a
[2026/05/19 08:42:42.420429, 10, pid=3900001, effective(65534, 65534), real(65534, 0), class=locking] source3/locking/share_mode_lock.c:2404(share_mode_entry_do)
  share_mode_entry_do: entry[0]:
[2026/05/19 08:42:42.420447,  1, pid=3900001, effective(65534, 65534), real(65534, 0), class=rpc_parse] source3/locking/share_mode_lock.c:2405(share_mode_entry_do)
       &e: struct share_mode_entry
          pid: struct server_id
              pid                      : 0x00000000003b8261 (3900001)
              task_id                  : 0x00000000 (0)
              vnn                      : 0xffffffff (4294967295)
              unique_id                : 0xd2c33d9fcd33ff8f (-3259693948734275697)
          op_mid                   : 0x0000000000000011 (17)
          op_type                  : SHARE_MODE_ENTRY_OP_TYPE_NONE (0)
          client_guid              : 00000000-0000-0000-0000-000000000000
          lease_key: struct smb2_lease_key
              data: ARRAY(2)
                  data                     : 0x0000000000000000 (0)
                  data                     : 0x0000000000000000 (0)
          access_mask              : 0x00000089 (137)
          share_access             : 0x00000007 (7)
          private_options          : 0x00000000 (0)
          time                     : Tue May 19 08:42:42 AM 2026 JST.99682
          share_file_id            : 0x000000000000003f (63)
          uid                      : 0x0000fffe (65534)
          flags                    : 0x0001 (1)
          name_hash                : 0x2dee4f28 (770592552)
          stale                    : 0x00 (0)
[2026/05/19 08:42:42.420588, 10, pid=3900001, effective(65534, 65534), real(65534, 0), class=locking] source3/locking/share_mode_lock.c:2410(share_mode_entry_do)
  share_mode_entry_do: entry[0]: modified=0, e.stale=1
[2026/05/19 08:42:42.420606, 10, pid=3900001, effective(65534, 65534), real(65534, 0), class=locking] source3/locking/share_mode_lock.c:2444(share_mode_entry_do)
  share_mode_entry_do: share_mode_entry:
[2026/05/19 08:42:42.420624,  1, pid=3900001, effective(65534, 65534), real(65534, 0), class=rpc_parse] source3/locking/share_mode_lock.c:2445(share_mode_entry_do)
       &e: struct share_mode_entry
          pid: struct server_id
              pid                      : 0x00000000003b8261 (3900001)
              task_id                  : 0x00000000 (0)
              vnn                      : 0xffffffff (4294967295)
              unique_id                : 0xd2c33d9fcd33ff8f (-3259693948734275697)
          op_mid                   : 0x0000000000000011 (17)
          op_type                  : SHARE_MODE_ENTRY_OP_TYPE_NONE (0)
          client_guid              : 00000000-0000-0000-0000-000000000000
          lease_key: struct smb2_lease_key
              data: ARRAY(2)
                  data                     : 0x0000000000000000 (0)
                  data                     : 0x0000000000000000 (0)
          access_mask              : 0x00000089 (137)
          share_access             : 0x00000007 (7)
          private_options          : 0x00000000 (0)
          time                     : Tue May 19 08:42:42 AM 2026 JST.99682
          share_file_id            : 0x000000000000003f (63)
          uid                      : 0x0000fffe (65534)
          flags                    : 0x0001 (1)
          name_hash                : 0x2dee4f28 (770592552)
          stale                    : 0x01 (1)
[2026/05/19 08:42:42.420765, 10, pid=3900001, effective(65534, 65534), real(65534, 0), class=locking] source3/locking/share_mode_lock.c:626(share_mode_data_ltdb_store)
  share_mode_data_ltdb_store: 
[2026/05/19 08:42:42.420782,  1, pid=3900001, effective(65534, 65534), real(65534, 0), class=rpc_parse] source3/locking/share_mode_lock.c:627(share_mode_data_ltdb_store)
       d: struct share_mode_data
          unique_content_epoch     : 0x43175613119d8f7c (4834427364905422716)
          flags                    : 0x01cb (459)
                 1: SHARE_MODE_SHARE_DELETE  
                 1: SHARE_MODE_SHARE_WRITE   
                 1: SHARE_MODE_SHARE_READ    
                 0: SHARE_MODE_ACCESS_DELETE 
                 0: SHARE_MODE_ACCESS_WRITE  
                 1: SHARE_MODE_ACCESS_READ   
                 0: SHARE_MODE_LEASE_HANDLE  
                 1: SHARE_MODE_LEASE_WRITE   
                 1: SHARE_MODE_LEASE_READ    
          servicepath              : *
              servicepath              : '/var/samba/public'
          base_name                : *
              base_name                : 'debian-training-tx1320-raid10.iso'
          stream_name              : NULL
          num_delete_tokens        : 0x00000000 (0)
          delete_tokens: ARRAY(0)
          old_write_time           : Mon May 18 10:07:24 AM 2026 JST
          changed_write_time       : NTTIME(0)
          not_stored               : 0x00 (0)
          modified                 : 0x01 (1)
          id: struct file_id
              devid                    : 0x000000000000fc00 (64512)
              inode                    : 0x0000000001021423 (16913443)
              extid                    : 0x0000000000000000 (0)
[2026/05/19 08:42:42.420984, 10, pid=3900001, effective(65534, 65534), real(65534, 0), class=locking] source3/locking/share_mode_lock.c:676(share_mode_data_store)
  share_mode_data_store: not modified
[2026/05/19 08:42:42.421004,  5, pid=3900001, effective(65534, 65534), real(65534, 0)] lib/dbwrap/dbwrap.c:204(dbwrap_lock_order_unlock)
  dbwrap_lock_order_unlock: release lock order 1 for /run/samba/locking.tdb
[2026/05/19 08:42:42.421023, 10, pid=3900001, effective(65534, 65534), real(65534, 0)] source3/lib/dbwrap/dbwrap_watch.c:507(dbwrap_watched_record_prepare_wakeup)
  dbwrap_watched_record_prepare_wakeup: No watchers
[2026/05/19 08:42:42.421046, 10, pid=3900001, effective(65534, 65534), real(65534, 0)] source3/lib/dbwrap/dbwrap_watch.c:487(dbwrap_watched_do_locked)
  dbwrap_watched_do_locked: dbwrap_watched_do_locked_fn returned
[2026/05/19 08:42:42.421064, 10, pid=3900001, effective(65534, 65534), real(65534, 0)] source3/lib/dbwrap/dbwrap_watch.c:550(dbwrap_watched_trigger_wakeup)
  dbwrap_watched_trigger_wakeup: No one to wakeup
[2026/05/19 08:42:42.421082, 10, pid=3900001, effective(65534, 65534), real(65534, 0)] source3/lib/g_lock.c:1275(g_lock_lock)
  g_lock_lock: status=NT_STATUS_OK, state.status=NT_STATUS_WAS_UNLOCKED
[2026/05/19 08:42:42.421121,  2, pid=3900001, effective(65534, 65534), real(65534, 0)] source3/smbd/close.c:934(close_normal_file)
  nobody closed file debian-training-tx1320-raid10.iso (numopen=0) NT_STATUS_OK
[2026/05/19 08:42:42.421144,  5, pid=3900001, effective(65534, 65534), real(65534, 0)] lib/dbwrap/dbwrap.c:172(dbwrap_lock_order_lock)
  dbwrap_lock_order_lock: check lock order 1 for /run/samba/smbXsrv_open_global.tdb
[2026/05/19 08:42:42.421162, 10, pid=3900001, effective(65534, 65534), real(65534, 0)] lib/dbwrap/dbwrap.c:157(debug_lock_order)
  lock order:  1:/run/samba/smbXsrv_open_global.tdb 2:<none> 3:<none> 4:<none>
[2026/05/19 08:42:42.421187,  5, pid=3900001, effective(65534, 65534), real(65534, 0)] lib/dbwrap/dbwrap.c:204(dbwrap_lock_order_unlock)
  dbwrap_lock_order_unlock: release lock order 1 for /run/samba/smbXsrv_open_global.tdb
[2026/05/19 08:42:42.421209,  5, pid=3900001, effective(65534, 65534), real(65534, 0)] source3/smbd/files.c:1985(file_free)
  file_free: freed files structure 37759 (0 used)
[2026/05/19 08:42:42.421243,  5, pid=3900001, effective(65534, 65534), real(65534, 0)] source3/lib/util.c:150(show_msg)
  size=35
  smb_com=0x4
  smb_rcls=0
  smb_reh=0
  smb_err=0
  smb_flg=128
  smb_flg2=51203
  smb_tid=40835
  smb_pid=1800
  smb_uid=54244
  smb_mid=18
  smt_wct=0
  smb_bcc=0
[2026/05/19 08:42:44.979235, 10, pid=3900001, effective(65534, 65534), real(65534, 0)] source3/lib/util_sock.c:180(read_smb_length_return_keepalive)
  got smb length of 68
[2026/05/19 08:42:44.979326,  6, pid=3900001, effective(65534, 65534), real(65534, 0)] source3/smbd/smb2_process.c:574(process_smb)
  got message type 0x0 of len 0x44
[2026/05/19 08:42:44.979349,  3, pid=3900001, effective(65534, 65534), real(65534, 0)] source3/smbd/smb2_process.c:576(process_smb)
  Transaction 18 of length 72 (0 toread)
[2026/05/19 08:42:44.979403,  5, pid=3900001, effective(65534, 65534), real(65534, 0)] source3/lib/util.c:150(show_msg)
  size=68
  smb_com=0x32
  smb_rcls=0
  smb_reh=0
  smb_err=0
  smb_flg=0
  smb_flg2=49153
  smb_tid=40835
  smb_pid=17069
  smb_uid=54244
  smb_mid=19
  smt_wct=15
  smb_vwv[ 0]=    2 (0x2)
  smb_vwv[ 1]=    0 (0x0)
  smb_vwv[ 2]=    2 (0x2)
  smb_vwv[ 3]=  100 (0x64)
  smb_vwv[ 4]=    0 (0x0)
  smb_vwv[ 5]=    0 (0x0)
  smb_vwv[ 6]=    0 (0x0)
  smb_vwv[ 7]=    0 (0x0)
  smb_vwv[ 8]=    0 (0x0)
  smb_vwv[ 9]=    2 (0x2)
  smb_vwv[10]=   66 (0x42)
  smb_vwv[11]=    0 (0x0)
  smb_vwv[12]=    0 (0x0)
  smb_vwv[13]=    1 (0x1)
  smb_vwv[14]=    3 (0x3)
  smb_bcc=3
[2026/05/19 08:42:44.979526, 10, pid=3900001, effective(65534, 65534), real(65534, 0)] lib/util/util.c:578(dump_data)
  [0000] 00 01 02                                            ...
[2026/05/19 08:42:44.979563,  3, pid=3900001, effective(65534, 65534), real(65534, 0)] source3/smbd/smb1_process.c:1112(switch_message)
  switch message SMBtrans2 (pid 3900001) conn 0x6087dc1782d0
[2026/05/19 08:42:44.979590,  5, pid=3900001, effective(65534, 65534), real(65534, 0)] source3/smbd/uid.c:327(change_to_user_impersonate)
  change_to_user_impersonate: Skipping user change - already user
[2026/05/19 08:42:44.979634,  5, pid=3900001, effective(65534, 65534), real(65534, 0)] source3/smbd/uid.c:294(print_impersonation_info)
  print_impersonation_info: Impersonated user: uid=(65534,65534), gid=(0,65534), cwd=[/var/samba/public]
[2026/05/19 08:42:44.979663,  3, pid=3900001, effective(65534, 65534), real(65534, 0)] source3/smbd/smb1_trans2.c:1676(call_trans2qfsinfo)
  call_trans2qfsinfo: level = 513
[2026/05/19 08:42:44.979689,  3, pid=3900001, effective(65534, 65534), real(65534, 0)] source3/smbd/smb2_trans2.c:2078(smbd_do_qfsinfo)
  smbd_do_qfsinfo: level = 513
[2026/05/19 08:42:44.979716,  3, pid=3900001, effective(65534, 65534), real(65534, 0)] source3/smbd/error.c:78(error_packet_set)
  NT error packet at source3/smbd/smb1_trans2.c(1686) cmd=50 (SMBtrans2) NT_STATUS_INVALID_LEVEL
[2026/05/19 08:42:44.979755,  5, pid=3900001, effective(65534, 65534), real(65534, 0)] source3/lib/util.c:150(show_msg)
  size=35
  smb_com=0x32
  smb_rcls=72
  smb_reh=1
  smb_err=49152
  smb_flg=128
  smb_flg2=51203
  smb_tid=40835
  smb_pid=17069
  smb_uid=54244
  smb_mid=19
  smt_wct=0
  smb_bcc=0
[2026/05/19 08:42:45.299563, 10, pid=3900001, effective(65534, 65534), real(65534, 0)] source3/lib/util_sock.c:180(read_smb_length_return_keepalive)
  got smb length of 68
[2026/05/19 08:42:45.299631,  6, pid=3900001, effective(65534, 65534), real(65534, 0)] source3/smbd/smb2_process.c:574(process_smb)
  got message type 0x0 of len 0x44
[2026/05/19 08:42:45.299650,  3, pid=3900001, effective(65534, 65534), real(65534, 0)] source3/smbd/smb2_process.c:576(process_smb)
  Transaction 19 of length 72 (0 toread)
[2026/05/19 08:42:45.299683,  5, pid=3900001, effective(65534, 65534), real(65534, 0)] source3/lib/util.c:150(show_msg)
  size=68
  smb_com=0x32
  smb_rcls=0
  smb_reh=0
  smb_err=0
  smb_flg=0
  smb_flg2=49153
  smb_tid=40835
  smb_pid=17069
  smb_uid=54244
  smb_mid=20
  smt_wct=15
  smb_vwv[ 0]=    2 (0x2)
  smb_vwv[ 1]=    0 (0x0)
  smb_vwv[ 2]=    2 (0x2)
  smb_vwv[ 3]= 1000 (0x3E8)
  smb_vwv[ 4]=    0 (0x0)
  smb_vwv[ 5]=    0 (0x0)
  smb_vwv[ 6]=    0 (0x0)
  smb_vwv[ 7]=    0 (0x0)
  smb_vwv[ 8]=    0 (0x0)
  smb_vwv[ 9]=    2 (0x2)
  smb_vwv[10]=   66 (0x42)
  smb_vwv[11]=    0 (0x0)
  smb_vwv[12]=    0 (0x0)
  smb_vwv[13]=    1 (0x1)
  smb_vwv[14]=    3 (0x3)
  smb_bcc=3
[2026/05/19 08:42:45.299818, 10, pid=3900001, effective(65534, 65534), real(65534, 0)] lib/util/util.c:578(dump_data)
  [0000] 00 03 01                                            ...
[2026/05/19 08:42:45.299860,  3, pid=3900001, effective(65534, 65534), real(65534, 0)] source3/smbd/smb1_process.c:1112(switch_message)
  switch message SMBtrans2 (pid 3900001) conn 0x6087dc1782d0
[2026/05/19 08:42:45.299946,  5, pid=3900001, effective(65534, 65534), real(65534, 0)] source3/smbd/uid.c:327(change_to_user_impersonate)
  change_to_user_impersonate: Skipping user change - already user
[2026/05/19 08:42:45.300008,  5, pid=3900001, effective(65534, 65534), real(65534, 0)] source3/smbd/uid.c:294(print_impersonation_info)
  print_impersonation_info: Impersonated user: uid=(65534,65534), gid=(0,65534), cwd=[/var/samba/public]
[2026/05/19 08:42:45.300036,  3, pid=3900001, effective(65534, 65534), real(65534, 0)] source3/smbd/smb1_trans2.c:1676(call_trans2qfsinfo)
  call_trans2qfsinfo: level = 259
[2026/05/19 08:42:45.300062,  3, pid=3900001, effective(65534, 65534), real(65534, 0)] source3/smbd/smb2_trans2.c:2078(smbd_do_qfsinfo)
  smbd_do_qfsinfo: level = 259
[2026/05/19 08:42:45.300316, 10, pid=3900001, effective(65534, 65534), real(65534, 0), class=quota] source3/lib/sysquotas.c:513(sys_get_quota)
  sys_get_quota() uid(65534, 65534), fs(ext4)
[2026/05/19 08:42:45.300344, 10, pid=3900001, effective(65534, 65534), real(65534, 0), class=quota] source3/lib/sysquotas_linux.c:80(sys_get_vfs_quota)
  sys_get_vfs_quota: path[/] bdev[/dev/mapper/ubuntu--vg-ubuntu--lv] SMB_USER_FS_QUOTA_TYPE (uid[65534])
[2026/05/19 08:42:45.300402, 10, pid=3900001, effective(65534, 65534), real(65534, 0), class=quota] source3/lib/sysquotas.c:537(sys_get_quota)
  sys_get_vfs_quota() called for mntpath[/] bdev[/dev/mapper/ubuntu--vg-ubuntu--lv] qtype[1] id[-1].
[2026/05/19 08:42:45.300494, 10, pid=3900001, effective(65534, 65534), real(65534, 0), class=quota] source3/lib/sysquotas.c:513(sys_get_quota)
  sys_get_quota() uid(65534, 65534), fs(ext4)
[2026/05/19 08:42:45.300515, 10, pid=3900001, effective(65534, 65534), real(65534, 0), class=quota] source3/lib/sysquotas_linux.c:93(sys_get_vfs_quota)
  sys_get_vfs_quota: path[/] bdev[/dev/mapper/ubuntu--vg-ubuntu--lv] SMB_GROUP_FS_QUOTA_TYPE (gid[65534])
[2026/05/19 08:42:45.300540, 10, pid=3900001, effective(65534, 65534), real(65534, 0), class=quota] source3/lib/sysquotas.c:537(sys_get_quota)
  sys_get_vfs_quota() called for mntpath[/] bdev[/dev/mapper/ubuntu--vg-ubuntu--lv] qtype[3] id[-1].
[2026/05/19 08:42:45.300560,  5, pid=3900001, effective(65534, 65534), real(65534, 0)] source3/smbd/smb2_trans2.c:2297(smbd_do_qfsinfo)
  smbd_do_qfsinfo : SMB_QUERY_FS_SIZE_INFO bsize=1024, cSectorUnit=2, cBytesSector=512, cUnitTotal=2111122464, cUnitAvail=1025031376
[2026/05/19 08:42:45.300581,  9, pid=3900001, effective(65534, 65534), real(65534, 0)] source3/smbd/smb1_trans2.c:230(send_trans2_replies)
  t2_rep: params_sent_thistime = 0, data_sent_thistime = 24, useable_space = 16408
[2026/05/19 08:42:45.300599,  9, pid=3900001, effective(65534, 65534), real(65534, 0)] source3/smbd/smb1_trans2.c:232(send_trans2_replies)
  t2_rep: params_to_send = 0, data_to_send = 24, paramsize = 0, datasize = 24
[2026/05/19 08:42:45.300630,  5, pid=3900001, effective(65534, 65534), real(65534, 0)] source3/lib/util.c:150(show_msg)
  size=80
  smb_com=0x32
  smb_rcls=0
  smb_reh=0
  smb_err=0
  smb_flg=128
  smb_flg2=51203
  smb_tid=40835
  smb_pid=17069
  smb_uid=54244
  smb_mid=20
  smt_wct=10
  smb_vwv[ 0]=    0 (0x0)
  smb_vwv[ 1]=   24 (0x18)
  smb_vwv[ 2]=    0 (0x0)
  smb_vwv[ 3]=    0 (0x0)
  smb_vwv[ 4]=   56 (0x38)
  smb_vwv[ 5]=    0 (0x0)
  smb_vwv[ 6]=   24 (0x18)
  smb_vwv[ 7]=   56 (0x38)
  smb_vwv[ 8]=    0 (0x0)
  smb_vwv[ 9]=    0 (0x0)
  smb_bcc=25
[2026/05/19 08:42:45.300731, 10, pid=3900001, effective(65534, 65534), real(65534, 0)] lib/util/util.c:578(dump_data)
  [0000] 00 20 2C D5 7D 00 00 00   00 D0 BC 18 3D 00 00 00   . ,.}... ....=...
  [0010] 00 02 00 00 00 00 02 00   00                        ........ .
[2026/05/19 08:42:45.300816,  4, pid=3900001, effective(65534, 65534), real(65534, 0)] source3/smbd/smb1_trans2.c:1693(call_trans2qfsinfo)
  SMBtrans2 info_level = 259
[2026/05/19 08:43:38.534189, 10, pid=3900001, effective(65534, 65534), real(65534, 0)] source3/lib/util_event.c:42(smbd_idle_event_handler)
  smbd_idle_event_handler: idle_evt(deadtime) (nil) called
[2026/05/19 08:43:38.534287, 10, pid=3900001, effective(65534, 65534), real(65534, 0)] source3/lib/util_event.c:53(smbd_idle_event_handler)
  smbd_idle_event_handler: idle_evt(deadtime) (nil) rescheduled
[2026/05/19 08:43:38.534340, 10, pid=3900001, effective(65534, 65534), real(65534, 0)] source3/lib/util_event.c:42(smbd_idle_event_handler)
  smbd_idle_event_handler: idle_evt(housekeeping) (nil) called
[2026/05/19 08:43:38.534360,  5, pid=3900001, effective(65534, 65534), real(65534, 0)] source3/smbd/smb2_process.c:1582(housekeeping_fn)
  housekeeping
[2026/05/19 08:43:38.534381,  4, pid=3900001, effective(65534, 65534), real(65534, 0)] source3/smbd/sec_ctx.c:317(set_sec_ctx_internal)
  setting sec ctx (0, 0) - sec_ctx_stack_ndx = 0
[2026/05/19 08:43:38.534402,  5, pid=3900001, effective(65534, 65534), real(65534, 0)] libcli/security/security_token.c:49(security_token_debug)
  Security token: (NULL)
[2026/05/19 08:43:38.534422,  5, pid=3900001, effective(65534, 65534), real(65534, 0)] source3/auth/token_util.c:873(debug_unix_user_token)
  UNIX token of user 0
  Primary group is 0 and contains 0 supplementary groups
[2026/05/19 08:43:38.534479,  5, pid=3900001, effective(0, 0), real(0, 0)] source3/smbd/uid.c:494(smbd_change_to_root_user)
  change_to_root_user: now uid=(0,0) gid=(0,0)
[2026/05/19 08:43:38.534514, 10, pid=3900001, effective(0, 0), real(0, 0)] source3/lib/util_event.c:53(smbd_idle_event_handler)
  smbd_idle_event_handler: idle_evt(housekeeping) (nil) rescheduled
[2026/05/19 08:43:42.579291, 10, pid=3900001, effective(0, 0), real(0, 0)] source3/lib/util_sock.c:180(read_smb_length_return_keepalive)
  got smb length of 142
[2026/05/19 08:43:42.579386,  6, pid=3900001, effective(0, 0), real(0, 0)] source3/smbd/smb2_process.c:574(process_smb)
  got message type 0x0 of len 0x8e
[2026/05/19 08:43:42.579407,  3, pid=3900001, effective(0, 0), real(0, 0)] source3/smbd/smb2_process.c:576(process_smb)
  Transaction 20 of length 146 (0 toread)
[2026/05/19 08:43:42.579440,  5, pid=3900001, effective(0, 0), real(0, 0)] source3/lib/util.c:150(show_msg)
  size=142
  smb_com=0x32
  smb_rcls=0
  smb_reh=0
  smb_err=0
  smb_flg=0
  smb_flg2=49153
  smb_tid=40835
  smb_pid=1800
  smb_uid=54244
  smb_mid=21
  smt_wct=15
  smb_vwv[ 0]=   76 (0x4C)
  smb_vwv[ 1]=    0 (0x0)
  smb_vwv[ 2]=    2 (0x2)
  smb_vwv[ 3]= 4000 (0xFA0)
  smb_vwv[ 4]=    0 (0x0)
  smb_vwv[ 5]=    0 (0x0)
  smb_vwv[ 6]=    0 (0x0)
  smb_vwv[ 7]=    0 (0x0)
  smb_vwv[ 8]=    0 (0x0)
  smb_vwv[ 9]=   76 (0x4C)
  smb_vwv[10]=   66 (0x42)
  smb_vwv[11]=    0 (0x0)
  smb_vwv[12]=    0 (0x0)
  smb_vwv[13]=    1 (0x1)
  smb_vwv[14]=    5 (0x5)
  smb_bcc=77
[2026/05/19 08:43:42.579562, 10, pid=3900001, effective(0, 0), real(0, 0)] lib/util/util.c:578(dump_data)
  [0000] 00 00 02 00 00 00 00 2F   00 64 00 65 00 62 00 69   ......./ .d.e.b.i
  [0010] 00 61 00 6E 00 2D 00 74   00 72 00 61 00 69 00 6E   .a.n.-.t .r.a.i.n
  [0020] 00 69 00 6E 00 67 00 2D   00 74 00 78 00 31 00 33   .i.n.g.- .t.x.1.3
  [0030] 00 32 00 30 00 2D 00 72   00 61 00 69 00 64 00 31   .2.0.-.r .a.i.d.1
  [0040] 00 30 00 2E 00 69 00 73   00 6F 00 00 00            .0...i.s .o...
[2026/05/19 08:43:42.579693,  3, pid=3900001, effective(0, 0), real(0, 0)] source3/smbd/smb1_process.c:1112(switch_message)
  switch message SMBtrans2 (pid 3900001) conn 0x6087dc1782d0
[2026/05/19 08:43:42.579734,  4, pid=3900001, effective(0, 0), real(0, 0)] source3/smbd/sec_ctx.c:317(set_sec_ctx_internal)
  setting sec ctx (65534, 65534) - sec_ctx_stack_ndx = 0
[2026/05/19 08:43:42.579755,  5, pid=3900001, effective(0, 0), real(0, 0)] libcli/security/security_token.c:53(security_token_debug)
  Security token SIDs (7):
    SID[  0]: S-1-5-21-2342536155-1022706741-2866312864-501
    SID[  1]: S-1-5-21-2342536155-1022706741-2866312864-514
    SID[  2]: S-1-22-2-65534
    SID[  3]: S-1-1-0
    SID[  4]: S-1-5-2
    SID[  5]: S-1-5-32-546
    SID[  6]: S-1-22-1-65534
   Privileges (0x               0):
   Rights (0x               0):
[2026/05/19 08:43:42.579821,  5, pid=3900001, effective(0, 0), real(0, 0)] source3/auth/token_util.c:873(debug_unix_user_token)
  UNIX token of user 65534
  Primary group is 65534 and contains 1 supplementary groups
  Group[  0]: 65534
[2026/05/19 08:43:42.579971,  4, pid=3900001, effective(65534, 65534), real(65534, 0), class=vfs] source3/smbd/vfs.c:937(vfs_ChDir)
  vfs_ChDir to /var/samba/public
[2026/05/19 08:43:42.580023,  5, pid=3900001, effective(65534, 65534), real(65534, 0), class=vfs] source3/smbd/vfs.c:999(vfs_ChDir)
  vfs_ChDir: vfs_ChDir got /var/samba/public
[2026/05/19 08:43:42.580052,  5, pid=3900001, effective(65534, 65534), real(65534, 0)] source3/smbd/uid.c:294(print_impersonation_info)
  print_impersonation_info: Impersonated user: uid=(65534,65534), gid=(0,65534), cwd=[/var/samba/public]
[2026/05/19 08:43:42.580081,  3, pid=3900001, effective(65534, 65534), real(65534, 0)] source3/smbd/smb1_trans2.c:2645(call_trans2qpathinfo)
  call_trans2qpathinfo: TRANSACT2_QPATHINFO: level = 512
[2026/05/19 08:43:42.580109, 10, pid=3900001, effective(65534, 65534), real(65534, 0)] source3/smbd/files.c:562(openat_pathref_fsp)
  openat_pathref_fsp: smb_fname [.]
[2026/05/19 08:43:42.580129, 10, pid=3900001, effective(65534, 65534), real(65534, 0)] source3/smbd/files.c:462(openat_pathref_fullname)
  openat_pathref_fullname: smb_fname [.]
[2026/05/19 08:43:42.580149,  5, pid=3900001, effective(65534, 65534), real(65534, 0)] source3/smbd/files.c:77(fsp_new)
  fsp_new: allocated files structure (1 used)
[2026/05/19 08:43:42.580170, 10, pid=3900001, effective(65534, 65534), real(65534, 0)] source3/smbd/files.c:2198(file_name_hash)
  file_name_hash: /var/samba/public/. hash 0xb9bae796
[2026/05/19 08:43:42.580212, 10, pid=3900001, effective(65534, 65534), real(65534, 0)] source3/smbd/open.c:930(fd_openat)
  fd_openat: name ., flags = 04000 mode = 00, fd = 14
[2026/05/19 08:43:42.580233, 10, pid=3900001, effective(65534, 65534), real(65534, 0)] source3/smbd/files.c:531(openat_pathref_fullname)
  openat_pathref_fullname: fsp [.]: OK
[2026/05/19 08:43:42.580252, 10, pid=3900001, effective(65534, 65534), real(65534, 0)] source3/smbd/files.c:562(openat_pathref_fsp)
  openat_pathref_fsp: smb_fname [debian-training-tx1320-raid10.iso]
[2026/05/19 08:43:42.580272, 10, pid=3900001, effective(65534, 65534), real(65534, 0)] source3/smbd/files.c:462(openat_pathref_fullname)
  openat_pathref_fullname: smb_fname [debian-training-tx1320-raid10.iso]
[2026/05/19 08:43:42.580292,  5, pid=3900001, effective(65534, 65534), real(65534, 0)] source3/smbd/files.c:77(fsp_new)
  fsp_new: allocated files structure (2 used)
[2026/05/19 08:43:42.580311, 10, pid=3900001, effective(65534, 65534), real(65534, 0)] source3/smbd/files.c:2198(file_name_hash)
  file_name_hash: /var/samba/public/debian-training-tx1320-raid10.iso hash 0x2dee4f28
[2026/05/19 08:43:42.580337, 10, pid=3900001, effective(65534, 65534), real(65534, 0)] source3/smbd/open.c:930(fd_openat)
  fd_openat: name debian-training-tx1320-raid10.iso, flags = 04000 mode = 00, fd = 28
[2026/05/19 08:43:42.580356, 10, pid=3900001, effective(65534, 65534), real(65534, 0)] source3/smbd/files.c:531(openat_pathref_fullname)
  openat_pathref_fullname: fsp [debian-training-tx1320-raid10.iso]: OK
[2026/05/19 08:43:42.580377, 10, pid=3900001, effective(65534, 65534), real(65534, 0)] source3/smbd/files.c:2198(file_name_hash)
  file_name_hash: /var/samba/public/debian-training-tx1320-raid10.iso hash 0x2dee4f28
[2026/05/19 08:43:42.580406, 10, pid=3900001, effective(65534, 65534), real(65534, 0)] source3/lib/g_lock.c:1655(g_lock_dump)
  g_lock_dump: dbwrap_parse_record returned NT_STATUS_NOT_FOUND
[2026/05/19 08:43:42.580431, 10, pid=3900001, effective(65534, 65534), real(65534, 0), class=locking] source3/locking/share_mode_lock.c:1570(fetch_share_mode_unlocked)
  fetch_share_mode_unlocked: g_lock_dump failed: NT_STATUS_NOT_FOUND
[2026/05/19 08:43:42.580458, 10, pid=3900001, effective(65534, 65534), real(65534, 0)] source3/smbd/smb2_trans2.c:2779(store_file_unix_basic)
  store_file_unix_basic: SMB_QUERY_FILE_UNIX_BASIC
[2026/05/19 08:43:42.580477,  4, pid=3900001, effective(65534, 65534), real(65534, 0)] source3/smbd/smb2_trans2.c:2780(store_file_unix_basic)
  store_file_unix_basic: st_mode=100644
[2026/05/19 08:43:42.580508,  9, pid=3900001, effective(65534, 65534), real(65534, 0)] source3/smbd/smb1_trans2.c:230(send_trans2_replies)
  t2_rep: params_sent_thistime = 2, data_sent_thistime = 100, useable_space = 16406
[2026/05/19 08:43:42.580527,  9, pid=3900001, effective(65534, 65534), real(65534, 0)] source3/smbd/smb1_trans2.c:232(send_trans2_replies)
  t2_rep: params_to_send = 2, data_to_send = 100, paramsize = 2, datasize = 100
[2026/05/19 08:43:42.580558,  5, pid=3900001, effective(65534, 65534), real(65534, 0)] source3/lib/util.c:150(show_msg)
  size=160
  smb_com=0x32
  smb_rcls=0
  smb_reh=0
  smb_err=0
  smb_flg=128
  smb_flg2=51203
  smb_tid=40835
  smb_pid=1800
  smb_uid=54244
  smb_mid=21
  smt_wct=10
  smb_vwv[ 0]=    2 (0x2)
  smb_vwv[ 1]=  100 (0x64)
  smb_vwv[ 2]=    0 (0x0)
  smb_vwv[ 3]=    2 (0x2)
  smb_vwv[ 4]=   56 (0x38)
  smb_vwv[ 5]=    0 (0x0)
  smb_vwv[ 6]=  100 (0x64)
  smb_vwv[ 7]=   60 (0x3C)
  smb_vwv[ 8]=    0 (0x0)
  smb_vwv[ 9]=    0 (0x0)
  smb_bcc=105
[2026/05/19 08:43:42.580658, 10, pid=3900001, effective(65534, 65534), real(65534, 0)] lib/util/util.c:578(dump_data)
  [0000] 00 00 00 00 00 00 00 B5   2F 00 00 00 00 00 10 B5   ........ /.......
  [0010] 2F 00 00 00 00 A3 E5 86   AF 62 E6 DC 01 11 90 9F   /....... .b......
  [0020] B5 62 E6 DC 01 A3 E5 86   AF 62 E6 DC 01 00 00 00   .b...... .b......
  [0030] 00 00 00 00 00 00 00 00   00 00 00 00 00 00 00 00   ........ ........
  [0040] 00 FC 00 00 00 00 00 00   00 00 00 00 00 00 00 00   ........ ........
  [0050] 00 23 14 02 01 00 00 00   00 A4 01 00 00 00 00 00   .#...... ........
  [0060] 00 01 00 00 00 00 00 00   00                        ........ .
[2026/05/19 08:43:42.580888,  5, pid=3900001, effective(65534, 65534), real(65534, 0)] source3/smbd/files.c:1985(file_free)
  file_free: freed files structure 0 (1 used)
[2026/05/19 08:43:42.580917,  5, pid=3900001, effective(65534, 65534), real(65534, 0)] source3/smbd/files.c:1985(file_free)
  file_free: freed files structure 0 (0 used)
[2026/05/19 08:43:42.898949, 10, pid=3900001, effective(65534, 65534), real(65534, 0)] source3/lib/util_sock.c:180(read_smb_length_return_keepalive)
  got smb length of 162
[2026/05/19 08:43:42.899049,  6, pid=3900001, effective(65534, 65534), real(65534, 0)] source3/smbd/smb2_process.c:574(process_smb)
  got message type 0x0 of len 0xa2
[2026/05/19 08:43:42.899071,  3, pid=3900001, effective(65534, 65534), real(65534, 0)] source3/smbd/smb2_process.c:576(process_smb)
  Transaction 21 of length 166 (0 toread)
[2026/05/19 08:43:42.899104,  5, pid=3900001, effective(65534, 65534), real(65534, 0)] source3/lib/util.c:150(show_msg)
  size=162
  smb_com=0x32
  smb_rcls=0
  smb_reh=0
  smb_err=0
  smb_flg=0
  smb_flg2=49153
  smb_tid=40835
  smb_pid=1800
  smb_uid=54244
  smb_mid=22
  smt_wct=15
  smb_vwv[ 0]=   76 (0x4C)
  smb_vwv[ 1]=   18 (0x12)
  smb_vwv[ 2]=    2 (0x2)
  smb_vwv[ 3]= 1000 (0x3E8)
  smb_vwv[ 4]=    0 (0x0)
  smb_vwv[ 5]=    0 (0x0)
  smb_vwv[ 6]=    0 (0x0)
  smb_vwv[ 7]=    0 (0x0)
  smb_vwv[ 8]=    0 (0x0)
  smb_vwv[ 9]=   76 (0x4C)
  smb_vwv[10]=   68 (0x44)
  smb_vwv[11]=   18 (0x12)
  smb_vwv[12]=  144 (0x90)
  smb_vwv[13]=    1 (0x1)
  smb_vwv[14]=    6 (0x6)
  smb_bcc=97
[2026/05/19 08:43:42.899228, 10, pid=3900001, effective(65534, 65534), real(65534, 0)] lib/util/util.c:578(dump_data)
  [0000] 00 00 00 09 02 00 00 00   00 2F 00 64 00 65 00 62   ........ ./.d.e.b
  [0010] 00 69 00 61 00 6E 00 2D   00 74 00 72 00 61 00 69   .i.a.n.- .t.r.a.i
  [0020] 00 6E 00 69 00 6E 00 67   00 2D 00 74 00 78 00 31   .n.i.n.g .-.t.x.1
  [0030] 00 33 00 32 00 30 00 2D   00 72 00 61 00 69 00 64   .3.2.0.- .r.a.i.d
  [0040] 00 31 00 30 00 2E 00 69   00 73 00 6F 00 00 00 02   .1.0...i .s.o....
  [0050] 00 00 00 01 04 00 00 ED   01 00 00 00 00 00 00 00   ........ ........
  [0060] 02                                                  .
[2026/05/19 08:43:42.899383,  3, pid=3900001, effective(65534, 65534), real(65534, 0)] source3/smbd/smb1_process.c:1112(switch_message)
  switch message SMBtrans2 (pid 3900001) conn 0x6087dc1782d0
[2026/05/19 08:43:42.899428,  5, pid=3900001, effective(65534, 65534), real(65534, 0)] source3/smbd/uid.c:327(change_to_user_impersonate)
  change_to_user_impersonate: Skipping user change - already user
[2026/05/19 08:43:42.899472,  5, pid=3900001, effective(65534, 65534), real(65534, 0)] source3/smbd/uid.c:294(print_impersonation_info)
  print_impersonation_info: Impersonated user: uid=(65534,65534), gid=(0,65534), cwd=[/var/samba/public]
[2026/05/19 08:43:42.899506,  3, pid=3900001, effective(65534, 65534), real(65534, 0)] source3/smbd/smb1_trans2.c:4513(call_trans2setpathinfo)
  call_trans2setpathinfo: fname=debian-training-tx1320-raid10.iso info_level=521 totdata=18
[2026/05/19 08:43:42.899529, 10, pid=3900001, effective(65534, 65534), real(65534, 0)] source3/smbd/files.c:562(openat_pathref_fsp)
  openat_pathref_fsp: smb_fname [.]
[2026/05/19 08:43:42.899551, 10, pid=3900001, effective(65534, 65534), real(65534, 0)] source3/smbd/files.c:462(openat_pathref_fullname)
  openat_pathref_fullname: smb_fname [.]
[2026/05/19 08:43:42.899571,  5, pid=3900001, effective(65534, 65534), real(65534, 0)] source3/smbd/files.c:77(fsp_new)
  fsp_new: allocated files structure (1 used)
[2026/05/19 08:43:42.899593, 10, pid=3900001, effective(65534, 65534), real(65534, 0)] source3/smbd/files.c:2198(file_name_hash)
  file_name_hash: /var/samba/public/. hash 0xb9bae796
[2026/05/19 08:43:42.899637, 10, pid=3900001, effective(65534, 65534), real(65534, 0)] source3/smbd/open.c:930(fd_openat)
  fd_openat: name ., flags = 04000 mode = 00, fd = 14
[2026/05/19 08:43:42.899657, 10, pid=3900001, effective(65534, 65534), real(65534, 0)] source3/smbd/files.c:531(openat_pathref_fullname)
  openat_pathref_fullname: fsp [.]: OK
[2026/05/19 08:43:42.899677, 10, pid=3900001, effective(65534, 65534), real(65534, 0)] source3/smbd/files.c:562(openat_pathref_fsp)
  openat_pathref_fsp: smb_fname [debian-training-tx1320-raid10.iso]
[2026/05/19 08:43:42.899697, 10, pid=3900001, effective(65534, 65534), real(65534, 0)] source3/smbd/files.c:462(openat_pathref_fullname)
  openat_pathref_fullname: smb_fname [debian-training-tx1320-raid10.iso]
[2026/05/19 08:43:42.899717,  5, pid=3900001, effective(65534, 65534), real(65534, 0)] source3/smbd/files.c:77(fsp_new)
  fsp_new: allocated files structure (2 used)
[2026/05/19 08:43:42.899736, 10, pid=3900001, effective(65534, 65534), real(65534, 0)] source3/smbd/files.c:2198(file_name_hash)
  file_name_hash: /var/samba/public/debian-training-tx1320-raid10.iso hash 0x2dee4f28
[2026/05/19 08:43:42.899762, 10, pid=3900001, effective(65534, 65534), real(65534, 0)] source3/smbd/open.c:930(fd_openat)
  fd_openat: name debian-training-tx1320-raid10.iso, flags = 04000 mode = 00, fd = 28
[2026/05/19 08:43:42.899782, 10, pid=3900001, effective(65534, 65534), real(65534, 0)] source3/smbd/files.c:531(openat_pathref_fullname)
  openat_pathref_fullname: fsp [debian-training-tx1320-raid10.iso]: OK
[2026/05/19 08:43:42.899806, 10, pid=3900001, effective(65534, 65534), real(65534, 0)] source3/smbd/smb1_trans2.c:3477(smb_posix_open)
  smb_posix_open: file debian-training-tx1320-raid10.iso, smb_posix_flags = 1024, mode 0755
[2026/05/19 08:43:42.899826, 10, pid=3900001, effective(65534, 65534), real(65534, 0)] source3/smbd/open.c:6509(create_file_default)
  create_file_default: create_file: access_mask = 0x89 file_attributes = 0x0, share_access = 0x7, create_disposition = 0x1 create_options = 0x40 oplock_request = 0x1 private_flags = 0x0 ea_list = (nil), sd = (nil), fname = debian-training-tx1320-raid10.iso
[2026/05/19 08:43:42.899853, 10, pid=3900001, effective(65534, 65534), real(65534, 0)] source3/smbd/open.c:5926(create_file_unixpath)
  create_file_unixpath: access_mask = 0x89 file_attributes = 0x10001a4 share_access = 0x7 create_disposition = 0x1 create_options = 0x40 oplock_request = 0x1 private_flags = 0x0 ea_list = (nil), sd = (nil), fname = debian-training-tx1320-raid10.iso
[2026/05/19 08:43:42.899912,  5, pid=3900001, effective(65534, 65534), real(65534, 0)] lib/dbwrap/dbwrap.c:172(dbwrap_lock_order_lock)
  dbwrap_lock_order_lock: check lock order 1 for /run/samba/smbXsrv_open_global.tdb
[2026/05/19 08:43:42.899947, 10, pid=3900001, effective(65534, 65534), real(65534, 0)] lib/dbwrap/dbwrap.c:157(debug_lock_order)
  lock order:  1:/run/samba/smbXsrv_open_global.tdb 2:<none> 3:<none> 4:<none>
[2026/05/19 08:43:42.900034, 10, pid=3900001, effective(65534, 65534), real(65534, 0)] source3/smbd/smbXsrv_open.c:349(smbXsrv_open_global_store)
  smbXsrv_open_global_store: key '13D04EF9' stored
[2026/05/19 08:43:42.900057,  1, pid=3900001, effective(65534, 65534), real(65534, 0), class=rpc_parse] source3/smbd/smbXsrv_open.c:350(smbXsrv_open_global_store)
       &global_blob: struct smbXsrv_open_globalB
          version                  : SMBXSRV_VERSION_0 (0)
          seqnum                   : 0x00000001 (1)
          info                     : union smbXsrv_open_globalU(case 0)
          info0                    : *
              info0: struct smbXsrv_open_global0
                  server_id: struct server_id
                      pid                      : 0x00000000003b8261 (3900001)
                      task_id                  : 0x00000000 (0)
                      vnn                      : 0xffffffff (4294967295)
                      unique_id                : 0xd2c33d9fcd33ff8f (-3259693948734275697)
                  open_global_id           : 0x13d04ef9 (332418809)
                  open_persistent_id       : 0x0000000013d04ef9 (332418809)
                  open_volatile_id         : 0x000000000000fea9 (65193)
                  open_owner               : S-1-5-21-2342536155-1022706741-2866312864-501
                  open_time                : Tue May 19 08:43:43 AM 2026 JST
                  create_guid              : 00000000-0000-0000-0000-000000000000
                  client_guid              : 00000000-0000-0000-0000-000000000000
                  app_instance_id          : 00000000-0000-0000-0000-000000000000
                  disconnect_time          : NTTIME(0)
                  durable_timeout_msec     : 0x00000000 (0)
                  durable                  : 0x00 (0)
                  backend_cookie           : DATA_BLOB length=0
                  channel_sequence         : 0x0000 (0)
                  channel_generation       : 0x0000000000000000 (0)
                  lock_sequence_array: ARRAY(64)
  [0000] FF FF FF FF FF FF FF FF   FF FF FF FF FF FF FF FF   ........ ........
  [0010] FF FF FF FF FF FF FF FF   FF FF FF FF FF FF FF FF   ........ ........
  [0020] FF FF FF FF FF FF FF FF   FF FF FF FF FF FF FF FF   ........ ........
  [0030] FF FF FF FF FF FF FF FF   FF FF FF FF FF FF FF FF   ........ ........
[2026/05/19 08:43:42.900368,  5, pid=3900001, effective(65534, 65534), real(65534, 0)] lib/dbwrap/dbwrap.c:204(dbwrap_lock_order_unlock)
  dbwrap_lock_order_unlock: release lock order 1 for /run/samba/smbXsrv_open_global.tdb
[2026/05/19 08:43:42.900387, 10, pid=3900001, effective(65534, 65534), real(65534, 0)] source3/smbd/smbXsrv_open.c:466(smbXsrv_open_global_allocate)
  smbXsrv_open_global_allocate: Found slot 332418809
[2026/05/19 08:43:42.900406, 10, pid=3900001, effective(65534, 65534), real(65534, 0)] source3/smbd/smbXsrv_open.c:614(smbXsrv_open_create)
  smbXsrv_open_create: global_id (0x13d04ef9) stored
[2026/05/19 08:43:42.900424,  1, pid=3900001, effective(65534, 65534), real(65534, 0), class=rpc_parse] source3/smbd/smbXsrv_open.c:616(smbXsrv_open_create)
       &open_blob: struct smbXsrv_openB
          version                  : SMBXSRV_VERSION_0 (0)
          reserved                 : 0x00000000 (0)
          info                     : union smbXsrv_openU(case 0)
          info0                    : *
              info0: struct smbXsrv_open
                  table                    : *
                  local_id                 : 0x0000fea9 (65193)
                  global                   : *
                      global: struct smbXsrv_open_global0
                          server_id: struct server_id
                              pid                      : 0x00000000003b8261 (3900001)
                              task_id                  : 0x00000000 (0)
                              vnn                      : 0xffffffff (4294967295)
                              unique_id                : 0xd2c33d9fcd33ff8f (-3259693948734275697)
                          open_global_id           : 0x13d04ef9 (332418809)
                          open_persistent_id       : 0x0000000013d04ef9 (332418809)
                          open_volatile_id         : 0x000000000000fea9 (65193)
                          open_owner               : S-1-5-21-2342536155-1022706741-2866312864-501
                          open_time                : Tue May 19 08:43:43 AM 2026 JST
                          create_guid              : 00000000-0000-0000-0000-000000000000
                          client_guid              : 00000000-0000-0000-0000-000000000000
                          app_instance_id          : 00000000-0000-0000-0000-000000000000
                          disconnect_time          : NTTIME(0)
                          durable_timeout_msec     : 0x00000000 (0)
                          durable                  : 0x00 (0)
                          backend_cookie           : DATA_BLOB length=0
                          channel_sequence         : 0x0000 (0)
                          channel_generation       : 0x0000000000000000 (0)
                          lock_sequence_array: ARRAY(64)
  [0000] FF FF FF FF FF FF FF FF   FF FF FF FF FF FF FF FF   ........ ........
  [0010] FF FF FF FF FF FF FF FF   FF FF FF FF FF FF FF FF   ........ ........
  [0020] FF FF FF FF FF FF FF FF   FF FF FF FF FF FF FF FF   ........ ........
  [0030] FF FF FF FF FF FF FF FF   FF FF FF FF FF FF FF FF   ........ ........
                  status                   : NT_STATUS_OK
                  idle_time                : Tue May 19 08:43:43 AM 2026 JST
                  compat                   : NULL
                  flags                    : 0x00 (0)
                         0: SMBXSRV_OPEN_NEED_REPLAY_CACHE
                         0: SMBXSRV_OPEN_HAVE_REPLAY_CACHE
                  create_action            : 0x00000000 (0)
                  request_count            : 0x0000000000000000 (0)
                  pre_request_count        : 0x0000000000000000 (0)
[2026/05/19 08:43:42.900814, 10, pid=3900001, effective(65534, 65534), real(65534, 0)] source3/smbd/files.c:135(fsp_bind_smb)
  fsp_bind_smb: fsp [debian-training-tx1320-raid10.iso] mid [22]
[2026/05/19 08:43:42.900836, 10, pid=3900001, effective(65534, 65534), real(65534, 0)] source3/smbd/files.c:562(openat_pathref_fsp)
  openat_pathref_fsp: smb_fname [.]
[2026/05/19 08:43:42.900855, 10, pid=3900001, effective(65534, 65534), real(65534, 0)] source3/smbd/files.c:462(openat_pathref_fullname)
  openat_pathref_fullname: smb_fname [.]
[2026/05/19 08:43:42.900892,  5, pid=3900001, effective(65534, 65534), real(65534, 0)] source3/smbd/files.c:77(fsp_new)
  fsp_new: allocated files structure (3 used)
[2026/05/19 08:43:42.900912, 10, pid=3900001, effective(65534, 65534), real(65534, 0)] source3/smbd/files.c:2198(file_name_hash)
  file_name_hash: /var/samba/public/. hash 0xb9bae796
[2026/05/19 08:43:42.900953, 10, pid=3900001, effective(65534, 65534), real(65534, 0)] source3/smbd/open.c:930(fd_openat)
  fd_openat: name ., flags = 04000 mode = 00, fd = 29
[2026/05/19 08:43:42.900974, 10, pid=3900001, effective(65534, 65534), real(65534, 0)] source3/smbd/files.c:531(openat_pathref_fullname)
  openat_pathref_fullname: fsp [.]: OK
[2026/05/19 08:43:42.900994, 10, pid=3900001, effective(65534, 65534), real(65534, 0)] source3/smbd/files.c:2198(file_name_hash)
  file_name_hash: /var/samba/public/. hash 0xb9bae796
[2026/05/19 08:43:42.901013, 10, pid=3900001, effective(65534, 65534), real(65534, 0)] source3/smbd/open.c:3837(open_file_ntcreate)
  open_file_ntcreate: fname=debian-training-tx1320-raid10.iso, dos_attrs=0x0 access_mask=0x89 share_access=0x7 create_disposition = 0x1 create_options=0x40 unix mode=0644 oplock_request=1 private_flags = 0x0
[2026/05/19 08:43:42.901038, 10, pid=3900001, effective(65534, 65534), real(65534, 0)] source3/smbd/open.c:4036(open_file_ntcreate)
  open_file_ntcreate: fname=debian-training-tx1320-raid10.iso, after mapping access_mask=0x89
[2026/05/19 08:43:42.901063,  4, pid=3900001, effective(65534, 65534), real(65534, 0)] source3/smbd/open.c:4138(open_file_ntcreate)
  calling open_file with flags=0x0 flags2=0x800 mode=0644, access_mask = 0x89, open_access_mask = 0x89
[2026/05/19 08:43:42.901085, 10, pid=3900001, effective(65534, 65534), real(65534, 0), class=acls] source3/smbd/posix_acls.c:3366(posix_fget_nt_acl)
  posix_fget_nt_acl: called for file debian-training-tx1320-raid10.iso
[2026/05/19 08:43:42.901249,  4, pid=3900001, effective(65534, 65534), real(65534, 0)] source3/smbd/sec_ctx.c:206(push_sec_ctx)
  push_sec_ctx(65534, 65534) : sec_ctx_stack_ndx = 1
[2026/05/19 08:43:42.901275,  4, pid=3900001, effective(65534, 65534), real(65534, 0)] source3/smbd/uid.c:566(push_conn_ctx)
  push_conn_ctx(54244) : conn_ctx_stack_ndx = 0
[2026/05/19 08:43:42.901294,  4, pid=3900001, effective(65534, 65534), real(65534, 0)] source3/smbd/sec_ctx.c:317(set_sec_ctx_internal)
  setting sec ctx (0, 0) - sec_ctx_stack_ndx = 1
[2026/05/19 08:43:42.901313,  5, pid=3900001, effective(65534, 65534), real(65534, 0)] libcli/security/security_token.c:49(security_token_debug)
  Security token: (NULL)
[2026/05/19 08:43:42.901332,  5, pid=3900001, effective(65534, 65534), real(65534, 0)] source3/auth/token_util.c:873(debug_unix_user_token)
  UNIX token of user 0
  Primary group is 0 and contains 0 supplementary groups
[2026/05/19 08:43:42.901432,  4, pid=3900001, effective(0, 0), real(0, 0)] source3/smbd/sec_ctx.c:206(push_sec_ctx)
  push_sec_ctx(0, 0) : sec_ctx_stack_ndx = 2
[2026/05/19 08:43:42.901457,  4, pid=3900001, effective(0, 0), real(0, 0)] source3/smbd/uid.c:566(push_conn_ctx)
  push_conn_ctx(54244) : conn_ctx_stack_ndx = 1
[2026/05/19 08:43:42.901474,  4, pid=3900001, effective(0, 0), real(0, 0)] source3/smbd/sec_ctx.c:317(set_sec_ctx_internal)
  setting sec ctx (0, 0) - sec_ctx_stack_ndx = 2
[2026/05/19 08:43:42.901492,  5, pid=3900001, effective(0, 0), real(0, 0)] libcli/security/security_token.c:49(security_token_debug)
  Security token: (NULL)
[2026/05/19 08:43:42.901508,  5, pid=3900001, effective(0, 0), real(0, 0)] source3/auth/token_util.c:873(debug_unix_user_token)
  UNIX token of user 0
  Primary group is 0 and contains 0 supplementary groups
[2026/05/19 08:43:42.901553,  5, pid=3900001, effective(0, 0), real(0, 0), class=passdb] source3/passdb/pdb_tdb.c:602(tdbsam_getsampwnam)
  pdb_getsampwnam (TDB): error fetching database.
   Key: USER_root
[2026/05/19 08:43:42.901585,  4, pid=3900001, effective(0, 0), real(0, 0)] source3/smbd/sec_ctx.c:443(pop_sec_ctx)
  pop_sec_ctx (0, 0) - sec_ctx_stack_ndx = 1
[2026/05/19 08:43:42.901605,  5, pid=3900001, effective(0, 0), real(0, 0), class=passdb] source3/passdb/pdb_interface.c:1439(pdb_default_uid_to_sid)
  pdb_default_uid_to_sid: Did not find user root (0)
[2026/05/19 08:43:42.901642,  4, pid=3900001, effective(65534, 65534), real(65534, 0)] source3/smbd/sec_ctx.c:443(pop_sec_ctx)
  pop_sec_ctx (65534, 65534) - sec_ctx_stack_ndx = 0
[2026/05/19 08:43:42.901665, 10, pid=3900001, effective(65534, 65534), real(65534, 0)] source3/passdb/lookup_sid.c:1256(xid_to_sid)
  xid_to_sid: UID 0 -> S-1-22-1-0 fallback
[2026/05/19 08:43:42.901712,  4, pid=3900001, effective(65534, 65534), real(65534, 0)] source3/smbd/sec_ctx.c:206(push_sec_ctx)
  push_sec_ctx(65534, 65534) : sec_ctx_stack_ndx = 1
[2026/05/19 08:43:42.901733,  4, pid=3900001, effective(65534, 65534), real(65534, 0)] source3/smbd/uid.c:566(push_conn_ctx)
  push_conn_ctx(54244) : conn_ctx_stack_ndx = 0
[2026/05/19 08:43:42.901751,  4, pid=3900001, effective(65534, 65534), real(65534, 0)] source3/smbd/sec_ctx.c:317(set_sec_ctx_internal)
  setting sec ctx (0, 0) - sec_ctx_stack_ndx = 1
[2026/05/19 08:43:42.901768,  5, pid=3900001, effective(65534, 65534), real(65534, 0)] libcli/security/security_token.c:49(security_token_debug)
  Security token: (NULL)
[2026/05/19 08:43:42.901786,  5, pid=3900001, effective(65534, 65534), real(65534, 0)] source3/auth/token_util.c:873(debug_unix_user_token)
  UNIX token of user 0
  Primary group is 0 and contains 0 supplementary groups
[2026/05/19 08:43:42.901852,  4, pid=3900001, effective(65534, 65534), real(65534, 0)] source3/smbd/sec_ctx.c:443(pop_sec_ctx)
  pop_sec_ctx (65534, 65534) - sec_ctx_stack_ndx = 0
[2026/05/19 08:43:42.901895, 10, pid=3900001, effective(65534, 65534), real(65534, 0)] source3/passdb/lookup_sid.c:1256(xid_to_sid)
  xid_to_sid: GID 0 -> S-1-22-2-0 fallback
[2026/05/19 08:43:42.901917, 10, pid=3900001, effective(65534, 65534), real(65534, 0), class=acls] source3/smbd/posix_acls.c:2692(canonicalise_acl)
  canonicalise_acl: Access ace entries before arrange :
[2026/05/19 08:43:42.901954, 10, pid=3900001, effective(65534, 65534), real(65534, 0), class=acls] source3/smbd/posix_acls.c:2705(canonicalise_acl)
  canon_ace index 0. Type = allow SID = S-1-1-0 other SMB_ACL_OTHER ace_flags = 0x0 perms r--
[2026/05/19 08:43:42.901976, 10, pid=3900001, effective(65534, 65534), real(65534, 0), class=acls] source3/smbd/posix_acls.c:2705(canonicalise_acl)
  canon_ace index 1. Type = allow SID = S-1-22-2-0 gid 0 SMB_ACL_GROUP_OBJ ace_flags = 0x0 perms r--
[2026/05/19 08:43:42.901998, 10, pid=3900001, effective(65534, 65534), real(65534, 0), class=acls] source3/smbd/posix_acls.c:2705(canonicalise_acl)
  canon_ace index 2. Type = allow SID = S-1-22-1-0 uid 0 SMB_ACL_USER_OBJ ace_flags = 0x0 perms rw-
[2026/05/19 08:43:42.902019, 10, pid=3900001, effective(65534, 65534), real(65534, 0), class=acls] source3/smbd/posix_acls.c:766(print_canon_ace_list)
  print_canon_ace_list: canonicalise_acl: ace entries after arrange
  canon_ace index 0. Type = allow SID = S-1-22-1-0 uid 0 SMB_ACL_USER_OBJ ace_flags = 0x0 perms rw-
  canon_ace index 1. Type = allow SID = S-1-22-2-0 gid 0 SMB_ACL_GROUP_OBJ ace_flags = 0x0 perms r--
  canon_ace index 2. Type = allow SID = S-1-1-0 other SMB_ACL_OTHER ace_flags = 0x0 perms r--
[2026/05/19 08:43:42.902060, 10, pid=3900001, effective(65534, 65534), real(65534, 0), class=acls] source3/smbd/posix_acls.c:1029(map_canon_ace_perms)
  map_canon_ace_perms: Mapped (UNIX) 180 to (NT) 12019f
[2026/05/19 08:43:42.902080, 10, pid=3900001, effective(65534, 65534), real(65534, 0), class=acls] source3/smbd/posix_acls.c:1029(map_canon_ace_perms)
  map_canon_ace_perms: Mapped (UNIX) 100 to (NT) 120089
[2026/05/19 08:43:42.902098, 10, pid=3900001, effective(65534, 65534), real(65534, 0), class=acls] source3/smbd/posix_acls.c:1029(map_canon_ace_perms)
  map_canon_ace_perms: Mapped (UNIX) 100 to (NT) 120089
[2026/05/19 08:43:42.902122, 10, pid=3900001, effective(65534, 65534), real(65534, 0)] source3/smbd/open.c:180(smbd_check_access_rights_sd)
  smbd_check_access_rights_sd: File [debian-training-tx1320-raid10.iso] requesting [0x89] returning [0x9] (NT_STATUS_OK)
[2026/05/19 08:43:42.902166,  2, pid=3900001, effective(65534, 65534), real(65534, 0)] source3/smbd/open.c:1649(open_file)
  nobody opened file debian-training-tx1320-raid10.iso read=Yes write=No (numopen=3)
[2026/05/19 08:43:42.902203,  5, pid=3900001, effective(65534, 65534), real(65534, 0)] lib/dbwrap/dbwrap.c:172(dbwrap_lock_order_lock)
  dbwrap_lock_order_lock: check lock order 1 for /run/samba/locking.tdb
[2026/05/19 08:43:42.902223, 10, pid=3900001, effective(65534, 65534), real(65534, 0)] lib/dbwrap/dbwrap.c:157(debug_lock_order)
  lock order:  1:/run/samba/locking.tdb 2:<none> 3:<none> 4:<none>
[2026/05/19 08:43:42.902260, 10, pid=3900001, effective(65534, 65534), real(65534, 0), class=locking] source3/locking/share_mode_lock.c:990(get_share_mode_lock_internal)
  get_share_mode_lock_internal: Returning 64512:16913443:0 (data_cached=1 key_refcount=1)
[2026/05/19 08:43:42.902283, 10, pid=3900001, effective(65534, 65534), real(65534, 0), class=locking] source3/locking/locking.c:1007(find_delete_on_close_token)
  find_delete_on_close_token: name_hash = 0x2dee4f28
[2026/05/19 08:43:42.902306, 10, pid=3900001, effective(65534, 65534), real(65534, 0)] source3/smbd/open.c:1712(share_conflict)
  share_conflict: existing access_mask = 0x0, existing share access = 0x7, access_mask = 0x89, share_access = 0x7
[2026/05/19 08:43:42.902331, 10, pid=3900001, effective(65534, 65534), real(65534, 0)] source3/smbd/open.c:1722(share_conflict)
  share_conflict: No conflict due to existing access_mask = 0x0
[2026/05/19 08:43:42.902349, 10, pid=3900001, effective(65534, 65534), real(65534, 0)] source3/smbd/open.c:1988(open_mode_check)
  open_mode_check: No conflict due to share_mode_flags access
[2026/05/19 08:43:42.902374, 10, pid=3900001, effective(65534, 65534), real(65534, 0), class=locking] source3/locking/share_mode_lock.c:2258(share_mode_forall_entries)
  share_mode_forall_entries: num_share_modes=0
[2026/05/19 08:43:42.902393, 10, pid=3900001, effective(65534, 65534), real(65534, 0), class=locking] source3/locking/share_mode_lock.c:2277(share_mode_forall_entries)
  share_mode_forall_entries: num_share_entries=0, writeback=0
[2026/05/19 08:43:42.902416, 10, pid=3900001, effective(65534, 65534), real(65534, 0), class=locking] source3/locking/brlock.c:1868(brl_get_locks_readonly)
  seqnum=0, fsp->brlock_seqnum=0
[2026/05/19 08:43:42.902440, 10, pid=3900001, effective(65534, 65534), real(65534, 0)] source3/smbd/open.c:2811(delay_for_oplock)
  delay_for_oplock: oplock type 0x0 granted (RW)(0x5), on file debian-training-tx1320-raid10.iso, requested 0x1 (RW)(0x5) => total (RW)(0x5)
[2026/05/19 08:43:42.902463, 10, pid=3900001, effective(65534, 65534), real(65534, 0), class=locking] source3/locking/share_mode_lock.c:1999(set_share_mode)
  set_share_mode: num_share_modes=0
[2026/05/19 08:43:42.902482, 10, pid=3900001, effective(65534, 65534), real(65534, 0), class=locking] source3/locking/share_mode_lock.c:349(share_mode_entry_put)
  share_mode_entry_put: share_mode_entry:
[2026/05/19 08:43:42.902500,  1, pid=3900001, effective(65534, 65534), real(65534, 0), class=rpc_parse] source3/locking/share_mode_lock.c:350(share_mode_entry_put)
       discard_const_p(void, e): struct share_mode_entry
          pid: struct server_id
              pid                      : 0x00000000003b8261 (3900001)
              task_id                  : 0x00000000 (0)
              vnn                      : 0xffffffff (4294967295)
              unique_id                : 0xd2c33d9fcd33ff8f (-3259693948734275697)
          op_mid                   : 0x0000000000000016 (22)
          op_type                  : SHARE_MODE_ENTRY_OP_TYPE_EXCLUSIVE (1)
          client_guid              : 00000000-0000-0000-0000-000000000000
          lease_key: struct smb2_lease_key
              data: ARRAY(2)
                  data                     : 0x0000000000000000 (0)
                  data                     : 0x0000000000000000 (0)
          access_mask              : 0x00000089 (137)
          share_access             : 0x00000007 (7)
          private_options          : 0x00000000 (0)
          time                     : Tue May 19 08:43:42 AM 2026 JST.899734
          share_file_id            : 0x0000000000000044 (68)
          uid                      : 0x0000fffe (65534)
          flags                    : 0x0001 (1)
          name_hash                : 0x2dee4f28 (770592552)
          stale                    : 0x00 (0)
[2026/05/19 08:43:42.902657, 10, pid=3900001, effective(65534, 65534), real(65534, 0), class=locking] source3/locking/share_mode_lock.c:2043(set_share_mode)
  set_share_mode: idx=0, found=0
[2026/05/19 08:43:42.902676, 10, pid=3900001, effective(65534, 65534), real(65534, 0), class=locking] source3/locking/share_mode_lock.c:2071(set_share_mode)
  set_share_mode: dbufs[0]=(0x7ffc78fcd220, 132)
[2026/05/19 08:43:42.902695, 10, pid=3900001, effective(65534, 65534), real(65534, 0), class=locking] source3/locking/share_mode_lock.c:626(share_mode_data_ltdb_store)
  share_mode_data_ltdb_store: 
[2026/05/19 08:43:42.902713,  1, pid=3900001, effective(65534, 65534), real(65534, 0), class=rpc_parse] source3/locking/share_mode_lock.c:627(share_mode_data_ltdb_store)
       d: struct share_mode_data
          unique_content_epoch     : 0x43175613119d8f81 (4834427364905422721)
          flags                    : 0x01cb (459)
                 1: SHARE_MODE_SHARE_DELETE  
                 1: SHARE_MODE_SHARE_WRITE   
                 1: SHARE_MODE_SHARE_READ    
                 0: SHARE_MODE_ACCESS_DELETE 
                 0: SHARE_MODE_ACCESS_WRITE  
                 1: SHARE_MODE_ACCESS_READ   
                 0: SHARE_MODE_LEASE_HANDLE  
                 1: SHARE_MODE_LEASE_WRITE   
                 1: SHARE_MODE_LEASE_READ    
          servicepath              : *
              servicepath              : '/var/samba/public'
          base_name                : *
              base_name                : 'debian-training-tx1320-raid10.iso'
          stream_name              : NULL
          num_delete_tokens        : 0x00000000 (0)
          delete_tokens: ARRAY(0)
          old_write_time           : Mon May 18 10:07:24 AM 2026 JST
          changed_write_time       : NTTIME(0)
          not_stored               : 0x01 (1)
          modified                 : 0x01 (1)
          id: struct file_id
              devid                    : 0x000000000000fc00 (64512)
              inode                    : 0x0000000001021423 (16913443)
              extid                    : 0x0000000000000000 (0)
[2026/05/19 08:43:42.902912, 10, pid=3900001, effective(65534, 65534), real(65534, 0), class=locking] source3/locking/share_mode_lock.c:676(share_mode_data_store)
  share_mode_data_store: not modified
[2026/05/19 08:43:42.902954, 10, pid=3900001, effective(65534, 65534), real(65534, 0), class=locking] source3/locking/share_mode_lock.c:207(share_mode_memcache_store)
  share_mode_memcache_store: stored entry for file debian-training-tx1320-raid10.iso epoch 43175613119d8f81 key 64512:16913443:0
[2026/05/19 08:43:42.902977,  5, pid=3900001, effective(65534, 65534), real(65534, 0)] lib/dbwrap/dbwrap.c:204(dbwrap_lock_order_unlock)
  dbwrap_lock_order_unlock: release lock order 1 for /run/samba/locking.tdb
[2026/05/19 08:43:42.902996, 10, pid=3900001, effective(65534, 65534), real(65534, 0)] source3/lib/dbwrap/dbwrap_watch.c:507(dbwrap_watched_record_prepare_wakeup)
  dbwrap_watched_record_prepare_wakeup: No watchers
[2026/05/19 08:43:42.903019, 10, pid=3900001, effective(65534, 65534), real(65534, 0)] source3/lib/dbwrap/dbwrap_watch.c:487(dbwrap_watched_do_locked)
  dbwrap_watched_do_locked: dbwrap_watched_do_locked_fn returned
[2026/05/19 08:43:42.903038, 10, pid=3900001, effective(65534, 65534), real(65534, 0)] source3/lib/dbwrap/dbwrap_watch.c:550(dbwrap_watched_trigger_wakeup)
  dbwrap_watched_trigger_wakeup: No one to wakeup
[2026/05/19 08:43:42.903056, 10, pid=3900001, effective(65534, 65534), real(65534, 0)] source3/lib/g_lock.c:1275(g_lock_lock)
  g_lock_lock: status=NT_STATUS_OK, state.status=NT_STATUS_WAS_UNLOCKED
[2026/05/19 08:43:42.903078,  5, pid=3900001, effective(65534, 65534), real(65534, 0), class=locking] source3/smbd/smb2_oplock.c:86(set_file_oplock)
  set_file_oplock: granted oplock on file debian-training-tx1320-raid10.iso, 64512:16913443:0/68, tv_sec = 6a0ba42e, tv_usec = dba96
[2026/05/19 08:43:42.903101, 10, pid=3900001, effective(65534, 65534), real(65534, 0)] source3/smbd/open.c:6446(create_file_unixpath)
  create_file_unixpath: info=1
[2026/05/19 08:43:42.903126,  5, pid=3900001, effective(65534, 65534), real(65534, 0)] source3/smbd/files.c:1985(file_free)
  file_free: freed files structure 0 (2 used)
[2026/05/19 08:43:42.903145, 10, pid=3900001, effective(65534, 65534), real(65534, 0)] source3/smbd/open.c:6642(create_file_default)
  create_file: info=1
[2026/05/19 08:43:42.903165, 10, pid=3900001, effective(65534, 65534), real(65534, 0)] source3/smbd/smb2_trans2.c:2779(store_file_unix_basic)
  store_file_unix_basic: SMB_QUERY_FILE_UNIX_BASIC
[2026/05/19 08:43:42.903183,  4, pid=3900001, effective(65534, 65534), real(65534, 0)] source3/smbd/smb2_trans2.c:2780(store_file_unix_basic)
  store_file_unix_basic: st_mode=100644
[2026/05/19 08:43:42.903207,  9, pid=3900001, effective(65534, 65534), real(65534, 0)] source3/smbd/smb1_trans2.c:230(send_trans2_replies)
  t2_rep: params_sent_thistime = 2, data_sent_thistime = 112, useable_space = 16406
[2026/05/19 08:43:42.903231,  9, pid=3900001, effective(65534, 65534), real(65534, 0)] source3/smbd/smb1_trans2.c:232(send_trans2_replies)
  t2_rep: params_to_send = 2, data_to_send = 112, paramsize = 2, datasize = 112
[2026/05/19 08:43:42.903263,  5, pid=3900001, effective(65534, 65534), real(65534, 0)] source3/lib/util.c:150(show_msg)
  size=172
  smb_com=0x32
  smb_rcls=0
  smb_reh=0
  smb_err=0
  smb_flg=128
  smb_flg2=51203
  smb_tid=40835
  smb_pid=1800
  smb_uid=54244
  smb_mid=22
  smt_wct=10
  smb_vwv[ 0]=    2 (0x2)
  smb_vwv[ 1]=  112 (0x70)
  smb_vwv[ 2]=    0 (0x0)
  smb_vwv[ 3]=    2 (0x2)
  smb_vwv[ 4]=   56 (0x38)
  smb_vwv[ 5]=    0 (0x0)
  smb_vwv[ 6]=  112 (0x70)
  smb_vwv[ 7]=   60 (0x3C)
  smb_vwv[ 8]=    0 (0x0)
  smb_vwv[ 9]=    0 (0x0)
  smb_bcc=117
[2026/05/19 08:43:42.903364, 10, pid=3900001, effective(65534, 65534), real(65534, 0)] lib/util/util.c:578(dump_data)
  [0000] 00 00 00 00 00 01 00 A9   FE 01 00 00 00 00 02 00   ........ ........
  [0010] 00 00 00 B5 2F 00 00 00   00 00 10 B5 2F 00 00 00   ..../... ..../...
  [0020] 00 A3 E5 86 AF 62 E6 DC   01 11 90 9F B5 62 E6 DC   .....b.. .....b..
  [0030] 01 A3 E5 86 AF 62 E6 DC   01 00 00 00 00 00 00 00   .....b.. ........
  [0040] 00 00 00 00 00 00 00 00   00 00 00 00 00 FC 00 00   ........ ........
  [0050] 00 00 00 00 00 00 00 00   00 00 00 00 00 23 14 02   ........ .....#..
  [0060] 01 00 00 00 00 A4 01 00   00 00 00 00 00 01 00 00   ........ ........
  [0070] 00 00 00 00 00                                      .....
[2026/05/19 08:43:42.903596,  5, pid=3900001, effective(65534, 65534), real(65534, 0)] source3/smbd/files.c:1985(file_free)
  file_free: freed files structure 0 (1 used)
[2026/05/19 08:43:43.218908, 10, pid=3900001, effective(65534, 65534), real(65534, 0)] source3/lib/util_sock.c:180(read_smb_length_return_keepalive)
  got smb length of 41
[2026/05/19 08:43:43.219005,  6, pid=3900001, effective(65534, 65534), real(65534, 0)] source3/smbd/smb2_process.c:574(process_smb)
  got message type 0x0 of len 0x29
[2026/05/19 08:43:43.219026,  3, pid=3900001, effective(65534, 65534), real(65534, 0)] source3/smbd/smb2_process.c:576(process_smb)
  Transaction 22 of length 45 (0 toread)
[2026/05/19 08:43:43.219058,  5, pid=3900001, effective(65534, 65534), real(65534, 0)] source3/lib/util.c:150(show_msg)
  size=41
  smb_com=0x4
  smb_rcls=0
  smb_reh=0
  smb_err=0
  smb_flg=0
  smb_flg2=49153
  smb_tid=40835
  smb_pid=1800
  smb_uid=54244
  smb_mid=23
  smt_wct=3
  smb_vwv[ 0]=65193 (0xFEA9)
  smb_vwv[ 1]=65535 (0xFFFF)
  smb_vwv[ 2]=65535 (0xFFFF)
  smb_bcc=0
[2026/05/19 08:43:43.219153,  3, pid=3900001, effective(65534, 65534), real(65534, 0)] source3/smbd/smb1_process.c:1112(switch_message)
  switch message SMBclose (pid 3900001) conn 0x6087dc1782d0
[2026/05/19 08:43:43.219179,  5, pid=3900001, effective(65534, 65534), real(65534, 0)] source3/smbd/uid.c:327(change_to_user_impersonate)
  change_to_user_impersonate: Skipping user change - already user
[2026/05/19 08:43:43.219200,  4, pid=3900001, effective(65534, 65534), real(65534, 0), class=vfs] source3/smbd/vfs.c:937(vfs_ChDir)
  vfs_ChDir to /var/samba/public
[2026/05/19 08:43:43.219246,  5, pid=3900001, effective(65534, 65534), real(65534, 0), class=vfs] source3/smbd/vfs.c:999(vfs_ChDir)
  vfs_ChDir: vfs_ChDir got /var/samba/public
[2026/05/19 08:43:43.219275,  5, pid=3900001, effective(65534, 65534), real(65534, 0)] source3/smbd/uid.c:294(print_impersonation_info)
  print_impersonation_info: Impersonated user: uid=(65534,65534), gid=(0,65534), cwd=[/var/samba/public]
[2026/05/19 08:43:43.219303,  3, pid=3900001, effective(65534, 65534), real(65534, 0)] source3/smbd/smb1_reply.c:5097(reply_close)
  reply_close: Close file fd=30 fnum 65193 (numopen=1)
[2026/05/19 08:43:43.219324,  6, pid=3900001, effective(65534, 65534), real(65534, 0)] source3/smbd/close.c:656(set_close_write_time)
  close_write_time: Thu Jan  1 09:00:01 1970
[2026/05/19 08:43:43.219366,  5, pid=3900001, effective(65534, 65534), real(65534, 0)] lib/dbwrap/dbwrap.c:172(dbwrap_lock_order_lock)
  dbwrap_lock_order_lock: check lock order 1 for /run/samba/locking.tdb
[2026/05/19 08:43:43.219405, 10, pid=3900001, effective(65534, 65534), real(65534, 0)] lib/dbwrap/dbwrap.c:157(debug_lock_order)
  lock order:  1:/run/samba/locking.tdb 2:<none> 3:<none> 4:<none>
[2026/05/19 08:43:43.219442, 10, pid=3900001, effective(65534, 65534), real(65534, 0), class=locking] source3/locking/share_mode_lock.c:322(share_mode_memcache_fetch)
  share_mode_memcache_fetch: fetched entry for file debian-training-tx1320-raid10.iso epoch 43175613119d8f81 key 64512:16913443:0
[2026/05/19 08:43:43.219465, 10, pid=3900001, effective(65534, 65534), real(65534, 0), class=locking] source3/locking/share_mode_lock.c:990(get_share_mode_lock_internal)
  get_share_mode_lock_internal: Returning 64512:16913443:0 (data_cached=1 key_refcount=1)
[2026/05/19 08:43:43.219488, 10, pid=3900001, effective(65534, 65534), real(65534, 0), class=locking] source3/locking/share_mode_lock.c:2388(share_mode_entry_do)
  share_mode_entry_do: num_share_modes=1
[2026/05/19 08:43:43.219507, 10, pid=3900001, effective(65534, 65534), real(65534, 0), class=locking] source3/locking/share_mode_lock.c:1941(share_mode_entry_find)
  share_mode_entry_find: left=0, right=0, middle=0, middle_ptr=0x6087dc17eada
[2026/05/19 08:43:43.219534, 10, pid=3900001, effective(65534, 65534), real(65534, 0), class=locking] source3/locking/share_mode_lock.c:2404(share_mode_entry_do)
  share_mode_entry_do: entry[0]:
[2026/05/19 08:43:43.219553,  1, pid=3900001, effective(65534, 65534), real(65534, 0), class=rpc_parse] source3/locking/share_mode_lock.c:2405(share_mode_entry_do)
       &e: struct share_mode_entry
          pid: struct server_id
              pid                      : 0x00000000003b8261 (3900001)
              task_id                  : 0x00000000 (0)
              vnn                      : 0xffffffff (4294967295)
              unique_id                : 0xd2c33d9fcd33ff8f (-3259693948734275697)
          op_mid                   : 0x0000000000000016 (22)
          op_type                  : SHARE_MODE_ENTRY_OP_TYPE_EXCLUSIVE (1)
          client_guid              : 00000000-0000-0000-0000-000000000000
          lease_key: struct smb2_lease_key
              data: ARRAY(2)
                  data                     : 0x0000000000000000 (0)
                  data                     : 0x0000000000000000 (0)
          access_mask              : 0x00000089 (137)
          share_access             : 0x00000007 (7)
          private_options          : 0x00000000 (0)
          time                     : Tue May 19 08:43:42 AM 2026 JST.899734
          share_file_id            : 0x0000000000000044 (68)
          uid                      : 0x0000fffe (65534)
          flags                    : 0x0001 (1)
          name_hash                : 0x2dee4f28 (770592552)
          stale                    : 0x00 (0)
[2026/05/19 08:43:43.219706, 10, pid=3900001, effective(65534, 65534), real(65534, 0), class=locking] source3/locking/share_mode_lock.c:2410(share_mode_entry_do)
  share_mode_entry_do: entry[0]: modified=1, e.stale=0
[2026/05/19 08:43:43.219725, 10, pid=3900001, effective(65534, 65534), real(65534, 0), class=locking] source3/locking/share_mode_lock.c:349(share_mode_entry_put)
  share_mode_entry_put: share_mode_entry:
[2026/05/19 08:43:43.219743,  1, pid=3900001, effective(65534, 65534), real(65534, 0), class=rpc_parse] source3/locking/share_mode_lock.c:350(share_mode_entry_put)
       discard_const_p(void, e): struct share_mode_entry
          pid: struct server_id
              pid                      : 0x00000000003b8261 (3900001)
              task_id                  : 0x00000000 (0)
              vnn                      : 0xffffffff (4294967295)
              unique_id                : 0xd2c33d9fcd33ff8f (-3259693948734275697)
          op_mid                   : 0x0000000000000016 (22)
          op_type                  : SHARE_MODE_ENTRY_OP_TYPE_NONE (0)
          client_guid              : 00000000-0000-0000-0000-000000000000
          lease_key: struct smb2_lease_key
              data: ARRAY(2)
                  data                     : 0x0000000000000000 (0)
                  data                     : 0x0000000000000000 (0)
          access_mask              : 0x00000089 (137)
          share_access             : 0x00000007 (7)
          private_options          : 0x00000000 (0)
          time                     : Tue May 19 08:43:42 AM 2026 JST.899734
          share_file_id            : 0x0000000000000044 (68)
          uid                      : 0x0000fffe (65534)
          flags                    : 0x0001 (1)
          name_hash                : 0x2dee4f28 (770592552)
          stale                    : 0x00 (0)
[2026/05/19 08:43:43.219914, 10, pid=3900001, effective(65534, 65534), real(65534, 0), class=locking] source3/locking/share_mode_lock.c:619(share_mode_data_ltdb_store)
  share_mode_data_ltdb_store: share_mode_data not modified
[2026/05/19 08:43:43.219944, 10, pid=3900001, effective(65534, 65534), real(65534, 0), class=locking] source3/locking/share_mode_lock.c:990(get_share_mode_lock_internal)
  get_share_mode_lock_internal: Returning 64512:16913443:0 (data_cached=1 key_refcount=2)
[2026/05/19 08:43:43.219965, 10, pid=3900001, effective(65534, 65534), real(65534, 0), class=locking] source3/locking/locking.c:1007(find_delete_on_close_token)
  find_delete_on_close_token: name_hash = 0x2dee4f28
[2026/05/19 08:43:43.219985, 10, pid=3900001, effective(65534, 65534), real(65534, 0), class=locking] source3/locking/share_mode_lock.c:2388(share_mode_entry_do)
  share_mode_entry_do: num_share_modes=1
[2026/05/19 08:43:43.220003, 10, pid=3900001, effective(65534, 65534), real(65534, 0), class=locking] source3/locking/share_mode_lock.c:1941(share_mode_entry_find)
  share_mode_entry_find: left=0, right=0, middle=0, middle_ptr=0x6087dc17ee5a
[2026/05/19 08:43:43.220023, 10, pid=3900001, effective(65534, 65534), real(65534, 0), class=locking] source3/locking/share_mode_lock.c:2404(share_mode_entry_do)
  share_mode_entry_do: entry[0]:
[2026/05/19 08:43:43.220041,  1, pid=3900001, effective(65534, 65534), real(65534, 0), class=rpc_parse] source3/locking/share_mode_lock.c:2405(share_mode_entry_do)
       &e: struct share_mode_entry
          pid: struct server_id
              pid                      : 0x00000000003b8261 (3900001)
              task_id                  : 0x00000000 (0)
              vnn                      : 0xffffffff (4294967295)
              unique_id                : 0xd2c33d9fcd33ff8f (-3259693948734275697)
          op_mid                   : 0x0000000000000016 (22)
          op_type                  : SHARE_MODE_ENTRY_OP_TYPE_NONE (0)
          client_guid              : 00000000-0000-0000-0000-000000000000
          lease_key: struct smb2_lease_key
              data: ARRAY(2)
                  data                     : 0x0000000000000000 (0)
                  data                     : 0x0000000000000000 (0)
          access_mask              : 0x00000089 (137)
          share_access             : 0x00000007 (7)
          private_options          : 0x00000000 (0)
          time                     : Tue May 19 08:43:42 AM 2026 JST.899734
          share_file_id            : 0x0000000000000044 (68)
          uid                      : 0x0000fffe (65534)
          flags                    : 0x0001 (1)
          name_hash                : 0x2dee4f28 (770592552)
          stale                    : 0x00 (0)
[2026/05/19 08:43:43.220182, 10, pid=3900001, effective(65534, 65534), real(65534, 0), class=locking] source3/locking/share_mode_lock.c:2410(share_mode_entry_do)
  share_mode_entry_do: entry[0]: modified=0, e.stale=1
[2026/05/19 08:43:43.220200, 10, pid=3900001, effective(65534, 65534), real(65534, 0), class=locking] source3/locking/share_mode_lock.c:2444(share_mode_entry_do)
  share_mode_entry_do: share_mode_entry:
[2026/05/19 08:43:43.220218,  1, pid=3900001, effective(65534, 65534), real(65534, 0), class=rpc_parse] source3/locking/share_mode_lock.c:2445(share_mode_entry_do)
       &e: struct share_mode_entry
          pid: struct server_id
              pid                      : 0x00000000003b8261 (3900001)
              task_id                  : 0x00000000 (0)
              vnn                      : 0xffffffff (4294967295)
              unique_id                : 0xd2c33d9fcd33ff8f (-3259693948734275697)
          op_mid                   : 0x0000000000000016 (22)
          op_type                  : SHARE_MODE_ENTRY_OP_TYPE_NONE (0)
          client_guid              : 00000000-0000-0000-0000-000000000000
          lease_key: struct smb2_lease_key
              data: ARRAY(2)
                  data                     : 0x0000000000000000 (0)
                  data                     : 0x0000000000000000 (0)
          access_mask              : 0x00000089 (137)
          share_access             : 0x00000007 (7)
          private_options          : 0x00000000 (0)
          time                     : Tue May 19 08:43:42 AM 2026 JST.899734
          share_file_id            : 0x0000000000000044 (68)
          uid                      : 0x0000fffe (65534)
          flags                    : 0x0001 (1)
          name_hash                : 0x2dee4f28 (770592552)
          stale                    : 0x01 (1)
[2026/05/19 08:43:43.220623, 10, pid=3900001, effective(65534, 65534), real(65534, 0), class=locking] source3/locking/share_mode_lock.c:626(share_mode_data_ltdb_store)
  share_mode_data_ltdb_store: 
[2026/05/19 08:43:43.220649,  1, pid=3900001, effective(65534, 65534), real(65534, 0), class=rpc_parse] source3/locking/share_mode_lock.c:627(share_mode_data_ltdb_store)
       d: struct share_mode_data
          unique_content_epoch     : 0x43175613119d8f84 (4834427364905422724)
          flags                    : 0x01cb (459)
                 1: SHARE_MODE_SHARE_DELETE  
                 1: SHARE_MODE_SHARE_WRITE   
                 1: SHARE_MODE_SHARE_READ    
                 0: SHARE_MODE_ACCESS_DELETE 
                 0: SHARE_MODE_ACCESS_WRITE  
                 1: SHARE_MODE_ACCESS_READ   
                 0: SHARE_MODE_LEASE_HANDLE  
                 1: SHARE_MODE_LEASE_WRITE   
                 1: SHARE_MODE_LEASE_READ    
          servicepath              : *
              servicepath              : '/var/samba/public'
          base_name                : *
              base_name                : 'debian-training-tx1320-raid10.iso'
          stream_name              : NULL
          num_delete_tokens        : 0x00000000 (0)
          delete_tokens: ARRAY(0)
          old_write_time           : Mon May 18 10:07:24 AM 2026 JST
          changed_write_time       : NTTIME(0)
          not_stored               : 0x00 (0)
          modified                 : 0x01 (1)
          id: struct file_id
              devid                    : 0x000000000000fc00 (64512)
              inode                    : 0x0000000001021423 (16913443)
              extid                    : 0x0000000000000000 (0)
[2026/05/19 08:43:43.220843, 10, pid=3900001, effective(65534, 65534), real(65534, 0), class=locking] source3/locking/share_mode_lock.c:676(share_mode_data_store)
  share_mode_data_store: not modified
[2026/05/19 08:43:43.220868,  5, pid=3900001, effective(65534, 65534), real(65534, 0)] lib/dbwrap/dbwrap.c:204(dbwrap_lock_order_unlock)
  dbwrap_lock_order_unlock: release lock order 1 for /run/samba/locking.tdb
[2026/05/19 08:43:43.220929, 10, pid=3900001, effective(65534, 65534), real(65534, 0)] source3/lib/dbwrap/dbwrap_watch.c:507(dbwrap_watched_record_prepare_wakeup)
  dbwrap_watched_record_prepare_wakeup: No watchers
[2026/05/19 08:43:43.220979, 10, pid=3900001, effective(65534, 65534), real(65534, 0)] source3/lib/dbwrap/dbwrap_watch.c:487(dbwrap_watched_do_locked)
  dbwrap_watched_do_locked: dbwrap_watched_do_locked_fn returned
[2026/05/19 08:43:43.221000, 10, pid=3900001, effective(65534, 65534), real(65534, 0)] source3/lib/dbwrap/dbwrap_watch.c:550(dbwrap_watched_trigger_wakeup)
  dbwrap_watched_trigger_wakeup: No one to wakeup
[2026/05/19 08:43:43.221020, 10, pid=3900001, effective(65534, 65534), real(65534, 0)] source3/lib/g_lock.c:1275(g_lock_lock)
  g_lock_lock: status=NT_STATUS_OK, state.status=NT_STATUS_WAS_UNLOCKED
[2026/05/19 08:43:43.221112,  2, pid=3900001, effective(65534, 65534), real(65534, 0)] source3/smbd/close.c:934(close_normal_file)
  nobody closed file debian-training-tx1320-raid10.iso (numopen=0) NT_STATUS_OK
[2026/05/19 08:43:43.221141,  5, pid=3900001, effective(65534, 65534), real(65534, 0)] lib/dbwrap/dbwrap.c:172(dbwrap_lock_order_lock)
  dbwrap_lock_order_lock: check lock order 1 for /run/samba/smbXsrv_open_global.tdb
[2026/05/19 08:43:43.221162, 10, pid=3900001, effective(65534, 65534), real(65534, 0)] lib/dbwrap/dbwrap.c:157(debug_lock_order)
  lock order:  1:/run/samba/smbXsrv_open_global.tdb 2:<none> 3:<none> 4:<none>
[2026/05/19 08:43:43.221191,  5, pid=3900001, effective(65534, 65534), real(65534, 0)] lib/dbwrap/dbwrap.c:204(dbwrap_lock_order_unlock)
  dbwrap_lock_order_unlock: release lock order 1 for /run/samba/smbXsrv_open_global.tdb
[2026/05/19 08:43:43.221220,  5, pid=3900001, effective(65534, 65534), real(65534, 0)] source3/smbd/files.c:1985(file_free)
  file_free: freed files structure 65193 (0 used)
[2026/05/19 08:43:43.221259,  5, pid=3900001, effective(65534, 65534), real(65534, 0)] source3/lib/util.c:150(show_msg)
  size=35
  smb_com=0x4
  smb_rcls=0
  smb_reh=0
  smb_err=0
  smb_flg=128
  smb_flg2=51203
  smb_tid=40835
  smb_pid=1800
  smb_uid=54244
  smb_mid=23
  smt_wct=0
  smb_bcc=0
[2026/05/19 08:44:31.023743, 10, pid=3900001, effective(65534, 65534), real(65534, 0)] source3/lib/messages.c:421(messaging_recv_cb)
  messaging_recv_cb: Received message 0x21 len 0 (num_fds:0) from 2878385
[2026/05/19 08:44:31.023804, 10, pid=3900001, effective(65534, 65534), real(65534, 0)] source3/smbd/smb2_process.c:1661(smbd_conf_updated)
  smbd_conf_updated: Got message saying smb.conf was updated. Reloading.
[2026/05/19 08:44:31.023829,  4, pid=3900001, effective(65534, 65534), real(65534, 0)] source3/smbd/sec_ctx.c:317(set_sec_ctx_internal)
  setting sec ctx (0, 0) - sec_ctx_stack_ndx = 0
[2026/05/19 08:44:31.023850,  5, pid=3900001, effective(65534, 65534), real(65534, 0)] libcli/security/security_token.c:49(security_token_debug)
  Security token: (NULL)
[2026/05/19 08:44:31.023911,  5, pid=3900001, effective(65534, 65534), real(65534, 0)] source3/auth/token_util.c:873(debug_unix_user_token)
  UNIX token of user 0
  Primary group is 0 and contains 0 supplementary groups
[2026/05/19 08:44:31.023970,  5, pid=3900001, effective(0, 0), real(0, 0)] source3/smbd/uid.c:494(smbd_change_to_root_user)
  change_to_root_user: now uid=(0,0) gid=(0,0)
[2026/05/19 08:44:31.024059,  5, pid=3900001, effective(0, 0), real(0, 0)] lib/util/debug.c:931(debug_dump_status)
  INFO: Current debug levels:
    all: 10
    tdb: 10
    printdrivers: 10
    lanman: 10
    smb: 10
    rpc_parse: 10
    rpc_srv: 10
    rpc_cli: 10
    passdb: 10
    sam: 10
    auth: 10
    winbind: 10
    vfs: 10
    idmap: 10
    quota: 10
    acls: 10
    locking: 10
    msdfs: 10
    dmapi: 10
    registry: 10
    scavenger: 10
    dns: 10
    ldb: 10
    tevent: 10
    auth_audit: 10
    auth_json_audit: 10
    kerberos: 10
    drs_repl: 10
    smb2: 10
    smb2_credits: 10
    dsdb_audit: 10
    dsdb_json_audit: 10
    dsdb_password_audit: 10
    dsdb_password_json_audit: 10
    dsdb_transaction_audit: 10
    dsdb_transaction_json_audit: 10
    dsdb_group_audit: 10
    dsdb_group_json_audit: 10
[2026/05/19 08:44:31.024311,  5, pid=3900001, effective(0, 0), real(0, 0)] source3/param/loadparm.c:1430(free_service)
  free_service: Freeing service IPC$
[2026/05/19 08:44:31.024349,  3, pid=3900001, effective(0, 0), real(0, 0)] source3/param/loadparm.c:3997(lp_load_ex)
  lp_load_ex: refreshing parameters
[2026/05/19 08:44:31.024371,  5, pid=3900001, effective(0, 0), real(0, 0)] source3/param/loadparm.c:1406(free_param_opts)
  Freeing parametrics:
[2026/05/19 08:44:31.024434,  3, pid=3900001, effective(0, 0), real(0, 0)] source3/param/loadparm.c:559(init_globals)
  Initialising global parameters
[2026/05/19 08:44:31.024586,  3, pid=3900001, effective(0, 0), real(0, 0)] source3/param/loadparm.c:2899(lp_do_section)
  Processing section "[global]"
  doing parameter workgroup = WORKGROUP
  doing parameter server string = %h server (Samba, Ubuntu)
  doing parameter server min protocol = NT1
  doing parameter client min protocol = NT1
  doing parameter ntlm auth = ntlmv1-permitted
  doing parameter lanman auth = yes
[2026/05/19 08:44:31.024787,  1, pid=3900001, effective(0, 0), real(0, 0)] lib/param/loadparm.c:1909(lpcfg_do_global_parameter)
  lpcfg_do_global_parameter: WARNING: The "lanman auth" option is deprecated
  doing parameter log file = /var/log/samba/log.%m
  doing parameter max log size = 1000
  doing parameter logging = file
  doing parameter panic action = /usr/share/samba/panic-action %d
  doing parameter server role = standalone server
  doing parameter obey pam restrictions = yes
  doing parameter unix password sync = yes
  doing parameter passwd program = /usr/bin/passwd %u
  doing parameter passwd chat = *Enter\snew\s*\spassword:* %n\n *Retype\snew\s*\spassword:* %n\n *password\supdated\ssuccessfully* .
  doing parameter pam password change = yes
  doing parameter map to guest = bad user
  doing parameter guest account = nobody
  doing parameter guest ok = yes
  doing parameter usershare allow guests = yes
[2026/05/19 08:44:31.025327,  2, pid=3900001, effective(0, 0), real(0, 0)] source3/param/loadparm.c:2916(lp_do_section)
  Processing section "[public]"
  doing parameter comment = Public Share
  doing parameter path = /var/samba/public
  doing parameter browseable = yes
  doing parameter read only = no
  doing parameter guest ok = yes
  doing parameter create mask = 0666
  doing parameter directory mask = 0777
[2026/05/19 08:44:31.025469,  4, pid=3900001, effective(0, 0), real(0, 0)] source3/param/loadparm.c:4039(lp_load_ex)
  pm_process() returned Yes
[2026/05/19 08:44:31.025491,  7, pid=3900001, effective(0, 0), real(0, 0)] source3/param/loadparm.c:4374(lp_servicenumber)
  lp_servicenumber: couldn't find homes
[2026/05/19 08:44:31.025532,  8, pid=3900001, effective(0, 0), real(0, 0)] source3/param/loadparm.c:1521(add_a_service)
  add_a_service: Creating snum = 1 for IPC$
[2026/05/19 08:44:31.025550, 10, pid=3900001, effective(0, 0), real(0, 0)] source3/param/loadparm.c:1571(hash_a_service)
  hash_a_service: hashing index 1 for service name IPC$
[2026/05/19 08:44:31.025572,  3, pid=3900001, effective(0, 0), real(0, 0)] source3/param/loadparm.c:1683(lp_add_ipc)
  adding IPC service
[2026/05/19 09:11:01.558449,  0] source3/rpc_server/rpc_host.c:2843(main)
  samba-dcerpcd version 4.19.5-Ubuntu started.
  Copyright Andrew Tridgell and the Samba Team 1992-2023
[2026/05/19 09:11:01.684834,  0] source3/rpc_server/rpc_worker.c:1127(rpc_worker_main)
  rpcd_classic version 4.19.5-Ubuntu started.
  Copyright Andrew Tridgell and the Samba Team 1992-2023
[2026/05/19 09:11:01.743274,  0] source3/rpc_server/rpc_worker.c:1127(rpc_worker_main)
  rpcd_winreg version 4.19.5-Ubuntu started.
  Copyright Andrew Tridgell and the Samba Team 1992-2023
