open /dev/sg1 with flags=0x802
tried to read 8388608 bytes from /root/fw/N005.LOD, got 2113536 bytes
will write 2113536 bytes, 4096 bytes per WRITE BUFFER command
sending write buffer, mode=0xd, mspec=0, id=0,  offset=0, len=4096
    Write buffer cdb: [3b 0d 00 00 00 00 00 10 00 00]
    Write buffer parameter list (first 256 bytes):
e7 1a 0e 59 01 00 02 00  00 00 00 00 00 00 19 00
00 00 00 00 00 00 00 00  00 00 00 00 00 00 00 00
00 00 00 00 00 40 20 00  00 00 00 00 00 00 00 00
00 00 00 00 00 00 00 00  00 00 00 00 00 00 cf 4b
00 00 00 00 00 00 00 00  00 00 00 00 00 00 07 00
f0 01 00 00 00 00 00 00  00 00 00 00 00 00 00 00
00 00 00 00 00 3e 20 00  00 00 00 00 00 00 00 00
00 00 00 00 00 00 00 00  00 00 00 00 00 00 e9 bf
00 00 00 00 00 00 00 00  00 00 00 00 00 00 00 00
00 00 00 00 00 00 00 00  00 00 00 00 00 00 00 00
00 00 00 00 00 00 00 00  00 00 00 00 00 00 00 00
00 00 00 00 00 00 00 00  00 00 00 00 00 00 00 00
00 00 00 00 00 00 00 00  00 00 00 00 00 00 00 00
00 00 00 00 00 00 00 00  00 00 00 00 00 00 00 00
00 00 00 00 00 00 00 00  00 00 00 00 00 00 00 00
00 00 00 00 00 00 00 00  00 00 00 00 00 00 00 00
sending write buffer, mode=0xd, mspec=0, id=0,  offset=4096, len=4096
    Write buffer cdb: [3b 0d 00 00 10 00 00 10 00 00]
    Write buffer parameter list (first 256 bytes):
d3 10 a0 e3 01 f0 21 e1  04 d0 9f e5 10 ff 2f e1
00 00 01 00 00 fc 00 00  05 4a 01 46 00 20 12 f8
30 30 8b 42 02 d0 40 1c  05 28 f8 d3 70 47 00 00
0c 0e 30 00 62 27 08 0b  05 9f 01 02 1c d7 40 04
00 01 00 62 ef 40 08 0b  05 9f 01 03 3c 20 40 04
00 01 00 14 20 14 08 0b  05 9f 01 02 1c 20 40 04
00 01 00 bb 62 16 08 0b  05 9f 01 02 1c 20 40 04
00 01 00 14 62 27 08 0b  05 9f 01 02 1c 20 40 04
00 01 00 62 0e 10 14 13  02 00 03 10 00 00 00 00
ff 10 01 00 00 20 00 00  79 01 30 00 10 01 8a e1
01 10 13 20 00 00 00 00  00 00 00 00 00 00 00 00
00 00 00 00 00 00 00 00  00 00 00 00 00 00 00 00
00 00 00 00 0e 04 08 01  0c 00 00 00 80 00 00 00
00 00 00 00 0c 04 08 01  0c 00 00 00 83 00 08 00
01 00 00 00 84 00 00 00  00 00 00 00 4c 13 00 00
ff ff ff ff ff ff ff ff  ff ff ff ff ff ff ff ff
sending write buffer, mode=0xd, mspec=0, id=0,  offset=8192, len=4096
    Write buffer cdb: [3b 0d 00 00 20 00 00 10 00 00]
    Write buffer parameter list (first 256 bytes):
ff ff ff ff ff ff ff ff  ff ff ff ff ff ff ff ff
ff ff ff ff ff ff ff ff  ff ff ff ff ff ff ff ff
ff ff ff ff ff ff ff ff  ff ff ff ff ff ff ff ff
ff ff ff ff ff ff ff ff  ff ff ff ff ff ff ff ff
ff ff ff ff ff ff ff ff  ff ff ff ff ff ff ff ff
ff ff ff ff ff ff ff ff  ff ff ff ff ff ff ff ff
ff ff ff ff ff ff ff ff  ff ff ff ff ff ff ff ff
ff ff ff ff ff ff ff ff  ff ff ff ff ff ff ff ff
ff ff ff ff ff ff ff ff  ff ff ff ff ff ff ff ff
ff ff ff ff ff ff ff ff  ff ff ff ff ff ff ff ff
ff ff ff ff ff ff ff ff  ff ff ff ff ff ff ff ff
ff ff ff ff ff ff ff ff  ff ff ff ff ff ff ff ff
ff ff ff ff ff ff ff ff  ff ff ff ff ff ff ff ff
ff ff ff ff ff ff ff ff  ff ff ff ff ff ff ff ff
ff ff ff ff ff ff ff ff  ff ff ff ff ff ff ff ff
ff ff ff ff ff ff ff ff  ff ff ff ff ff ff ff ff
sending write buffer, mode=0xd, mspec=0, id=0,  offset=12288, len=4096
    Write buffer cdb: [3b 0d 00 00 30 00 00 10 00 00]
    Write buffer parameter list (first 256 bytes):
33 99 0e 81 f7 59 59 47  a3 cc f1 66 b5 9f 7c d4
1f 88 f1 a0 d2 76 76 70  09 34 8a 82 ee f1 41 c7
e1 13 fb 11 9a 24 8f 13  ae 38 40 d5 99 ba 47 23
69 9b 07 d9 26 d7 a8 48  8d fa e2 ca eb 5a c3 30
f9 ac d6 bf dc 82 8f fe  40 7a b3 71 9a dc 58 28
0c 9c 23 f7 96 20 b5 c3  6a ea 15 01 6f 6d 18 9c
f1 38 c2 0b 42 84 e5 53  29 b1 56 eb 0e b6 cc f9
45 ff fa 42 f1 c2 ae 41  4e e7 2a bf b6 c9 34 2f
cd 50 a1 23 7d 62 74 a8  43 8f c2 7b 8a b0 e7 02
62 b6 e7 3c 95 27 cc db  75 60 a6 28 fd de 09 62
14 e9 37 30 86 23 13 23  74 a0 ad 50 3c 1b 78 4f
3e f9 fb 4f 96 b7 62 9e  ed 4f e6 ef 0d 6c ff 99
95 3d aa 43 b1 f6 e4 6e  15 65 24 24 93 cf c3 10
5f be 6a ff 24 9b 26 67  8a de 00 31 29 79 84 ee
ea 4f 26 a1 66 32 ae f1  e2 cd 58 8b f0 1c a5 5a
d3 68 ca 18 6b fa 94 f4  a0 ba a3 af 82 e4 12 b6
sending write buffer, mode=0xd, mspec=0, id=0,  offset=16384, len=4096
    Write buffer cdb: [3b 0d 00 00 40 00 00 10 00 00]
    Write buffer parameter list (first 256 bytes):
8a 84 0b 90 6c f9 79 56  00 9b 13 9e 4b 83 da 63
72 2f 28 4d 36 02 92 15  1b cf 7f a7 f7 0b dc bc
60 44 dc db f3 5c 84 dd  7a 44 5e 8b a7 46 55 53
45 a6 5a b0 da de 3d 48  d1 07 46 c3 a5 87 4f 6b
5b 24 51 52 9a b1 56 45  fc 50 f6 05 dd d9 9a 25
58 f8 12 f6 d3 93 69 6e  3c 18 ea 14 8a 9b b6 0d
2f c3 32 9d 35 89 8e 5c  be f7 dc a6 80 fe 16 36
bc c8 ea 82 a5 d3 3d 31  39 aa 3e b4 18 18 64 96
17 df 26 a9 75 83 11 43  94 91 ec 65 1a de ad 8c
d9 ee 70 24 e8 4b 23 b3  79 79 6d d6 b5 d3 f0 72
e4 37 c7 c2 b7 13 e9 c3  e5 9f c6 b8 fe db 8f 4f
0a db be 66 91 6c d4 13  a4 e7 1a 85 65 b6 1e 76
a2 3c 29 b9 1e 6f 0b 7d  c0 f2 97 b2 8b 92 96 8c
e8 5b 34 d3 17 ac a2 de  39 ee cd cb 82 7f 05 c6
d2 20 94 c6 15 5e c6 ef  8f 11 c7 35 8a a8 1c 8e
8d cb 54 96 f5 ab d7 79  1f 03 7f 7b 76 6d 90 95
sending write buffer, mode=0xd, mspec=0, id=0,  offset=20480, len=4096
    Write buffer cdb: [3b 0d 00 00 50 00 00 10 00 00]
    Write buffer parameter list (first 256 bytes):
4e cb 01 72 d1 25 cd f3  7e 75 89 65 bf b8 65 3b
d7 0e 7d 3d 20 77 27 a7  1a c7 52 8b 6d 21 95 b5
45 5f 99 d3 26 d9 16 21  c4 74 78 b0 7f 88 1a b5
a8 b1 8e 7e cf 15 2a c9  35 aa 69 73 ae 66 06 a6
db 67 1f 19 ce 65 42 1c  d8 a6 b4 a7 b6 20 d7 6b
1b e4 7d e4 0b 69 49 7a  ea a9 cf b2 b0 de 21 cc
3e e7 bf 45 ac 87 b4 65  3b 45 c2 fc 0f 31 39 d8
63 4c 4d 4d 11 23 cc 8d  d6 8a f6 39 ef af f8 aa
71 78 36 92 80 16 cf 26  24 2f 0f a2 e6 c7 f9 c8
9f 2b 6a 5b 40 67 b3 bb  e9 97 d0 66 62 ae ae 34
55 ff f3 e2 53 2e 56 66  81 28 1b d2 22 7c 9c 96
81 68 99 9d 02 d1 22 53  06 79 28 79 80 7c 54 19
b7 45 40 2a e7 d7 91 78  7d 9d db 19 cb 31 db 0b
a9 6a 46 16 92 f6 a1 48  47 f2 4e 47 50 08 10 39
29 4a a6 f7 b0 2e 7d 43  03 86 d5 f9 9f 13 ef b2
17 4d 60 49 6b 6e e1 84  6c 9d f0 cd f7 e2 6f 27
sending write buffer, mode=0xd, mspec=0, id=0,  offset=24576, len=4096
    Write buffer cdb: [3b 0d 00 00 60 00 00 10 00 00]
    Write buffer parameter list (first 256 bytes):
53 f3 4e 7d 21 d2 96 1b  63 5b b0 ae df fb 71 07
52 9d 09 a1 58 af 7a 5d  f0 7a 1c a1 f6 8f 67 b6
ed 0c aa 77 d4 04 86 8d  d0 b0 50 85 23 27 d5 d3
0c 9a df 03 7b 7f d4 9f  6c 83 ee 9c c3 ac a3 44
61 04 5a 05 b2 b8 57 19  0b c5 1c 98 92 56 4f 92
ae 62 35 6c ea 73 fa b9  1f 5c 4c a8 4e 9d f3 f0
6b 6f 9f 7a 6c 13 de f5  9b 74 c6 13 f7 e4 22 36
b0 9f 4b ee eb 42 3f f6  be 7c c1 ce 84 16 85 42
e6 b8 77 c2 b5 14 9d 96  e8 69 9e 52 d1 dd e7 69
20 fa 23 86 e4 53 32 64  a9 42 cd ee c1 f8 11 66
04 68 75 99 bc 92 e5 87  10 52 b4 07 fc 10 fd f7
30 d6 75 3b 36 05 70 9a  75 35 99 28 3c 3f 8b c8
fe ec de a2 53 b2 0c 6e  c4 e8 e0 9c d7 4f 5b 80
99 1a bb ff 63 48 95 47  38 8c 6b 94 c2 54 46 e8
80 d9 fa 79 f8 11 ff 01  a9 51 e9 f6 18 cc 3a 1a
03 c2 19 da c9 b3 45 70  6c b5 cf 74 a0 9b ae 84
sending write buffer, mode=0xd, mspec=0, id=0,  offset=28672, len=4096
    Write buffer cdb: [3b 0d 00 00 70 00 00 10 00 00]
    Write buffer parameter list (first 256 bytes):
f8 16 ed f3 12 df c5 fa  81 e1 f3 5e cb 0d 4a 19
aa 09 9b ca 1d f9 98 ba  25 0d 17 43 1d 04 e4 11
08 6c d7 56 d7 d0 e0 b3  9c 45 21 36 a0 d5 27 98
5c b1 1b b6 86 1f 3e 7b  cd f2 be 54 e5 03 d0 6c
41 d2 ed a3 a7 c2 53 e6  62 8e 64 0c 78 5d 58 ae
4e ef 01 5b 76 e3 bf 49  20 4a 06 73 15 b0 6d d4
e5 11 2e eb 03 ae 0e 19  a3 8f b1 b5 34 d9 5b 40
b6 62 e1 1f 24 40 92 c5  80 9f 89 fd de 1d 6d a6
0b 39 75 31 73 7f 3b ac  67 be 48 1e 9a d0 6b ed
81 76 40 dd fb 8c 9f b2  8a 4e cc ee df e0 50 36
eb 40 f1 c6 3c 93 50 27  89 e0 7f bb 16 0d 1e 5f
be 6b 23 d7 8d d2 80 19  b5 b3 4a 91 84 fb 0a a7
0f fb ba 34 01 c8 7e 7a  a0 10 45 38 33 ec 96 ef
d4 31 a6 ad bf 5a a2 ac  a3 eb ef 41 24 40 5c 38
18 a1 35 2c d4 f8 4a 48  a1 92 49 36 a1 64 18 1c
47 51 6c 19 e2 b4 72 53  c5 45 6e c1 cf 76 76 72
sending write buffer, mode=0xd, mspec=0, id=0,  offset=32768, len=4096
    Write buffer cdb: [3b 0d 00 00 80 00 00 10 00 00]
    Write buffer parameter list (first 256 bytes):
35 96 5b 47 2e d5 c8 88  dc 82 0b 90 ca da b8 cb
b1 30 15 fe a3 77 89 5d  89 2f 59 7c 88 79 c9 ca
b7 ce 96 69 31 7e c9 22  b5 06 f7 10 9c f2 57 80
7e c0 d0 da 64 e8 da 10  0a 10 f6 da 5f 29 78 d3
fd 9b 57 ce 53 65 c5 d7  02 f7 30 36 bb 2b d9 c0
39 69 59 8c ab 1d 55 94  90 04 7f e3 86 a3 d7 3a
9e 25 b9 6a 69 4d 58 d1  f9 78 99 6b a7 08 c0 78
d1 b3 52 48 38 b7 39 d2  a3 9c 20 90 5c 2c a9 69
62 52 1e f9 95 f7 eb 88  25 62 2d 0f f4 81 1e 37
73 98 20 85 10 03 3f 58  15 55 8f 63 e7 5c 40 36
f9 1e e6 63 d6 44 27 28  aa db 10 fd 4c 11 d9 61
18 13 fc 4d 2f ab 1e 02  1d 1d b9 16 10 11 d3 e2
30 40 a2 4b 7e 24 6a 52  84 b7 cb 5e b3 1f 69 f1
3f f7 44 1a 14 91 d9 cb  c1 24 04 60 eb cd 57 71
45 d8 c9 32 cd 59 f1 ec  6d b6 05 a7 39 e5 f8 b5
50 14 7b 11 2c 7f 06 45  b6 34 a5 38 a0 fa 3e 44
sending write buffer, mode=0xd, mspec=0, id=0,  offset=36864, len=4096
    Write buffer cdb: [3b 0d 00 00 90 00 00 10 00 00]
    Write buffer parameter list (first 256 bytes):
4e 2b a7 6f 25 6d 2c 30  98 ff b3 bd a1 53 bc 61
9e a0 f1 3c 85 bf 7b f3  ec 74 22 95 9f 9d a7 13
11 9d 94 7b 20 b2 0c 44  46 31 c8 40 77 28 e9 65
a1 c3 1a 2e 27 b8 95 7e  87 be 45 7c 98 44 46 17
1c 63 27 2b c5 13 1d 6c  84 0f 4c c9 6a ed ae c7
64 8b 1e 04 53 b8 4a d9  e0 c0 d5 13 54 30 e2 d4
fa 3e b9 42 55 ba 65 fa  c2 43 c0 07 c1 62 77 81
c1 dd 1b c4 60 41 c4 02  fe 22 0f 9e ba 8a 18 50
ef 9c 01 ed 36 e7 e1 88  94 f4 36 d1 72 ee dd 45
e6 55 ea d0 9f c1 4d 24  99 1e 14 0e 37 f7 e9 3f
fc fb d2 1f 5c d0 24 d2  be 78 cb 37 b9 47 a0 3f
b7 93 b7 30 95 49 73 25  4e 8c 73 d8 b7 06 d0 b3
21 d8 87 c0 0d e1 aa 06  a6 57 ad 7b ec a4 a8 bd
70 25 98 74 ad 98 c7 1f  cb fa c0 56 e2 05 04 de
40 99 d3 b8 2c 2c 14 eb  e5 82 4e 20 37 21 a4 17
8a 13 ff 5b 4b 38 5c 67  43 92 16 3b 8d f1 8a ef
sending write buffer, mode=0xd, mspec=0, id=0,  offset=40960, len=4096
    Write buffer cdb: [3b 0d 00 00 a0 00 00 10 00 00]
    Write buffer parameter list (first 256 bytes):
f3 4d e2 cc 03 5c 4c 75  4b 0e c4 0c c3 18 15 96
c0 f9 2d 5e fc 5c 83 5a  89 3d 5a e8 05 0a b2 de
ee b7 34 88 0b b4 5d 73  6b 9d 4d 25 86 0b b6 b1
07 ad 78 81 97 d0 df 10  0a 2b 29 20 a7 c6 82 18
0b 71 9d 71 ce 7a c9 1b  d1 28 c1 63 a2 20 16 74
f3 04 c9 3f 24 25 2f f3  fe cf a3 3a 6d 15 80 04
e5 28 fa d9 c1 24 14 4b  a2 44 68 7f 96 0f 06 b6
8b 5b 29 7a 16 7e ee da  5e df 69 a0 bf 49 73 28
d4 fc 47 58 2a dc f0 5b  7f e5 be ef 4b 99 ac 65
90 ce 04 32 60 d2 23 a9  43 f5 b0 29 59 0b d8 ec
5c 85 93 36 11 ae c8 3d  d7 24 4c 8b 6b a0 21 f2
53 d5 2f 5e bf 8b 09 ff  85 2d 95 d1 87 29 c4 c8
b1 9b 65 b1 12 d5 64 af  7b 62 56 55 14 b9 99 0d
8f 68 25 aa 69 1a e2 e7  c1 39 b1 7b 77 90 13 c5
1e 7f 88 8d 0a 8e fd 4a  cf 9e f6 84 ad 1a a0 74
97 7a 25 2c c8 69 cf 50  b3 d1 3e cf cd 86 48 fa
sending write buffer, mode=0xd, mspec=0, id=0,  offset=45056, len=4096
    Write buffer cdb: [3b 0d 00 00 b0 00 00 10 00 00]
    Write buffer parameter list (first 256 bytes):
8c bc 19 76 f0 48 12 98  ef 64 d9 d2 28 44 65 e5
19 ca 5f 9c d5 73 fc 89  85 a1 db a4 28 c6 2c 9f
28 0d 40 16 5f f7 ff 22  89 9c 84 6e 59 74 63 cb
c3 3e d1 fc ad f2 44 88  1d a6 e8 fb ed f5 26 ee
d2 dd e5 e4 d2 ed 48 59  c8 f6 23 a6 3d 77 5f cb
42 07 62 c6 e1 79 8e f1  e4 98 16 4c 16 72 b1 58
fe 4b a9 50 43 a6 95 73  75 cf 53 a9 90 ca 9d ad
85 61 3c 5b 1e a2 6c fa  e2 d1 65 de 38 2c 1a 0a
e7 e1 d8 17 b3 21 52 01  05 70 62 2e f4 2e 8d b0
c2 ee 1c 78 8a 2f 1e ed  0b b5 84 e3 52 7d f6 dc
26 7e f5 d1 2f db cf 76  25 59 86 3b 33 1d 39 e1
67 b4 4c b1 d0 58 63 14  13 ae e8 5e 30 26 1b ce
a3 03 a7 66 5d 8c 56 87  ed ce cb 0a 54 a9 47 1a
b2 69 1b f2 47 88 b4 45  82 39 4d 38 b0 e0 5d 14
bf 33 d1 c5 e4 74 8b 39  f6 f3 74 c4 8f a5 9f d3
f7 ac 26 71 b4 16 f5 e5  9f bd 94 7a cb 84 64 72
sending write buffer, mode=0xd, mspec=0, id=0,  offset=49152, len=4096
    Write buffer cdb: [3b 0d 00 00 c0 00 00 10 00 00]
    Write buffer parameter list (first 256 bytes):
7a 39 4a c4 c0 ef 4c 1e  c5 e1 91 97 88 23 9e 5e
54 6c e9 d7 81 7e 1b 28  ea 6c 25 d4 7c b4 37 e5
b2 44 a6 b3 53 61 1a 83  f9 a1 6c 98 b3 ed dc 3d
c7 b0 97 f3 22 eb d8 ea  25 8c b5 ea ef 49 f8 ef
ab 4a e3 da 5a 17 50 97  69 30 cb b2 48 be 43 56
5d 2d 4a 41 52 c5 c7 2f  02 62 10 b4 cc 53 4e 17
54 93 6c dd a3 c4 7b 56  40 1e 78 c8 71 34 6f d9
31 36 ee 9f a4 ba d8 f2  c1 26 6d 4c 3e 1e 9d bf
38 ff 94 94 99 86 98 cc  77 a3 54 5e 58 28 01 47
cb 79 21 fc 15 ad 2c 15  7a 8c df 56 01 d6 f4 58
56 b1 9d 35 c0 c8 c4 65  4b be b3 b7 b7 43 38 d7
35 59 ab fb f9 5c 33 6c  c1 d6 dc 3e 8c 8d 0d 13
a6 38 1a 8d 53 10 1c e2  c1 72 ea 98 7e 87 ca 17
33 6b 77 64 48 4d 83 15  b2 44 22 33 2d 37 3d d5
86 5c ac 75 98 3c 35 2f  40 f9 07 34 1b 60 8c 5c
9f d8 41 13 b9 de 5e cb  d9 53 b7 ad d0 7b 9c 24
sending write buffer, mode=0xd, mspec=0, id=0,  offset=53248, len=4096
    Write buffer cdb: [3b 0d 00 00 d0 00 00 10 00 00]
    Write buffer parameter list (first 256 bytes):
08 1f 4d a9 8b a5 69 d0  82 80 3d ba 93 c9 dc 3a
5e 91 e2 ef 30 ba 26 5b  e0 44 d5 31 bc f9 2a 39
7e da d3 f5 4a ca 22 67  1b 7d 6e 76 cc a9 9d 9b
67 4e aa f0 7b 7e cd 17  d9 03 eb 2c c3 ad 77 33
df 27 04 e7 ed 58 d9 8a  51 ee 0e 05 d8 c2 b7 be
ed 9a a1 b2 08 cb df 53  9a 9a 5f 6a 14 9f 9f b1
ea ee d6 95 a0 26 d4 29  0f f5 d8 d9 8a e6 8c 45
38 2c ef 46 bb b3 fa 0f  cc cb 37 e5 da ca dd ab
e2 1a 80 84 96 53 f8 33  5a e4 0f aa 9a 41 92 bd
da 8c fc 97 df 13 f5 52  52 a6 04 bc a4 86 30 13
bf f9 83 b3 04 53 2b 06  33 40 d7 c8 c0 37 3b 72
67 9b 28 91 9c 21 cd b9  c9 a4 d9 89 1d 06 51 a9
84 2f c3 85 e8 a4 05 bf  a6 1c 84 e9 c7 3e 70 fb
7f 8b 99 cc d9 97 b0 f3  a8 62 ba 1a 3d 52 2d d1
97 a8 86 13 0f e1 e6 27  52 ea e1 39 77 07 be 42
64 5d e2 b6 77 9c 0f f4  68 5c 1d 0f d8 a4 bf fe
sending write buffer, mode=0xd, mspec=0, id=0,  offset=57344, len=4096
    Write buffer cdb: [3b 0d 00 00 e0 00 00 10 00 00]
    Write buffer parameter list (first 256 bytes):
fa 98 52 87 df 76 d9 bb  37 1b 48 ec 37 82 2c 84
e1 0f 9c 2b 30 a4 bf 85  ce 7d 43 8b 1b 4c 78 20
71 7d 59 8f f9 3e dd f9  8e ee 00 4b c6 44 f7 1b
1f 11 27 69 72 2d cd af  2d 80 60 24 ee f7 c6 c2
71 77 c3 0b 62 4b ee 50  ac 33 3b fc 21 35 2c db
0c 2d af 2e 3b 50 56 1e  b7 c5 77 c9 2b 15 41 31
fc 5f 76 b5 d0 f7 c3 ae  34 de 51 33 49 ac d2 85
3d 44 16 4c af 17 c8 74  c6 37 8c 0f fe 13 05 6d
7b 4d ad ca 13 b3 3d e7  a6 24 56 94 03 2d 43 51
e7 58 41 3c db 5f 5c e3  0d 9e 25 bf 1b db 9d 76
6b 93 4f b3 85 a6 16 bd  81 d5 fd 2b a5 1e 5c 9b
bf b4 5f 60 5a 7d 4b 00  b5 71 41 e7 63 e6 97 3e
76 fb 07 71 41 b1 7f be  cb 53 08 9d 2c f9 c0 1f
4d 65 71 0a 57 e9 56 16  ab 1c a7 0d 5d 96 67 cc
f2 2d b9 cb aa 01 88 62  16 a1 d0 7d a9 ed f3 f8
aa e8 77 c1 8d 61 76 15  4e b5 f2 62 b4 20 0a 4f
sending write buffer, mode=0xd, mspec=0, id=0,  offset=61440, len=4096
    Write buffer cdb: [3b 0d 00 00 f0 00 00 10 00 00]
    Write buffer parameter list (first 256 bytes):
8f 0e e7 44 3b b2 9e d3  d7 26 20 84 50 01 3a 17
60 39 4b 50 35 cd f3 32  34 f2 ca 46 33 60 d6 32
7c bc 3f 78 77 a7 9a 62  30 45 1e d6 a9 69 de 6f
df 7e f2 e9 9e 7c 11 1c  c2 65 59 6d 63 ea e2 37
3d 16 e6 58 84 a0 1c 38  a8 25 53 55 c5 8e 4d 4b
05 2b 1b f8 bd e0 ca bb  49 31 84 09 10 5a c9 cd
4c d2 eb 74 5f eb af a6  27 62 62 b6 69 c7 3d 8f
97 18 10 c9 a3 61 2d c0  c8 bf 77 03 78 2f ba 58
4c 5d 9c 4a 7c 79 86 0b  2c 55 f9 52 74 a7 fc 80
8e 11 6b d8 92 ab 9b f0  e3 b9 c7 97 79 a9 ab 4c
f7 cc 5c 25 1e 49 b3 c7  24 6e d7 9c 6d 36 5c 7a
56 3d 6a 59 c9 56 02 eb  12 65 7e 8f bd f3 8d 16
af 1f 6f 1c 66 95 4a 5a  64 8f 67 f5 7b 33 9c fe
68 72 e7 95 ee 45 00 28  a3 3c 2d cc 6b 1f 6d 9c
dd 08 f5 43 be 09 b5 84  48 19 4e 8e f3 41 4f b8
f7 e2 c2 83 eb 71 be d6  f5 62 6d 60 73 51 aa 99
sending write buffer, mode=0xd, mspec=0, id=0,  offset=65536, len=4096
    Write buffer cdb: [3b 0d 00 01 00 00 00 10 00 00]
    Write buffer parameter list (first 256 bytes):
75 6a 9f a7 72 11 93 e9  5f da 41 61 5a da bf 5d
87 79 bc 2c a6 3b 12 ed  4b 92 b8 14 07 9b 46 c5
7f 8b 5e 44 89 78 2b 31  04 7f fb 58 af 5d e1 a8
9f 1b ce 79 c2 dd cb 0e  3f a1 c3 53 38 8b c3 70
c2 4f f0 a4 76 ad 20 c8  13 7f 49 1c 59 8a d5 63
0d 61 aa a6 8b 9e 15 b9  1a 65 16 9f 31 4c 1d 9f
87 ba 2b 89 d3 c2 7f 72  8a e3 d5 4e 5a 9e 1b b4
70 55 13 27 99 d3 ab a8  e7 2e 02 1b c0 02 bd a8
7e 60 6c 68 5e 1b 08 9e  85 9a cc 2f b8 67 fe 5f
27 7e de d8 a3 5c 4a 4a  b6 28 dd b6 fb 81 f8 3f
65 30 51 0f 9f 0f 16 0d  e7 1d 1e aa c4 ae 2e 5d
d6 1f 65 1c dc bb fe 0f  e0 33 97 fd dc b9 60 06
7c 5e e5 d1 c6 43 24 30  95 a6 2f a8 71 b5 87 22
01 5a db 30 22 fa 03 37  2f ad 28 ae ad b0 0b 2d
84 ee 78 43 35 7a b1 be  31 ae 99 f9 c3 81 40 ee
30 d0 a7 e4 52 d4 88 b1  28 10 06 58 87 4c 3a 91
sending write buffer, mode=0xd, mspec=0, id=0,  offset=69632, len=4096
    Write buffer cdb: [3b 0d 00 01 10 00 00 10 00 00]
    Write buffer parameter list (first 256 bytes):
bc fc 52 82 bd f7 2f 39  76 d9 36 0b 12 de b2 64
63 63 b4 ea 25 c6 3b d4  3f b3 0e 50 e8 f3 48 5d
a6 3d ce 85 ab 0e 95 8d  70 3a ea a9 c8 50 b1 f9
14 26 66 37 87 50 0e 72  c3 86 8e 66 70 11 e1 c5
14 49 92 28 2c df ef d7  df 96 b5 10 01 10 71 3d
43 a0 47 1c 48 d5 23 e0  5c 14 77 84 64 64 f6 8e
4c 9c 5f fa 99 df ba 02  75 19 40 1b e1 09 f4 4e
40 75 16 c3 15 41 a0 51  fb 99 cd 9e 4e b2 36 0e
6e 36 54 e4 d3 a8 32 0d  e0 08 5b 31 59 f6 32 8b
0b 39 78 8a db 62 8b 68  7b 77 20 7f 61 81 aa 20
fc 8c 53 3a cb be 79 37  1b 41 72 1d b4 12 df 0c
b1 53 ed f1 91 8d 47 86  a3 3f d1 90 38 b2 7a a7
e6 cc f5 33 3f ee 67 8c  bb cb bd b1 28 b3 46 b4
44 b8 27 34 ab 4d 56 90  7d 93 68 07 34 8c aa ac
01 9c 3d 27 e5 7c 22 1f  21 df c7 72 a9 90 a5 dd
dc 9f ce e8 82 07 9d ca  86 69 c3 1e 1f 0c 80 d4
sending write buffer, mode=0xd, mspec=0, id=0,  offset=73728, len=4096
    Write buffer cdb: [3b 0d 00 01 20 00 00 10 00 00]
    Write buffer parameter list (first 256 bytes):
ed 2b 74 7f df 08 33 96  c6 4c a0 7e 1f 34 65 9f
d9 4c ee 4f 91 ef ce 07  a4 c2 76 31 6e 48 a6 9f
b0 c5 df ed cb cf d8 ae  65 6b df 75 27 dc 18 32
d6 28 f9 32 32 eb 9b a1  50 49 69 91 59 43 24 23
ff ff 3c 2d 96 c0 ee ec  54 1f b5 c3 91 c6 13 0e
f9 d2 76 a8 4a b0 50 f6  38 48 66 24 6c ad 51 bd
64 81 03 e6 d2 87 03 2e  0e 83 84 71 ff fd d5 e3
f5 7d f8 a3 63 92 f3 cf  4f 90 8e ff 26 9f b4 d2
37 fe 02 bc d8 0c 06 cd  01 0b b3 13 8c 3f d8 a5
76 01 95 22 73 c0 8c 7a  f6 89 96 be bb a3 90 c4
6a 65 5f d4 41 99 08 1a  29 c9 b6 bd 5e 9b 8a 5b
ec fd f8 c3 68 21 a6 bf  74 82 fa 42 f1 1a 4e 7e
77 d3 1b 62 b7 d0 23 f3  c3 38 01 15 b9 75 34 16
c5 05 32 15 b6 a4 92 ed  c0 36 26 3b 77 cc 62 d7
92 4c 02 c8 c4 51 c8 5c  08 4c 9f 51 68 21 12 8e
d3 db a0 e5 87 a1 44 1f  85 02 04 ea 9e 41 fd e5
sending write buffer, mode=0xd, mspec=0, id=0,  offset=77824, len=4096
    Write buffer cdb: [3b 0d 00 01 30 00 00 10 00 00]
    Write buffer parameter list (first 256 bytes):
7b 8c 24 35 5c fb ac e6  bb ce 1d 15 87 3b 8d 47
03 2f ec 17 8f b6 38 34  65 b2 e3 30 5d d1 2a d3
95 48 68 05 bf 5d 5a f2  d3 87 9c a7 35 ef 17 28
e1 a1 b3 53 98 58 f1 56  50 b5 d8 4d a7 44 e2 d5
8f 00 94 9e 57 03 c7 4b  e2 36 73 26 57 d5 30 dd
9a 1f e8 eb 62 b6 0c 60  7a 9f df b9 aa b0 2f 2b
b5 27 84 20 be 39 bf 67  c1 3a 63 ff a3 7a fd 0d
c4 40 a3 21 de 6c 53 92  5f 56 dc 70 bf 76 03 51
93 54 c8 64 30 23 98 a6  74 37 3e 2f 82 7a 4a 88
f2 da af 82 9d d6 98 3e  e1 99 8e 81 84 e0 a0 b6
70 70 c8 22 92 7c 4a d9  4f 55 f9 c4 98 c5 dd 03
3c c0 9b 5d b2 94 31 46  8b 7a 66 6d 36 19 be b2
77 0b c1 d4 f9 ab f5 e1  fe 8f 85 f6 1e 21 dc 14
f5 9b 3e 84 b9 95 a7 15  b2 a5 1b e5 16 f8 30 a3
a8 bf 4a db 71 6f 87 e7  6b 2a 44 e1 f2 15 46 02
47 04 42 fe 2f 1a 92 37  17 97 4b ce cd 80 d1 75
sending write buffer, mode=0xd, mspec=0, id=0,  offset=81920, len=4096
    Write buffer cdb: [3b 0d 00 01 40 00 00 10 00 00]
    Write buffer parameter list (first 256 bytes):
e2 62 9d c7 8d a1 4f a2  fe c2 f0 44 31 fe 2c 5f
09 ef 44 4e 32 9f 36 6f  22 c5 15 57 e0 0c 2b 59
87 55 de 25 1b bd 28 25  9e 22 33 9b 95 39 ae d0
5d 6f c8 1a 7a 07 73 30  09 2e 96 88 0a e3 c8 6e
d5 7b 1c d2 da bf f1 68  8a 4c d2 69 dc c1 7a 57
d9 aa 40 24 0e 3f 07 67  6b 51 8f e0 50 e1 2a 03
57 36 b1 81 c7 21 0a 60  2d 4b ec ae 3f 9f 52 0f
0b 74 49 6f 8c e7 5a 53  11 ec f8 c8 46 90 3e 4b
4e be df c0 d7 27 26 b0  28 1c eb 4d e5 8b 01 00
a1 53 ea 6e a0 c9 4f 5d  f7 82 fd 2f 5c b9 56 14
ed 69 55 b4 2c a3 01 68  2a b8 25 62 aa 7c d6 60
4d c5 d0 72 66 52 dd e9  aa 6e f0 4a 34 09 5f d6
11 50 c7 12 7b dc 68 a1  7c f3 30 98 01 e5 eb c0
6a 14 75 3e d9 3b 43 51  06 c3 ea b3 8d a6 fe 3e
d8 19 96 00 8f c2 85 fd  c4 28 99 6f 8c d8 cb 6d
0b d6 44 ba ae c2 0f e7  8b 08 47 bf 46 e1 38 09
sending write buffer, mode=0xd, mspec=0, id=0,  offset=86016, len=4096
    Write buffer cdb: [3b 0d 00 01 50 00 00 10 00 00]
    Write buffer parameter list (first 256 bytes):
88 41 07 15 71 c0 23 2c  c0 91 d4 96 90 8b 6a fe
86 6d f3 b4 bc 5d 60 0d  a9 c8 a9 37 a8 a7 3e d0
11 88 4d e0 30 75 8f 1a  39 5e f6 37 03 ce 53 de
24 2b fe d2 64 08 6e 9d  1a 46 ad 58 ae 73 a4 0a
36 33 3f e6 7b 3c a9 ba  6b 43 76 95 02 0e 73 56
47 87 f0 d0 e5 f6 23 fa  0d 48 93 56 fb cb 50 1f
62 9e d5 15 b0 22 0b 2d  74 7c dd 84 3b f2 69 65
34 6b 15 c5 cf cb b6 38  cf 30 23 7c 97 79 7f a1
f9 47 43 c3 a5 c8 cc cd  53 fb e4 0f 74 96 86 82
65 02 2d 57 d4 da a8 24  d2 8b 0f 2b 14 22 be 27
2b 8d 4e cf 7a 63 01 1f  0c af 8c 25 9b 9f 06 7a
dc 5b 6d 68 36 41 d5 a6  0a 8e 84 1b 18 33 cf fd
dc ff 01 48 08 c5 a7 36  f5 06 7c 9a 26 a8 c7 25
ab 12 d0 07 38 4d ba 9a  27 3c 5b 71 c0 92 18 c3
37 33 28 64 cd 71 3e 4f  f2 f6 a7 b4 1a 81 e4 35
44 bd 23 35 34 1a 9e 86  31 f4 70 c6 e3 6e d8 12
sending write buffer, mode=0xd, mspec=0, id=0,  offset=90112, len=4096
    Write buffer cdb: [3b 0d 00 01 60 00 00 10 00 00]
    Write buffer parameter list (first 256 bytes):
93 9e 87 2c c6 09 d0 48  3a fa aa 07 a5 4e 17 c5
1d 54 fd 01 fc c1 af 52  63 ae 09 6f c5 3e 6d b2
0c ff 77 56 43 42 dd bf  a1 0e 57 c0 82 2d 6d 12
a9 89 77 b2 c8 5b 44 f1  34 0e 7a 66 3a ac 96 3d
b3 27 67 be 24 b0 82 cc  ad ed ad 00 2f 5a 50 3a
10 e1 24 a9 50 c7 91 98  f8 e7 67 a8 c6 da 9d 1c
53 08 bb 04 66 59 d7 f0  8a 46 47 c4 44 54 1e 46
1d 3a d8 02 b5 63 96 d6  e9 8c 03 02 e9 e3 af 5d
f3 9b 6f 85 04 cb bf 94  2a ad d8 e5 72 a5 59 ee
2d 70 0e 38 98 f5 f4 d5  75 fa d1 d9 2a 1d ab 39
90 6e da 6a 52 c4 6d 6f  49 f7 dd 55 18 b5 cf 64
62 fa 8c f0 08 5e 9c 38  08 17 2a a4 1a cf 4e 2e
a6 dd 43 7b e2 4b 4d 9c  b8 2a de 99 0e 52 6d 80
37 03 b3 bb ea f9 c8 6f  92 ab 4a f7 1f f9 7c c1
f7 6f 0c b5 85 0d 49 2a  66 ed 06 13 34 a6 c4 28
54 be bc dd 84 3f 28 7c  88 5c ed 62 fb 3f 89 0a
sending write buffer, mode=0xd, mspec=0, id=0,  offset=94208, len=4096
    Write buffer cdb: [3b 0d 00 01 70 00 00 10 00 00]
    Write buffer parameter list (first 256 bytes):
ff ff ff ff ff ff ff ff  ff ff ff ff ff ff ff ff
ff ff ff ff ff ff ff ff  ff ff ff ff ff ff ff ff
ff ff ff ff ff ff ff ff  ff ff ff ff ff ff ff ff
ff ff ff ff ff ff ff ff  ff ff ff ff ff ff ff ff
ff ff ff ff ff ff ff ff  ff ff ff ff ff ff ff ff
ff ff ff ff ff ff ff ff  ff ff ff ff ff ff ff ff
ff ff ff ff ff ff ff ff  ff ff ff ff ff ff ff ff
ff ff ff ff ff ff ff ff  ff ff ff ff ff ff ff ff
ff ff ff ff ff ff ff ff  ff ff ff ff ff ff ff ff
ff ff ff ff ff ff ff ff  ff ff ff ff ff ff ff ff
ff ff ff ff ff ff ff ff  ff ff ff ff ff ff ff ff
ff ff ff ff ff ff ff ff  ff ff ff ff ff ff ff ff
ff ff ff ff ff ff ff ff  ff ff ff ff ff ff ff ff
ff ff ff ff ff ff ff ff  ff ff ff ff ff ff ff ff
ff ff ff ff ff ff ff ff  ff ff ff ff ff ff ff ff
ff ff ff ff ff ff ff ff  ff ff ff ff ff ff ff ff
sending write buffer, mode=0xd, mspec=0, id=0,  offset=98304, len=4096
    Write buffer cdb: [3b 0d 00 01 80 00 00 10 00 00]
    Write buffer parameter list (first 256 bytes):
ff ff ff ff ff ff ff ff  ff ff ff ff ff ff ff ff
ff ff ff ff ff ff ff ff  ff ff ff ff ff ff ff ff
ff ff ff ff ff ff ff ff  ff ff ff ff ff ff ff ff
ff ff ff ff ff ff ff ff  ff ff ff ff ff ff ff ff
ff ff ff ff ff ff ff ff  ff ff ff ff ff ff ff ff
ff ff ff ff ff ff ff ff  ff ff ff ff ff ff ff ff
ff ff ff ff ff ff ff ff  ff ff ff ff ff ff ff ff
ff ff ff ff ff ff ff ff  ff ff ff ff ff ff ff ff
ff ff ff ff ff ff ff ff  ff ff ff ff ff ff ff ff
ff ff ff ff ff ff ff ff  ff ff ff ff ff ff ff ff
ff ff ff ff ff ff ff ff  ff ff ff ff ff ff ff ff
ff ff ff ff ff ff ff ff  ff ff ff ff ff ff ff ff
ff ff ff ff ff ff ff ff  ff ff ff ff ff ff ff ff
ff ff ff ff ff ff ff ff  ff ff ff ff ff ff ff ff
ff ff ff ff ff ff ff ff  ff ff ff ff ff ff ff ff
ff ff ff ff ff ff ff ff  ff ff ff ff ff ff ff ff
sending write buffer, mode=0xd, mspec=0, id=0,  offset=102400, len=4096
    Write buffer cdb: [3b 0d 00 01 90 00 00 10 00 00]
    Write buffer parameter list (first 256 bytes):
ff ff ff ff ff ff ff ff  ff ff ff ff ff ff ff ff
ff ff ff ff ff ff ff ff  ff ff ff ff ff ff ff ff
ff ff ff ff ff ff ff ff  ff ff ff ff ff ff ff ff
ff ff ff ff ff ff ff ff  ff ff ff ff ff ff ff ff
ff ff ff ff ff ff ff ff  ff ff ff ff ff ff ff ff
ff ff ff ff ff ff ff ff  ff ff ff ff ff ff ff ff
ff ff ff ff ff ff ff ff  ff ff ff ff ff ff ff ff
ff ff ff ff ff ff ff ff  ff ff ff ff ff ff ff ff
ff ff ff ff ff ff ff ff  ff ff ff ff ff ff ff ff
ff ff ff ff ff ff ff ff  ff ff ff ff ff ff ff ff
ff ff ff ff ff ff ff ff  ff ff ff ff ff ff ff ff
ff ff ff ff ff ff ff ff  ff ff ff ff ff ff ff ff
ff ff ff ff ff ff ff ff  ff ff ff ff ff ff ff ff
ff ff ff ff ff ff ff ff  ff ff ff ff ff ff ff ff
ff ff ff ff ff ff ff ff  ff ff ff ff ff ff ff ff
ff ff ff ff ff ff ff ff  ff ff ff ff ff ff ff ff
sending write buffer, mode=0xd, mspec=0, id=0,  offset=106496, len=4096
    Write buffer cdb: [3b 0d 00 01 a0 00 00 10 00 00]
    Write buffer parameter list (first 256 bytes):
ff f7 c0 ff 28 88 40 1c  28 80 10 48 1e 38 40 88
00 f0 0f 01 69 61 44 f0  01 00 57 f8 21 10 88 47
01 28 00 d1 6e 61 14 f4  90 5f 0a d0 a8 6a 40 1c
a8 62 a9 69 88 42 05 d9  68 88 40 1c 68 80 ee 80
ae 81 ae 62 bd e8 f0 81  04 0a 01 00 12 0c 01 00
01 20 70 47 f0 b5 1c 48  8c b0 4f f0 70 47 6c 46
06 ad 01 68 00 91 81 68  01 91 01 69 02 91 50 f8
04 1c 03 91 41 68 04 91  c1 68 05 91 01 8f 89 02
06 91 81 8f 89 02 07 91  b0 f8 40 10 89 02 08 91
c1 8e 89 02 09 91 41 8f  89 02 0a 91 c0 8f 80 02
0b 90 00 21 0b 46 54 f8  21 00 b8 42 07 d0 55 f8
21 20 22 b1 02 44 00 e0  08 c0 82 42 fc d8 49 1c
06 29 f0 db 0c b0 f0 bd  90 0a 01 00 72 4b 70 b5
99 8b b3 f9 16 00 b3 f9  18 20 40 ea 01 60 59 8b
09 04 41 ea 02 21 6d 4a  08 43 99 88 01 f0 7f 01
54 69 04 b1 80 24 21 43  99 80 01 f0 0f 04 07 2c
sending write buffer, mode=0xd, mspec=0, id=0,  offset=110592, len=4096
    Write buffer cdb: [3b 0d 00 01 b0 00 00 10 00 00]
    Write buffer parameter list (first 256 bytes):
ff ff ff ff ff ff ff ff  ff ff ff ff ff ff ff ff
ff ff ff ff ff ff ff ff  ff ff ff ff ff ff ff ff
ff ff ff ff ff ff ff ff  ff ff ff ff ff ff ff ff
ff ff ff ff ff ff ff ff  ff ff ff ff 78 24 00 00
00 00 00 00 00 00 00 00  00 00 00 00 00 00 07 00
f0 01 00 00 00 00 00 00  00 00 00 00 00 00 00 00
00 00 00 00 00 b0 01 00  00 00 00 00 00 00 00 00
00 00 00 00 00 00 00 00  00 00 00 00 00 00 08 4e
00 00 00 00 00 00 00 00  00 00 00 00 00 00 00 00
00 00 00 00 00 00 00 00  00 00 00 00 00 00 00 00
00 00 00 00 00 00 00 00  00 00 00 00 00 00 00 00
00 00 00 00 00 00 00 00  00 00 00 00 00 00 00 00
00 00 00 00 00 00 00 00  00 00 00 00 00 00 00 00
00 00 00 00 00 00 00 00  00 00 00 00 00 00 00 00
00 00 00 00 00 00 00 00  00 00 00 00 00 00 00 00
00 00 00 00 00 00 00 00  00 00 00 00 00 00 00 00
sending write buffer, mode=0xd, mspec=0, id=0,  offset=114688, len=4096
    Write buffer cdb: [3b 0d 00 01 c0 00 00 10 00 00]
    Write buffer parameter list (first 256 bytes):
d3 10 a0 e3 01 f0 21 e1  04 d0 9f e5 10 ff 2f e1
00 00 01 00 00 fc 00 00  05 4a 01 46 00 20 12 f8
30 30 8b 42 02 d0 40 1c  05 28 f8 d3 70 47 00 00
0c 0e 30 00 62 27 08 0b  05 9f 01 02 1c d7 40 04
00 01 00 62 ef 40 08 0b  05 9f 01 03 3c 20 40 04
00 01 00 14 20 14 08 0b  05 9f 01 02 1c 20 40 04
00 01 00 bb 62 16 08 0b  05 9f 01 02 1c 20 40 04
00 01 00 14 62 27 08 0b  05 9f 01 02 1c 20 40 04
00 01 00 62 0e 10 14 13  02 00 03 10 00 00 00 00
ff 10 01 00 00 20 00 00  79 01 30 00 10 01 8a e1
01 10 13 20 00 00 00 00  00 00 00 00 00 00 00 00
00 00 00 00 00 00 00 00  00 00 00 00 00 00 00 00
00 00 00 00 0e 04 08 01  0c 00 00 00 80 00 00 00
00 00 00 00 0c 04 08 01  0c 00 00 00 83 00 08 00
01 00 00 00 84 00 00 00  00 00 00 00 4c 13 00 00
ff ff ff ff ff ff ff ff  ff ff ff ff ff ff ff ff
sending write buffer, mode=0xd, mspec=0, id=0,  offset=118784, len=4096
    Write buffer cdb: [3b 0d 00 01 d0 00 00 10 00 00]
    Write buffer parameter list (first 256 bytes):
ff ff ff ff ff ff ff ff  ff ff ff ff ff ff ff ff
ff ff ff ff ff ff ff ff  ff ff ff ff ff ff ff ff
ff ff ff ff ff ff ff ff  ff ff ff ff ff ff ff ff
ff ff ff ff ff ff ff ff  ff ff ff ff ff ff ff ff
ff ff ff ff ff ff ff ff  ff ff ff ff ff ff ff ff
ff ff ff ff ff ff ff ff  ff ff ff ff ff ff ff ff
ff ff ff ff ff ff ff ff  ff ff ff ff ff ff ff ff
ff ff ff ff ff ff ff ff  ff ff ff ff ff ff ff ff
ff ff ff ff ff ff ff ff  ff ff ff ff ff ff ff ff
ff ff ff ff ff ff ff ff  ff ff ff ff ff ff ff ff
ff ff ff ff ff ff ff ff  ff ff ff ff ff ff ff ff
ff ff ff ff ff ff ff ff  ff ff ff ff ff ff ff ff
ff ff ff ff ff ff ff ff  ff ff ff ff ff ff ff ff
ff ff ff ff ff ff ff ff  ff ff ff ff ff ff ff ff
ff ff ff ff ff ff ff ff  ff ff ff ff ff ff ff ff
ff ff ff ff ff ff ff ff  ff ff ff ff ff ff ff ff
sending write buffer, mode=0xd, mspec=0, id=0,  offset=122880, len=4096
    Write buffer cdb: [3b 0d 00 01 e0 00 00 10 00 00]
    Write buffer parameter list (first 256 bytes):
ed 9d d2 4f f1 71 09 b4  db ff 42 26 31 80 e6 d6
06 b0 be 99 49 12 67 66  68 83 54 2a 8d 07 c8 44
07 ec 1a d7 43 bf 3f 1b  12 0a d0 aa 57 f4 7e 06
bd d2 b8 f7 a4 5d a0 97  00 47 9a 55 88 77 8a 13
d6 a0 ed 31 22 02 67 aa  14 ce 29 02 d0 e3 a7 3d
93 2d c5 31 50 1e 55 76  b2 88 26 50 9f f1 3e ea
9f da e4 40 50 4f 56 8a  32 df b6 15 8b 25 96 a3
15 76 5d 6e 0f 24 a2 70  b1 8e 34 8f 10 1b 38 5a
64 aa 18 2c 95 b3 c0 67  3a ef 04 23 00 7b 63 ce
48 8c b5 66 bc f6 b2 69  4b 38 2e 11 a6 4d af 26
93 f9 35 25 e8 5c c6 ea  8d 53 87 61 96 d8 28 b2
df da cd f7 bb bc 31 e8  60 3b 36 2f 3f cf 9a c4
cd 88 0a ee fe 5d fc fc  28 ee b0 58 26 04 d0 93
d2 f9 0c 00 ac 40 a6 32  b0 8d f8 e5 c9 ce 20 e0
48 0a 84 e0 15 23 84 61  a4 b5 8b 41 ff ae 7c 35
a9 8f b5 48 87 38 90 70  51 36 6d b9 4a 3a eb 0f
sending write buffer, mode=0xd, mspec=0, id=0,  offset=126976, len=4096
    Write buffer cdb: [3b 0d 00 01 f0 00 00 10 00 00]
    Write buffer parameter list (first 256 bytes):
5c 47 cd ec 05 41 e9 95  88 09 4e d9 26 1b 72 db
73 32 20 f3 cb b7 2c fe  18 5c 33 a9 9b 77 0d 8f
a6 4c 6a a1 14 86 a0 75  a8 63 a2 6a 9f 43 d4 dd
e6 36 db 4b 52 0e 44 6c  df ec a0 eb 66 2a 9c f4
7d b2 94 6f 67 84 5d db  29 6c a6 73 88 45 58 6f
e8 e4 f2 ed 42 14 e7 a2  82 e3 69 5a a9 55 85 87
76 01 ef bf 22 45 84 b4  f6 39 68 ae 3f c2 14 81
56 78 f3 28 d4 d0 32 ba  04 1a 0d 95 e4 37 b3 b9
ae 91 53 f8 a0 4f 22 d1  38 b7 e1 4d ef 0d 7e 62
49 af 6a 67 cb ba 91 42  9d c9 50 5d 7b d4 18 10
a7 d2 47 0a 93 3a 7a 46  55 f7 17 34 81 5a e9 10
de 4b f5 ee d6 8a ba 31  5b b6 c6 4d 42 06 53 56
c4 54 fe 32 07 81 fe ed  a4 89 24 b4 b1 99 64 2b
19 74 0e 19 a4 18 30 67  e5 f7 d0 a9 87 9f 4c 79
14 b9 2d 0a 9c c3 21 be  b8 29 e8 ee 72 5f e8 8c
34 13 fc 0d 2e 9b c2 55  75 0c f5 42 21 53 df 5b
sending write buffer, mode=0xd, mspec=0, id=0,  offset=131072, len=4096
    Write buffer cdb: [3b 0d 00 02 00 00 00 10 00 00]
    Write buffer parameter list (first 256 bytes):
df 88 ca 8e 8e c7 2b f0  20 88 3e 78 93 ae cb 36
ab 91 80 03 e1 92 71 e2  2e 33 27 dc d4 b9 5c 88
3d 5d bb 36 ec 08 9f 84  4e e2 df 74 c0 3c bc 54
60 71 3e e0 e5 3a 25 8f  67 bb 25 4d 08 74 f8 a7
e8 26 33 64 58 ed 6a fb  22 4b 15 1b 0f d4 f3 cf
89 2a e1 6f 37 52 1e 52  0f 27 27 01 b8 51 f4 00
a0 dd 84 9f 33 83 14 62  95 12 c2 a9 cb 9a 2a 69
56 b7 c1 40 6e 56 7c bd  fe 80 65 63 8c 3a b3 ff
28 72 63 5f 02 f3 48 3b  11 91 c7 76 d1 bd 11 3c
60 26 02 18 c5 63 67 1f  7f d3 e7 fe ad 79 18 39
1b df 1b 2c 97 fd 4d df  e2 19 df bb 87 3b a6 9e
01 69 5d e8 10 95 6c c8  71 75 a8 c9 9c d2 4c 20
34 3b 44 46 46 de 0e a8  68 64 7f 23 86 43 27 05
6a 8f 20 ce e2 f5 27 f3  e4 92 b1 0c cc b2 62 5d
b8 06 e1 4e 5c 6e 5a 5a  63 61 4c 18 b4 17 a6 b8
f9 28 aa 0c f5 f2 71 86  b9 7b ec fa 69 c8 94 83
sending write buffer, mode=0xd, mspec=0, id=0,  offset=135168, len=4096
    Write buffer cdb: [3b 0d 00 02 10 00 00 10 00 00]
    Write buffer parameter list (first 256 bytes):
94 5d d6 4c a4 22 e6 d3  fb cc 6e 0e f8 d9 b5 12
90 78 50 f1 75 c0 f4 45  81 32 f4 d7 53 f8 40 16
21 2b 0d 97 f0 f0 8a cd  db 42 0a 97 5f b9 b4 75
92 22 14 6c 9e 0f 0c 78  07 ce c2 fd 18 76 53 f1
99 7f 81 2b e0 07 37 60  8f c4 59 04 67 ef fe de
e2 73 79 14 df 7b ca c5  be 2a d5 00 e1 38 49 48
0a 2b f1 31 10 f9 4e 7d  0c c9 a7 c2 7e 9f 07 07
52 e0 9f 22 15 44 a8 fb  7d c5 e0 bf 77 40 0f 7c
10 7e f5 36 0a bf 48 af  11 02 90 54 17 78 bf 6f
75 ef 98 73 27 19 36 d9  c4 7c ff 3c 51 0f f2 ce
89 1f 97 1d 2c 7c 92 fb  9f 37 8c 49 3d db f6 df
5f d6 85 0d b4 d5 25 3d  39 9c 95 89 81 22 ac 4c
80 76 88 0d bf 62 ca 24  13 e4 a7 5b e8 4d 63 c5
6d 86 ab 29 76 70 e7 80  5a 6c b3 12 36 db 2d b3
e4 54 1a 83 5d f7 99 78  09 0c 60 69 cb b5 99 e7
b4 85 43 68 46 b7 8c a9  53 aa 84 69 1e e7 9f 56
sending write buffer, mode=0xd, mspec=0, id=0,  offset=139264, len=4096
    Write buffer cdb: [3b 0d 00 02 20 00 00 10 00 00]
    Write buffer parameter list (first 256 bytes):
f7 96 89 bb 30 87 1a ff  d5 fb c7 97 36 1e 06 76
b2 9a 12 6e 79 53 de 06  16 4a d8 1b 6b 6a 71 08
6c fc e1 c3 7e 95 63 ef  53 25 51 3a 0b b6 38 09
c4 49 62 d3 8e d1 c2 5f  bd 3c 05 84 04 6d a1 0e
e9 68 6d c6 24 96 39 dc  56 6c 97 43 29 68 0e 99
58 30 22 4c cb 75 4f 79  26 47 14 25 d6 34 27 5b
bc 7a 9d bc c2 a9 96 84  e4 0d a4 ba 15 4d e0 0b
ad d3 5e 77 c1 20 d8 4c  54 d0 1b 57 86 ba c5 67
fe e6 0f 79 21 bd 38 5f  45 1e c7 2f 69 63 8a 7f
26 6e da 1a b7 5a f6 8a  ed ba 49 14 03 58 fb 2a
43 f0 e3 c6 fb a4 07 f6  97 4d 5f 88 f3 3c 84 38
57 61 e1 05 85 f4 27 41  d7 65 8c 9c 9b e8 2e 5e
94 52 c1 9f 4b e6 bf 22  74 06 0b ca 2d 5b bd 48
a1 0c 8f 5b 06 d2 c0 c5  7b c7 b2 74 86 66 ef 55
ec 50 40 4e 68 20 a3 0a  d0 65 70 b8 fc 7c 6c 8d
41 b2 73 98 06 2c 98 c6  99 2a 5b a5 c9 c5 58 37
sending write buffer, mode=0xd, mspec=0, id=0,  offset=143360, len=4096
    Write buffer cdb: [3b 0d 00 02 30 00 00 10 00 00]
    Write buffer parameter list (first 256 bytes):
e8 ce 5d b7 79 e1 90 6a  18 eb 40 c1 34 c2 18 e1
af 12 a9 09 fc 82 87 9e  32 01 96 65 4c 00 be 7a
3b 1e 24 7c fe cf 64 08  bd 60 59 1e 4b 7d 7d c6
49 24 26 b2 4a 4e 87 49  c2 f8 10 32 0d 78 0a b0
0d dc dc 33 52 d7 65 98  05 28 9d ab a0 ac c2 60
c9 c3 ef 3b 06 05 52 55  39 2c 36 eb 90 2f 00 c2
bb 39 e8 c7 a8 a9 11 53  bb 80 bd 1d 73 65 e4 a7
fa 15 b9 28 fb 4b a5 ae  05 8f 93 72 7e ed 3a 78
4c 27 a1 fb f9 21 07 3e  ef fb 21 bb 24 b6 05 16
03 96 b4 af c9 38 bb 82  18 d2 fb 93 b6 68 0b 8a
31 ed 38 bd ea 85 70 60  b3 b5 52 f7 97 bf af cf
2a f4 bd 9e 4b 9d 33 cb  cf db 4e 1c a2 a0 28 2e
a9 79 51 89 cc f1 9c 3e  bf 72 af 4b 8b 57 a5 ad
3d d0 f6 41 43 57 1a 90  6c 61 03 b3 6c d5 4d c3
b7 ad 67 44 92 aa 5c 3f  a7 47 49 1d e4 8e f9 90
78 27 54 6c 22 89 79 5c  c2 38 89 76 ff 89 6a ae
sending write buffer, mode=0xd, mspec=0, id=0,  offset=147456, len=4096
    Write buffer cdb: [3b 0d 00 02 40 00 00 10 00 00]
    Write buffer parameter list (first 256 bytes):
3e 57 af ad b9 3f 67 fe  58 c1 a3 6f 65 6c 2d e8
84 49 d1 3f 29 fc 46 31  86 c6 41 f2 c9 72 a8 06
a4 3c be 81 18 bf 7a ee  a9 95 de e2 dd ee d4 ae
7c e7 07 5a 18 dc 23 ec  e9 9b 15 96 77 66 34 65
14 3c 12 8a aa 78 53 6d  41 eb be 77 a7 32 bb 49
8b 97 9c d1 07 00 18 61  42 97 f1 f4 14 ab 2f 6e
0f b3 a4 b5 58 95 d8 ee  65 56 fa 8d 78 03 a8 e5
24 fe 58 4b 1b 4b d8 fb  05 2e b0 14 66 70 c7 f5
b6 d8 52 2b 03 d0 83 55  83 4f 83 d4 cb e7 47 17
c3 31 1c e5 89 c3 f9 bc  ce 7f 3e 18 f6 35 28 22
f3 aa 8e da 58 38 70 cf  64 37 c1 21 6c 58 63 18
e7 35 b3 8a cc fb aa b3  28 39 28 6e 2c 5c 2c 13
45 7a 8e a2 0c d3 38 97  54 c4 d8 56 d1 00 96 a2
c8 8b 46 a9 9d 4a b1 4c  7e df 44 f2 d0 23 57 a3
82 db 80 58 cf 86 41 8a  09 6c a0 1e 13 89 39 88
c3 1e 94 de a9 f7 42 54  89 0d cc ec 98 2c 21 f4
sending write buffer, mode=0xd, mspec=0, id=0,  offset=151552, len=4096
    Write buffer cdb: [3b 0d 00 02 50 00 00 10 00 00]
    Write buffer parameter list (first 256 bytes):
a1 de 34 95 1a aa 69 50  3c ce b9 5e 1c 68 62 a4
57 c1 3c 5a f8 24 2f 68  7a 34 55 ff 7a 02 a3 5d
51 bc 24 81 a4 11 1a 2f  a0 7b 6e 4a e9 1f a9 40
ac c9 7a 99 0b 0d c1 87  b9 4b c5 2c 5e c9 1f 6a
66 91 b7 d0 0d f3 74 3d  91 cd b2 95 25 43 70 a0
f1 13 bb da b3 5e f4 a9  b2 d6 8a 69 8a 0e 8f 92
c3 e7 c5 43 5e 91 4d 9e  2f 94 84 b2 d7 a8 3f ac
e5 0f 07 48 b8 af f0 af  ce 99 20 5e d1 dc 31 4a
25 23 ec fc 34 78 62 f1  8e f2 39 55 71 b6 16 b0
c7 fb b3 e9 b8 99 7e 5b  c2 b8 25 04 87 0a ef 26
19 05 af d1 d7 f3 37 b1  b9 97 01 a2 c3 c0 59 8a
34 ec 35 52 2d 19 8d 27  20 19 2d 00 37 ea 96 b8
88 89 7a 7b 69 b1 53 62  4e fb e9 ab 4d bd 7e 00
58 f5 ca c0 41 0d 23 c7  21 61 54 e9 ef 26 f2 c7
46 40 a7 49 55 57 d7 bd  91 64 76 78 d6 93 ea ea
01 5c e9 b2 41 34 fb cd  0b d5 05 e9 f8 9f 3c 1c
sending write buffer, mode=0xd, mspec=0, id=0,  offset=155648, len=4096
    Write buffer cdb: [3b 0d 00 02 60 00 00 10 00 00]
    Write buffer parameter list (first 256 bytes):
0c 4e 16 2f b9 40 c3 21  7a ff db b4 fc 24 6f ee
00 6c 59 e6 e9 8f c9 eb  f7 50 f1 0e 19 8c 23 ae
a7 11 d8 a1 37 30 1e b8  81 3c 4f 0d be 80 64 fa
98 49 a7 a7 65 10 10 ae  18 06 8e 70 53 e1 a0 d4
76 26 06 31 4d 35 db 36  ca 49 72 45 fb 6d fa 82
55 09 46 a0 2d c0 6e 19  e5 9d 63 f8 2b 8d 60 dc
0e 75 3c 6c a3 f4 27 ff  6b 1a bc 94 83 3d 04 53
49 7e 2f e6 cf 57 19 be  5b 18 32 ac 41 73 5c ce
64 03 13 d1 fe 5a 34 56  d0 21 d1 2e a3 a2 7d bc
fb a5 22 aa 60 e0 d3 76  be d4 88 45 d2 37 9a 1b
33 98 d7 55 57 e4 3c 0d  76 3d 18 be 62 73 46 cf
01 29 4d 0c 2a ee 36 19  90 68 c0 a9 b3 1a b5 ea
49 5b 8f b6 4a 99 41 08  d7 2d 92 13 ac 25 d6 7a
a6 ae a8 b3 33 8e bb f6  f9 58 8a 56 7e 28 e0 b6
e1 3e b6 91 d9 38 d6 42  86 22 f6 40 69 33 32 b6
24 30 fa 83 f1 86 3e a2  e1 4c 4a 97 67 be ff e8
sending write buffer, mode=0xd, mspec=0, id=0,  offset=159744, len=4096
    Write buffer cdb: [3b 0d 00 02 70 00 00 10 00 00]
    Write buffer parameter list (first 256 bytes):
b7 1c 62 46 b0 ae 98 2d  a3 c4 13 7e 5b b8 9c 68
1e 6d 50 aa 2c 82 13 33  b5 79 64 a9 f2 05 08 c7
08 fe 78 0b 47 ef 34 eb  a8 bf 46 1e 73 6c 09 b4
6f e5 84 fe a1 2f 0e 18  36 d0 7e 46 a0 09 e8 08
4e ab b5 c1 83 d6 92 b3  57 03 47 bf 26 a0 2e 5e
99 25 e6 c9 2b 43 0a 68  f9 76 4c dd a4 9d 78 1c
97 1c af 9f 8e cf 9b f6  57 f7 3d 13 64 29 d6 18
0c 00 49 18 aa 66 21 42  01 3d a3 88 55 03 c8 04
4f 5f 60 b1 4c 7a ca ea  19 e9 db e9 98 19 10 5b
b1 58 c5 f1 a6 1a 14 5c  02 68 16 84 48 36 54 a4
a3 b5 3e 29 95 1f b0 a1  f3 2a 65 87 7c 41 af 21
c4 00 2c 64 f5 0d 00 8b  eb a8 d8 f8 c1 b7 3d b4
86 f9 ea 00 cd 4d 00 14  26 73 d3 84 2f 5a 28 c8
f6 d7 47 a0 02 81 57 60  d8 14 d0 91 23 43 dd 8a
e7 c0 11 60 60 c1 11 41  da 1d dd ab 95 bf 23 73
7b 51 fc 62 9e 43 9d 70  c5 0a 52 a5 d2 ab 04 76
sending write buffer, mode=0xd, mspec=0, id=0,  offset=163840, len=4096
    Write buffer cdb: [3b 0d 00 02 80 00 00 10 00 00]
    Write buffer parameter list (first 256 bytes):
a9 1b 85 55 7b c1 b2 b5  a4 25 93 cf fd c1 f1 87
d0 ec f0 72 53 9a 7b e5  4e af 2d d5 7d 67 70 c5
54 3e e2 0f 05 34 a5 8d  1b 81 a9 6a f3 2b 6f 97
13 ac e1 c4 5d 2c 95 2c  d7 12 4d cd 54 02 00 89
f1 a2 db 39 d6 b4 57 90  66 2e ba 1f 4d 3a 91 a7
3a b1 84 c0 bc 7e 56 e8  42 f2 91 70 07 92 38 8e
f1 f1 21 6f ab 21 ed a5  ac 93 e1 27 2c 0f f9 94
1b 3b e8 e0 6e 7f 6c aa  a2 69 92 f0 6a 28 56 44
51 dd 7a 28 37 3e 93 bf  38 91 6c a7 6f 36 6e db
25 70 e7 a0 a0 65 33 1a  dc d1 fe 49 b4 dc 5f 53
7b 12 ac 19 9d 4f a1 4d  b9 a6 80 38 53 56 e3 99
81 01 a3 bc a2 40 8c 91  62 6c e0 fa 41 bb 32 8d
be a2 1c 3e 6f a7 7e 18  fe 17 e3 d9 ed 7c 69 34
6a c5 c5 1b b6 4e 78 0f  55 09 e4 ab b2 de aa 39
4b ab 1f a5 70 41 7b c0  d4 e6 42 21 ef 39 4a a5
51 3d 47 f0 b6 47 5c db  9c 05 47 5f ef 5e 0c 18
sending write buffer, mode=0xd, mspec=0, id=0,  offset=167936, len=4096
    Write buffer cdb: [3b 0d 00 02 90 00 00 10 00 00]
    Write buffer parameter list (first 256 bytes):
84 81 ea 0e 84 27 25 f4  a7 24 ba 3e 4b 0d 89 ea
54 43 1a 2a 44 f2 e1 40  b6 05 34 df 5e 01 57 26
1c 06 01 fd 9b 43 ca ef  e0 59 83 00 d4 9f 10 c0
21 ec 19 e6 ef 72 f8 bd  36 e5 ca cf 50 55 92 12
d1 10 0b bc e2 26 01 8d  53 28 25 5d 60 b8 d9 8b
07 20 69 e5 72 b8 bf 5c  34 a6 ac 64 f5 c8 fe df
51 42 9b 27 80 1a c1 10  9f aa cd c4 80 1e 70 41
be 48 e2 ed 38 d5 f3 c9  bc 97 b7 a1 18 c3 2e 17
5d f3 47 1d 1c 72 0b 8a  05 6f 3c 34 11 1d 83 1f
01 fc c6 92 37 e5 f7 eb  a8 d9 84 1e 7b 10 4b ca
c5 c6 c3 9f cf df 59 37  cf 6e d6 4a 44 92 94 a7
3b 81 42 18 7a b3 36 65  5e fd e2 c1 4c dc 79 14
29 7b 70 22 79 6c ee 67  2f 5f fc 1f 4d 47 be da
79 a3 f6 ad 9b 92 a7 04  3e ea 87 a1 93 d9 2c ca
9a dc 1f 28 f2 08 29 8b  a6 ee b6 4c ab 1e 0e 7a
38 31 98 25 4a d2 87 83  c6 2b 93 b1 ff 39 80 23
sending write buffer, mode=0xd, mspec=0, id=0,  offset=172032, len=4096
    Write buffer cdb: [3b 0d 00 02 a0 00 00 10 00 00]
    Write buffer parameter list (first 256 bytes):
2f d5 5d 14 37 8b 72 58  ee e6 48 a0 1e 91 3f 86
75 aa 4f dd e3 08 1b 11  ce 2d e5 48 19 10 02 6f
9c e2 0f 64 69 0c aa 08  36 e0 f1 46 ab 14 dd 10
f1 e6 ec 8c 16 53 10 7d  82 23 0b 04 fe 14 4f 3c
fc e9 37 3f 33 7a ab d3  c6 0a ec 19 96 44 f8 a4
0b 62 27 74 fe 3f 42 9e  21 d1 c2 b3 0e fd 43 eb
27 b8 33 e8 70 16 3a 99  3f 84 ad 5a 9b 6e 1b 0e
78 49 21 09 17 c5 59 61  8f 34 73 08 c8 a2 7c 80
55 56 a4 34 3d 0b cc 0a  b1 58 fd f2 e6 00 a3 bb
0f 0e 96 42 01 0f 73 f4  34 0e fd 0d 2f 80 2b 94
bd 76 c4 72 f2 70 3f 71  82 e9 bd b3 e6 71 71 71
52 de 8a 7e e8 29 0f ab  4e 27 9f a8 e0 2b d9 b0
44 15 2f 70 4f b5 97 a4  56 af 8d 24 bd c6 bc c4
ca fc 6a d9 5a 0d 09 18  2d 28 b2 bb 0e 86 00 47
66 ec 5a a4 7a 92 f8 4d  2d ca 43 37 bf ee fa a9
ab 3c ac b8 6d c8 9d 7d  f5 68 16 78 d3 2b 62 84
sending write buffer, mode=0xd, mspec=0, id=0,  offset=176128, len=4096
    Write buffer cdb: [3b 0d 00 02 b0 00 00 10 00 00]
    Write buffer parameter list (first 256 bytes):
cd ef 20 99 e0 39 9a cc  a0 84 2a 27 e7 10 db ee
27 75 fd fa 56 9a e0 09  6c 42 95 3c ef 07 8f f3
64 15 48 41 5f 67 b6 f7  bf 90 50 fb 35 72 27 e8
6b ea 96 2b 20 78 65 09  61 02 7d 88 cb 95 d7 90
e7 45 73 0e 67 9c 8a 4c  36 e5 a1 31 53 8b 72 67
70 25 c5 d2 e4 eb be dd  bb 52 0b 00 0b f5 b3 1e
44 e5 f8 3b 12 24 fb 72  39 31 9d e0 60 a7 53 25
58 37 63 be 52 91 0d 6d  31 95 da dd 1a 29 e6 9e
bc ab b4 8d 06 19 af 7d  3c 63 36 c0 6b 59 04 a1
3b 23 9a 34 51 66 7b 0b  34 c9 7d 75 52 e7 23 be
0d c5 12 ea 86 56 63 48  c0 dc 13 85 7c 67 e3 9a
7b f8 d9 0e 4b aa 9b 5a  20 98 64 04 ba e5 1b ee
77 25 ba 75 b6 2e c1 e6  45 a1 92 d0 ac fd 03 ee
62 07 3b 9b d5 4d 6d e1  37 a0 37 9e 45 87 b4 2b
5a a5 fe 96 97 8a 77 ff  40 da a5 22 96 30 45 8a
05 f0 a1 00 77 e1 27 30  de 2f 70 6a 67 80 e9 36
sending write buffer, mode=0xd, mspec=0, id=0,  offset=180224, len=4096
    Write buffer cdb: [3b 0d 00 02 c0 00 00 10 00 00]
    Write buffer parameter list (first 256 bytes):
58 09 52 69 6a 97 79 53  88 49 07 2b 26 3a 93 95
7c 77 2f e0 63 67 4b 13  e8 33 7a c0 89 e6 2a 47
37 b7 f6 cc 4c 42 30 e9  84 58 cd af 90 0e cf 54
9d 3c b8 d8 af fa 44 b2  7c d2 8d ed 34 95 d5 41
23 ef 47 85 4a b4 af 51  7e 03 82 97 02 5d ff ad
f4 23 5f dd 42 7b ed 03  51 7c 3e 90 49 8e c9 c0
10 95 44 98 60 e6 76 73  ab a9 a0 70 3d 94 ec bf
c2 c4 b3 32 c5 18 7e a3  ee b2 f4 bf 8e 8a 4d 28
3c f2 12 9d f9 b1 11 05  8c 1a ff 74 f1 c4 48 66
70 b8 59 6c 71 9f e1 45  9c cb 55 52 63 ff 4c 1c
a3 0a 2d b0 53 dd 9c 72  ae 2d 00 32 bb 6d f2 d9
c2 13 9e 4c 6e 3f 8e 70  9f 93 dc 35 83 3e bd 2e
93 f5 4c 21 5c b3 cc e2  dc 44 91 f2 1b bf a6 f0
31 d2 35 db 7f 77 d8 b9  ef 91 4c bc c9 4b 5b 03
02 0d aa 0b 52 8a 4c e8  23 6d c0 21 90 24 53 de
c3 e9 8b f8 dc 9f b1 73  f9 7e 9f 0c f5 95 b7 2a
sending write buffer, mode=0xd, mspec=0, id=0,  offset=184320, len=4096
    Write buffer cdb: [3b 0d 00 02 d0 00 00 10 00 00]
    Write buffer parameter list (first 256 bytes):
00 ef 69 e8 34 1e da 8e  b0 62 b8 8c 89 7f 3c 41
ac 80 7a 15 21 ac a1 c2  f9 6b 4d 04 e0 39 ed 1c
c9 9c 20 04 5c 8a 56 f1  cd 23 4e 49 91 38 6c da
16 7f 58 dc e7 c2 27 ad  b1 a3 c7 5c b5 a8 fc c2
53 2f 7e 5e 32 24 9e 63  e5 d5 46 3e db de e4 a6
d8 58 3a 76 11 e2 31 c6  a4 7e 2b e0 5c d0 62 c5
cb b0 92 08 62 84 f9 2d  ff 58 0c 5e 9e 74 a4 95
c7 f8 1b ad 84 dc 1b 00  55 c8 50 90 dd f8 1d 3b
36 8d 3e a0 2f 68 aa 7c  e7 8f 67 a7 76 63 62 c3
36 25 56 79 2e 84 96 86  ca 8e a5 1b 48 e3 cf 29
47 ac 7a 8b 48 3e e3 78  ee 6e eb 2a b8 c0 df 80
a9 bc 35 69 44 67 6e 0e  11 85 d2 98 b1 12 c4 bf
8c 1c d5 86 ab a6 06 dc  ed 9d c9 45 71 e9 ca fb
2a a1 c8 32 ae 87 ca 60  de 1e 48 17 31 30 dd 98
6d e9 00 36 09 c6 0b 42  11 00 3a d7 68 44 00 71
cd bd d0 de 7f e0 de c7  4b f4 29 66 10 8f a0 a5
sending write buffer, mode=0xd, mspec=0, id=0,  offset=188416, len=4096
    Write buffer cdb: [3b 0d 00 02 e0 00 00 10 00 00]
    Write buffer parameter list (first 256 bytes):
af 9d c3 1b 54 cc ab 5c  94 a4 6d 53 26 d7 6e 60
c0 41 8a 1c e2 03 be 66  42 0e 3f ac c8 9f 5e 38
c9 b9 a7 4a 44 5d 0f 7e  50 5e 23 db 43 3e 7b 92
93 af 44 fa ba 78 a0 18  c4 02 0a 12 1d c6 1e cf
3a 42 b6 3a c6 7d 49 5f  f3 48 d4 99 fb a9 c8 d7
d7 66 6e 10 71 03 e2 78  57 47 ee 64 59 99 25 53
8b 07 83 d6 f2 2c 13 9f  b1 2f 9a e6 b6 d3 00 1d
cf e9 43 05 73 13 73 1a  0e 40 7a 9e 31 bf a7 0c
35 29 33 4c ec 14 80 3c  6a 69 67 bf 3a e4 52 97
a6 1c 10 f7 cc 6b 39 2c  a3 25 d6 a5 d6 ad 1a 2d
ae 20 b6 dd b0 5e 99 02  99 57 59 96 b6 a3 60 45
34 56 ad 7a 5d 72 4c 2e  52 75 ef 34 12 e4 b1 96
b1 da 3d ce 11 a4 27 05  8d 3a 88 0c e2 9f 70 a5
be 42 80 3d aa b5 a9 a6  19 39 e2 c3 ed cb 48 6f
51 6b 25 e8 49 ac b5 67  30 03 ec a8 38 c1 6b 98
24 55 3b b7 f3 5d 72 d5  e2 b7 7d 69 09 bc 85 11
sending write buffer, mode=0xd, mspec=0, id=0,  offset=192512, len=4096
    Write buffer cdb: [3b 0d 00 02 f0 00 00 10 00 00]
    Write buffer parameter list (first 256 bytes):
43 21 cf 45 10 79 53 f5  72 d3 0b 8b 52 5a e6 f6
f0 75 c3 fd 82 d2 1e 1f  36 5d 2b 32 e6 41 7f 7c
a9 d3 a8 e4 4c 5b 3f 04  bd 1d 84 93 86 60 c2 c4
81 52 a2 e6 2c 30 84 52  c5 2e 81 d3 44 1f df 39
fe 2a a2 1c 37 d1 19 36  83 89 a5 4f 0b 6a 0a af
7c 1c cc 50 43 2c 89 4d  4c a6 0c f2 27 51 24 11
88 96 da a1 c3 85 6d e2  10 51 c2 13 b4 cf bc 21
cc fe a1 b2 f2 54 a9 2a  80 73 1f 15 89 e9 17 ba
51 c3 06 04 ce 72 51 0a  64 1b 51 12 80 98 6c ae
d9 9d 97 e9 c8 4e 53 32  e7 8c 99 58 e2 d3 6f bb
d7 16 15 9f 34 9f f0 c1  02 34 9e 36 24 97 d6 2a
8e 99 29 2c 74 0c f9 d0  89 ba 9d 6b 5b 5c 61 a3
97 7e 9d 3a 13 04 f5 80  f9 95 3a b8 c9 6d 31 3a
f7 4b c6 f9 0c 74 2a 43  7d 65 1e c7 24 b6 3b 6b
61 dc 9a 53 bc f6 27 04  91 3e 99 fc 36 35 97 88
2b 2f 76 6c 91 4a 01 ba  3b f1 62 11 25 a5 79 94
sending write buffer, mode=0xd, mspec=0, id=0,  offset=196608, len=4096
    Write buffer cdb: [3b 0d 00 03 00 00 00 10 00 00]
    Write buffer parameter list (first 256 bytes):
01 fe ba af b5 46 27 ce  91 92 94 5b 51 26 80 db
35 42 5a 91 f0 3d 2b ef  7b 6e a4 fa e6 0c 1c 33
fe c5 ef 24 b3 40 64 ea  1d 58 f5 af a5 2d 29 f4
12 28 18 2d 9a 7e 52 9c  fb cd 9d dd 0b 4d 5b d6
82 e8 b0 85 05 80 9b 95  c0 fb 67 02 5e c4 fb 6a
62 a6 bf 86 2d 91 5c 16  51 44 06 94 94 24 1e 30
1c 71 1e 25 61 d1 b0 18  62 6c 7e 8e 1d 1a f1 b5
d4 38 01 df 89 71 a5 cd  31 f0 c1 4f 73 52 c2 2e
b3 a9 2b de a4 fc 58 71  5f 25 02 39 3a b3 41 b5
cf b6 a9 d4 19 a2 e8 9f  04 dd 85 3c 4f e8 13 2f
c9 a6 d1 6a 41 5b 3e 57  69 90 19 a6 a5 dd a2 bc
0d 58 69 02 e1 74 bf 83  d8 0a 7f 38 ca 3b 61 76
6e fa 9e 8d ec 5e 2f 8c  b4 b4 21 f0 f6 e5 1e 86
7c 57 76 e2 82 60 8f da  c9 30 47 70 0e 8d 12 38
ec b2 f9 d9 91 6d 8d 4f  71 12 24 12 89 e2 b4 ef
a2 3f e9 47 7f 47 11 50  85 59 01 1b 09 66 d7 08
sending write buffer, mode=0xd, mspec=0, id=0,  offset=200704, len=4096
    Write buffer cdb: [3b 0d 00 03 10 00 00 10 00 00]
    Write buffer parameter list (first 256 bytes):
2b b5 03 0a bf 86 e2 4d  95 2b f8 15 d1 32 82 84
d0 7e fc 2f 27 da 8d 80  8a 05 aa 52 01 0d e6 b4
12 00 05 69 a9 80 f4 65  fa 18 67 ee c0 2f 06 6f
c4 c6 50 c0 34 9c 45 00  7e e2 bf 7f 53 ab b7 25
34 1b 46 dc 87 71 49 1b  a8 66 35 f9 69 f8 24 13
67 93 3d d7 83 20 f8 ec  e5 b4 7a 00 8d 62 90 ca
f1 16 82 fd 5e dd a4 b6  63 d0 ad 3a f2 bf 1b e8
f9 89 3f 88 6e 3b 12 53  ad 3f 79 e5 23 cf e5 ee
83 30 f6 be b3 d8 23 25  0b 18 1c 1b 27 5c 1b 2b
1b 23 76 db 59 ff d1 29  09 8b cf 1b 77 47 2e 2a
ca 60 f6 fe c1 9a 1f c6  cf 32 29 da db f9 fb e4
64 2d b7 56 ec c6 b2 4f  aa 84 c9 c6 b7 43 c4 98
a4 3a 48 59 c9 81 28 60  68 ec 86 2a fe 58 31 5d
5c e2 5d 69 21 ca d7 86  8d 9c 33 6f 74 5b b8 4c
14 1e fe 0c 9f 5e 83 87  89 1e 6f 99 e2 73 2a ef
59 e8 96 ec 5c 6d a7 17  22 eb bf 86 cf 98 bf 49
sending write buffer, mode=0xd, mspec=0, id=0,  offset=204800, len=4096
    Write buffer cdb: [3b 0d 00 03 20 00 00 10 00 00]
    Write buffer parameter list (first 256 bytes):
ff ff ff ff ff ff ff ff  ff ff ff ff ff ff ff ff
ff ff ff ff ff ff ff ff  ff ff ff ff ff ff ff ff
ff ff ff ff ff ff ff ff  ff ff ff ff ff ff ff ff
ff ff ff ff ff ff ff ff  ff ff ff ff ff ff ff ff
ff ff ff ff ff ff ff ff  ff ff ff ff ff ff ff ff
ff ff ff ff ff ff ff ff  ff ff ff ff ff ff ff ff
ff ff ff ff ff ff ff ff  ff ff ff ff ff ff ff ff
ff ff ff ff ff ff ff ff  ff ff ff ff ff ff ff ff
ff ff ff ff ff ff ff ff  ff ff ff ff ff ff ff ff
ff ff ff ff ff ff ff ff  ff ff ff ff ff ff ff ff
ff ff ff ff ff ff ff ff  ff ff ff ff ff ff ff ff
ff ff ff ff ff ff ff ff  ff ff ff ff ff ff ff ff
ff ff ff ff ff ff ff ff  ff ff ff ff ff ff ff ff
ff ff ff ff ff ff ff ff  ff ff ff ff ff ff ff ff
ff ff ff ff ff ff ff ff  ff ff ff ff ff ff ff ff
ff ff ff ff ff ff ff ff  ff ff ff ff ff ff ff ff
sending write buffer, mode=0xd, mspec=0, id=0,  offset=208896, len=4096
    Write buffer cdb: [3b 0d 00 03 30 00 00 10 00 00]
    Write buffer parameter list (first 256 bytes):
ff ff ff ff ff ff ff ff  ff ff ff ff ff ff ff ff
ff ff ff ff ff ff ff ff  ff ff ff ff ff ff ff ff
ff ff ff ff ff ff ff ff  ff ff ff ff ff ff ff ff
ff ff ff ff ff ff ff ff  ff ff ff ff ff ff ff ff
ff ff ff ff ff ff ff ff  ff ff ff ff ff ff ff ff
ff ff ff ff ff ff ff ff  ff ff ff ff ff ff ff ff
ff ff ff ff ff ff ff ff  ff ff ff ff ff ff ff ff
ff ff ff ff ff ff ff ff  ff ff ff ff ff ff ff ff
ff ff ff ff ff ff ff ff  ff ff ff ff ff ff ff ff
ff ff ff ff ff ff ff ff  ff ff ff ff ff ff ff ff
ff ff ff ff ff ff ff ff  ff ff ff ff ff ff ff ff
ff ff ff ff ff ff ff ff  ff ff ff ff ff ff ff ff
ff ff ff ff ff ff ff ff  ff ff ff ff ff ff ff ff
ff ff ff ff ff ff ff ff  ff ff ff ff ff ff ff ff
ff ff ff ff ff ff ff ff  ff ff ff ff ff ff ff ff
ff ff ff ff ff ff ff ff  ff ff ff ff ff ff ff ff
sending write buffer, mode=0xd, mspec=0, id=0,  offset=212992, len=4096
    Write buffer cdb: [3b 0d 00 03 40 00 00 10 00 00]
    Write buffer parameter list (first 256 bytes):
ff ff ff ff ff ff ff ff  ff ff ff ff ff ff ff ff
ff ff ff ff ff ff ff ff  ff ff ff ff ff ff ff ff
ff ff ff ff ff ff ff ff  ff ff ff ff ff ff ff ff
ff ff ff ff ff ff ff ff  ff ff ff ff ff ff ff ff
ff ff ff ff ff ff ff ff  ff ff ff ff ff ff ff ff
ff ff ff ff ff ff ff ff  ff ff ff ff ff ff ff ff
ff ff ff ff ff ff ff ff  ff ff ff ff ff ff ff ff
ff ff ff ff ff ff ff ff  ff ff ff ff ff ff ff ff
ff ff ff ff ff ff ff ff  ff ff ff ff ff ff ff ff
ff ff ff ff ff ff ff ff  ff ff ff ff ff ff ff ff
ff ff ff ff ff ff ff ff  ff ff ff ff ff ff ff ff
ff ff ff ff ff ff ff ff  ff ff ff ff ff ff ff ff
ff ff ff ff ff ff ff ff  ff ff ff ff ff ff ff ff
ff ff ff ff ff ff ff ff  ff ff ff ff ff ff ff ff
ff ff ff ff ff ff ff ff  ff ff ff ff ff ff ff ff
ff ff ff ff ff ff ff ff  ff ff ff ff ff ff ff ff
sending write buffer, mode=0xd, mspec=0, id=0,  offset=217088, len=4096
    Write buffer cdb: [3b 0d 00 03 50 00 00 10 00 00]
    Write buffer parameter list (first 256 bytes):
ff f7 c0 ff 28 88 40 1c  28 80 10 48 1e 38 40 88
00 f0 0f 01 69 61 44 f0  01 00 57 f8 21 10 88 47
01 28 00 d1 6e 61 14 f4  90 5f 0a d0 a8 6a 40 1c
a8 62 a9 69 88 42 05 d9  68 88 40 1c 68 80 ee 80
ae 81 ae 62 bd e8 f0 81  04 0a 01 00 12 0c 01 00
01 20 70 47 f0 b5 1c 48  8c b0 4f f0 70 47 6c 46
06 ad 01 68 00 91 81 68  01 91 01 69 02 91 50 f8
04 1c 03 91 41 68 04 91  c1 68 05 91 01 8f 89 02
06 91 81 8f 89 02 07 91  b0 f8 40 10 89 02 08 91
c1 8e 89 02 09 91 41 8f  89 02 0a 91 c0 8f 80 02
0b 90 00 21 0b 46 54 f8  21 00 b8 42 07 d0 55 f8
21 20 22 b1 02 44 00 e0  08 c0 82 42 fc d8 49 1c
06 29 f0 db 0c b0 f0 bd  90 0a 01 00 72 4b 70 b5
99 8b b3 f9 16 00 b3 f9  18 20 40 ea 01 60 59 8b
09 04 41 ea 02 21 6d 4a  08 43 99 88 01 f0 7f 01
54 69 04 b1 80 24 21 43  99 80 01 f0 0f 04 07 2c
sending write buffer, mode=0xd, mspec=0, id=0,  offset=221184, len=4096
    Write buffer cdb: [3b 0d 00 03 60 00 00 10 00 00]
    Write buffer parameter list (first 256 bytes):
ff ff ff ff ff ff ff ff  ff ff ff ff ff ff ff ff
ff ff ff ff ff ff ff ff  ff ff ff ff ff ff ff ff
ff ff ff ff ff ff ff ff  ff ff ff ff ff ff ff ff
ff ff ff ff ff ff ff ff  ff ff ff ff 78 24 00 00
00 00 00 00 00 00 00 00  00 00 00 00 00 00 07 00
f0 01 00 00 00 00 00 00  00 00 00 00 00 00 00 00
00 00 00 00 00 b0 01 00  00 00 00 00 00 00 00 00
00 00 00 00 00 00 00 00  00 00 00 00 00 00 08 4e
00 00 00 00 00 00 00 00  00 00 00 00 00 00 00 00
00 00 00 00 00 00 00 00  00 00 00 00 00 00 00 00
00 00 00 00 00 00 00 00  00 00 00 00 00 00 00 00
00 00 00 00 00 00 00 00  00 00 00 00 00 00 00 00
00 00 00 00 00 00 00 00  00 00 00 00 00 00 00 00
00 00 00 00 00 00 00 00  00 00 00 00 00 00 00 00
00 00 00 00 00 00 00 00  00 00 00 00 00 00 00 00
00 00 00 00 00 00 00 00  00 00 00 00 00 00 00 00
sending write buffer, mode=0xd, mspec=0, id=0,  offset=225280, len=4096
    Write buffer cdb: [3b 0d 00 03 70 00 00 10 00 00]
    Write buffer parameter list (first 256 bytes):
d3 10 a0 e3 01 f0 21 e1  04 d0 9f e5 10 ff 2f e1
00 00 01 00 00 fc 00 00  05 4a 01 46 00 20 12 f8
30 30 8b 42 02 d0 40 1c  05 28 f8 d3 70 47 00 00
0c 0e 30 00 62 27 08 0b  05 9f 01 02 1c d7 40 04
00 01 00 62 ef 40 08 0b  05 9f 01 03 3c 20 40 04
00 01 00 14 20 14 08 0b  05 9f 01 02 1c 20 40 04
00 01 00 bb 62 16 08 0b  05 9f 01 02 1c 20 40 04
00 01 00 14 62 27 08 0b  05 9f 01 02 1c 20 40 04
00 01 00 62 0e 10 14 13  02 00 03 10 00 00 00 00
ff 10 01 00 00 20 00 00  79 01 30 00 10 01 8a e1
01 10 13 20 00 00 00 00  00 00 00 00 00 00 00 00
00 00 00 00 00 00 00 00  00 00 00 00 00 00 00 00
00 00 00 00 0e 04 08 01  0c 00 00 00 80 00 00 00
00 00 00 00 0c 04 08 01  0c 00 00 00 83 00 08 00
01 00 00 00 84 00 00 00  00 00 00 00 4c 13 00 00
ff ff ff ff ff ff ff ff  ff ff ff ff ff ff ff ff
sending write buffer, mode=0xd, mspec=0, id=0,  offset=229376, len=4096
    Write buffer cdb: [3b 0d 00 03 80 00 00 10 00 00]
    Write buffer parameter list (first 256 bytes):
ff ff ff ff ff ff ff ff  ff ff ff ff ff ff ff ff
ff ff ff ff ff ff ff ff  ff ff ff ff ff ff ff ff
ff ff ff ff ff ff ff ff  ff ff ff ff ff ff ff ff
ff ff ff ff ff ff ff ff  ff ff ff ff ff ff ff ff
ff ff ff ff ff ff ff ff  ff ff ff ff ff ff ff ff
ff ff ff ff ff ff ff ff  ff ff ff ff ff ff ff ff
ff ff ff ff ff ff ff ff  ff ff ff ff ff ff ff ff
ff ff ff ff ff ff ff ff  ff ff ff ff ff ff ff ff
ff ff ff ff ff ff ff ff  ff ff ff ff ff ff ff ff
ff ff ff ff ff ff ff ff  ff ff ff ff ff ff ff ff
ff ff ff ff ff ff ff ff  ff ff ff ff ff ff ff ff
ff ff ff ff ff ff ff ff  ff ff ff ff ff ff ff ff
ff ff ff ff ff ff ff ff  ff ff ff ff ff ff ff ff
ff ff ff ff ff ff ff ff  ff ff ff ff ff ff ff ff
ff ff ff ff ff ff ff ff  ff ff ff ff ff ff ff ff
ff ff ff ff ff ff ff ff  ff ff ff ff ff ff ff ff
sending write buffer, mode=0xd, mspec=0, id=0,  offset=233472, len=4096
    Write buffer cdb: [3b 0d 00 03 90 00 00 10 00 00]
    Write buffer parameter list (first 256 bytes):
a7 90 28 5c 8c 66 ba bf  0d 38 25 5b 59 40 28 3e
c2 40 8e 9e 43 e0 85 bf  fb 82 b1 0e a4 f4 6c 65
43 4a 04 b5 63 c5 97 df  cc 6d 6f d5 2f 6d 9d b3
07 d0 9b 56 06 2f 11 1b  e8 d6 ec 2b 78 ba cd 29
d0 97 80 60 74 c6 f6 c4  d3 75 1f a4 42 d6 85 f6
ea 01 47 75 73 a5 a1 d1  5d 3c 78 a5 93 ad 36 bc
bb cd 77 03 29 4a b3 e0  45 98 8b 18 48 82 69 f1
02 49 8d 82 40 44 bb fa  ad 08 a7 8c 88 39 46 88
26 0e f5 09 a7 7f fe 56  61 51 1b d8 a4 e7 c0 28
59 ba 49 aa 84 77 c0 76  bf d7 56 20 05 36 8a 83
95 1e 5d 08 97 c5 3a 86  13 a9 c3 60 d3 17 b3 bb
41 b1 0c a9 a5 a7 a4 ac  af 25 8d 29 fb fe b8 d7
e1 44 6a 26 35 d6 10 d5  0b 38 25 83 af 91 d6 9a
a0 75 e2 64 39 8d dc a3  c2 9d fd 8d 41 11 fe 37
bb 7d 34 7f 78 04 07 80  cb 42 24 d8 4a 14 5f 06
5e 83 f8 89 56 fb 18 47  aa 94 62 71 5f 84 89 a2
sending write buffer, mode=0xd, mspec=0, id=0,  offset=237568, len=4096
    Write buffer cdb: [3b 0d 00 03 a0 00 00 10 00 00]
    Write buffer parameter list (first 256 bytes):
46 73 23 4c 42 28 d6 fc  b7 d8 1e 80 46 d0 26 b1
a3 46 60 af d3 d6 38 af  84 78 67 d1 ea f7 ce fd
f3 62 23 43 31 b1 d7 31  09 6c 7a b1 2e b6 09 e9
10 81 a0 88 80 28 37 4f  06 1d 6d 3b 48 1c 1c 75
4f 98 ab da 5e 6b 43 26  20 87 06 b6 6f ec 81 51
d2 f1 ed 48 bf 59 e2 7f  c6 f7 48 b8 71 6a 1d ef
be ac c7 88 17 9c 24 cd  cf d9 56 f1 81 2f c9 7b
7d 71 03 a4 d9 5b 86 51  ec 2e 70 3d 60 d2 c6 30
10 6e b6 2b 7d 06 75 46  05 9b 6e ac ce 20 1e 75
01 fd 6c 90 fa 33 5f 14  a4 17 36 3a d6 08 b2 53
ab bb ec c9 46 44 52 d2  4c d0 8a da d9 72 11 38
ab a7 c4 c2 91 4b b3 3d  c3 a8 7f 1e a6 56 42 42
ef 67 12 6b c7 d8 d7 0a  a5 2d 3e 13 97 25 85 5f
75 b3 c5 39 50 20 1e bb  87 4d cd 3d 55 76 cb 81
98 c4 a8 5a b7 38 1d 1d  9a b4 3d 1b 57 29 69 6c
7d 1a 11 a6 60 d0 d8 1d  9f 9c 61 6d 62 e9 cc 61
sending write buffer, mode=0xd, mspec=0, id=0,  offset=241664, len=4096
    Write buffer cdb: [3b 0d 00 03 b0 00 00 10 00 00]
    Write buffer parameter list (first 256 bytes):
bb 36 44 1e 1e 34 e6 54  83 c0 23 15 05 cf f0 b7
82 10 57 af 3b 77 d8 8e  71 71 d5 f3 19 50 a9 08
9c 2d bb 66 bc 69 05 ab  af 32 82 f3 ff bc e8 7f
5b f3 62 e9 ab 3f 79 4e  b7 f8 2e 67 e3 93 45 56
de 09 18 9d 19 5b 32 2d  1e 45 2b 9c 3a 89 54 e0
da 7c 75 e3 79 63 59 2a  7c 53 00 a8 53 ac 06 e2
a8 41 e8 cf 29 69 e3 8f  fe 83 dc 85 28 fd be ff
e0 fd a2 7f 96 75 0d 68  11 da ea a4 71 82 e3 5c
5a 8b 91 72 63 81 24 52  53 c7 66 e0 75 84 e1 a8
3c 7c 1f 4f 90 d4 cf af  02 38 9a a6 9e 95 3e 32
fc 8a e3 f2 3c a6 49 97  25 9d c5 6b 69 d9 df a6
4a 0c 0e fe da e4 b0 1e  bc 54 73 38 6d a4 50 e5
ab 82 6f 03 ee 74 69 1e  0d ae 4e 61 72 db c5 7c
fb ce 83 80 a9 a2 fa 6f  87 e7 a4 29 3e 39 e2 a9
13 27 34 eb df 7f 9a 7c  b8 43 a8 a9 d4 5f cd f0
0d 3c b5 8f 0b 0d 55 06  a5 9c 14 46 3a e3 05 fe
sending write buffer, mode=0xd, mspec=0, id=0,  offset=245760, len=4096
    Write buffer cdb: [3b 0d 00 03 c0 00 00 10 00 00]
    Write buffer parameter list (first 256 bytes):
9b de b7 28 5d 04 55 74  86 ee 3e 47 0c ff 9e f0
79 f8 ab b7 8d 86 4e 8d  a8 57 26 f2 d0 5e a7 7b
ff 06 32 c5 63 d6 32 86  61 05 0e 5e 08 28 31 96
2d ce 37 77 9e b8 67 49  ab 73 77 5d 8a a7 2b 6e
98 7b bd 23 34 2a 65 17  a3 32 a4 2e 65 25 30 54
99 07 5c f8 6b 00 3c a5  b9 6e 0e 28 4b c4 08 68
bb 90 be 63 fb 40 b4 d2  4e 3c c2 24 99 55 20 fa
d5 74 b4 3b a1 a1 fe c7  68 15 6b a9 b1 8b e1 57
d5 f4 38 e0 62 0a 4a 95  00 bf 27 95 22 0b ff 01
bb e6 f0 28 ab 6f 0c 08  38 a4 f6 d7 5b 70 e3 81
3c 0d ce b6 6a 01 16 6b  d7 cc e6 fb dd 77 93 0c
5b c8 39 f6 4a 3d af 7c  9b 3d 6b 33 78 8b d8 59
8a d8 da 24 c1 1f 76 eb  bf 27 0a 25 bb b3 96 e7
2c e8 42 ff 89 b3 db fc  b6 d1 03 e6 78 4f 23 79
fe 65 ae ea e4 7a be ff  9b ef 17 e6 7d 8f 25 f5
1a d2 f6 4f 50 4f b9 6f  f3 bd 9e f0 06 88 7c 5c
sending write buffer, mode=0xd, mspec=0, id=0,  offset=249856, len=4096
    Write buffer cdb: [3b 0d 00 03 d0 00 00 10 00 00]
    Write buffer parameter list (first 256 bytes):
6a 77 5f e4 f8 21 6f 69  eb 8f 25 56 49 f5 ee 3c
a0 76 17 12 7c 29 3e 89  9f a6 70 1b 15 2f 62 5a
71 ba d3 ba 46 61 28 ac  5f af 5c 9d 45 6d c7 81
d3 9e c2 b6 08 bb 38 a7  c5 ff be f4 37 31 81 42
71 23 29 9a 5e 5f ae 86  d1 7e 94 4a 89 07 ac 0b
a2 4f 76 6f c9 7d c9 1e  dc d7 1f f9 56 30 07 1d
d4 6c 5e 37 d7 9a 70 83  45 2d 63 6d 45 1f f5 f7
52 3b af 55 21 6a aa ce  79 50 19 b7 93 f1 cb 2d
6a cf ca 2a 16 95 59 3c  a7 57 b2 01 3b d6 26 82
3b 75 b1 30 8f f8 50 57  fa 29 b4 42 00 ba 3a 7f
e6 e8 41 4d 63 57 da ed  c5 2a 75 5f bd 21 bf e9
33 a7 e7 47 1b c3 2d c1  8f 15 85 6c 00 44 43 0d
a4 2d f0 87 b2 eb d2 d3  f9 45 aa c4 21 77 82 a3
67 3c 76 96 af 3a 5a 1e  38 a4 b2 3b 30 1d 47 0f
d0 2e f4 04 ba cc cc 42  34 44 b2 33 ca 4a df e9
ae d6 48 59 22 1d e4 b5  27 40 cc 87 ab 57 4b a1
sending write buffer, mode=0xd, mspec=0, id=0,  offset=253952, len=4096
    Write buffer cdb: [3b 0d 00 03 e0 00 00 10 00 00]
    Write buffer parameter list (first 256 bytes):
2f fc 54 ab 6b 57 5a 87  e4 c9 87 3c d4 63 dd ec
51 1f a9 8a 78 ba 68 e9  f9 91 52 22 69 ec 38 e2
59 45 10 21 23 4d 88 bb  ac 81 9f 41 28 db 7a af
2a 6b f5 1c 72 8b 8c 5d  7f 72 83 72 f6 2f b4 93
a9 ee fa c0 d4 ce 32 95  94 37 ac 37 53 b4 45 a2
ed ae 29 f9 51 f9 62 93  19 88 fa cd c8 47 f9 ec
24 5e 0a c4 7d a9 e5 66  f9 9d a2 aa db 58 f2 a3
48 6c c4 ca 30 24 1a 77  95 56 72 e6 96 b9 8e 3d
5e bc 11 bc 44 30 b2 82  bb e0 1f 81 e8 eb f9 89
63 20 f8 55 c9 d4 8e 91  a7 dd 41 4f e4 d8 37 bb
a6 d2 f7 29 70 8a 4c ce  d9 27 93 04 4f ad 88 1b
f3 e0 cd b5 1d 7f 2f d9  6b df e8 db 0e 0f 18 62
d6 f1 c2 25 b4 04 a6 c8  54 18 d4 61 ed a9 90 2f
ab 91 2f cc 81 16 00 42  34 09 af c0 14 0d c9 29
10 9e b2 1a a3 d0 25 20  5c ca 01 8d 07 8f dd c1
5a de 57 e7 3a c4 14 e3  56 41 21 81 9f ce b2 19
sending write buffer, mode=0xd, mspec=0, id=0,  offset=258048, len=4096
    Write buffer cdb: [3b 0d 00 03 f0 00 00 10 00 00]
    Write buffer parameter list (first 256 bytes):
08 25 95 7c 96 3f 31 c6  3c 1c 75 51 31 b2 57 2a
43 b7 cb dd 1a d0 a8 eb  bb 99 ff 76 3f 38 9f b3
2c 79 3b ce e0 80 a0 57  8f db 34 3b d2 36 ac 33
a5 eb 70 e8 40 6c 74 33  1e 9e a9 3f 97 8b 84 13
e8 55 df 3d 6e f5 ff 31  9e 14 9d ce 9c c0 c8 0c
1b 16 c8 57 9d 39 45 34  0c 2a 4c 91 86 8a 12 fb
1b dc 78 1c 28 c0 3c 62  09 5f c7 3c e6 bd 43 8f
d2 ac 03 10 fb 8a 4c 56  5d 10 9f a7 24 60 54 00
04 7e c7 77 bb f2 30 81  0d 20 87 29 45 eb 45 68
a5 d9 54 7c ad b5 38 66  d1 cd da ce 3b b2 96 03
05 03 ad 09 3b 03 99 35  fa 84 1c 76 c1 12 e5 e1
9d cc be 0c 14 c3 84 d3  e8 76 84 4d e6 7a 80 23
56 d8 dd 64 5e ea f6 cf  a6 e7 c4 71 7e 55 b3 ad
a2 52 ee d9 c3 13 af 8f  7e 3c b6 c2 f3 93 f9 ea
be de d0 53 ab 3e 62 35  7b b8 74 63 77 47 2d a7
f4 2d 8a cb cd 3f ad aa  bb ab 8a 38 30 37 b7 58
sending write buffer, mode=0xd, mspec=0, id=0,  offset=262144, len=4096
    Write buffer cdb: [3b 0d 00 04 00 00 00 10 00 00]
    Write buffer parameter list (first 256 bytes):
33 65 7d 95 42 57 c2 24  b6 9f 51 a4 1b f2 29 d5
42 f3 e8 a7 24 e6 8d 3d  6a a4 54 d2 cd e4 4f 43
50 71 ec 8c f6 bd ab 64  43 f0 33 d7 e2 cc df 79
01 d2 2a 96 83 03 42 20  54 fd f9 b2 2d b1 f2 b1
49 b8 fc 85 e5 51 8f 0b  ba 69 bc b6 31 23 8d d5
34 34 ec 61 1b 3d 4d 17  29 03 0f 33 a4 70 90 b3
1a 67 5c 2a 14 c7 0d 25  13 3d cb de 2d 3e 9d 79
b0 25 ec 05 8d 04 04 e7  c2 9f 18 41 7e 4e 3a fa
a6 cc 0c ff 39 c5 95 8c  b9 10 5a a0 d7 0c 4e 77
95 d9 0d ef 7b d9 e9 93  4e 10 be 1c e8 0f 21 a0
4d 56 ad fc 49 7a ef 49  13 41 30 14 fd c7 fe 1d
b2 81 be 6f 64 59 3c 76  9f 3d 5a 8d 20 66 72 bd
8a 21 22 01 95 50 bf 7d  55 4d 16 e9 46 d0 95 61
eb 58 f5 a0 50 5c 10 2e  77 5f 07 2c a3 fc e8 ac
e4 7f 14 e1 5c 3b 4e 03  52 4f 83 63 50 93 70 3b
a7 29 c9 7e d5 d8 59 59  b6 c6 22 d6 e8 f9 0c d7
sending write buffer, mode=0xd, mspec=0, id=0,  offset=266240, len=4096
    Write buffer cdb: [3b 0d 00 04 10 00 00 10 00 00]
    Write buffer parameter list (first 256 bytes):
47 f6 75 9a b6 75 fb f5  aa 05 6f fb e7 67 2e f1
a2 fb 3c c7 99 7d c6 c0  dd d6 b4 8e 82 8a 0c c3
cc d4 8d 36 3d 56 8c 32  ae 9b dd 98 47 21 65 67
4a 7c 0b ea 2a 01 11 fb  f3 1e e5 05 9f 2c 9e 23
dd cf d5 e5 b2 1a c9 27  c8 6a 82 5d 9e a5 e3 1c
5d a0 b8 14 4e 8e c5 3f  49 04 50 27 02 ad 0f 1d
f8 5d 80 25 6c 6e 81 05  13 14 f8 eb 03 97 83 f5
eb 07 3b e8 55 b4 9e 0c  e0 fa 4f 77 ea e7 bc 43
67 01 43 00 bd e7 64 b8  7a 49 98 87 aa ca 26 91
c0 4f a6 64 57 cd 48 be  f5 f8 0d bd de 94 fd f3
63 a2 9d 35 01 c3 36 fe  7f 1a f5 0c 44 23 54 46
60 6b a5 00 37 68 fa bb  fd 57 f8 6c 5e c9 8d ad
9b 0b e1 96 99 8d 59 03  4e cc 03 45 56 cf 99 18
7b be 52 1e f0 6a 9d c5  1e 0e f1 c0 c5 31 9c b6
75 e6 07 ef 6e f9 89 0a  d9 8b 0d f7 6d f7 98 fc
c2 18 70 2d 3d 68 72 1e  9a ac 55 49 75 d1 52 2a
sending write buffer, mode=0xd, mspec=0, id=0,  offset=270336, len=4096
    Write buffer cdb: [3b 0d 00 04 20 00 00 10 00 00]
    Write buffer parameter list (first 256 bytes):
2f 03 09 29 39 ac b7 ba  21 12 38 9f c3 c3 d5 52
f4 20 5e 52 ed 5e af a9  86 4c 5e ea bc 99 96 8c
fe b1 b3 c8 54 3a 2a 82  ec 81 8a dd fb 2b 75 17
54 39 a1 fd d9 0c b7 e2  f4 0c a6 7b 8f ca e0 08
22 3a c0 96 ab 1e e0 90  a6 18 bd 5f 2e e1 1f 24
d3 21 46 b8 b2 d0 ea 75  21 a9 d5 16 6c 5e 9b 1a
40 eb 72 86 8a d3 21 d9  ba 1f 34 59 d6 68 f0 0c
75 c7 75 93 f5 6f e1 62  05 d8 05 2e 10 d0 0b 15
e3 37 0d df a6 01 69 7f  35 99 25 93 3e dd 80 f2
1b ec b1 d7 d0 0d c9 8b  30 3f 85 16 16 da 78 ef
ad f1 ae 0e 79 0f 36 cb  b2 90 0d 9b 33 b3 8b a3
a4 88 ad 15 d1 a5 27 7b  ec 44 d6 07 1e 67 ea e8
60 75 18 b1 59 7c 91 a3  0b 40 0e 06 ac c1 c0 e8
2a 0d 99 1a 12 bc 44 68  cb 19 03 85 4a c7 b4 d7
75 72 7a 2c 94 46 72 a2  19 f1 3e 78 9e 87 44 67
b0 ed 33 05 f2 f6 47 5f  e2 40 bc bb 3d 05 ac b5
sending write buffer, mode=0xd, mspec=0, id=0,  offset=274432, len=4096
    Write buffer cdb: [3b 0d 00 04 30 00 00 10 00 00]
    Write buffer parameter list (first 256 bytes):
79 a6 d5 20 12 99 6d 6d  fb d8 3e c5 e7 d2 e2 50
34 eb 7e 7a 41 03 72 8a  54 98 7a 45 78 2f 91 55
8b ed 87 a1 91 29 70 21  9f 2b fc ff 9c 2e df 46
09 2b a1 f1 de ab ea bf  a2 dd 52 42 ee 18 05 76
f2 0d 58 c4 44 ba 38 ad  49 df 48 8c b3 4a 87 e2
97 36 7c d2 ee a8 da be  08 d8 d1 f7 49 48 be d5
8a 67 3e d4 fc 1a 2e 5a  ee 64 7c 86 86 4c 5f ff
4c c3 35 67 9c b6 c9 fd  c0 98 83 e2 a0 2b 99 8f
ae ed 8d d3 a4 8a 68 b4  7c 95 79 4f e2 06 4a e8
7e f2 02 6c 0d 59 e1 04  fe 5b 8d 1a 76 9c df 62
4e d2 83 2d 3b 3b 23 3c  18 1c 4e 9c 8b 58 26 e9
d3 51 c6 3b 92 53 62 31  e5 7d f1 82 80 65 c2 59
12 51 e7 30 5a 73 dc 27  af 82 62 80 76 be 23 20
70 fc b6 6b 81 43 e1 8a  48 ca 3b 9c 20 5c fe 18
6a 39 6d a2 f2 e6 c3 04  ef 8b df 0d cc 4f f9 49
85 11 b6 9f a6 f0 be 72  b6 0c 58 53 7d 49 d3 2f
sending write buffer, mode=0xd, mspec=0, id=0,  offset=278528, len=4096
    Write buffer cdb: [3b 0d 00 04 40 00 00 10 00 00]
    Write buffer parameter list (first 256 bytes):
1f 1b 0a 6a 22 2a 8b 00  65 b7 e2 ae 1f c8 99 d7
fa 6f ba b3 ea 08 85 26  77 13 a0 1e fa 87 c1 50
22 3d 06 0e 02 94 b5 b1  ae aa 9b 12 6c 01 43 9d
cb 23 91 55 af 62 0b 21  e1 e9 87 68 c6 d0 5d 57
81 2d cb cc 58 fd 0d 60  6d 9b c1 93 46 d1 63 ec
a7 7c 99 65 50 d9 16 85  50 e9 4f 23 d0 79 5c 2b
d1 e7 f3 7f 74 38 0c 4e  73 f8 1b d4 08 5e 31 a1
29 13 00 ff 05 80 c0 bc  07 2b 7d 10 28 30 de 71
af 4c 78 c5 d0 41 fd b7  22 2c d7 c1 bd 28 32 af
4b 61 fe 35 b0 e2 b8 44  91 43 1f f5 21 f9 13 9b
3d 95 5f 60 7e ed 93 2c  ad bc 52 ae 9f 2f 26 e8
33 f6 8e 22 36 33 61 01  72 03 56 dd a1 ed 56 22
10 1c 29 f0 a4 34 1a d5  80 5c 1f 9c 1e 23 d2 c9
8b 6c 09 c2 be 9f 3b 12  23 7c 7b 12 99 12 b4 8f
62 36 2f 2d 3a cb 71 c5  3c 32 e6 21 1c c2 e1 d3
8d ec c6 02 01 d5 a8 25  3b b7 7e c5 69 7d ca 73
sending write buffer, mode=0xd, mspec=0, id=0,  offset=282624, len=4096
    Write buffer cdb: [3b 0d 00 04 50 00 00 10 00 00]
    Write buffer parameter list (first 256 bytes):
7f 08 df e9 c8 a5 16 25  36 05 bd 1a 71 c2 fb 77
f9 03 cb 0b 1b c0 3a 37  83 28 b4 6f a3 0a cb 3f
70 0a 5e 9b e6 e4 39 7e  eb 66 86 90 16 ec 7f 8e
2d f0 42 ab 7f 40 e1 fc  76 ea c3 ec c5 76 50 a3
8a d4 1f 69 83 28 13 19  52 f4 0e 69 d9 41 31 c3
bb d3 2b 94 0a 13 bf ec  fb 03 89 70 92 43 4e 67
25 82 b5 35 44 96 47 54  27 84 9d 32 0d fc fa f8
e2 18 28 2c 03 fa 9c 0d  b1 be 30 31 83 f5 f6 b7
e8 fb df d2 42 fe 40 5f  80 d3 ec 4f 66 a9 49 a8
df 3b 39 cd a3 78 52 2c  e9 f3 94 8e 33 67 f1 c2
7d d7 90 54 6f d9 92 2f  ab 9b a0 4b 7d 41 4f e3
6f d5 4d d0 b4 48 be a6  77 5f b2 24 56 14 0d 2b
58 df 17 35 49 32 e5 59  ee 13 4c e6 1e f6 c7 31
97 8d fc 7e ca 12 49 03  47 8b df 11 9f 6c 6a fb
0c d7 7e 6b 01 ba e6 51  55 fd 61 f9 43 81 bf 23
c8 e2 0e 33 13 05 d4 b0  d1 ca 02 92 05 2f 05 31
sending write buffer, mode=0xd, mspec=0, id=0,  offset=286720, len=4096
    Write buffer cdb: [3b 0d 00 04 60 00 00 10 00 00]
    Write buffer parameter list (first 256 bytes):
5a a2 f3 21 ad 8f 03 c9  94 01 3b c1 06 33 a5 4b
b5 f8 a9 df 7e 57 28 26  cb a1 c2 81 69 6d f1 76
74 2c 1b bf 1f 42 57 f3  b8 a2 af e1 ac 45 93 b4
8b 9a 25 7e 91 87 a5 33  6d 70 5c 27 2e 43 86 81
21 f0 c7 10 1a 33 a5 01  9c 2c 38 2c 90 c5 f7 d3
c9 8b 28 55 e3 e7 2c 43  27 a9 f1 4d ab 4f 1b fb
5c bb 8f 0b ae 13 16 ba  9c 61 6d 90 54 f7 d7 9a
d7 22 90 17 2d 34 f2 e8  b3 44 c4 96 4d 90 0a d8
78 ba 21 fc 68 04 50 f7  4f c3 d2 3b a1 2c 04 a4
93 ef 83 84 d2 7f d9 b4  92 c3 f4 07 03 e9 24 91
12 09 94 6c 94 d0 6e 61  ca 74 f2 71 7a de a0 38
cc a6 8f bf 45 b1 ad d1  2c 62 9b 71 4f b6 84 fd
f1 72 04 18 36 c1 11 02  ed 04 04 9b 01 d8 91 9d
f5 f9 5b 24 66 2d 77 5e  f1 80 8d ff 0a df fc fa
58 d8 ad da 64 eb 19 2b  4e 6a e0 90 7e 9e 17 bf
04 7f ba 58 c7 7c ad 38  ca 4a 61 ce 1f f7 f3 1b
sending write buffer, mode=0xd, mspec=0, id=0,  offset=290816, len=4096
    Write buffer cdb: [3b 0d 00 04 70 00 00 10 00 00]
    Write buffer parameter list (first 256 bytes):
49 a9 9f 19 8d a0 50 b6  88 f4 26 42 ce d1 16 0a
ed 2b 26 ae 22 f1 2b 40  38 00 bd 96 ca 49 96 83
52 57 4c 5b a8 df e2 d7  1a b4 6a a9 2e fe 2e a0
8a f4 f2 8c d1 9d d8 a3  2f 04 f0 a3 3b c9 e8 75
a3 79 09 30 ca df 61 bd  e1 fc f8 9b bb 49 a3 aa
48 a5 ab 48 4c e6 40 c9  55 e8 a3 14 89 70 15 5b
98 37 35 b1 bb 02 ab f9  e8 6f 44 c7 54 9e 49 a2
1c db d4 7b c9 1c e2 ea  c4 57 8f 52 3a f0 69 d5
98 e9 64 06 67 07 7f 2d  07 57 6c ab 01 d3 f9 f2
7c 95 ce 0f 48 01 58 0b  a8 00 7a 4b cc b8 e4 3c
82 13 19 b7 07 0d 57 f8  26 72 a3 6e 50 45 a1 ed
87 11 ff 55 06 ab d0 40  e8 3b 4a 81 ce 67 a9 fe
ba 48 44 6a 02 6a f5 80  fc 28 0f a0 6a 38 96 4a
0c 5a 2e 78 29 71 de 03  3e c7 b3 bf 5c d1 9e a7
3f 39 b8 26 c5 11 31 b4  7f ae 05 ff 8d 06 fb b6
0b 91 7f 01 5f 57 a8 a4  e5 56 79 2b 90 ed 71 72
sending write buffer, mode=0xd, mspec=0, id=0,  offset=294912, len=4096
    Write buffer cdb: [3b 0d 00 04 80 00 00 10 00 00]
    Write buffer parameter list (first 256 bytes):
d1 93 9b d5 7a 89 15 50  2c b3 39 91 21 ef 7d ea
55 68 02 39 f7 a0 26 75  4f 61 2b a9 34 d0 f3 a6
56 6d dc 78 5a bf 48 44  92 fc 4f 6d 3a d3 2c 35
4a 6e f8 f6 42 f0 93 cb  4b a9 9e 86 ad 3a 34 1b
ce dd 5c 21 a3 dd 2d 65  2a e9 12 fc 50 8b 9b 5e
66 c4 b9 b7 81 0e 9d 5d  17 fb d6 91 80 96 18 b0
51 78 bc 7f ea b3 c6 27  f4 7a 1c ec 61 c4 b9 e9
e4 34 8f 20 a1 3e 55 19  a0 d3 75 fb 0f 61 cd 22
97 f7 c6 73 b4 75 f5 b3  92 8d f0 30 49 2c 65 dc
78 d2 09 c0 60 fa aa 2d  e3 1e b2 30 76 b7 47 75
95 19 5f df 98 0e 67 6b  ea a6 c1 fa 1c 83 5d ed
39 ed 11 d3 41 79 bd a6  cf 70 8b 2d b6 34 71 91
77 87 9b 5b 39 ad 70 61  f4 dd d1 be ab f4 5f 5e
a7 28 1e 78 0f 4d 70 50  1d a4 28 93 16 02 fd f4
e6 ee 1a ff 48 7f b1 5c  63 65 f4 25 cf f9 69 ab
d5 2b 3f 5e 5d 7d c5 dd  44 27 0d 78 53 24 ae 19
sending write buffer, mode=0xd, mspec=0, id=0,  offset=299008, len=4096
    Write buffer cdb: [3b 0d 00 04 90 00 00 10 00 00]
    Write buffer parameter list (first 256 bytes):
fc db 43 cf 4b 49 95 97  e1 e4 0c dc d4 b3 8d d4
53 f8 01 9d af a2 62 71  22 e4 c2 18 72 ee 60 f4
a9 19 ed 70 1b 2b 66 53  12 32 cc 58 d8 99 2d 08
9d c3 72 9a d1 75 80 62  d6 03 c3 ad af f0 36 0e
a4 86 e8 8e db d1 cb 41  d1 b7 58 1e c1 b6 5e 23
ed c1 70 1d dc 34 45 48  4f 3a 90 7b ba f3 5f 4c
28 17 05 74 8d 88 ad dd  be 69 03 0f 57 08 47 28
aa 46 d7 6f 6d cf a6 90  78 b3 8d 8a c2 74 02 24
e1 07 b0 4b 6a ed 4a 6a  f0 92 d1 b1 2b 93 59 4b
20 49 b6 17 17 81 6f a3  a5 91 28 5f 37 41 03 d1
f7 44 30 3f 4b 88 21 b9  5e 74 c0 bd f2 89 f5 ad
36 27 64 1e 75 a2 79 e4  2b a4 73 96 f1 22 5f b0
3b 8b c1 6c ba 9d a6 5b  01 d9 42 82 05 da 1b 21
ae a2 c3 54 63 4f b7 e8  aa 73 83 72 0f ab 29 98
6e af 40 fb 4f 17 67 79  a6 11 7f 62 bb 42 cc 18
08 68 c9 4d f4 79 33 1e  12 f5 39 28 bd 18 2a 35
sending write buffer, mode=0xd, mspec=0, id=0,  offset=303104, len=4096
    Write buffer cdb: [3b 0d 00 04 a0 00 00 10 00 00]
    Write buffer parameter list (first 256 bytes):
25 2e d4 16 ce 81 c8 af  47 31 81 4e d1 4d 95 d5
32 86 89 7a 83 98 fa e0  13 d0 8e b5 3e 60 8b 3d
24 03 85 5a 1c 8e af df  15 3a 7c 36 ec d4 e4 59
5c fd a3 63 7b ad a8 76  13 10 2f 5e a7 e1 bc cf
cc f1 4f f9 05 3d 44 47  e5 fd 36 35 f5 0a 3a 88
74 3c 08 97 18 a4 df f4  ba 58 ba 06 8c 34 9a cb
93 d4 b1 35 5a 15 18 8e  bf ec 2c a8 04 64 79 08
7c 32 cc 2c e3 e5 b8 82  1f c1 53 8e df c5 2c ac
f9 d0 a1 fa 56 97 0f 0f  00 90 41 5c ec 34 93 3f
8b ef 4e 6c a3 37 0c 9a  5d ac dd 20 4b 54 f2 06
e0 23 f1 57 83 0b 9b ac  7d dc 5c 48 c6 cf de ea
4f a0 86 dc e4 60 6e 78  7d 1e b4 e7 fe a7 f1 7f
fa e0 64 47 07 e1 e6 e2  25 8f 1e 8b 0b b4 6d 9c
96 71 e8 0f 7d b1 ee b1  a2 09 cd 2b 27 59 fc 7d
66 01 aa c5 02 bd fe cf  52 14 1c af 71 e0 5a a0
b9 46 12 08 af 0d f7 af  7c 29 18 fa 22 e5 1e 43
sending write buffer, mode=0xd, mspec=0, id=0,  offset=307200, len=4096
    Write buffer cdb: [3b 0d 00 04 b0 00 00 10 00 00]
    Write buffer parameter list (first 256 bytes):
c2 a5 7d b3 8e 1e 02 37  4d 94 92 28 c1 81 0b 4a
3d 2d 4d 64 8f dd ce c2  f6 ac 15 bc 45 b5 f9 c5
b8 cc fe 3f 92 11 c9 51  35 78 f9 f6 09 31 9a 09
76 f7 5e 6e db d6 76 70  10 be f7 50 32 61 4c be
97 64 14 d5 b7 8d 9e 00  6b 7b e7 4c 1f d8 11 13
5d 28 15 cd 91 9e eb db  ac 45 c4 37 7f 20 66 78
89 7c d4 49 45 79 92 fa  71 89 6f fa e6 65 6d 88
f1 0e 50 d6 3d 38 df 05  b6 b4 63 c9 80 5e 58 f5
f6 64 e5 01 09 a9 b9 53  5e 33 9b 79 f1 a3 75 f2
90 c7 1e 46 38 60 dd 94  5e a2 da 92 b8 b2 e3 40
cc 05 11 9b a6 1f 08 4f  45 f3 e6 79 fd 11 b3 0a
0f f9 ab bd a6 d2 50 c3  f5 3e 18 56 f6 45 09 db
e8 2a e8 5f 6e fc 52 6a  ee 37 ea c6 b7 1a 87 93
19 a4 93 79 36 f1 cd 22  3f d1 c6 a7 d6 3c 27 f4
bd 25 90 07 4b 23 65 85  7c f1 56 24 9c e4 7a 33
c0 0b c3 ad 0a e7 5d ef  fe ad 2b d8 dc ff b5 4c
sending write buffer, mode=0xd, mspec=0, id=0,  offset=311296, len=4096
    Write buffer cdb: [3b 0d 00 04 c0 00 00 10 00 00]
    Write buffer parameter list (first 256 bytes):
36 7c 79 21 09 4e df 31  1f 20 68 4f 8a 52 9c 11
8b 44 03 6e c5 c3 0c 80  63 45 13 ce 37 cc 9b d1
4f 4d 26 60 a2 01 44 ed  b5 a8 b4 9e 71 37 1f 8e
3b b4 d6 02 af 22 5c c9  c6 1f 62 2c 9f e8 8d 80
57 52 15 0d bf d7 f3 89  9c a4 a7 82 7a 63 9f 6f
16 a3 a0 7f 29 07 a7 e9  ba c0 34 27 8d e8 2d a3
1a e9 36 3c 4f 8a ef 82  fa 92 cd 70 2f bd ac 5d
5a 41 0b af 93 1f e0 02  3a a4 a1 db b4 cd a8 48
9d f9 0c 07 ab 9b 83 b5  0d 3e 5a 24 6a 5b 4f 94
e1 5f 7d b6 4e 17 e6 bb  6d 56 28 50 e7 3c 31 04
31 35 50 89 31 bb 44 f1  a2 6e 54 6b 9b 0b c5 a4
1e 2e 54 10 a1 cf 79 51  8d 0c 73 37 51 4f 9f d1
40 f1 a3 26 d2 7d 54 0c  6b 39 96 7f b9 30 db f3
c9 f5 2e 4d 2a 23 39 0d  0e 67 70 67 c5 22 6c db
0d 4d f5 10 84 87 03 b5  0d 82 02 8b 56 1f 25 48
ac cf 11 58 39 aa 71 ae  24 c7 b6 61 1c 89 50 e8
sending write buffer, mode=0xd, mspec=0, id=0,  offset=315392, len=4096
    Write buffer cdb: [3b 0d 00 04 d0 00 00 10 00 00]
    Write buffer parameter list (first 256 bytes):
ff ff ff ff ff ff ff ff  ff ff ff ff ff ff ff ff
ff ff ff ff ff ff ff ff  ff ff ff ff ff ff ff ff
ff ff ff ff ff ff ff ff  ff ff ff ff ff ff ff ff
ff ff ff ff ff ff ff ff  ff ff ff ff ff ff ff ff
ff ff ff ff ff ff ff ff  ff ff ff ff ff ff ff ff
ff ff ff ff ff ff ff ff  ff ff ff ff ff ff ff ff
ff ff ff ff ff ff ff ff  ff ff ff ff ff ff ff ff
ff ff ff ff ff ff ff ff  ff ff ff ff ff ff ff ff
ff ff ff ff ff ff ff ff  ff ff ff ff ff ff ff ff
ff ff ff ff ff ff ff ff  ff ff ff ff ff ff ff ff
ff ff ff ff ff ff ff ff  ff ff ff ff ff ff ff ff
ff ff ff ff ff ff ff ff  ff ff ff ff ff ff ff ff
ff ff ff ff ff ff ff ff  ff ff ff ff ff ff ff ff
ff ff ff ff ff ff ff ff  ff ff ff ff ff ff ff ff
ff ff ff ff ff ff ff ff  ff ff ff ff ff ff ff ff
ff ff ff ff ff ff ff ff  ff ff ff ff ff ff ff ff
sending write buffer, mode=0xd, mspec=0, id=0,  offset=319488, len=4096
    Write buffer cdb: [3b 0d 00 04 e0 00 00 10 00 00]
    Write buffer parameter list (first 256 bytes):
ff ff ff ff ff ff ff ff  ff ff ff ff ff ff ff ff
ff ff ff ff ff ff ff ff  ff ff ff ff ff ff ff ff
ff ff ff ff ff ff ff ff  ff ff ff ff ff ff ff ff
ff ff ff ff ff ff ff ff  ff ff ff ff ff ff ff ff
ff ff ff ff ff ff ff ff  ff ff ff ff ff ff ff ff
ff ff ff ff ff ff ff ff  ff ff ff ff ff ff ff ff
ff ff ff ff ff ff ff ff  ff ff ff ff ff ff ff ff
ff ff ff ff ff ff ff ff  ff ff ff ff ff ff ff ff
ff ff ff ff ff ff ff ff  ff ff ff ff ff ff ff ff
ff ff ff ff ff ff ff ff  ff ff ff ff ff ff ff ff
ff ff ff ff ff ff ff ff  ff ff ff ff ff ff ff ff
ff ff ff ff ff ff ff ff  ff ff ff ff ff ff ff ff
ff ff ff ff ff ff ff ff  ff ff ff ff ff ff ff ff
ff ff ff ff ff ff ff ff  ff ff ff ff ff ff ff ff
ff ff ff ff ff ff ff ff  ff ff ff ff ff ff ff ff
ff ff ff ff ff ff ff ff  ff ff ff ff ff ff ff ff
sending write buffer, mode=0xd, mspec=0, id=0,  offset=323584, len=4096
    Write buffer cdb: [3b 0d 00 04 f0 00 00 10 00 00]
    Write buffer parameter list (first 256 bytes):
ff ff ff ff ff ff ff ff  ff ff ff ff ff ff ff ff
ff ff ff ff ff ff ff ff  ff ff ff ff ff ff ff ff
ff ff ff ff ff ff ff ff  ff ff ff ff ff ff ff ff
ff ff ff ff ff ff ff ff  ff ff ff ff ff ff ff ff
ff ff ff ff ff ff ff ff  ff ff ff ff ff ff ff ff
ff ff ff ff ff ff ff ff  ff ff ff ff ff ff ff ff
ff ff ff ff ff ff ff ff  ff ff ff ff ff ff ff ff
ff ff ff ff ff ff ff ff  ff ff ff ff ff ff ff ff
ff ff ff ff ff ff ff ff  ff ff ff ff ff ff ff ff
ff ff ff ff ff ff ff ff  ff ff ff ff ff ff ff ff
ff ff ff ff ff ff ff ff  ff ff ff ff ff ff ff ff
ff ff ff ff ff ff ff ff  ff ff ff ff ff ff ff ff
ff ff ff ff ff ff ff ff  ff ff ff ff ff ff ff ff
ff ff ff ff ff ff ff ff  ff ff ff ff ff ff ff ff
ff ff ff ff ff ff ff ff  ff ff ff ff ff ff ff ff
ff ff ff ff ff ff ff ff  ff ff ff ff ff ff ff ff
sending write buffer, mode=0xd, mspec=0, id=0,  offset=327680, len=4096
    Write buffer cdb: [3b 0d 00 05 00 00 00 10 00 00]
    Write buffer parameter list (first 256 bytes):
ff f7 c0 ff 28 88 40 1c  28 80 10 48 1e 38 40 88
00 f0 0f 01 69 61 44 f0  01 00 57 f8 21 10 88 47
01 28 00 d1 6e 61 14 f4  90 5f 0a d0 a8 6a 40 1c
a8 62 a9 69 88 42 05 d9  68 88 40 1c 68 80 ee 80
ae 81 ae 62 bd e8 f0 81  04 0a 01 00 12 0c 01 00
01 20 70 47 f0 b5 1c 48  8c b0 4f f0 70 47 6c 46
06 ad 01 68 00 91 81 68  01 91 01 69 02 91 50 f8
04 1c 03 91 41 68 04 91  c1 68 05 91 01 8f 89 02
06 91 81 8f 89 02 07 91  b0 f8 40 10 89 02 08 91
c1 8e 89 02 09 91 41 8f  89 02 0a 91 c0 8f 80 02
0b 90 00 21 0b 46 54 f8  21 00 b8 42 07 d0 55 f8
21 20 22 b1 02 44 00 e0  08 c0 82 42 fc d8 49 1c
06 29 f0 db 0c b0 f0 bd  90 0a 01 00 72 4b 70 b5
99 8b b3 f9 16 00 b3 f9  18 20 40 ea 01 60 59 8b
09 04 41 ea 02 21 6d 4a  08 43 99 88 01 f0 7f 01
54 69 04 b1 80 24 21 43  99 80 01 f0 0f 04 07 2c
sending write buffer, mode=0xd, mspec=0, id=0,  offset=331776, len=4096
    Write buffer cdb: [3b 0d 00 05 10 00 00 10 00 00]
    Write buffer parameter list (first 256 bytes):
ff ff ff ff ff ff ff ff  ff ff ff ff ff ff ff ff
ff ff ff ff ff ff ff ff  ff ff ff ff ff ff ff ff
ff ff ff ff ff ff ff ff  ff ff ff ff ff ff ff ff
ff ff ff ff ff ff ff ff  ff ff ff ff 78 24 00 00
00 00 00 00 00 00 00 00  00 00 00 00 00 00 07 00
80 01 00 00 00 00 00 00  00 00 00 00 00 00 00 00
00 00 00 00 00 2a 1b 00  00 00 00 00 00 00 00 00
00 00 00 00 00 00 00 00  00 00 00 00 00 00 5e d4
00 00 00 00 00 00 00 00  00 00 00 00 00 00 00 00
00 00 00 00 00 00 00 00  00 00 00 00 00 00 00 00
00 00 00 00 00 00 00 00  00 00 00 00 00 00 00 00
00 00 00 00 00 00 00 00  00 00 00 00 00 00 00 00
00 00 00 00 00 00 00 00  00 00 00 00 00 00 00 00
00 00 00 00 00 00 00 00  00 00 00 00 00 00 00 00
00 00 00 00 00 00 00 00  00 00 00 00 00 00 00 00
00 00 00 00 00 00 00 00  00 00 00 00 00 00 00 00
sending write buffer, mode=0xd, mspec=0, id=0,  offset=335872, len=4096
    Write buffer cdb: [3b 0d 00 05 20 00 00 10 00 00]
    Write buffer parameter list (first 256 bytes):
00 01 00 14 62 27 08 0b  05 9f 01 02 1c 20 40 04
00 01 00 62 0e 10 14 13  02 00 03 10 00 00 00 00
ff 10 01 00 00 20 00 00  79 01 30 00 10 01 8a e1
01 10 13 20 00 00 00 00  00 00 00 00 00 00 00 00
00 00 00 00 00 00 00 00  00 00 00 00 00 00 00 00
00 00 00 00 0e 04 08 01  0c 00 00 00 80 00 00 00
00 00 00 00 0c 04 08 01  0c 00 00 00 83 00 08 00
01 00 00 00 84 00 00 00  00 00 00 00 4c 13 00 00
ff ff ff ff ff ff ff ff  ff ff ff ff ff ff ff ff
ff ff ff ff ff ff ff ff  ff ff ff ff ff ff ff ff
ff ff ff ff ff ff ff ff  ff ff ff ff ff ff ff ff
ff ff ff ff ff ff ff ff  ff ff ff ff ff ff ff ff
ff ff ff ff ff ff ff ff  ff ff ff ff ff ff ff ff
ff ff ff ff ff ff ff ff  ff ff ff ff ff ff ff ff
ff ff ff ff ff ff ff ff  ff ff ff ff ff ff ff ff
ff ff ff ff ff ff ff ff  ff ff ff ff ff ff ff ff
sending write buffer, mode=0xd, mspec=0, id=0,  offset=339968, len=4096
    Write buffer cdb: [3b 0d 00 05 30 00 00 10 00 00]
    Write buffer parameter list (first 256 bytes):
ff ff ff ff ff ff ff ff  ff ff ff ff ff ff ff ff
ff ff ff ff ff ff ff ff  ff ff ff ff ff ff ff ff
ff ff ff ff ff ff ff ff  ff ff ff ff ff ff ff ff
ff ff ff ff ff ff ff ff  ff ff ff ff ff ff ff ff
ff ff ff ff ff ff ff ff  ff ff ff ff ff ff ff ff
ff ff ff ff ff ff ff ff  ff ff ff ff ff ff ff ff
ff ff ff ff ff ff ff ff  ff ff ff ff ff ff ff ff
ff ff ff ff ff ff ff ff  ff ff ff ff ff ff ff ff
ff ff ff ff ff ff ff ff  ff ff ff ff ff ff ff ff
ff ff ff ff ff ff ff ff  ff ff ff ff ff ff ff ff
ff ff ff ff ff ff ff ff  ff ff ff ff ff ff ff ff
ff ff ff ff ff ff ff ff  ff ff ff ff ff ff ff ff
ff ff ff ff ff ff ff ff  ff ff ff ff ff ff ff ff
ff ff ff ff ff ff ff ff  ff ff ff ff ff ff ff ff
ff ff ff ff ff ff ff ff  ff ff ff ff ff ff ff ff
ff ff ff ff ff ff ff ff  ff ff ff ff ff ff ff ff
sending write buffer, mode=0xd, mspec=0, id=0,  offset=344064, len=4096
    Write buffer cdb: [3b 0d 00 05 40 00 00 10 00 00]
    Write buffer parameter list (first 256 bytes):
00 df 31 46 38 46 ff f7  a5 ff 04 43 34 42 f5 d0
34 ea 06 00 02 d0 28 46  04 f0 d0 e9 04 ea 06 00
bd e8 f0 81 58 a1 00 00  4d 4a 03 46 00 20 12 68
00 2a 09 d0 02 eb 83 02  90 68 00 28 04 d0 03 88
8b 42 01 d0 00 20 90 60  70 47 70 b5 00 f0 8f fc
43 4d 04 46 28 68 a0 42  13 d0 00 f0 8a fc 29 68
02 46 20 46 05 f0 8c f8  28 68 2c 60 23 1a 00 20
04 eb 80 01 8a 68 0a b1  1a 44 8a 60 40 1c 08 28
f6 d3 70 bd 1c b5 88 b1  01 88 a1 f5 44 52 31 3a
0c d1 01 22 00 21 cd e9  00 12 41 88 8a 08 4f f4
80 11 00 23 cc 6a 19 46  a0 47 08 b1 00 20 1c bd
01 20 1c bd 10 b5 2a 4c  48 b1 20 68 ff f7 e2 ff
10 b1 bd e8 10 40 c0 e7  00 20 20 60 10 bd 00 f0
4e fc 20 60 00 f0 4d fc  01 46 20 68 07 f1 82 ea
20 68 43 f2 31 11 01 80  14 21 c1 71 10 bd 2d e9
f3 4f 4f f0 00 08 83 b0  40 46 ff f7 db ff 18 4f
sending write buffer, mode=0xd, mspec=0, id=0,  offset=348160, len=4096
    Write buffer cdb: [3b 0d 00 05 50 00 00 10 00 00]
    Write buffer parameter list (first 256 bytes):
bd e8 fc 87 2d e9 ff 5f  00 24 9b 46 91 46 0f 46
dd e9 0e a6 03 aa 05 46  02 a9 33 46 ff f7 ab ff
01 28 01 d0 42 df 54 df  df f8 f4 80 a8 f1 20 08
03 2d 0e d0 00 2e 06 db  02 9a 02 23 00 20 69 46
ff f7 f9 fe 1d e0 02 98  41 68 01 91 00 68 00 90
17 e0 0c b1 02 98 10 e0  00 2e 06 db 02 9a 02 23
00 20 69 46 ff f7 e7 fe  04 e0 02 98 41 68 01 91
00 68 00 90 d8 f8 10 00  02 90 d0 e9 00 10 cd e9
00 10 00 98 c0 f3 82 10  b8 42 03 d0 04 f5 00 40
b8 42 25 d1 0e 2d 06 d0  04 2d 06 d0 06 2d 06 d0
05 2d 19 d0 05 e0 23 48  02 e0 23 48 00 e0 23 48
01 90 02 98 08 30 c9 f8  00 00 00 98 00 0b 81 00
cb f8 00 10 01 99 01 20  ca f8 04 10 00 99 ca f8
00 10 04 b0 bd e8 f0 9f  d8 f8 0c 00 01 90 ea e7
00 98 02 99 00 0b 01 eb  80 00 08 30 02 90 00 98
64 1c a4 b2 10 f0 1e 0f  9a d1 42 df 55 df 0e 28
sending write buffer, mode=0xd, mspec=0, id=0,  offset=352256, len=4096
    Write buffer cdb: [3b 0d 00 05 60 00 00 10 00 00]
    Write buffer parameter list (first 256 bytes):
04 07 3a 5c e4 0e 02 f0  03 02 a2 40 11 43 40 1c
98 42 f5 d3 f9 4d c5 f8  80 10 00 22 11 46 4f f0
16 0c 10 46 00 f0 1f 04  3b 5c c3 f3 00 16 c3 f3
c0 03 a6 40 a3 40 32 43  19 43 40 1c 60 45 f1 d3
ef 48 01 60 d1 43 41 60  d5 f8 98 00 40 f0 03 00
c5 f8 98 00 d5 f8 88 00  40 f0 30 00 c5 f8 88 00
d5 f8 88 00 40 f0 c0 00  c5 f8 88 00 d5 f8 88 00
40 f4 40 10 c5 f8 88 00  d5 f8 88 00 20 f0 30 00
20 30 c5 f8 88 00 df 48  b0 f8 00 18 21 f0 03 01
49 1c a0 f8 00 18 b0 f8  04 18 21 f0 03 01 49 1c
a0 f8 04 18 b0 f8 08 18  21 f0 03 01 49 1c a0 f8
08 18 b0 f8 0c 18 21 f0  03 01 49 1c a0 f8 0c 18
b0 f8 80 18 21 f0 03 01  49 1c a0 f8 80 18 b0 f8
8c 18 21 f0 03 01 49 1c  a0 f8 8c 18 b0 f8 90 18
21 f0 03 01 49 1c a0 f8  90 18 b0 f8 94 18 21 f0
03 01 49 1c a0 f8 94 18  b0 f8 c0 18 21 f0 03 01
sending write buffer, mode=0xd, mspec=0, id=0,  offset=356352, len=4096
    Write buffer cdb: [3b 0d 00 05 70 00 00 10 00 00]
    Write buffer parameter list (first 256 bytes):
a0 f8 68 30 b0 f8 fc 30  23 f0 1f 03 0f 33 a0 f8
fc 30 b0 f8 68 30 23 f4  40 43 a0 f8 68 30 b0 f8
fc 30 43 f4 78 73 a0 f8  fc 30 b0 f8 68 30 23 f4
40 43 03 f5 80 43 a0 f8  68 30 b0 f8 fc 30 43 f4
78 73 a0 f8 fc 30 b0 f8  8c 30 43 f0 04 03 a0 f8
8c 30 b0 f8 f4 31 23 f0  01 03 a0 f8 f4 31 b0 f8
f0 31 23 f0 1f 03 0c 33  a0 f8 f0 31 b0 f8 f0 31
23 f4 f0 73 03 f5 b0 73  a0 f8 f0 31 b0 f8 f0 31
23 f4 f0 53 03 f5 60 63  a0 f8 f0 31 b0 f8 f0 31
23 f4 60 43 03 f5 20 43  a0 f8 f0 31 b0 f8 f4 31
23 f0 3e 03 0a 33 a0 f8  f4 31 b0 f8 f4 31 23 f4
f8 63 03 f5 a0 63 a0 f8  f4 31 b0 f8 f4 31 23 f4
78 43 03 f5 18 43 a0 f8  f4 31 b0 f8 f8 31 23 f0
1f 03 12 33 a0 f8 f8 31  b0 f8 f8 31 23 f4 f0 73
03 f5 d0 73 a0 f8 f8 31  b0 f8 f8 31 23 f4 f0 53
03 f5 c0 53 a0 f8 f8 31  b0 f8 fc 31 23 f0 0f 03
sending write buffer, mode=0xd, mspec=0, id=0,  offset=360448, len=4096
    Write buffer cdb: [3b 0d 00 05 80 00 00 10 00 00]
    Write buffer parameter list (first 256 bytes):
d4 e9 04 01 08 43 07 d0  20 68 40 1c 20 60 00 20
60 60 c4 e9 04 00 1c bd  68 46 00 f0 43 f8 01 28
f9 d1 bd f8 06 00 40 1c  20 81 bd f8 00 00 60 60
bd f8 02 00 20 80 bd f8  04 00 60 80 1c bd 15 48
30 b5 40 68 7e 21 42 42  b2 fb f1 f1 08 44 10 49
40 42 0b 46 4c 68 1b 68  84 42 06 d9 4f f6 f8 55
a5 eb 14 44 04 eb 10 44  02 e0 05 0c a5 eb 14 44
23 44 c1 e9 00 30 d1 e9  04 30 d2 1a 9a 18 40 f1
00 00 c1 e9 04 20 c8 68  40 1c c8 60 30 bd 00 00
64 a0 00 00 40 41 05 44  b0 a1 00 00 00 00 05 44
c0 40 05 44 2d e9 fc 47  df f8 70 80 00 26 1c 4f
81 46 01 23 69 46 00 20  57 f8 26 20 fc f7 bb fe
00 99 05 46 b8 eb 11 2f  13 d1 04 24 0c e0 04 2c
16 d0 57 f8 26 00 01 23  01 a9 02 19 00 20 fc f7
aa fe 28 44 85 b2 24 1d  00 98 c0 b2 a0 42 ee d8
95 b1 76 1c 16 f0 ff 06  db d0 00 20 bd e8 fc 87
sending write buffer, mode=0xd, mspec=0, id=0,  offset=364544, len=4096
    Write buffer cdb: [3b 0d 00 05 90 00 00 10 00 00]
    Write buffer parameter list (first 256 bytes):
10 04 41 00 64 a0 00 00  40 41 05 44 70 b5 04 46
fb f7 ef fb fa f7 60 fe  5a 4b 01 25 5a 4a 5b 49
18 78 02 28 1f d0 03 28  04 d0 01 28 33 d0 88 b3
76 df 56 df 08 78 05 28  01 d0 76 df 64 df 06 2c
2e d0 07 2c 01 d0 76 df  63 df b2 f8 e4 00 00 07
03 d5 b2 f8 e4 00 80 06  01 d5 76 df 54 df 1d 70
03 20 08 70 1e e0 08 78  08 b1 76 df 4e df 00 20
06 2c 02 d0 07 2c 09 d1  04 e0 b2 f8 e4 20 92 06
04 d5 05 e0 b2 f8 e4 10  89 06 02 d5 76 df 55 df
0d 70 18 70 06 e0 08 78  03 28 c9 d1 06 2c c7 d1
3d f2 24 fe bd e8 70 40  fb f7 94 bb 10 b5 38 4c
20 78 05 28 06 d0 01 20  fb f7 86 f8 01 28 03 d0
78 df 0d df 06 20 03 e0  20 78 03 28 08 d0 02 20
30 49 20 70 c8 88 99 28  04 d0 98 28 02 d0 06 e0
04 20 f5 e7 c8 8a 00 07  01 d4 01 20 00 e0 00 20
08 b1 06 20 00 e0 07 20  ff f7 88 ff 08 20 ff f7
sending write buffer, mode=0xd, mspec=0, id=0,  offset=368640, len=4096
    Write buffer cdb: [3b 0d 00 05 a0 00 00 10 00 00]
    Write buffer parameter list (first 256 bytes):
1b 9c a3 89 c4 83 6f 1e  d9 53 d1 be f2 3c 85 3b
c0 3f 47 33 87 77 5c 6f  da d2 43 d1 46 a6 82 ac
98 87 c2 1a 0d 42 78 06  29 5d c4 ca f3 99 10 94
34 cf de c1 ec 61 cb 8d  22 97 d5 c4 db a8 7c 97
c2 61 fa e4 b2 8e f6 ae  43 d8 7c 90 6d 0e 9b 7a
1b 8b e3 2e 61 25 82 a7  a9 14 f3 a9 8d fe 5d ce
59 53 18 68 be 56 e6 0c  9b 28 ec 4f 1c 54 b6 8f
22 46 fa 2e 16 ed f7 7e  f7 b6 a1 23 77 14 57 5c
a8 d4 57 1f f0 37 f0 54  bb 8f f9 dc 5c c8 c3 01
0e b1 c0 e2 27 78 40 ed  81 be 0c e0 b3 ef 9f e0
1d 90 99 4f 29 1e a2 d1  52 3e c4 e3 ac f2 4b ad
10 c5 37 54 b0 98 89 c6  8a 85 e9 1e 8d 52 f6 7f
6f 3c 76 1f 08 81 82 23  59 da e8 21 66 b2 d1 9a
b4 f1 9d 0d 8a 91 b8 3f  23 f7 c1 90 c9 4d f2 fb
5b b3 0c d2 99 39 73 e1  1d 6b 00 d4 d0 db 3c 6a
76 f5 85 43 18 1b 2a 83  5d 11 f7 8b ae 9c 2e d1
sending write buffer, mode=0xd, mspec=0, id=0,  offset=372736, len=4096
    Write buffer cdb: [3b 0d 00 05 b0 00 00 10 00 00]
    Write buffer parameter list (first 256 bytes):
ee 05 5e 26 aa 0b c4 fd  a1 5e 2b 89 a8 68 41 84
5d c9 16 a9 5b d4 3a fc  fb e4 8c 9a 9b 16 89 cc
3b d4 9a 2e 90 aa 25 11  c7 8a df 2e c0 fa 2d 32
bb 60 5b d8 e4 67 e5 a9  66 5f c4 84 78 0c ca ae
52 9e 5e 50 6f 6c 96 27  e8 24 23 ef 11 8d 4b 55
64 dd 7b 55 0c 99 ed f8  d2 ca cf f7 5b bc ad 56
09 48 a4 d0 b4 d9 4a 4f  80 fd 0d 8e 76 6a ba 2d
58 c1 3b 4d 70 d4 34 a0  40 ba 90 a1 87 1b 40 77
a5 c4 75 10 1e ac 0b be  66 25 75 32 96 41 81 9d
c9 eb 72 9d ad dd 4b a6  55 f8 92 4c fe e1 8d ec
54 d6 87 37 78 d9 a5 e4  fb c7 8f 5e d0 fb 2e e8
c3 ed cd 24 30 44 eb 02  2d 9d 5f 15 d4 b9 3b 94
ba 9e 00 53 1c a3 54 62  04 25 fa 93 5a f8 02 54
ab ea f8 30 42 f5 4b aa  e6 f8 e2 09 04 d0 4e cb
53 e8 06 b5 aa ed f6 64  8c d4 21 c7 b0 68 60 59
3f a8 70 04 92 ca 65 2d  f1 84 ba 47 9d 08 68 3b
sending write buffer, mode=0xd, mspec=0, id=0,  offset=376832, len=4096
    Write buffer cdb: [3b 0d 00 05 c0 00 00 10 00 00]
    Write buffer parameter list (first 256 bytes):
ef 0c 5e c6 f6 4d 42 53  71 ab eb 75 ac 0a 92 4b
b5 aa bb 18 d1 26 09 e0  56 6c 27 bb ad de 34 16
58 35 cd bf d7 0a e4 cf  83 42 23 c2 54 68 a6 d1
df ce c4 d0 8c 11 e3 3f  f9 97 52 03 ed dd e8 0b
fd aa 2c 4a f8 eb ee d8  68 40 e0 5e 15 ed 13 85
a6 26 ea 7d ef 9b cd 68  e6 71 02 2b 2f aa 35 46
96 a6 79 5d 61 aa 95 ac  0f 93 09 d9 39 a1 f5 9f
c8 f7 fd c0 4e 97 89 a3  98 cd 35 bc 97 a7 6e 2d
b5 41 cd a4 4e 69 26 41  da ca bf e1 33 55 ed 6f
ff 70 ca 9e 11 1e 96 df  8a 8e 51 24 7c 57 7b 16
86 0d f2 2e a3 18 c0 c1  4e 57 74 d5 56 ef 71 52
a5 1c ab a9 b8 cb b9 18  b4 b8 51 bf 66 7c 69 da
cf d5 df 07 28 a9 3b da  ff 5c 43 07 7e c7 e6 38
72 53 4f 1b b1 56 22 7f  29 5f 4d 1c 80 2c d6 40
df a4 bd 5e 3c 95 bf a2  11 af cf 5b 5c 13 e8 ee
f4 28 49 7e 18 48 3b 5c  bc 5f 9a f3 d5 cc fe 9a
sending write buffer, mode=0xd, mspec=0, id=0,  offset=380928, len=4096
    Write buffer cdb: [3b 0d 00 05 d0 00 00 10 00 00]
    Write buffer parameter list (first 256 bytes):
cc 13 2d c3 fc 18 09 a8  bb 8e b8 11 2b a0 74 7d
6a 6c 60 db 6a 32 a1 2d  ad 61 db e4 90 69 b0 9d
04 12 95 d4 a6 29 84 55  f9 9d 64 9b ea 08 57 f9
9c 6a 6f 78 eb 81 f1 14  ec 12 9d 03 5b 75 a0 d5
ca 44 d1 d8 69 14 f7 3f  ea 1f 2a 7b c0 9c 86 d9
ea 30 12 75 3c 9d 43 0c  67 69 70 b1 70 25 e2 5b
a1 af c0 60 67 31 70 46  9d 4f 1b cf 36 b3 ee 61
2d 45 64 7c 8a 87 b2 b6  1e 12 a5 0d d8 b4 b3 2b
22 80 1b 41 c5 d1 a0 2e  c3 7e e1 13 04 79 9b 8d
35 75 8a 3e c9 70 77 09  ca c6 ec 65 41 ab f0 c0
77 9c b8 d4 88 a2 06 83  01 6e ac a6 d7 33 d0 5b
54 6b 03 08 7b 1d bf 4a  98 67 de f0 cb 26 6c 2c
65 56 88 fa 3f 6b d1 ba  65 4b f5 5c 37 93 37 ce
18 2e 82 d4 79 ea e5 85  e1 c3 f3 e1 98 74 68 57
a2 d1 65 00 82 17 5b a8  1f 3d 07 59 32 1d 36 8a
dc fe cf f0 04 d9 89 9c  b2 32 76 e4 f6 09 fb 59
sending write buffer, mode=0xd, mspec=0, id=0,  offset=385024, len=4096
    Write buffer cdb: [3b 0d 00 05 e0 00 00 10 00 00]
    Write buffer parameter list (first 256 bytes):
6f 5d 56 2f 63 2a 3b 6a  51 04 26 82 50 d8 b8 2f
b2 8e bd bb c0 f7 6c d4  cc 4e f8 fe ac 41 9e 87
eb e0 c4 2b f2 b3 cd 32  db 95 2d e5 c0 a5 2c 3f
81 a9 78 a0 44 30 a5 4d  0b 6a e9 8c f2 0e 96 98
74 97 7d 71 00 f5 ae 30  81 75 46 6e 8a c1 94 f6
51 3c b8 db 20 cd 61 8c  39 de 47 7e fc 61 0f 1b
58 e1 63 4e 4e 09 88 97  0f 17 0d fe 57 d5 ed 72
40 74 6b 69 88 1f 91 09  1c 3f 03 56 cf d0 01 b2
60 95 9e b7 6f c5 a2 00  aa de 98 13 7b e8 c2 83
c3 0e 3f cc 9e cb 5b 97  ae bd 74 23 6f 92 3e c7
e1 e8 01 3d d9 4d 41 07  21 e6 c5 9f 5a f1 93 37
99 36 26 1a e9 39 28 25  c6 25 92 c0 c5 54 3d 62
c0 ab ee 09 77 17 bd f1  80 08 67 4e 6d 53 ea 46
56 05 96 8f 74 5f b2 51  f2 ba 1e 94 d8 0e 54 b2
56 08 a9 c1 67 3d 68 a4  45 0e 4a 2e 7e 57 a1 17
ba 6f 3d eb 86 ae 28 e3  da 82 42 0c 40 0d 29 78
sending write buffer, mode=0xd, mspec=0, id=0,  offset=389120, len=4096
    Write buffer cdb: [3b 0d 00 05 f0 00 00 10 00 00]
    Write buffer parameter list (first 256 bytes):
3b a9 a0 e8 c0 3f 3b 4d  ba ea 95 e2 1a 5c e3 54
24 02 9f 5d b1 94 7d a5  74 a1 97 8d d0 ab 2c 75
60 c6 40 f2 51 66 55 b9  4b 60 ba 11 79 7b 94 2b
7d c0 29 bd 39 91 3e 96  9c 04 4d 14 85 1d b9 c6
4b 15 b7 02 72 cd 99 1c  af 93 83 19 3a 91 df 6f
4c 29 94 b4 74 0d ef db  5f 22 c0 06 ff 39 59 8d
e9 2c 00 84 73 3c 1c a0  2c 4f a4 c0 f4 bd 8d d7
f4 d9 3f 3f 17 96 15 0a  40 f8 dd 56 9e 13 2c 97
b2 d2 3a 89 c3 cd 0c b5  2f 02 13 ab 50 ad cb bd
8f fe 27 aa f5 06 73 a4  f8 52 f6 77 3d 73 41 e7
8e a7 c3 c3 0a 6b 26 8d  e2 5b cc 14 cb f3 7c 9c
02 68 b6 c4 f1 20 52 a5  5b 2f 1a 23 cf 5a d3 64
c3 6d 17 c5 61 b2 fc 54  f3 56 af 90 59 6b bc dd
1d 49 99 04 40 94 bd 7a  f3 1f 32 de 97 75 f7 05
58 21 69 26 8a cf 9a eb  e2 58 1c 9e 29 4b c5 04
d3 80 3a ab e9 84 a3 a1  4c 24 1b 4b 5b 0f e6 0b
sending write buffer, mode=0xd, mspec=0, id=0,  offset=393216, len=4096
    Write buffer cdb: [3b 0d 00 06 00 00 00 10 00 00]
    Write buffer parameter list (first 256 bytes):
2b 28 21 05 18 d5 06 b8  a5 40 d1 04 43 95 d4 86
53 f7 9d 0f 80 75 19 91  6e 25 27 ac 3e 61 5b 06
8b 6d ad b9 b0 d9 0f f2  9a 90 fe eb c4 a9 f4 29
95 55 6f 75 c5 4b 9e dd  fd 35 8d c2 0e 9b ea b5
05 53 34 63 94 6a 70 24  c7 c0 51 35 0f e2 54 25
27 67 d4 dc 14 67 3c 4f  74 cb 28 28 a7 cf 73 7c
c7 64 3d 20 6b 9f c7 c7  37 83 98 a7 5d c0 3d 18
d1 0e 1e 06 7d 4a e9 90  45 35 65 07 cf 39 e6 12
df 10 78 94 82 ed 8b 2f  9b 64 29 68 ce 78 e9 ba
21 97 ab 2a 20 57 cd be  60 4a 4c 1e 53 51 d6 ec
91 e3 81 09 5b f5 b7 6d  2b 4b 10 51 3f e9 88 66
20 0a c7 2b 2a 06 e6 a1  d2 ab a0 a5 d1 3e 20 01
52 e1 14 73 8c cb 2f 7f  69 fe ff 27 28 09 51 4f
a8 42 57 cc 29 6d 07 d6  4a 64 3f 1e 3a fc 9d dd
ce 14 b3 f8 78 d8 42 0b  d3 2f e6 a6 55 99 a7 e1
28 9e ef 8f 36 d2 ed 7a  4e 1b 34 8e b5 93 10 7b
sending write buffer, mode=0xd, mspec=0, id=0,  offset=397312, len=4096
    Write buffer cdb: [3b 0d 00 06 10 00 00 10 00 00]
    Write buffer parameter list (first 256 bytes):
54 a4 ef 64 fd ff df cd  f4 2f 52 b5 73 68 56 3d
74 e8 0b cb e0 be a0 a4  46 50 93 4d d2 c5 75 2d
27 c0 bc cd 78 e2 d4 72  35 b8 80 87 88 a9 99 ba
36 02 fe 0d 6d ca 58 8e  b0 05 00 6d 08 4e fd a3
a9 f1 6a 52 e7 eb 39 11  30 69 b6 92 04 50 15 0b
e4 ae 1b 95 43 d9 69 c4  8a 61 12 a5 4a 55 03 d1
33 6e 22 f1 56 bb ef 07  03 88 fe 49 5e de b8 13
6d f5 49 f0 ac 7c 85 8a  e9 b4 9a 3f 4c eb ed ce
b6 2f bf f9 b5 ef 37 b9  b5 df 6f 74 57 c6 37 c4
29 0f af 3e 2c 47 b6 db  f4 17 b7 6f 50 a9 12 3f
c9 eb 08 37 5f c9 ea aa  5c ea d4 3d a6 bc 12 aa
68 56 ea 06 f9 79 e0 56  fb 98 80 30 a3 c3 ce 7b
15 39 3b 89 70 79 a0 8f  13 e0 a9 ee 69 f9 57 5e
03 6c c4 fc e2 c0 c1 e0  5a 1a dd 55 2c fb c6 ed
fd 13 1e a6 35 b3 a8 cf  2c ad e0 d2 41 d2 10 f2
fe 9d 71 be 0a 32 8a fc  7f 19 1b 30 6b 09 73 cf
sending write buffer, mode=0xd, mspec=0, id=0,  offset=401408, len=4096
    Write buffer cdb: [3b 0d 00 06 20 00 00 10 00 00]
    Write buffer parameter list (first 256 bytes):
c8 c3 09 3c d0 3d 16 6a  3c 72 9d 89 a1 4f 3e ac
24 6a 47 6f 0f 3a e6 af  d2 b8 de 81 19 2e d4 64
5e c4 92 1f 4b 94 1b 74  d4 48 f9 a9 14 d8 85 93
e6 fc a5 ce d8 30 77 85  b3 9f e8 66 ee 71 03 e7
25 0d be cd d4 7a 1c ad  ee 8a 35 10 c0 f3 d6 24
5e db 49 04 9d c9 52 77  76 fb d5 7c 4d ae 40 21
09 ae 40 f0 8d 1f f1 89  d7 7b bd a7 7f 03 32 b5
3a 59 87 79 a6 92 80 9b  b3 4e 49 b6 65 69 ab 83
54 f7 28 6e 4e 8a 61 af  ce ed 24 88 44 c2 1c 2f
1b 4d 3c a4 da 4b 83 15  ba de 67 f1 68 44 fd 32
33 8d 07 e5 97 91 bf 7b  86 1e 35 65 97 53 fa 4e
b8 85 6c 9f 27 55 1c fe  a6 ff aa f8 90 cb 83 1c
76 b8 56 9f d1 39 82 54  e9 91 a4 01 65 47 3e 1f
5f a4 d8 06 42 ab ec 76  b5 d9 40 83 9d d4 0b 7d
30 22 9e 90 d0 29 70 b5  72 12 98 5e 58 ff d2 c6
53 b0 41 d3 43 80 0c 29  92 ff 9f bd e1 37 33 02
sending write buffer, mode=0xd, mspec=0, id=0,  offset=405504, len=4096
    Write buffer cdb: [3b 0d 00 06 30 00 00 10 00 00]
    Write buffer parameter list (first 256 bytes):
16 fc a5 ce 12 a7 2a d1  d2 ca 59 44 a5 91 85 74
2e c7 b0 ac c4 dc 3e 00  f0 17 cc 9e 0c 5b 8a 04
74 a4 27 a7 41 9b f7 85  94 0a d2 e1 34 73 5c 40
4e 3e a4 49 b9 11 f6 20  02 c1 fb 16 d5 b7 98 e3
9b b7 54 a4 58 fa 96 bf  7f 52 ca 75 ca 32 9e db
86 0e 9d 4a ac 06 36 56  7d 6d 02 c9 a9 97 3e b7
d4 d5 eb 8b 80 e4 ff 09  94 8f 20 23 64 d6 09 e5
ad 33 a8 66 ce 83 1a 13  b6 2e 92 c5 f8 34 66 16
07 80 23 d7 44 ee 02 60  71 fe 84 47 16 c5 ad 59
65 7f e5 b1 4a 16 0e 7d  de 8c af c3 de 5f 54 b2
7a 7b e6 b9 39 75 4e 44  49 12 6c 3b 95 5a e8 de
56 8e 02 4a 5b 61 87 23  54 16 93 9b 48 b6 74 f7
b2 cd 82 64 27 af be 6d  7c 8b b0 2d 3d a8 ee 48
49 cb c0 f8 9d 05 9c 97  51 21 e4 16 51 18 57 53
1e c2 2b 00 34 2f 5f 1e  fe c3 36 39 14 35 87 a2
c9 e6 57 2f 10 e7 44 32  b1 d6 f1 80 78 88 1a d9
sending write buffer, mode=0xd, mspec=0, id=0,  offset=409600, len=4096
    Write buffer cdb: [3b 0d 00 06 40 00 00 10 00 00]
    Write buffer parameter list (first 256 bytes):
7a 7d 8a 15 3d 2f c0 de  17 34 46 5c b9 34 88 a6
8b 5b cd 01 42 12 a8 c6  08 57 11 43 a9 7e b3 de
10 ba 5e 5b 6f 12 4f 96  b8 77 5a 86 8c 49 98 00
08 19 bd 52 6c 8e 67 05  54 87 55 20 1a 32 4e b3
79 49 ea d5 24 16 09 0d  08 5a 8c 1b 4d 1d 2a 95
cf 36 84 9a 4a 2a e6 29  51 d9 7b 45 19 ac fd d3
fd 83 92 ca 66 4b e1 07  c5 92 7e e9 f9 fa 51 ed
d8 de 9f 0b b5 9b ef 60  cf ce 3b 42 f1 e1 fe e0
d3 a4 a7 2c ca d5 09 e5  38 1d a2 31 d7 31 0a 7d
6d 37 f8 58 70 f9 d6 73  5e e8 59 74 ce 99 42 ba
70 06 5c 06 ae 31 a5 7b  f1 2c 44 25 bf 37 00 9c
9f c0 84 68 b6 80 c4 8e  30 94 b0 05 56 96 1c 86
c8 d4 b9 8d 8d bd e3 5f  00 c4 81 a4 35 8b 4c 7f
ad 43 07 70 1b b4 62 24  85 43 5f 3b 97 78 db 61
cd 26 29 eb a7 34 c4 e0  ee 49 5f 24 86 01 d7 10
aa d3 f1 21 06 8c f5 68  8b 93 c3 38 d9 fb 35 f9
sending write buffer, mode=0xd, mspec=0, id=0,  offset=413696, len=4096
    Write buffer cdb: [3b 0d 00 06 50 00 00 10 00 00]
    Write buffer parameter list (first 256 bytes):
5e ad 4c 13 95 61 dc 95  36 90 1a 51 09 7b b5 f2
17 9b 87 16 32 27 fd 9c  19 4d 64 f0 cd 6f ce a2
36 bd 82 02 e6 c0 f5 43  57 72 f9 66 2d c7 d6 7f
bf 4d b2 7f 3f c1 f2 75  98 8d 4f 2e 26 ee 07 41
15 51 8b ad 31 d4 98 ad  0e 23 2f b4 69 72 35 5f
de 58 fc 49 70 ef 2b 3a  0b 2c c9 c5 6c 34 42 4e
82 ad ee e7 ce 95 ae 44  cf fc 1d d9 0a 43 18 ac
57 25 4e a1 75 e9 b0 d1  d3 e3 8a 7a e3 4a 34 a0
5e 51 95 55 56 02 e9 71  5e 6e f9 06 65 e1 2f 8f
31 b8 e9 b7 b3 83 90 78  93 98 45 66 52 c9 16 18
d8 e1 0e 71 9a 47 d6 73  b3 84 8b f7 17 a4 7d 24
0c 1a 94 7c ec c8 94 25  bf 89 df 26 44 43 3b fe
4f 97 5a 1c d6 21 cf c7  69 7b 79 57 da be 14 04
78 d9 7d 73 8d f0 a4 aa  f1 a2 3a a2 cb 0a 3d 23
22 e6 af 6c 56 f8 05 3a  b7 ca 15 77 49 15 81 ce
96 1f 55 f1 ef 09 80 6f  d5 e5 74 7f 41 0f 9e ad
sending write buffer, mode=0xd, mspec=0, id=0,  offset=417792, len=4096
    Write buffer cdb: [3b 0d 00 06 60 00 00 10 00 00]
    Write buffer parameter list (first 256 bytes):
de 1a f6 9d 2c 02 62 06  71 95 9e 1a 54 97 0a 21
90 ba 78 c5 2b 0b 49 4b  d7 3e aa e7 a8 a9 81 23
df fd af 08 56 6f 73 c3  de 59 44 00 0c 99 38 51
8c 89 e6 67 9b b2 6f 54  b6 16 b4 7d f9 cb 7e 9d
e2 bd 7b a4 d7 cd 96 df  25 0e 9d 5f 80 7b 28 97
5c 4e 9e 54 81 f6 61 f8  cd b9 bb 57 1e 1d f4 f7
58 90 53 7d e8 a0 3a 3f  e5 35 4a 9c 3b d2 82 1b
f1 ac c2 5d ca 8a 7c be  0e 3c 1d 1d 18 2a e5 75
7c b1 04 6b 44 0c 31 ab  4a 8d 53 f5 0e 6d 70 e4
2a 4a 27 7e 1d 94 0c bb  d5 2b b7 8c 2f b3 fb c9
95 84 24 f8 c1 c8 6d 6a  98 83 39 90 e3 a3 6e 12
1e c8 f5 ed ce c5 74 86  e9 92 8c 9a d8 9d b1 14
d9 90 3d 70 c9 cc 7d e5  7b 94 5f e2 75 ec ab 7d
4a 53 e3 08 4d 51 d6 7a  d5 e9 36 a6 39 4d 2f 82
5d 5e 99 43 e9 2f bb b6  f5 dd d4 4c 4b 34 d5 f7
a0 0e b2 92 15 82 c9 df  7e 17 84 cf c7 0a 4a e7
sending write buffer, mode=0xd, mspec=0, id=0,  offset=421888, len=4096
    Write buffer cdb: [3b 0d 00 06 70 00 00 10 00 00]
    Write buffer parameter list (first 256 bytes):
e0 68 12 12 e3 4d 66 34  1e 63 75 27 9a 54 82 0b
03 35 13 27 85 fe ea a1  fc 0b c2 fd ac bc 37 7e
38 c9 42 e0 59 63 17 79  b8 bf 57 ea 0e fe 25 bc
ec 7b 38 ac 03 74 6b ad  e5 94 38 db 47 4b 67 d2
ef a2 4e 93 6e bf 2f f0  38 f9 f0 60 12 5d 0f 8f
d4 8c 2a d9 84 ba 81 e3  d7 3c 07 1b fa 29 40 23
d4 64 4a 37 8d 05 b5 b8  76 d3 02 86 06 37 e8 e7
10 aa 41 03 77 2d 00 1e  e5 8e b4 d5 0a e1 49 1e
35 4f 86 2b 8c 64 0e 32  e9 25 56 95 d0 98 ed 54
9f 4a ae 15 ae d8 01 92  11 2f b4 09 07 b3 73 3f
f9 b8 c4 e1 68 dc b8 3b  54 79 ee 51 d1 69 9d 44
30 d9 9c d7 ef c5 a8 af  d9 a1 84 de c7 df e3 8b
69 b6 0c e0 23 02 f8 d2  bc f9 56 da 52 cc ab 30
22 1c 06 5b 2b 3c ab 81  91 d2 ca 9f dc 6c 5a 9e
59 e3 1a a2 4c e9 40 30  cc 7b a8 da 78 83 be e3
e8 ca 5d 46 da b9 bf 6b  fc 60 e6 32 fd 21 4c a0
sending write buffer, mode=0xd, mspec=0, id=0,  offset=425984, len=4096
    Write buffer cdb: [3b 0d 00 06 80 00 00 10 00 00]
    Write buffer parameter list (first 256 bytes):
d3 72 ce e4 17 d0 ca ba  78 54 2d b5 bb 50 af 90
fd 8c fa e1 7f e4 81 f5  e0 0a cb 75 2c f6 47 54
e3 8d 11 06 91 37 fe 5f  0a 74 d3 b1 3c bc 95 32
98 6e 4c a3 ce 94 13 96  7a ee a7 46 f2 ad 1f 70
6e 5d f7 e9 e3 11 15 a8  5a 17 4d b8 87 29 1c 62
2a 3d 88 0e 71 ad 27 29  f1 b8 81 84 6b a4 0f 83
e7 2d 7c 84 05 cf 83 a7  a8 b8 0f 24 15 bd 60 5d
75 bc 4c e1 46 ae 39 6d  1d 7a 84 2b 69 e1 17 6e
a2 ba 22 9c 47 1c 00 a7  f4 c0 e2 78 a2 9b b2 2a
2e 88 7f e0 92 c5 6f 63  6b 6b 2f 6d 0a e9 38 45
fd ce a4 dc 1d 0f 01 ba  da 19 22 05 84 e0 9a 57
e1 f1 10 f3 58 bb c9 c6  19 34 d1 9d cd 57 8c c8
5d 62 c5 d3 c4 ef 6f 7d  f9 bc b2 5e 97 b7 1a 94
0b 13 89 59 db b3 36 e1  ef cc 9d c6 5c d7 6e d7
e2 b5 b5 52 43 9a 9f a7  83 54 4b 1f e2 e7 50 b1
16 c1 d0 2a 4f fe c8 84  15 69 2c 54 94 a7 2e 71
sending write buffer, mode=0xd, mspec=0, id=0,  offset=430080, len=4096
    Write buffer cdb: [3b 0d 00 06 90 00 00 10 00 00]
    Write buffer parameter list (first 256 bytes):
17 b2 3e 24 83 c2 ae 12  5d 4f 79 ea 3a b8 66 09
88 05 a7 60 2b 21 48 a1  00 c9 2a 92 e2 b1 22 57
fb 08 31 a4 7a e0 67 76  a7 d4 84 5e d1 20 f1 36
90 8d a0 2a 0c f6 93 b6  19 be 0f b4 37 4c 1c bf
3c 71 2c 56 78 a8 03 14  a5 ed 53 92 fd 0b 9c 85
b1 c3 6e 36 5c 3c 04 af  94 a6 3a 0c a7 67 d9 d0
65 28 a1 49 67 3b 60 5c  30 0b 3d 1f 00 c2 51 5b
18 23 16 9e 4a f0 1e 86  19 d7 34 4f ea 18 bf 81
a3 f2 aa 75 5d ef ed bc  e2 a7 70 00 d0 5c 6d 41
2f ab 33 53 eb 81 c4 d6  9a f4 80 5a 5e 8c 5c b0
c6 1c 74 02 4d 85 ff c6  84 69 e7 68 9f a3 5e 01
5b 83 5c a9 2b f1 1a f6  71 3a 99 67 00 90 c5 8d
9a 46 da 00 17 a1 2e 56  d9 5e 0b 64 b3 36 c6 28
d2 2b f1 41 70 0e b2 9b  88 9e bb 36 1b 71 9f 7d
1e 4e 71 0c 31 5d 31 62  33 9f 09 9b 11 38 e3 88
b0 9a 87 57 64 4e bd 84  c5 4f 3c 84 5c 54 5c 5f
sending write buffer, mode=0xd, mspec=0, id=0,  offset=434176, len=4096
    Write buffer cdb: [3b 0d 00 06 a0 00 00 10 00 00]
    Write buffer parameter list (first 256 bytes):
14 0b 09 11 64 f8 6b a8  ae 63 2a 78 6b 70 f2 fe
c6 27 55 93 fe 99 94 6c  a1 52 f5 85 11 9d d9 70
d7 a1 57 9d a5 40 cd 0c  e1 8e a2 a2 4c 12 65 c2
3c 9c 98 f1 76 32 00 7a  9c 5a 6b ad 0e 99 5e 44
e6 8a 48 87 d6 a7 22 d1  24 14 aa cb 98 bd 2b 3a
74 5b 11 da ef af c1 35  97 66 9a 7d 1e c6 ee 09
50 95 45 a1 9e d4 85 49  08 9f fd 4d 37 4c 6a 74
a9 7e 6c 32 8e 50 e7 38  80 09 45 d5 c6 c1 d4 9b
b4 68 29 2b 40 3a f4 fd  d9 5d b5 3d 02 58 1b 4d
64 22 0c 2d a6 cf 3a e1  57 9c d9 86 45 7d 92 c3
5f 27 39 10 8a 50 8e 4f  6f e1 92 3a 58 2b 3e 47
46 15 15 28 a6 5f 69 79  c4 dc 8c a0 ac 44 c2 2d
c0 02 17 e8 db 5b c9 2f  9b af 3a 42 3a ff bc 75
f3 f9 86 dd 80 d9 a3 40  7b 2d 53 63 84 13 60 8f
bc 7b 01 ae ef d6 25 8f  5a 06 9d 13 05 63 82 82
57 85 6f 51 e6 0b 91 cc  4a 24 97 ca 3a f4 ae aa
sending write buffer, mode=0xd, mspec=0, id=0,  offset=438272, len=4096
    Write buffer cdb: [3b 0d 00 06 b0 00 00 10 00 00]
    Write buffer parameter list (first 256 bytes):
f0 85 5a cb 77 f8 b8 7c  d0 89 38 3b a9 27 4d bd
f9 30 7c 01 a3 5e af 49  e7 06 63 78 40 a7 e2 d7
60 fa 0d 3e 08 37 4a 59  f6 99 95 c9 00 aa b5 81
ef ab 5e 87 b3 e6 8f 79  42 fa e0 57 8d 3e f7 1a
98 f4 6c 0d 2d 56 b4 7b  52 4f c9 9f f3 17 7e fe
2e f6 3e 85 ff 25 35 eb  e5 a7 c0 24 03 31 b2 76
8d f5 68 ef cf 41 55 3d  1a c8 d8 5f 3f e6 78 89
03 fc 5e 5f cc 4a 6d 91  a9 a4 61 c1 eb f4 7a b7
73 69 d7 f5 45 11 88 60  a1 2d e3 fe 0b 9f b8 d8
30 1a f1 91 c5 f5 b2 36  01 29 29 5f 45 97 44 af
41 f3 ca c6 5c 66 72 62  fa 6d 35 11 46 55 f1 22
77 67 b8 72 3c 0d 7f a9  2b 88 21 00 2a 59 1c a5
d3 13 b5 3f 0f 58 d5 7e  d2 16 01 d3 78 40 f7 aa
7e 46 f2 10 cb fb 81 29  cf 44 cc a0 a6 e9 e9 86
5d 4c 64 29 8a b8 a9 fc  fc 4e 4a de 49 0f 24 b9
1e 64 5d 84 ca 64 5e 2c  a0 80 ee 60 18 81 67 4c
sending write buffer, mode=0xd, mspec=0, id=0,  offset=442368, len=4096
    Write buffer cdb: [3b 0d 00 06 c0 00 00 10 00 00]
    Write buffer parameter list (first 256 bytes):
06 af 73 43 fa f9 c1 77  8e 86 b5 e1 9f 5c b7 83
69 7b 27 95 c9 5c 1a 7e  ee d5 af 7b b0 74 53 7e
f3 cc 4f c6 5c 7c 3c 4e  2e 1c c8 2c 2e ef fb c9
4f b0 d4 d7 ba d7 89 a0  9d 9d 35 b9 3b 0d 21 90
70 1b 08 c2 99 dd d0 17  c7 fd 3a 05 a3 fb f0 78
e5 2a 5e 45 06 67 93 23  b0 51 80 b0 4c 55 42 9e
79 e2 60 b9 48 b4 7f 89  e1 56 f6 72 0c e9 8e 8e
3b 57 2d ec 1e c5 30 fb  43 d1 3d f6 e6 e2 f6 79
27 bd 86 7c df ad 1a 16  38 62 3c 6d 74 22 ef 86
58 e9 3f 1a 10 73 a9 b5  27 8c d4 83 52 79 02 42
a0 df 55 fa ef 89 c2 59  55 8f da ef 12 66 3d e5
b7 a5 a2 42 4b 90 7e fa  e9 8c a3 c4 71 98 63 30
69 f7 dc ec 04 fe 19 92  0f 6d c8 cc 12 43 eb ac
5e 28 04 e6 7f 54 0b 77  bb aa 9e 98 5c 48 54 09
32 64 9b b7 42 dc 74 ed  c6 44 63 e8 6f 27 1d d0
7c 0a 2e 76 57 38 fc 64  15 30 c7 c0 b6 af 80 16
sending write buffer, mode=0xd, mspec=0, id=0,  offset=446464, len=4096
    Write buffer cdb: [3b 0d 00 06 d0 00 00 10 00 00]
    Write buffer parameter list (first 256 bytes):
cc fd ab 05 55 5c ba 10  bb 18 52 02 71 7f 4a 85
d6 56 ab c6 96 8b 47 82  57 55 4b f3 9d 6f 0f cb
15 87 46 d1 2e 06 04 fa  1a d4 48 8a df 8d dc ff
01 4a f2 4d 85 c0 1a 23  62 06 07 7b ff d3 33 92
dd 08 f9 cd c1 84 ce ca  28 f7 99 42 2e b7 dc d4
eb 11 3e f4 53 c9 3a 6a  18 62 33 04 e1 f0 ed 6e
f2 9e 85 92 f7 97 ff 38  ab 2f 3e 77 19 06 33 7e
2f 8d 6a 5b b2 ec 74 21  53 b5 10 70 e6 23 db bc
8e a4 aa 01 33 01 d8 59  05 25 8d ee 00 cc 72 8f
17 ba 70 77 37 c6 42 3a  92 8e 2c 0f d2 ba f7 f0
8e 45 82 d4 e0 bf 48 1e  53 f9 4b ea 85 9b 89 4b
25 f2 ab d8 0a 34 71 8c  61 9f 07 92 ff 95 f6 cb
af 36 3d 66 48 0e c3 fd  2f db 6a a2 5f 59 67 91
98 2f 9d b7 34 d5 d3 25  c6 c7 20 6d 55 2e af 7c
8a 5a 5f 61 72 5d 65 80  c3 7f 9d 63 c8 0e 55 80
43 b9 e6 78 c0 2e dc a6  1f 1f bb 3d a4 8e 50 09
sending write buffer, mode=0xd, mspec=0, id=0,  offset=450560, len=4096
    Write buffer cdb: [3b 0d 00 06 e0 00 00 10 00 00]
    Write buffer parameter list (first 256 bytes):
2f fd 1c c7 51 4c f1 d8  f8 da 0f 2f c4 e4 6a 1e
37 c4 84 c0 1f dd 78 9f  8a 6f 82 37 ed 50 4a ed
80 75 71 11 8d 0e 70 64  81 b1 f7 f7 d4 9a 6a b7
3a b9 d0 1c 55 95 46 dc  32 42 13 72 97 9f 13 0f
67 eb 4f 4f be 8e d7 a4  a6 fe 6d d9 7c 63 61 91
a0 6d 4c 8b 30 f3 ac a0  0e 6f fc a5 dd 14 ad 8b
06 8b 0e 47 52 59 f2 95  e2 45 90 e0 9e 54 14 03
91 9e a8 a6 ad f4 eb 1b  c8 3f de 60 fd c6 0d 5e
37 9f 1c 9f 8c 95 c4 e9  b0 f5 45 51 0e 0d 3d 0e
4a f0 7d ee 31 a2 d2 1a  86 a5 12 18 ae 8b c3 37
04 df b2 9c 38 44 2f 69  1e a8 c4 d2 4b 2a dd 5d
54 b5 12 6c 5c 13 f2 6d  2f 3f cb ff 81 3d df ca
ba 3f 0e 9d 87 4f a7 81  95 12 0f 9f 15 b9 98 0a
ee ef d3 ec e6 dc 53 7b  fd 4a 3d fe fd cc 3f 69
c6 1c 2a f1 9f 88 dc 9e  2c 90 ca 0d 70 9a ce f8
fc 97 e8 8b ec 73 40 ef  c2 d6 a3 1a ac d1 7f cc
sending write buffer, mode=0xd, mspec=0, id=0,  offset=454656, len=4096
    Write buffer cdb: [3b 0d 00 06 f0 00 00 10 00 00]
    Write buffer parameter list (first 256 bytes):
91 b0 2f 3d 0e 1d d6 17  58 22 93 40 a6 03 34 a3
bb 82 84 9b c7 fa 86 a4  f2 89 67 37 ef 2f bc 39
1d 2b 6f 98 cb a2 d2 8b  bf 51 58 64 03 be 13 99
ad c0 8f b5 97 a6 2e 08  c3 7b 3c e9 b6 55 56 9e
75 02 80 da 0c 42 5e 0a  b1 6c 08 ef 02 52 f5 95
95 b9 b5 00 29 2c 19 74  53 81 72 4e f1 69 bb 6a
f7 c9 8c ea 09 c0 56 60  bc a6 15 c6 6d 81 e4 db
51 eb 45 83 76 e2 e1 2f  1e 2f 9a 81 c3 9d f4 4f
67 a4 22 df 3b d3 6a ed  f0 cb cf 36 24 cb 75 23
41 58 6a ac 3a 72 42 8e  0e 9b f2 e0 54 4a ae eb
de c1 71 1e 40 16 c4 ce  d9 cb 65 f5 b8 60 ef 45
b1 4e c6 b7 65 5e c3 f2  6c 86 dc 5e 59 8a cb 0d
0f 30 19 88 0a 3b f5 4c  a6 96 5f c3 8f 54 98 97
3d d5 a4 5b a8 b1 a4 68  fb 55 97 5a d9 00 3d 6c
28 2a ab da bb 26 04 04  95 81 90 de 73 03 3c fd
ed eb 41 64 e1 69 c2 36  e5 0d c9 81 26 0f 60 dc
sending write buffer, mode=0xd, mspec=0, id=0,  offset=458752, len=4096
    Write buffer cdb: [3b 0d 00 07 00 00 00 10 00 00]
    Write buffer parameter list (first 256 bytes):
df 00 4c 5e 49 c2 25 54  da c9 87 69 20 09 19 fb
60 11 74 cf 1a b1 43 0f  8a 3d dd 75 4b 30 47 45
84 2a ba 1e 86 c6 d7 96  4b 50 b2 10 ed b3 09 77
a9 5f 95 65 e1 2f ad 02  91 d8 1f 3f e8 52 03 09
76 86 db d2 91 1c ef 37  59 f6 52 7c b6 b5 16 77
44 a9 19 98 9a da b4 f3  a9 04 47 7e c0 d5 e5 a1
e0 98 b5 ea 58 6a 19 ad  66 a0 06 94 22 a5 da db
0b 4d 01 6d b2 5c 38 21  03 db 39 fe f0 f4 9c 8b
ad 5b b8 d5 30 dc 96 d6  ea 43 f2 2b 39 fc 4f 7b
8d 4f e2 d7 e4 82 4c be  45 ac aa 79 7f 84 c5 73
d5 fc 87 ab b3 d0 72 5f  fe 72 21 0e ed 95 d0 72
2b 60 d4 1a dd 87 98 23  d8 77 d2 4f e7 27 6e 36
e1 a0 a9 fd d1 a7 0c 48  7b 05 6c 5e 5a be 08 25
b1 79 4c 9c 57 5f 23 92  22 a0 d8 ad ae 6b 1b 3c
90 d8 5c 7a ee 4b 9f 6b  17 5b 83 65 ae 85 6c cd
93 db c6 87 98 97 f3 29  ff 0f 7d 94 4c fc 82 9e
sending write buffer, mode=0xd, mspec=0, id=0,  offset=462848, len=4096
    Write buffer cdb: [3b 0d 00 07 10 00 00 10 00 00]
    Write buffer parameter list (first 256 bytes):
79 cf b0 06 e1 38 13 2f  36 cf 4d 4e 4c f5 f2 97
a3 b0 7c 46 be e8 f2 2b  10 6a 40 59 2a cf b1 2a
c8 66 58 78 91 17 57 1d  a4 10 42 ec 3f cc 2e 45
53 22 3d 82 5d 5e 9f aa  99 c2 70 03 f6 3f db 4f
91 e9 2f 96 54 bf a8 2a  51 ba f1 b2 19 27 36 c5
82 08 0f 73 71 22 7d 40  2c ff 0f a5 2c 03 4c 0a
6c d5 37 24 60 3d 85 08  8f 85 87 99 49 b4 2f eb
0a d8 19 08 32 4a ee 11  66 83 b3 cd 10 b0 36 67
1b 26 eb 62 89 d6 7b 31  ea 05 5a fe d0 9e 7d 2a
cc 98 ed c4 e3 47 ee 90  41 60 4c d8 7f 26 20 e5
f5 3c 84 05 06 6c 48 54  c4 84 49 6a 31 6a e1 ef
d2 f3 1d ab e8 d7 f3 dd  b3 69 ea 09 ff f2 6d 6d
f2 da 0d 03 85 42 fc 07  af 40 cf e4 e0 d3 50 e3
c0 ab a5 a8 e8 c9 99 88  52 ac af c9 4f d2 12 71
f5 81 e4 87 95 8d cc 6b  f5 b1 f0 32 54 6c 8f 88
6f 5a 2b 36 52 49 fa 7a  6e e2 81 09 d3 dd c6 0b
sending write buffer, mode=0xd, mspec=0, id=0,  offset=466944, len=4096
    Write buffer cdb: [3b 0d 00 07 20 00 00 10 00 00]
    Write buffer parameter list (first 256 bytes):
ff ff ff ff ff ff ff ff  ff ff ff ff ff ff ff ff
ff ff ff ff ff ff ff ff  ff ff ff ff ff ff ff ff
ff ff ff ff ff ff ff ff  ff ff ff ff ff ff ff ff
ff ff ff ff ff ff ff ff  ff ff ff ff ff ff ff ff
ff ff ff ff ff ff ff ff  ff ff ff ff ff ff ff ff
ff ff ff ff ff ff ff ff  ff ff ff ff ff ff ff ff
ff ff ff ff ff ff ff ff  ff ff ff ff ff ff ff ff
ff ff ff ff ff ff ff ff  ff ff ff ff ff ff ff ff
ff ff ff ff ff ff ff ff  ff ff ff ff ff ff ff ff
ff ff ff ff ff ff ff ff  ff ff ff ff ff ff ff ff
ff ff ff ff ff ff ff ff  ff ff ff ff ff ff ff ff
ff ff ff ff ff ff ff ff  ff ff ff ff ff ff ff ff
ff ff ff ff ff ff ff ff  ff ff ff ff ff ff ff ff
ff ff ff ff ff ff ff ff  ff ff ff ff ff ff ff ff
ff ff ff ff ff ff ff ff  ff ff ff ff ff ff ff ff
ff ff ff ff ff ff ff ff  ff ff ff ff ff ff ff ff
sending write buffer, mode=0xd, mspec=0, id=0,  offset=471040, len=4096
    Write buffer cdb: [3b 0d 00 07 30 00 00 10 00 00]
    Write buffer parameter list (first 256 bytes):
ff ff ff ff ff ff ff ff  ff ff ff ff ff ff ff ff
ff ff ff ff ff ff ff ff  ff ff ff ff ff ff ff ff
ff ff ff ff ff ff ff ff  ff ff ff ff ff ff ff ff
ff ff ff ff ff ff ff ff  ff ff ff ff ff ff ff ff
ff ff ff ff ff ff ff ff  ff ff ff ff ff ff ff ff
ff ff ff ff ff ff ff ff  ff ff ff ff ff ff ff ff
ff ff ff ff ff ff ff ff  ff ff ff ff ff ff ff ff
ff ff ff ff ff ff ff ff  ff ff ff ff ff ff ff ff
ff ff ff ff ff ff ff ff  ff ff ff ff ff ff ff ff
ff ff ff ff ff ff ff ff  ff ff ff ff ff ff ff ff
ff ff ff ff ff ff ff ff  ff ff ff ff ff ff ff ff
ff ff ff ff ff ff ff ff  ff ff ff ff ff ff ff ff
ff ff ff ff ff ff ff ff  ff ff ff ff ff ff ff ff
ff ff ff ff ff ff ff ff  ff ff ff ff ff ff ff ff
ff ff ff ff ff ff ff ff  ff ff ff ff ff ff ff ff
ff ff ff ff ff ff ff ff  ff ff ff ff ff ff ff ff
sending write buffer, mode=0xd, mspec=0, id=0,  offset=475136, len=4096
    Write buffer cdb: [3b 0d 00 07 40 00 00 10 00 00]
    Write buffer parameter list (first 256 bytes):
10 04 41 00 00 00 05 44  2d e9 f0 47 df f8 90 91
01 28 13 d0 d9 f8 08 10  21 f4 00 51 c9 f8 08 10
d9 f8 00 10 41 f0 80 51  c9 f8 00 10 d9 f8 08 10
21 f0 80 51 c9 f8 08 10  bd e8 f0 87 59 48 00 24
04 72 59 4d d5 f8 30 0e  40 f4 80 30 c5 f8 30 0e
58 4f 40 f6 a8 5a df f8  54 81 55 4e 3c 60 05 f5
63 65 43 f2 00 01 30 46  06 f1 dc ef 07 20 38 61
51 49 02 20 08 61 01 f5  80 51 08 61 50 49 4f 48
08 61 01 f5 80 51 08 61  2b 20 f8 60 4d 48 c1 8a
41 f4 c0 51 c1 82 d9 f8  00 00 40 f0 80 50 c9 f8
00 00 d9 f8 08 00 20 f0  80 50 c9 f8 08 00 52 46
41 46 30 46 01 f0 fe f9  30 46 04 62 44 62 04 63
44 63 28 68 20 f4 80 30  28 60 b5 e7 38 49 88 42
05 d3 01 f6 a8 51 88 42  01 d2 01 20 70 47 00 20
70 47 34 49 0a 69 42 f0  04 02 0a 61 35 49 00 28
c8 69 02 d0 40 f4 80 50  01 e0 40 f4 00 60 c8 61
sending write buffer, mode=0xd, mspec=0, id=0,  offset=479232, len=4096
    Write buffer cdb: [3b 0d 00 07 50 00 00 10 00 00]
    Write buffer parameter list (first 256 bytes):
48 7a 00 28 2f d1 d4 f8  1c c0 f0 21 d4 e9 04 70
00 23 01 22 ac f1 01 0c  84 45 0c d3 00 f1 01 0c
c4 f8 14 c0 05 e0 39 54  09 0a 41 ea 03 61 1b 0a
40 1c 52 1e f7 d2 e1 69  0a 39 81 42 0e d2 94 f8
24 00 02 28 0a d2 02 20  84 f8 24 00 00 20 c4 e9
00 00 06 48 a0 60 01 20  3e f2 1f fc e0 6a 01 6b
49 1c 01 63 2e 71 75 e5  30 f9 00 00 ef be ad de
10 3d 24 80 1c b5 0c 46  04 99 cd e9 00 31 96 49
13 46 22 46 01 eb 80 01  ff f0 e9 ff 1c bd 1c b5
0c 46 04 99 c9 b2 cd e9  00 31 8f 49 13 46 22 46
01 eb 80 01 00 f1 b2 f8  1c bd 38 b5 0c 46 8a 49
00 93 01 eb 80 01 13 46  22 46 ff f0 a0 ff 38 bd
30 b4 0c 46 84 49 13 46  22 46 30 bc 01 eb 80 01
ff f0 bd bf 80 49 01 eb  80 01 ff f0 79 bf 30 b4
0c 46 7d 49 13 46 22 46  30 bc 01 eb 80 01 ff f0
06 bf 2d e9 ff 4f 83 b0  1d 46 00 26 17 46 88 46
sending write buffer, mode=0xd, mspec=0, id=0,  offset=483328, len=4096
    Write buffer cdb: [3b 0d 00 07 60 00 00 10 00 00]
    Write buffer parameter list (first 256 bytes):
e8 40 40 f2 e8 35 28 46  04 f0 0b fb 2e 07 40 f6
b8 37 41 46 48 46 06 f0  91 f8 64 1c 40 46 80 21
ff f7 c2 ff 28 46 04 f0  fc fa 31 46 48 46 ff f7
bb ff 38 46 04 f0 f5 fa  32 2c ef d2 e9 e7 fe b5
26 4e 01 2a 0d 46 04 46  0b d0 cd e9 00 01 24 48
02 90 68 46 44 f2 ad f8  30 46 bd e8 fe 40 3f f2
99 bb 20 48 00 94 cd e9  01 50 68 46 44 f2 a1 f8
30 46 3f f2 8f fb 4f f0  ff 30 22 46 00 21 65 f3
1f 62 cd e9 00 00 09 20  e2 f2 33 fe fe bd 0c 46
05 46 fe f7 74 f9 26 f3  8f fe 00 22 21 46 28 46
ff f7 cd ff 21 46 28 46  27 f3 0e fb 3e f2 6c fc
21 46 28 46 ff f7 9f ff  10 b5 bd f2 76 fd 40 b1
d9 f2 32 fe 18 b1 01 20  d2 f2 33 fa 08 b1 01 20
10 bd 00 20 10 bd 00 00  00 60 02 44 14 00 00 7e
04 00 00 0a d4 02 00 0a  70 b5 32 4c 05 46 e0 68
10 b9 04 f1 69 fc 60 60  2e 48 e1 68 14 30 40 f8
sending write buffer, mode=0xd, mspec=0, id=0,  offset=487424, len=4096
    Write buffer cdb: [3b 0d 00 07 70 00 00 10 00 00]
    Write buffer parameter list (first 256 bytes):
1e 28 0b d0 17 28 09 d0  03 f0 2e 00 22 28 05 d0
00 22 18 46 11 46 fe f7  33 ff 05 46 24 1d 01 23
22 46 00 20 02 a9 fe f7  5c fa 02 9b 98 06 da d1
6d 1c 35 d1 38 78 2b e0  24 51 00 00 00 80 02 44
a8 42 05 44 00 c0 02 44  00 90 01 44 ed fe ad de
48 a0 00 00 0d f0 ad de  00 05 00 44 00 94 00 44
1c 51 00 00 00 20 24 80  00 a1 00 00 14 a0 00 00
f0 4d 04 00 8e a0 00 00  14 51 00 00 a0 a0 00 00
0c 51 00 00 0a a0 00 00  65 34 83 57 00 a0 00 00
08 b1 4a df 17 df 01 20  c9 f8 00 80 00 f0 4e ed
03 f0 56 e8 bd e8 fe 83  fe 48 10 b5 c1 69 41 f0
01 01 c1 61 03 f0 be e9  fb 48 00 78 08 28 2e d0
03 28 2c d0 00 20 3d f2  fb fa ff f7 47 ff f7 49
4f f4 80 00 08 63 f6 48  81 6f 40 f2 00 41 81 67
03 f0 8e e9 f3 49 00 20  49 f2 c0 ff f2 48 4f f0
ff 31 01 61 41 61 c1 60  00 22 02 60 42 60 41 60
sending write buffer, mode=0xd, mspec=0, id=0,  offset=491520, len=4096
    Write buffer cdb: [3b 0d 00 07 80 00 00 10 00 00]
    Write buffer parameter list (first 256 bytes):
32 a0 00 00 90 a0 00 00  81 78 85 76 0d 00 a0 e1
1e ff 2f e1 d1 10 a0 e3  01 f0 21 e1 30 d0 9f e5
d2 10 a0 e3 01 f0 21 e1  24 d0 9f e5 db 10 a0 e3
01 f0 21 e1 18 d0 9f e5  d7 10 a0 e3 01 f0 21 e1
0c d0 9f e5 d3 10 a0 e3  01 f0 21 e1 04 d0 9f e5
10 ff 2f e1 00 00 01 00  00 fc 00 00 1f b5 17 48
01 78 00 29 28 d1 01 21  01 70 15 48 00 f0 2a e8
00 f0 2c e8 06 9a 07 a9  1e c0 1f 21 21 40 1f 29
09 d0 12 29 07 d0 1b 29  05 d0 13 29 03 d0 17 29
01 d0 11 29 02 d1 c0 31  00 f0 1e e8 05 99 02 c0
00 f0 22 e8 1e c0 00 f0  2a e8 06 c0 6c 46 04 4a
03 cc 03 c2 06 9a 96 46  1f bd 00 00 98 fa 00 00
30 fa 00 00 ff 1f a0 e8  1e ff 2f e1 00 30 0f e1
00 40 4f e1 1e ff 2f e1  01 f0 21 e1 00 60 a0 e8
03 f0 2f e1 1e ff 2f e1  10 1f 15 ee 30 2f 15 ee
11 3f 15 ee 31 4f 15 ee  1e ff 2f e1 10 1f 16 ee
sending write buffer, mode=0xd, mspec=0, id=0,  offset=495616, len=4096
    Write buffer cdb: [3b 0d 00 07 90 00 00 10 00 00]
    Write buffer parameter list (first 256 bytes):
05 20 a0 e1 06 30 a0 e1  8c 0b 04 eb 28 20 94 e5
2c 30 94 e5 bf 08 04 eb  05 20 a0 e1 06 30 a0 e1
86 0b 04 eb 20 20 94 e5  24 30 94 e5 b9 08 04 eb
05 20 a0 e1 06 30 a0 e1  80 0b 04 eb 18 20 94 e5
1c 30 94 e5 b3 08 04 eb  05 20 a0 e1 06 30 a0 e1
7a 0b 04 eb 10 20 94 e5  14 30 94 e5 ad 08 04 eb
05 20 a0 e1 06 30 a0 e1  74 0b 04 eb 08 20 94 e5
0c 30 94 e5 a7 08 04 eb  05 20 a0 e1 06 30 a0 e1
6e 0b 04 eb 0c 00 94 e8  f0 41 bd e8 a1 08 04 ea
ff 4d 2d e9 00 50 a0 e1  01 40 a0 e1 02 01 c1 e3
f9 05 50 e3 10 d0 4d e2  07 00 00 aa 05 00 a0 e1
13 fe ff eb 04 00 50 e3  4d 00 00 0b 05 00 a0 e1
04 10 a0 e1 20 d0 8d e2  f0 8d bd e8 05 20 a0 e1
01 30 a0 e1 02 00 a0 e1  58 0b 04 eb 00 60 a0 e1
01 70 a0 e1 05 20 a0 e1  04 30 a0 e1 53 0b 04 eb
00 80 a0 e1 ec 00 9f e5  01 a0 a0 e1 06 20 a0 e1
sending write buffer, mode=0xd, mspec=0, id=0,  offset=499712, len=4096
    Write buffer cdb: [3b 0d 00 07 a0 00 00 10 00 00]
    Write buffer parameter list (first 256 bytes):
1e ff 2f e1 00 00 0f e1  80 10 c0 e3 01 f0 2f e1
1e ff 2f e1 30 48 70 b5  c1 69 c0 69 c1 f3 07 11
2f 4d 00 f4 7f 00 00 24  41 ea 10 20 2b 49 48 80
35 f8 24 10 81 42 03 d0  64 1c 03 2c f8 d3 01 e0
03 2c 03 d3 0d 21 00 20  fc f7 ee e8 05 eb 84 00
40 88 70 bd 70 47 c0 07  01 d0 4f f4 80 20 70 47
20 48 00 21 10 b5 01 60  10 21 81 82 1f 21 01 84
01 8c 41 f4 78 71 01 84  fb f7 b0 f9 fb f7 c4 f9
19 48 81 68 21 f4 00 51  81 60 10 bd 13 48 00 78
70 47 16 48 d0 f8 00 1b  41 f0 20 01 c0 f8 00 1b
70 47 0e 49 08 70 70 47  0c 49 c8 60 00 20 10 49
08 60 0e 49 d1 f8 00 0b  40 f0 01 00 c1 f8 00 0b
00 20 40 1c 19 28 fc d3  d1 f8 00 0b 20 f0 01 00
c1 f8 00 0b 70 47 00 00  00 80 02 44 00 a1 00 00
80 8b 00 00 40 40 05 44  00 00 05 44 00 90 01 44
00 a0 00 00 10 00 2d e9  10 4f 11 ee 04 40 84 e3
sending write buffer, mode=0xd, mspec=0, id=0,  offset=503808, len=4096
    Write buffer cdb: [3b 0d 00 07 b0 00 00 10 00 00]
    Write buffer parameter list (first 256 bytes):
70 b5 f8 f7 b2 fb 19 4e  04 46 19 4d d6 f8 c8 10
ca 00 03 d5 aa 78 0a b9  44 f4 40 34 48 01 03 d5
a8 78 08 b9 44 f0 80 64  20 46 fc f7 6d f9 fc f7
e4 ed d6 f8 c8 10 c8 00  03 d5 a8 78 08 b9 24 f4
40 34 48 01 03 d5 a8 78  08 b9 24 f0 80 64 20 46
fc f7 5a f9 07 48 00 6b  00 07 05 d5 68 89 40 f4
80 40 68 81 01 20 68 61  70 bd 00 00 28 a1 27 80
34 14 26 80 00 00 05 44  70 b5 04 46 f9 f7 7f f9
f8 f7 1a fc fe 4b 01 25  fe 4a ff 49 18 78 02 28
1f d0 03 28 04 d0 01 28  33 d0 88 b3 76 df 56 df
08 78 05 28 01 d0 76 df  64 df 06 2c 2e d0 07 2c
01 d0 76 df 63 df b2 f8  e4 00 00 07 03 d5 b2 f8
e4 00 80 06 01 d5 76 df  54 df 1d 70 03 20 08 70
1e e0 08 78 08 b1 76 df  4e df 00 20 06 2c 02 d0
07 2c 09 d1 04 e0 b2 f8  e4 20 92 06 04 d5 05 e0
b2 f8 e4 10 89 06 02 d5  76 df 55 df 0d 70 18 70
sending write buffer, mode=0xd, mspec=0, id=0,  offset=507904, len=4096
    Write buffer cdb: [3b 0d 00 07 c0 00 00 10 00 00]
    Write buffer parameter list (first 256 bytes):
8f ff 20 68 90 f8 80 01  c0 07 0f d0 1b f3 9e fc
20 68 01 89 c1 f3 c0 31  41 b1 00 7c 80 07 03 d5
09 48 00 78 40 06 01 d4  80 f2 4f fc 20 68 81 69
41 f4 80 41 81 61 0a b0  10 bd 00 00 90 23 24 80
00 60 02 44 e0 a6 24 80  e6 9e 27 80 4f f0 7f f5
1e ff 2f e1 6f f0 7f f5  1e ff 2f e1 00 02 2d e9
0d 90 a0 e3 12 9f 06 ee  51 9f 16 ee 01 90 c9 e3
4f f0 7f f5 51 9f 06 ee  6f f0 7f f5 00 90 a0 e3
11 9f 06 ee 1e 90 0e e3  51 9f 06 ee 08 96 00 e3
91 9f 06 ee 51 9f 16 ee  01 90 89 e3 4f f0 7f f5
51 9f 06 ee 6f f0 7f f5  00 02 bd e8 1e ff 2f e1
01 40 2d e9 01 00 a0 e3  06 00 00 eb 01 40 bd e8
1e ff 2f e1 01 40 2d e9  00 00 a0 e3 01 00 00 eb
01 40 bd e8 1e ff 2f e1  00 03 2d e9 00 80 0f e1
80 90 88 e3 09 f0 2f e1  0d 90 a0 e3 12 9f 06 ee
51 9f 16 ee 00 00 50 e3  01 00 00 0a 01 90 89 e3
sending write buffer, mode=0xd, mspec=0, id=0,  offset=512000, len=4096
    Write buffer cdb: [3b 0d 00 07 d0 00 00 10 00 00]
    Write buffer parameter list (first 256 bytes):
00 d5 49 00 af f2 87 42  29 20 ad f0 3e fe 02 e0
a9 6b 05 20 48 73 df f8  64 80 a8 6b 42 7b c1 7a
16 48 60 30 f1 f0 d6 fc  04 46 a9 6b a3 78 48 7b
58 f8 23 20 90 47 01 46  a8 6b 41 73 c2 7a 02 73
62 78 c2 72 82 b3 04 29  e7 d1 2a e0 30 f9 00 00
10 bc 27 80 10 3d 24 80  28 c8 27 80 78 3f 24 80
90 23 24 80 e8 b8 27 80  10 57 24 80 98 44 24 80
18 47 24 80 18 42 24 80  28 a1 27 80 bc bb 32 00
ff e7 29 20 c9 f5 f5 f8  58 b9 e0 7a 03 28 08 d0
09 28 06 d0 a8 6b 81 68  41 f0 04 01 81 60 ff f7
5e fd 05 20 bd e8 f0 81  ff e7 30 78 00 24 20 f0
01 00 30 70 7c 70 a8 6b  ff f7 06 fd 02 20 ac 63
f0 e7 30 b5 8f b0 0c 46  24 21 05 46 06 a8 d0 f6
fa e9 af f2 6d 11 06 91  af f2 4d 61 00 2c 09 95
07 91 03 d0 4f f0 ff 30  cd e9 0a 40 4f f0 02 00
0d 90 02 d0 4f f0 03 00  0d 90 4f f0 01 00 8d f8
sending write buffer, mode=0xd, mspec=0, id=0,  offset=516096, len=4096
    Write buffer cdb: [3b 0d 00 07 e0 00 00 10 00 00]
    Write buffer parameter list (first 256 bytes):
ce f6 4c ff 80 b2 40 f2  8a 21 88 42 4f f0 ff 3b
a0 82 1e d9 60 79 40 1c  c0 b2 60 71 05 28 04 d9
80 48 02 aa 59 46 6b f0  c7 fa a0 8a e1 8a 88 42
00 d9 e0 82 76 48 b0 30  00 68 d8 f0 93 fd 28 79
02 28 09 d0 20 8b 20 f0  60 00 20 83 dd f0 68 fb
76 e0 84 f8 05 80 e8 e7  a8 68 81 28 70 d0 72 49
88 42 02 d0 49 1c 88 42  16 d1 20 8b 40 f0 20 00
20 83 ff f7 9b ff 44 f2  00 00 41 f0 d9 fe 69 4e
02 aa 59 46 76 1e 30 46  b2 46 6b f0 95 fa 20 8b
40 05 0c d4 37 46 0a e0  20 8b 02 aa 59 46 40 f0
40 00 20 83 5f 48 40 1c  82 46 6b f0 85 fa 2a 46
a9 46 57 49 d2 e9 04 56  e8 31 c1 e9 02 56 10 7f
08 70 b9 f8 28 20 4a 80  e7 b1 45 f0 03 fc d9 f8
08 10 00 20 68 f0 c1 ff  00 23 01 46 04 20 1a 46
cd f8 00 80 67 f0 08 ff  46 f0 00 40 52 46 00 21
cd e9 00 50 13 20 ad f0  4c f8 20 8b 40 f4 80 60
sending write buffer, mode=0xd, mspec=0, id=0,  offset=520192, len=4096
    Write buffer cdb: [3b 0d 00 07 f0 00 00 10 00 00]
    Write buffer parameter list (first 256 bytes):
05 d1 f1 48 90 f8 18 02  08 28 00 d1 dc e7 70 47
70 47 ed 48 10 b5 00 24  90 f8 18 02 01 28 01 d0
02 28 00 d1 01 24 40 f2  00 10 40 f0 67 fd 00 b9
00 24 20 46 10 bd e6 48  b0 f9 08 00 10 f1 80 0f
03 d0 0a 21 90 fb f1 f0  00 b2 70 47 df 48 00 b5
d0 f8 f0 00 90 f8 ac 00  c0 07 12 d1 ff f7 eb ff
dc 49 4a 78 42 b1 91 f9  0d 20 90 42 07 dc 91 f9
0e 10 88 42 03 db 04 e0  0a 38 33 28 01 d3 00 20
00 bd 01 20 00 bd 10 b5  88 b0 04 46 ff f7 de ff
00 28 a0 68 12 d0 20 f0  80 00 a0 60 ff 21 20 46
ff f7 a8 fc 20 46 ff f7  d5 fb d0 b3 ca 48 40 f0
06 ff b0 b3 46 f0 c1 fa  18 b1 33 e0 40 f0 80 00
eb e7 20 7a 00 06 2d d4  c0 48 d0 f8 f0 00 d0 f8
a8 10 c9 00 07 d4 d0 f8  ac 00 c0 01 03 d5 bf 48
90 f8 79 02 e8 b1 be 48  d0 e9 00 10 c4 e9 0a 10
4f f4 08 30 69 46 20 64  04 f1 30 00 f1 f0 a3 fe
sending write buffer, mode=0xd, mspec=0, id=0,  offset=524288, len=4096
    Write buffer cdb: [3b 0d 00 08 00 00 00 10 00 00]
    Write buffer parameter list (first 256 bytes):
84 7a d0 e9 0a 13 02 6c  04 2c 03 d0 05 2c 1b d0
c4 6b 12 1b d0 e9 0c 45  00 26 0f 1b 73 eb 05 07
1b d3 d2 b1 b2 f5 80 3f  01 d3 4f f6 ff 72 82 63
a2 18 75 41 4e 1c 43 f1  00 03 b2 1a ab 41 02 d2
09 1b 49 1c 81 63 f0 bd  d0 e9 0c 45 0c 1b 73 eb
05 04 df d2 c0 e9 0c 13  dc e7 86 63 f0 bd 4c 4b
f8 3b 58 73 99 73 5a 70  70 47 48 48 81 68 41 f4
80 71 81 60 70 47 42 f2  00 00 c9 f5 c3 be 44 4b
10 b5 04 46 00 20 a3 f8  94 01 d4 e9 0c 12 c4 e9
18 12 a1 6b a1 66 a4 f8  7c 00 c4 f8 80 00 a0 7a
03 28 15 d0 4f f0 ff 30  36 4a c4 f8 94 00 40 f2
04 20 e0 66 12 1d b3 f8  90 31 04 f1 70 01 c3 f0
a5 ff 20 46 ff f7 84 ff  37 48 c4 f8 c0 00 10 bd
36 48 e9 e7 10 b5 04 46  6c 30 64 f0 8d fd d4 e9
36 01 c4 e9 18 01 01 20  a0 66 d4 f8 10 01 c4 f8
94 00 00 20 c4 f8 80 00  10 bd 70 b5 04 46 21 49
sending write buffer, mode=0xd, mspec=0, id=0,  offset=528384, len=4096
    Write buffer cdb: [3b 0d 00 08 10 00 00 10 00 00]
    Write buffer parameter list (first 256 bytes):
e9 e7 dd e9 0e 01 ff f7  cd fb 00 99 08 43 6a d0
1b 98 40 f4 00 50 1b 90  df f0 cd fe 4d ae 96 e8
0f 00 80 46 04 98 89 46  93 46 9a 46 e0 f0 13 fb
dd e9 0e 23 a0 49 01 f1  08 00 c1 e9 00 23 dd e9
4d 67 dd e9 4f ce 80 e8  c0 50 4f f0 ff 36 8e 61
00 98 00 28 c8 69 3e d0  40 f0 04 00 c8 61 00 9f
02 2f 3d d0 20 f0 08 00  c8 61 dd e9 62 07 c1 e9
0a 07 64 98 08 63 dd e9  66 07 c1 e9 08 07 0f 46
c7 e9 1a 23 c8 69 40 f0  01 00 c8 61 8b 48 88 63
89 49 89 48 38 31 c2 f0  53 fc 31 46 42 f2 00 00
00 df df f0 8e fe 97 f8  3c 00 03 90 4d a8 cd f8
40 a1 80 e8 00 0b 03 98  02 28 3f f4 75 af 02 e0
11 e0 88 e0 83 e0 00 20  8d f8 24 00 d7 e9 1a 10
cd e9 0e 10 8b e7 20 f0  04 00 c8 61 cf e7 58 e0
40 f0 08 00 c0 e7 0a 98  a0 f1 80 41 a6 39 05 d0
01 2d 3b d0 02 2d 3c d0  bd b3 41 e0 36 98 80 b3
sending write buffer, mode=0xd, mspec=0, id=0,  offset=532480, len=4096
    Write buffer cdb: [3b 0d 00 08 20 00 00 10 00 00]
    Write buffer parameter list (first 256 bytes):
8a 00 09 84 ff e7 5d f0  fb f8 20 46 04 f0 b7 fa
0b 20 11 e7 0c 20 0f e7  2d e9 f8 43 0c 46 c4 f5
fe fb a0 68 40 f0 08 00  a0 60 c4 f5 e9 fb a0 7a
01 23 03 28 07 d1 fe 48  90 f8 28 00 c0 06 02 d4
84 f8 c4 30 5f e0 a0 68  98 46 00 26 df f8 e8 93
20 f4 80 61 a1 60 d4 e9  36 12 04 f5 e4 70 04 f5
e4 77 06 c0 04 f1 6c 01  a4 f8 d8 31 0c 30 2e c9
80 e8 0e 00 c4 f8 e8 51  04 f1 d8 00 ed 49 04 f5
f8 75 84 f8 da 61 c4 f8  f0 11 04 f5 02 71 94 f8
c4 20 01 2a 3b d0 ca b3  6a 46 ee f0 c7 fe 80 28
01 d0 46 df 2f df a0 68  40 f0 40 00 a0 60 20 46
fe f7 50 f8 48 b1 20 46  84 f8 58 60 fe f7 76 fa
a0 68 20 f0 08 00 a0 60  8e e0 d9 f8 f0 00 d0 f8
a8 00 40 01 09 d5 84 f8  58 80 08 22 84 f8 da 81
38 46 29 46 c4 f8 ec 61  79 e0 84 f8 58 60 a0 68
20 f0 08 00 a0 60 20 46  fe f7 58 fa 00 28 73 d0
sending write buffer, mode=0xd, mspec=0, id=0,  offset=536576, len=4096
    Write buffer cdb: [3b 0d 00 08 30 00 00 10 00 00]
    Write buffer parameter list (first 256 bytes):
a9 e6 00 b5 87 b0 8a 48  00 90 00 20 8d f8 0d 00
8d f8 0e 00 68 46 c0 f0  ca fd 4f f0 ff 31 42 f2
00 00 00 df 07 b0 00 bd  80 07 10 b5 03 d0 c1 f0
a0 f8 02 20 10 bd 05 20  10 bd 10 b5 90 b0 04 46
24 21 06 a8 ca f6 3e ea  af f2 23 01 06 91 1c b1
00 20 09 90 02 20 01 e0  01 20 09 90 18 22 8d f8
30 00 09 a9 68 46 ca f6  c6 e9 06 ac 0e 20 94 e8
0e 00 d6 f0 e6 f8 80 e5  01 20 de e7 4a 48 00 7c
c0 07 00 d0 01 20 66 e6  10 b5 3c f0 3b ff 10 b1
03 f0 57 fb 08 b1 00 20  10 bd 09 f0 39 fc 42 4c
20 8a 20 f0 04 00 20 82  ff f7 e8 ff 30 b9 ff 20
06 f0 4d fc 20 8a 20 f0  06 00 20 82 01 20 10 bd
39 48 10 b5 00 7c 10 f0  06 0f 03 d1 03 f0 39 fb
00 28 04 d0 bd e8 10 40  01 20 00 f0 15 b8 10 bd
80 07 10 b5 03 d0 ff f7  cf ff 02 20 10 bd 05 20
10 bd 10 b5 3c f0 06 ff  20 b1 00 20 bd e8 10 40
sending write buffer, mode=0xd, mspec=0, id=0,  offset=540672, len=4096
    Write buffer cdb: [3b 0d 00 08 40 00 00 10 00 00]
    Write buffer parameter list (first 256 bytes):
02 46 6f ea 02 03 01 d9  0a 46 00 e0 02 46 93 42
01 d9 08 44 00 e0 60 46  68 61 b1 69 a0 69 81 42
01 d2 0a 46 00 e0 02 46  6f ea 02 03 01 d9 0a 46
00 e0 02 46 93 42 01 d9  08 44 00 e0 60 46 a8 61
b1 8b 4f f6 ff 77 a0 8b  81 42 01 d2 0a 46 00 e0
02 46 a7 eb 02 03 01 d9  0a 46 00 e0 02 46 93 42
01 d9 08 44 00 e0 38 46  a8 83 f1 8b e0 8b 81 42
01 d2 0a 46 00 e0 02 46  a7 eb 02 03 01 d9 0a 46
00 e0 02 46 93 42 01 d9  08 44 00 e0 38 46 e8 83
31 6a 20 6a 81 42 01 d2  0a 46 00 e0 02 46 6f ea
02 03 01 d9 0a 46 00 e0  02 46 93 42 01 d9 08 44
00 e0 60 46 28 62 71 6a  60 6a 81 42 01 d2 0a 46
00 e0 02 46 6f ea 02 03  01 d9 0a 46 00 e0 02 46
93 42 01 d9 01 eb 00 0c  c5 f8 24 c0 30 8d 21 8d
88 42 01 d2 02 46 00 e0  0a 46 a7 eb 02 03 01 d9
02 46 00 e0 0a 46 93 42  01 d9 08 44 00 e0 38 46
sending write buffer, mode=0xd, mspec=0, id=0,  offset=544768, len=4096
    Write buffer cdb: [3b 0d 00 08 50 00 00 10 00 00]
    Write buffer parameter list (first 256 bytes):
a2 45 c7 d8 01 f0 36 fc  88 bb d9 f8 00 00 01 8b
41 45 0e d9 01 f0 9b fb  fe f7 e4 fc 00 20 fe f7
c7 fc 20 bb 01 f0 26 fc  08 bb 01 f0 1d fc 01 f0
15 fc d9 f8 00 00 4c 46  01 8b 4f f6 fe 70 81 42
01 d3 01 f0 29 fc 20 68  00 8b 10 b1 01 f0 1e fc
14 e0 01 f0 09 fc 11 e0  01 f0 79 fb fe f7 c2 fc
00 20 fe f7 a5 fc 10 b9  01 f0 04 fc 10 b1 45 f2
00 00 6a e4 01 f0 f8 fb  01 f0 f0 fb 01 f0 de fb
bb f8 04 10 41 f0 01 01  ab f8 04 10 8e 48 5c 46
cb f8 00 00 01 20 3f f0  69 ff 40 f2 00 16 8b 48
31 46 c8 f6 10 ea 8a 48  31 46 c8 f6 0c ea ff f7
e3 fc 02 20 3f f0 5a ff  01 20 40 f0 c1 f8 a5 71
20 79 c0 f3 80 00 20 b9  82 4a 35 20 21 68 a5 f0
dc fd a0 88 40 f0 20 00  a0 80 00 20 35 e4 10 b5
00 24 03 20 01 f0 40 fb  48 b1 70 48 00 68 90 f8
04 05 10 f0 80 0f 02 d1  ff f7 ee fa 04 46 01 20
sending write buffer, mode=0xd, mspec=0, id=0,  offset=548864, len=4096
    Write buffer cdb: [3b 0d 00 08 60 00 00 10 00 00]
    Write buffer parameter list (first 256 bytes):
05 26 02 28 04 d0 04 28  11 d0 08 28 18 d1 0c e0
39 f0 7b ff 30 b1 39 f0  75 ff 18 b1 01 20 d7 4f
60 70 0f e0 02 20 bd e8  f0 81 03 20 f7 e7 20 78
01 28 05 d1 29 20 c0 f5  1c f9 08 b9 bd f0 c5 fb
05 20 f0 e7 cd 48 62 78  21 78 1c 30 e8 f0 c2 fc
05 46 60 78 a9 78 57 f8  21 20 c7 49 90 47 60 70
69 78 21 70 10 b1 02 28  ec d1 00 e0 02 26 30 46
d9 e7 00 b5 c2 49 8f b0  c2 48 03 f0 43 f9 24 21
06 a8 c7 f6 20 ea af f2  8d 00 06 90 18 22 be 48
09 a9 07 90 01 20 09 90  8d f8 30 00 68 46 c7 f6
aa e9 0d f1 18 0c 06 20  9c e8 0e 00 d3 f0 c9 f8
0f b0 00 bd b0 49 38 b5  08 78 10 b1 ff f7 d9 ff
2f e0 b2 48 00 68 80 68  90 f8 c1 20 52 1c 80 f8
c1 20 08 78 8d f8 00 00  88 78 8d f8 01 00 c8 78
01 21 8d f8 02 00 00 20  8d f8 03 00 a5 48 02 f0
09 ff 01 21 04 46 6a 46  02 f0 17 fc a0 49 20 46
sending write buffer, mode=0xd, mspec=0, id=0,  offset=552960, len=4096
    Write buffer cdb: [3b 0d 00 08 70 00 00 10 00 00]
    Write buffer parameter list (first 256 bytes):
84 f8 00 b0 81 f8 00 b0  63 e0 30 88 40 1c 30 80
d8 f8 00 10 49 1c c8 f8  00 10 9a f8 00 00 db 28
0c d0 c0 28 0a d0 28 60  3a 88 10 44 38 80 84 48
00 68 81 42 4d d3 03 20  20 70 50 e0 db 21 29 60
db 28 02 d0 c0 28 05 d0  43 e0 04 20 20 70 38 88
db 30 03 e0 05 20 20 70  38 88 c0 30 38 80 3e e0
04 28 0d d0 dc 20 28 60  30 88 40 1c 30 80 74 48
d8 f8 00 10 00 68 81 42  dd d2 84 f8 00 b0 28 e0
dd 20 f0 e7 c0 20 28 60  30 88 40 1c 30 80 06 20
d2 e7 38 78 28 60 30 88  40 1c 30 80 07 20 cb e7
25 e0 38 88 00 0a 28 60  30 88 40 1c 30 80 84 f8
00 90 02 20 08 70 af f2  7d 22 0e 20 49 f6 40 41
a3 f0 e3 fd 20 78 01 28  03 d0 08 e0 ff e7 42 df
6e df 5c 48 40 68 68 b1  80 47 8a f8 00 00 30 88
10 28 04 d2 58 49 08 78  02 28 7f f4 77 af 56 48
00 78 da e6 42 df 6f df  f0 b5 52 4e 14 36 31 79
sending write buffer, mode=0xd, mspec=0, id=0,  offset=557056, len=4096
    Write buffer cdb: [3b 0d 00 08 80 00 00 10 00 00]
    Write buffer parameter list (first 256 bytes):
88 46 89 b0 40 f2 00 26  03 d1 00 21 04 20 ff f7
c0 ff 00 24 4f f0 01 0a  a3 46 0f b1 03 2f 13 d1
0a fa 04 f0 10 ea 08 0f  85 48 4f f0 00 03 00 eb
84 01 80 48 a0 f1 14 00  50 f8 24 00 01 d0 01 22
00 e0 00 22 4f f0 82 fe  05 a9 20 46 e2 f0 c0 fe
01 a9 20 46 e2 f0 d8 fe  7a 4b 18 22 00 21 05 a8
e7 f0 ee fc 9f b1 03 2f  0c d0 01 2f 2a d0 0a fa
04 f0 10 ea 08 0f 58 d0  02 21 20 46 e5 f0 ba fc
00 25 46 e0 0a fa 04 f0  10 ea 08 0f 4d d0 00 21
20 46 e5 f0 af fc df f8  9c 91 00 25 a9 f1 20 09
0b e0 29 46 20 46 e5 f0  83 fc 67 4b 29 01 10 22
01 a8 e7 f0 f5 fc 6d 1c  ad b2 39 f8 14 00 a8 42
ef d8 2c e0 01 21 20 46  e5 f0 94 fc 2d e0 28 01
5d 4b 10 22 81 46 01 46  01 a8 e7 f0 b1 fc 55 48
05 eb 45 01 08 22 34 38  02 eb 81 01 10 22 50 f8
24 00 41 5c 54 48 03 46  c1 70 4f f6 ff 71 c1 80
sending write buffer, mode=0xd, mspec=0, id=0,  offset=561152, len=4096
    Write buffer cdb: [3b 0d 00 08 90 00 00 10 00 00]
    Write buffer parameter list (first 256 bytes):
f0 21 a4 f8 0a a0 07 f1  ef 00 b0 fb f1 f0 85 b2
20 79 40 f0 40 00 20 71  35 e0 ff e7 bd f5 f0 fb
00 20 92 e6 e7 48 18 38  00 90 e8 48 c5 88 06 20
07 90 00 98 e2 f0 b0 fb  b5 eb 10 2f 05 d3 20 79
40 f0 01 01 50 46 21 71  09 e0 07 98 02 22 01 ab
00 eb 05 21 00 98 e6 f0  f3 fc bd f8 04 00 40 1c
80 b2 f0 28 07 d0 60 81  38 b1 c0 f1 f0 00 b8 42
36 d3 00 25 07 e0 a4 f8  0a a0 f0 21 07 f1 ef 00
b0 fb f1 f0 85 b2 d1 48  a4 f8 10 b0 00 2d df f8
40 b3 00 88 20 80 a4 f8  02 80 66 71 6a d0 4f f6
ff 71 ab f8 00 10 ab f8  02 10 00 20 ab f8 04 10
23 46 c6 49 49 89 ab f8  06 10 c2 49 8b f8 08 a0
ab f8 0a a0 18 39 bd f8  08 20 e2 f0 c7 fe 06 46
20 79 80 07 08 d0 bb 49  40 46 e1 f0 c1 ff 7f e0
38 1a f0 21 ef 30 cb e7  1f fa 89 f0 ff f7 40 fd
40 b1 1f fa 89 f0 ff f7  27 fd b4 49 89 89 81 42
sending write buffer, mode=0xd, mspec=0, id=0,  offset=565248, len=4096
    Write buffer cdb: [3b 0d 00 08 a0 00 00 10 00 00]
    Write buffer parameter list (first 256 bytes):
00 09 08 f5 ac 7b 48 d2  df e8 07 f0 12 2f 68 81
8a a4 d4 d4 d4 d4 d4 fd  fd fc fb fb fb fb fb fb
fa fb fb fb fb fb 11 11  f9 f8 f7 f6 11 f5 d5 e7
00 2d d3 d1 d8 f8 38 00  08 34 a0 42 ce d8 00 24
08 eb c4 00 90 f8 34 00  50 b1 00 99 20 46 ff f7
85 ff 00 9b 08 22 0d 98  31 46 e5 f0 21 fd 08 36
64 1c e4 b2 21 2c eb d3  b5 e1 00 2d b6 d1 e8 2c
b4 d3 00 21 02 20 cc f0  eb fd 04 00 2c d0 a5 68
28 46 ff f7 5e ff 0d 98  e8 22 2b 46 31 46 e5 f0
07 fd 20 46 cc f0 66 fd  9d e1 9e e1 72 bf 32 00
18 a0 00 00 f0 dd 27 80  58 df 27 80 82 00 09 c4
05 00 11 03 f0 e2 27 80  dc e2 27 80 50 a0 00 00
2c 97 33 00 58 fb 9e a7  00 f4 23 80 05 00 0b 00
64 97 33 00 07 00 80 89  4e df 0b df fe 48 d8 f8
18 10 00 68 81 42 0c d2  bc f5 99 fb fb 48 00 68
53 e1 0d 98 22 46 31 46  e5 f0 d2 fc bc f5 80 fb
sending write buffer, mode=0xd, mspec=0, id=0,  offset=569344, len=4096
    Write buffer cdb: [3b 0d 00 08 b0 00 00 10 00 00]
    Write buffer parameter list (first 256 bytes):
a6 70 f5 e7 2d e9 f8 4f  15 46 89 46 82 46 90 07
1a d0 00 20 9f f0 fa fd  5e 4f e8 07 df f8 68 81
4f f0 02 04 5c 4e 5a d0  04 22 6b 46 11 46 48 46
e4 f0 06 fd b3 1c 48 46  02 22 08 21 e4 f0 00 fd
70 88 05 28 02 d0 04 e0  4e df 16 df 00 20 fd f7
cb f9 38 68 40 f0 40 00  38 60 30 78 28 b1 98 f8
00 10 e9 b1 01 28 1b d1  17 e0 00 98 04 28 0a d3
b3 1c 48 46 02 22 08 21  e4 f0 e2 fc fd f7 80 fa
01 20 30 70 15 e0 80 20  60 f0 6c f8 02 46 3f 48
04 21 00 1f fd f7 80 fa  09 e0 70 88 02 28 08 d0
00 20 fd f7 a1 f9 37 48  40 1e fd f7 af f9 34 70
15 e0 70 88 02 28 22 d0  04 28 25 d0 05 28 0a d0
08 28 25 d0 80 20 60 f0  4d f8 02 46 2f 48 08 21
c0 1e fd f7 61 fa fd f7  59 fa 00 28 e7 d1 a8 07
2e 4d 70 d5 d9 f8 08 00  00 f2 a7 51 c0 09 c9 09
bc f5 ae fc 30 78 78 b1  01 28 11 d0 35 e0 49 46
sending write buffer, mode=0xd, mspec=0, id=0,  offset=573440, len=4096
    Write buffer cdb: [3b 0d 00 08 c0 00 00 10 00 00]
    Write buffer parameter list (first 256 bytes):
01 f5 80 51 81 80 b0 f8  dc 10 a4 f8 7e 10 81 88
21 f4 70 41 81 80 b0 f8  e0 10 a4 f8 80 10 81 88
21 f4 70 41 01 f5 80 51  81 80 b0 f8 e0 10 a4 f8
82 10 81 88 21 f4 70 41  81 80 b0 f8 e4 10 a4 f8
84 10 81 88 21 f4 70 41  01 f5 80 51 81 80 b0 f8
e4 10 a4 f8 86 10 81 88  21 f4 70 41 81 80 b0 f8
e8 10 a4 f8 88 10 81 88  21 f4 70 41 01 f5 80 51
81 80 b0 f8 e8 10 a4 f8  8a 10 81 88 21 f4 70 41
81 80 b0 f8 ec 10 a4 f8  8c 10 81 88 21 f4 70 41
01 f5 80 51 81 80 b0 f8  ec 10 a4 f8 8e 10 81 88
21 f4 70 41 81 80 b0 f8  f0 10 a4 f8 90 10 81 88
21 f4 70 41 01 f5 80 51  81 80 b0 f8 f0 10 a4 f8
92 10 81 88 21 f4 70 41  81 80 b0 f8 f4 10 a4 f8
94 10 81 88 21 f4 70 41  01 f5 80 51 81 80 b0 f8
f4 10 a4 f8 96 10 81 88  21 f4 70 41 81 80 b0 f8
f8 10 a4 f8 98 10 81 88  21 f4 70 41 01 f5 80 51
sending write buffer, mode=0xd, mspec=0, id=0,  offset=577536, len=4096
    Write buffer cdb: [3b 0d 00 08 d0 00 00 10 00 00]
    Write buffer parameter list (first 256 bytes):
04 01 2a e0 fe 48 04 80  29 89 2f e0 64 1c 76 1c
a4 b2 f6 b2 3b f8 17 00  b0 42 9b d8 f9 4c 00 23
00 95 01 aa 38 46 21 89  ff f7 22 ff 01 28 1e d1
f5 4b 10 22 00 21 01 a8  e2 f0 02 fd f2 49 20 46
dd f0 26 f8 69 79 70 b1  a9 f8 0e 10 21 89 a8 f8
00 10 9a f8 08 10 41 f0  02 01 8a f8 08 10 01 20
07 b0 bd e8 f0 8f e6 48  01 80 21 89 41 80 00 20
f6 e7 70 b5 04 00 15 46  0e 46 16 d0 00 2d 14 d0
e2 48 06 eb 46 01 18 22  00 eb c1 03 00 21 98 79
40 f0 01 00 98 71 28 46  e2 f0 02 fd 01 22 29 46
30 46 fa f7 ff fd 00 20  20 71 70 bd 2d e9 ff 4f
85 78 1e 00 87 b0 04 46  02 d0 20 79 40 06 01 d5
00 21 00 e0 01 21 01 a8  e1 f0 1e ff ce 4b 10 22
00 21 01 a8 e2 f0 b4 fc  df f8 2c 83 cc 4f df f8
2c a3 16 b1 01 2e 7c d1  a1 e0 b8 f8 0a 00 df f8
14 93 a0 f5 7f 41 ff 39  6a d0 05 eb 45 02 46 46
sending write buffer, mode=0xd, mspec=0, id=0,  offset=581632, len=4096
    Write buffer cdb: [3b 0d 00 08 e0 00 00 10 00 00]
    Write buffer parameter list (first 256 bytes):
a0 60 9d f8 0c 00 20 75  bd f8 10 00 0f e0 68 46
5b f0 a0 fa f3 e7 06 aa  0a a8 e2 f0 fa fe ee e7
4f f0 ff 30 a0 60 ff 20  20 75 4f f6 ff 70 20 82
52 e7 1f b5 86 b0 dd e9  0c 14 dd e9 08 23 e1 60
43 49 c4 e9 00 23 0a 22  09 78 61 75 41 49 09 68
89 68 b1 f9 94 10 91 fb  f2 f1 a1 75 00 21 61 82
e0 75 5b f0 83 fa 38 b1  5b f0 84 fa dd e9 08 23
50 40 59 40 08 43 10 d0  4a f2 e0 10 31 f0 1f ff
78 b1 08 a8 02 a9 e2 f0  cc fe 02 98 a0 60 9d f8
0c 00 20 75 bd f8 10 00  0a e0 68 46 5b f0 5a fa
f3 e7 4f f0 ff 30 a0 60  ff 20 20 75 4f f6 ff 70
20 82 0a b0 10 bd 30 b5  85 b0 0d 46 04 46 03 a8
be f5 4a fd 04 22 29 46  01 20 00 90 22 48 01 ab
cd e9 01 42 03 aa ff f7  35 fd 05 b0 30 bd 30 b5
85 b0 0d 46 04 46 03 a8  be f5 36 fd 01 20 40 f2
bc 12 00 90 01 ab 18 48  29 46 cd e9 01 42 40 30
sending write buffer, mode=0xd, mspec=0, id=0,  offset=585728, len=4096
    Write buffer cdb: [3b 0d 00 08 f0 00 00 10 00 00]
    Write buffer parameter list (first 256 bytes):
5b fd 08 b1 00 20 38 bd  00 98 00 21 48 f0 44 fa
01 20 38 bd 26 49 c0 eb  c0 00 01 eb 80 00 00 69
70 47 23 4a 00 20 4f f6  ff 71 c4 32 00 eb 40 03
40 1c 02 eb 83 03 40 b2  10 28 99 60 f6 db 70 47
00 b5 ff f7 3c fd 00 28  00 d0 01 20 40 e5 3e b5
00 21 05 46 ff 20 8d f8  08 00 08 46 c7 f0 f8 fd
00 23 04 46 01 a9 1a 46  28 46 48 f0 6f fe 01 98
dc f0 92 fb 41 02 20 46  dc f0 b0 fb 01 98 dc f0
8b fb 42 02 20 46 00 21  00 91 02 ab 49 f0 66 ff
01 99 00 22 20 46 e0 f0  0f fd 00 21 05 46 20 46
48 f0 fa f9 01 98 00 21  48 f0 f6 f9 20 46 07 e0
38 01 24 80 92 e4 27 80  01 00 04 00 01 00 05 00
c7 f0 50 fd 28 46 3e bd  c0 eb c0 01 09 48 10 b5
00 eb 81 04 a0 69 41 1c  02 d0 ff f7 b8 ff 10 b9
20 69 ff f7 b4 ff 01 21  21 73 08 b1 00 20 10 bd
01 20 10 bd 38 01 24 80  fe 48 40 68 c0 0f 70 47
sending write buffer, mode=0xd, mspec=0, id=0,  offset=589824, len=4096
    Write buffer cdb: [3b 0d 00 09 00 00 00 10 00 00]
    Write buffer parameter list (first 256 bytes):
81 69 21 f0 02 01 81 61  bd e8 70 40 b6 f5 f8 bb
70 b5 00 23 12 b1 01 2a  1d d1 23 e0 62 4c 30 34
04 f1 08 05 54 f8 20 20  22 e0 11 46 12 68 44 f8
20 20 22 b3 53 60 0e e0  11 46 52 68 45 f8 20 20
02 b3 13 60 07 e0 08 68  08 b1 4a 68 42 60 48 68
08 b1 0a 68 02 60 08 7a  01 28 16 d0 02 28 14 d0
6c df 32 df 50 4c 40 34  04 f1 08 05 54 f8 20 20
8a 42 da d0 55 f8 20 20  8a 42 e4 d1 dc e7 45 f8
20 30 e8 e7 44 f8 20 30  e5 e7 47 4a d0 69 28 b1
10 6a c1 e9 00 30 01 60  11 62 70 bd 0b 60 4b 60
d1 61 f9 e7 2d e9 f0 47  5f ea 01 08 81 46 06 d0
3d 49 40 31 df f8 f8 a0  51 f8 29 40 4b e0 3a 49
30 31 f7 e7 20 7a 27 68  01 28 03 d0 02 28 01 d0
6c df 25 df 01 28 1b d0  60 69 40 6b 05 68 dc f0
c9 f8 02 46 60 69 40 6b  83 88 2f 48 40 6a 05 42
30 d0 da f8 00 00 d0 e9  02 56 6a 40 71 40 0a 43
sending write buffer, mode=0xd, mspec=0, id=0,  offset=593920, len=4096
    Write buffer cdb: [3b 0d 00 09 10 00 00 10 00 00]
    Write buffer parameter list (first 256 bytes):
60 65 4f f0 17 30 20 65  01 20 bb f5 4f fd d4 f8
1c 02 00 f0 1f 05 0e 2d  01 d0 04 2d 14 d1 0a 20
bb f5 44 fd d4 f8 1c 02  00 f0 1f 00 a8 42 0b d1
40 f6 00 00 20 67 0e 2d  10 d0 c0 00 c4 f8 c0 01
00 20 20 67 c4 f8 c0 01  c4 f8 70 90 67 65 c4 f8
50 80 76 1c 02 2e be d3  bd e8 f0 87 42 f2 00 00
ec e7 10 b5 3e 4c a2 88  60 f3 0f 32 a2 80 3a 4a
02 eb 40 22 90 8d 40 f0  03 00 90 85 90 8d c8 29
00 f0 03 03 4f f6 ff 70  55 d0 0b b1 01 2b 51 d1
64 29 77 d0 65 29 70 d0  66 29 6f d0 67 29 6e d0
b2 f8 68 00 63 f3 8f 30  a2 f8 68 00 b2 f8 40 01
61 f3 08 10 a2 f8 40 01  b2 f8 68 00 63 f3 8f 30
a2 f8 68 00 b2 f8 40 01  40 f4 00 40 a2 f8 40 01
b2 f8 68 00 63 f3 8f 30  a2 f8 68 00 b2 f8 50 01
40 f4 7c 50 a2 f8 50 01  b2 f8 68 00 63 f3 8f 30
a2 f8 68 00 b2 f8 50 01  b2 f8 68 40 c0 f3 05 20
sending write buffer, mode=0xd, mspec=0, id=0,  offset=598016, len=4096
    Write buffer cdb: [3b 0d 00 09 20 00 00 10 00 00]
    Write buffer parameter list (first 256 bytes):
0d 46 04 46 1a 46 19 46  28 46 ff f7 86 fb 20 46
bd e8 70 40 ff f7 73 bb  ab 49 80 22 01 eb 00 30
02 60 41 68 21 f0 80 01  41 60 41 68 41 f0 10 01
41 60 70 47 70 b5 0d 46  04 46 08 21 fd f7 ac fe
28 b1 a1 49 10 20 01 eb  04 31 08 60 70 bd 28 46
ff f7 87 ff 20 46 ff f7  df ff 4f f4 80 00 2d f0
4d fd 00 28 f2 d0 20 46  bd e8 70 40 4f f0 b0 bc
70 b5 00 23 0d 46 04 46  1a 46 19 46 28 46 ff f7
4c fb 20 46 bd e8 70 40  ff f7 2b bb 10 b5 04 46
8a 48 00 eb 04 30 00 6a  10 f0 0c 0f 10 d0 20 46
dd f0 4e fd 54 b1 16 20  00 23 1a 46 19 46 ff f7
34 fb 20 46 bd e8 10 40  ff f7 21 bb 15 20 f3 e7
10 bd 80 4a 00 20 37 21  c0 eb 80 13 40 1c 02 eb
83 03 c0 b2 02 28 83 f8  f4 10 f5 d3 70 47 1e 28
01 d0 01 20 00 e0 00 20  78 49 0a 5c 42 b1 01 f1
0a 03 33 f8 10 20 52 1c  23 f8 10 20 00 22 0a 54
sending write buffer, mode=0xd, mspec=0, id=0,  offset=602112, len=4096
    Write buffer cdb: [3b 0d 00 09 30 00 00 10 00 00]
    Write buffer parameter list (first 256 bytes):
2c c1 c0 f8 1c 51 49 1c  c9 b2 02 29 e4 d3 22 48
01 69 21 f0 c0 01 01 61  d0 f8 10 12 21 f0 c0 01
c0 f8 10 12 1d 49 9a 46  0b 61 07 20 08 61 18 4a
d0 8f 81 08 11 48 81 62  69 43 c0 f8 88 10 c0 f8
98 10 d2 e9 04 13 c0 e9  0c 13 29 02 c1 62 27 e0
00 00 04 44 00 10 04 44  00 b0 04 44 14 a0 00 00
00 70 04 44 00 90 04 44  c0 26 24 80 b0 7f 80 01
36 0f 04 00 00 f0 04 44  04 00 03 00 60 00 04 44
00 30 04 44 ff ff eb 0f  00 00 02 80 00 94 02 80
28 a1 27 80 00 20 00 2a  00 20 00 44 00 01 04 44
f8 48 01 69 21 f0 08 01  01 61 01 69 21 f4 00 31
01 61 f5 48 00 88 80 05  41 d4 f2 48 c1 68 41 f0
80 01 c1 60 c1 68 21 f0  80 01 c1 60 c1 68 41 f4
80 51 c1 60 c1 68 21 f4  80 51 c1 60 c1 68 41 f0
40 01 c1 60 c1 68 21 f0  40 01 c1 60 c1 68 41 f4
00 51 c1 60 c1 68 21 f4  00 51 c1 60 00 25 40 f2
sending write buffer, mode=0xd, mspec=0, id=0,  offset=606208, len=4096
    Write buffer cdb: [3b 0d 00 09 40 00 00 10 00 00]
    Write buffer parameter list (first 256 bytes):
40 1c 80 b2 fe 54 ab b2  a5 88 9d 42 00 d1 00 23
90 42 08 d2 26 89 5d 1c  ae 42 04 d0 00 2e ed d1
a6 88 ae 42 ea d1 e3 80  f0 bd 30 b5 03 89 04 46
00 20 0a e0 25 68 ed 5c  5b 1c 0d 54 a5 88 40 1c
9b b2 80 b2 9d 42 00 d1  00 23 90 42 02 d2 e5 88
9d 42 ef d1 23 81 30 bd  02 89 c1 88 91 42 01 d3
88 1a 02 e0 80 88 80 1a  08 44 80 b2 70 47 03 46
00 b5 ff f7 f1 ff 99 88  08 1a 40 1e 80 b2 00 bd
03 46 00 b5 ff f7 e8 ff  d9 88 19 81 00 bd be 48
c0 6b 70 47 bc 49 c8 63  70 47 2d e9 f0 41 06 46
b8 f6 da fe b9 4f 05 46  30 1f 02 28 07 eb 46 04
05 d8 a0 88 40 1c a0 80  3d 80 bd e8 f0 81 f0 1f
01 28 06 d8 38 88 a1 88  28 1a 40 1c 08 44 a0 80
f3 e7 1e b1 08 2e 05 d9  8c df 1c df 12 21 38 1d
b9 f6 d0 e9 a0 88 00 28  e7 d1 78 88 28 1a 40 1c
a0 80 7d 80 e1 e7 02 46  70 b5 00 eb 02 11 9f 4d
sending write buffer, mode=0xd, mspec=0, id=0,  offset=610304, len=4096
    Write buffer cdb: [3b 0d 00 09 50 00 00 10 00 00]
    Write buffer parameter list (first 256 bytes):
c0 00 d0 e9 00 16 88 18  5e 41 47 0a 58 46 7f 02
ff f7 0e f9 24 e0 02 a9  3a 46 00 20 33 46 cd e9
00 01 58 46 ff f7 d3 fb  5f ea 00 0a 1a d1 60 19
b0 f5 00 7f 02 d9 c5 f5  00 70 00 e0 20 46 1f fa
80 f8 02 98 42 46 41 19  48 46 b2 f5 83 fc 40 f2
00 20 3f 18 00 25 46 f1  00 06 c1 44 a4 eb 08 04
00 2c d8 d1 1e 49 01 20  08 73 50 46 bd e8 fe 8f
2d e9 ff 4f 91 b0 89 46  4f f0 00 0a 93 46 11 98
dd e9 1e 68 cd f8 3c a0  00 eb 00 11 cd f8 40 a0
01 eb 40 20 0e 49 01 eb  c0 00 01 68 80 88 42 03
42 ea d1 40 0d 49 00 eb  c0 00 00 eb 40 00 01 eb
80 27 99 f8 22 00 02 28  14 d0 11 98 1a 46 49 46
ff f7 cd fe 04 00 1a d0  13 e0 00 00 00 a5 3d 80
b8 ab 3c 80 54 72 69 65  73 00 00 00 c8 cc 3c 80
00 06 3c 80 34 21 02 a8  b8 f6 ec e9 02 ac cd f8
30 80 a0 6a 40 45 05 d9  4f f0 24 00 f7 e6 4f f0
sending write buffer, mode=0xd, mspec=0, id=0,  offset=614400, len=4096
    Write buffer cdb: [3b 0d 00 09 60 00 00 10 00 00]
    Write buffer parameter list (first 256 bytes):
96 f0 d2 fd 88 f8 01 60  00 27 43 e0 a2 48 0c 22
9f 49 6b 46 cd f8 08 90  cd e9 00 70 9d 48 20 30
f7 f7 44 fe 9d 4d 28 46  96 f0 11 fe 99 48 08 22
9b 49 6b 46 50 38 cd e9  00 46 f7 f7 37 fe 28 46
4c f0 00 f8 8d 49 88 f8  02 60 81 f8 00 b0 db e7
ff e7 c0 f8 a4 b9 28 46  96 f0 fe fd 91 48 0c 22
8b 49 6b 46 cd f8 08 90  cd e9 00 70 89 48 20 30
f7 f7 1c fe 8c 48 96 f0  ea fd c3 e7 d2 f0 33 fc
01 28 07 d1 98 f8 05 00  01 28 03 d1 05 f5 80 55
c5 f8 a4 69 20 22 7b 49  20 31 01 f1 20 00 b1 f5
59 fc 38 46 bd e8 fe 8f  01 46 76 48 20 22 40 30
b1 f5 50 bc 01 88 0f 29  02 d0 49 1c 01 80 70 47
00 21 fb e7 79 4b 01 22  00 b5 01 88 5b 88 99 42
01 d1 00 22 01 e0 ff f7  ed ff 10 46 00 bd 73 4a
10 b5 11 88 53 88 99 42  01 d1 00 20 10 bd 02 eb
41 11 20 22 09 1d b1 f5  2d fc bd e8 10 40 6b 48
sending write buffer, mode=0xd, mspec=0, id=0,  offset=618496, len=4096
    Write buffer cdb: [3b 0d 00 09 70 00 00 10 00 00]
    Write buffer parameter list (first 256 bytes):
00 28 e9 d0 00 22 48 46  01 21 ff f7 f0 fe e8 7a
00 22 13 46 20 f0 04 00  e8 72 01 20 00 97 cd e9
01 50 48 46 d9 f0 8a fd  bd e8 fe 83 00 96 40 04
13 10 01 00 00 12 01 7e  00 96 40 84 bc 02 24 80
00 3c 04 00 f0 14 3e 80  00 93 40 04 00 93 40 84
b8 40 3e 80 d1 c1 39 fc  d2 f1 39 fc 70 13 3e 80
0b f5 27 80 a0 0f 3c 80  3e b5 04 46 ff 4a 00 20
04 eb 84 01 02 eb 81 21  8a 7a 00 2a 08 d0 01 22
88 72 8d e8 07 00 02 46  03 46 20 46 d9 f0 56 fd
3e bd 2d e9 f0 41 00 eb  00 14 f5 4b 04 eb 40 20
ff 26 03 eb c0 04 01 b1  52 b3 00 25 24 21 05 eb
c5 00 00 eb 40 00 04 eb  80 07 b4 f8 b6 00 00 eb
c0 00 07 eb 80 00 00 f5  d0 60 b6 f6 fc e9 b4 f8
b6 00 6d 1c ed b2 12 2d  00 eb c0 00 07 eb 80 00
c0 f8 80 66 e2 d3 b4 f8  b6 00 50 21 00 eb 80 00
04 eb 00 10 bd e8 f0 41  00 f5 4a 70 d2 f0 82 bb
sending write buffer, mode=0xd, mspec=0, id=0,  offset=622592, len=4096
    Write buffer cdb: [3b 0d 00 09 80 00 00 10 00 00]
    Write buffer parameter list (first 256 bytes):
83 46 0e 46 00 eb 00 11  1f 46 01 eb 4b 20 f5 49
15 46 90 46 01 eb c0 0a  00 20 0a f5 10 74 cd e9
02 00 58 07 01 d5 4f ea  17 28 60 68 10 30 80 28
0a d9 9a f8 f8 95 58 46  ff f7 41 ff 00 21 58 46
ff f7 cf ff 8a f8 f8 95  a7 f5 7f 40 ff 38 23 d0
b8 f1 01 0f 05 d1 b8 07  03 d4 16 b1 30 78 40 28
7e d3 0b eb 0b 11 01 eb  4b 20 de 49 08 2d 01 eb
c0 00 00 f5 13 79 77 d8  b8 07 75 d4 26 b1 02 a8
2a 46 31 46 af f5 66 fc  dd e9 02 10 40 22 8a 1a
70 f1 00 02 01 d2 01 25  a4 e0 40 f2 00 12 8a 1a
70 f1 00 02 02 d2 01 25  02 ae 27 e0 4f f4 80 32
8a 1a 70 f1 00 02 04 d2  02 25 01 23 02 ae 1a 46
18 e0 4f f0 80 72 89 1a  70 f1 00 01 0c d2 9d f8
08 00 03 25 8d f8 0b 00  02 ae 9d f8 0a 10 8d f8
08 10 8d f8 0a 00 09 e0  01 28 0a d2 04 25 01 23
02 22 02 ae 31 46 30 46  71 f0 98 fc 45 ea 07 10
sending write buffer, mode=0xd, mspec=0, id=0,  offset=626688, len=4096
    Write buffer cdb: [3b 0d 00 09 90 00 00 10 00 00]
    Write buffer parameter list (first 256 bytes):
6c af dd e9 07 01 6c 4b  5c 46 c6 e9 1a 01 07 a9
cd f8 08 b0 cd e9 00 18  dd e9 0a 10 fb f7 2f ff
00 28 d6 d1 f0 6a 40 1e  46 f8 2c 0f 04 20 00 e0
0a e0 00 96 60 4b cd e9  01 04 09 9a 2c 3b dd e9
0a 10 fb f7 1c ff 33 e7  dd e9 05 12 cd e9 07 12
c0 e7 2d e9 ff 41 1d 46  0e 46 07 46 0a 9c ff f7
d9 fe 00 28 1a d1 03 aa  23 46 31 46 38 46 ff f7
a3 fe 00 28 12 d1 04 21  00 94 4c 4b cd e9 01 10
2a 68 10 33 31 46 38 46  fb f7 f9 fe 00 28 05 d1
23 68 31 46 2a 68 38 46  ff f7 19 fe 04 b0 71 e4
2d e9 f0 47 86 b0 14 46  04 aa 89 46 82 46 fc f7
83 f9 4f f0 00 08 40 bb  3c 49 05 aa 50 46 fc f7
0c fa 00 28 23 d1 08 27  3b 4b 02 ae 50 46 cd e9
00 67 dd e9 04 21 fb f7  cb ff 00 28 17 d1 02 98
01 28 01 d9 01 25 14 e0  03 9d 12 e0 02 46 49 46
04 90 50 46 ff f7 f5 fc  02 1d 50 46 cd e9 00 76
sending write buffer, mode=0xd, mspec=0, id=0,  offset=630784, len=4096
    Write buffer cdb: [3b 0d 00 09 a0 00 00 10 00 00]
    Write buffer parameter list (first 256 bytes):
02 46 cd e9 00 50 15 48  f3 f7 50 fe 00 20 7c bd
20 21 20 1d b3 f6 56 ea  25 60 01 e0 20 20 20 60
01 20 7c bd 70 b5 aa b0  0c 46 09 aa 06 46 af f6
18 01 fb f7 52 fa 00 28  51 d1 00 25 25 95 24 21
26 95 13 a8 b3 f6 3e ea  20 20 13 90 00 2c 73 d0
24 22 21 46 0a a8 ad f5  7d fc 6d e0 10 14 01 7e
00 3c 04 00 b8 40 3e 80  02 ff 01 00 7e 41 41 44
00 00 00 00 7e 49 56 00  7e 54 61 67 00 00 00 00
04 21 08 a8 cd e9 00 01  fe 4b 30 46 25 9a 09 99
fa f7 ee ff 00 28 4f d1  08 9a a2 f5 04 40 02 38
4a d0 f9 48 82 42 47 d0  64 b9 24 21 0a a8 cd e9
00 01 af f2 68 43 25 9a  30 46 09 99 fa f7 d8 ff
00 28 0c d1 08 98 1c a9  ff f7 88 ff 01 28 05 d1
0c 21 27 a8 fc f7 89 fe  01 28 02 d0 37 20 2a b0
70 bd 0c 20 02 95 27 a9  cd e9 00 10 af f2 7c 03
25 9a 30 46 09 99 fa f7  c2 fe 00 28 ef d1 25 9a
sending write buffer, mode=0xd, mspec=0, id=0,  offset=634880, len=4096
    Write buffer cdb: [3b 0d 00 09 b0 00 00 10 00 00]
    Write buffer parameter list (first 256 bytes):
6c fa 04 00 2f d1 1c 9a  1d ab 30 98 1b a9 fd f7
ef fd 04 00 27 d1 af f6  44 32 2d 99 30 98 f9 f7
1e ff f8 b1 2e 99 da 46  d1 e9 00 23 2d 99 d1 e9
0c 45 0e 6c 12 19 41 6a  6b 41 1d 9d 50 46 6d 1e
e5 fb 06 10 55 18 43 41  2b a8 1f 46 6a 0a 52 02
cd e9 00 b0 30 98 90 46  f9 f7 b9 fb 04 00 76 d1
02 e0 7a e0 0d 24 72 e0  b5 eb 08 06 c6 f5 00 79
b9 f1 40 0f 0e d2 2c a9  30 98 cd e9 00 a1 40 f2
00 21 18 eb 01 02 47 f1  00 03 f9 f7 a0 fb 04 00
5d d1 01 e0 cd f8 b0 a0  00 25 dd e9 32 10 d3 46
4f f0 01 0a 18 eb 01 08  47 41 2d b1 01 2d 08 d0
02 2d 0c d0 03 2d 0e d1  40 21 03 a8 b2 f6 02 ea
09 e0 ff 22 40 21 03 a8  b2 f6 d4 e9 03 e0 40 21
03 a8 fb f7 8a fe 2c 98  48 b3 03 aa 02 eb 89 01
a6 f5 e0 72 ac f5 36 fc  2c 9a 40 f2 00 21 cd f8
00 b0 cd e9 01 2a 18 eb  01 02 30 98 47 f1 00 03
sending write buffer, mode=0xd, mspec=0, id=0,  offset=638976, len=4096
    Write buffer cdb: [3b 0d 00 09 c0 00 00 10 00 00]
    Write buffer parameter list (first 256 bytes):
22 46 2b 46 00 90 50 46  f8 f7 0e fa d7 e7 22 46
2b 46 00 90 50 46 f8 f7  07 fa 02 a9 50 46 ff f7
47 fd 00 28 cb d1 00 23  49 46 1a 46 50 46 ff f7
47 fc 04 00 c3 d1 b8 78  58 b1 50 46 ff f7 1b fb
00 28 bc d1 00 22 50 46  01 21 fd f7 05 fc 04 00
b5 d1 02 a8 ff f7 dd fa  01 28 01 d0 0f 20 ae e7
41 f6 99 11 30 46 01 f8  06 80 90 f0 f5 fd 01 28
00 d0 0f 24 20 46 a2 e7  5f 54 61 67 00 00 00 00
43 5f 52 53 41 5f 32 30  34 38 00 00 54 50 65 72
53 69 67 6e 00 00 00 00  4d 61 6b 65 72 53 79 6d
4b 00 00 00 ec 49 25 00  00 3c 04 00 10 14 01 7e
4d 61 69 6e 74 53 79 6d  4b 00 00 00 02 ff 01 00
41 63 74 69 76 61 74 69  6f 6e 53 79 6d 4b 00 00
30 3d 25 00 64 41 25 00  b8 ab 3c 80 b8 40 3e 80
fe 48 41 f6 24 22 10 b5  10 21 80 68 80 68 10 44
fa f7 7b fe 00 20 10 bd  00 21 fd f7 93 bf 2d e9
sending write buffer, mode=0xd, mspec=0, id=0,  offset=643072, len=4096
    Write buffer cdb: [3b 0d 00 09 d0 00 00 10 00 00]
    Write buffer parameter list (first 256 bytes):
13 46 10 29 01 d3 3f 20  10 bd 00 eb 00 12 02 eb
40 20 dd 4a 01 eb c1 01  02 eb c0 00 00 eb 81 01
18 46 24 22 01 f6 18 61  aa f5 94 fc 20 46 10 bd
10 b5 0c 46 6f f4 00 41  01 44 10 29 08 d2 00 20
22 46 ff f7 db ff 08 b1  00 20 10 bd 20 20 0c e0
48 f2 01 41 88 42 03 d0  01 28 01 d0 06 28 05 d1
20 21 20 1d b0 f6 2e ea  00 20 20 60 01 20 10 bd
2d e9 f0 4f 82 46 0c 46  00 eb 00 11 91 46 01 eb
4a 20 c1 49 9b b0 01 eb  c0 08 c0 48 c0 49 19 aa
80 68 86 68 50 46 f8 f7  20 fa 00 28 0e d1 19 99
1a ab 22 46 50 46 fb f7  a3 fd 05 00 06 d1 07 a9
20 46 ff f7 bd ff 01 28  02 d0 37 20 1b b0 85 e5
6f f4 00 40 20 44 10 28  01 d2 07 46 11 e0 48 f2
01 40 84 42 04 d0 06 2c  05 d0 01 2c 03 d0 42 e0
01 d1 10 27 00 e0 11 27  84 42 01 d1 10 20 00 e0
11 20 41 f2 b0 11 df f8  a0 b2 00 eb 40 00 06 eb
sending write buffer, mode=0xd, mspec=0, id=0,  offset=647168, len=4096
    Write buffer cdb: [3b 0d 00 09 e0 00 00 10 00 00]
    Write buffer parameter list (first 256 bytes):
00 28 94 d1 30 68 40 1e  06 90 b8 f1 00 0f 0a d0
1a 98 38 43 00 d0 01 20  9d f8 0c 10 88 42 05 d1
67 e0 00 20 1c e5 9d f8  0c 00 e0 b1 9d f8 0c 30
4f 46 06 99 32 46 0b 98  cd f8 00 90 ff f7 ff fe
00 28 ef d1 40 22 59 46  05 f1 1c 00 a9 f5 82 fc
00 25 0e 4b 40 21 cd f8  00 b0 10 33 cd e9 01 15
0d f1 2c 08 20 e0 44 e0  4c 69 66 65 43 79 63 6c
65 53 74 61 74 65 00 00  b8 40 3e 80 30 3d 25 00
64 41 25 00 00 3c 04 00  10 14 01 7e dc 49 25 00
7e 4b 65 79 57 72 61 70  49 6e 74 65 67 72 69 74
79 43 68 65 63 6b 00 00  98 e8 07 00 f6 f7 e7 fe
00 28 b7 d1 9d f8 0c 00  10 b3 00 20 8d f8 0c 00
0d f1 2c 08 02 95 03 a9  fc 4b cd e9 00 1a 98 e8
07 00 f6 f7 d4 fe 00 28  a4 d1 08 20 af f2 50 03
00 97 cd e9 01 05 98 e8  07 00 f6 f7 c8 fe 00 28
98 d1 07 98 30 b1 f2 48  60 21 af f6 e4 e9 1a e0
sending write buffer, mode=0xd, mspec=0, id=0,  offset=651264, len=4096
    Write buffer cdb: [3b 0d 00 09 f0 00 00 10 00 00]
    Write buffer parameter list (first 256 bytes):
2c 00 2a 46 10 f0 78 fd  00 28 83 d1 20 88 0d f5
8a 7b 8f a3 40 f0 20 00  20 80 cd e9 00 97 9b e8
07 00 f6 f7 25 f8 00 28  87 d1 56 b1 cd e9 00 97
cd f8 08 a0 86 a3 9b e8  07 00 fc f7 b8 fd 00 28
90 d1 03 a9 43 46 04 f1  34 00 2a 46 10 f0 54 fd
00 28 90 d1 20 88 0d f5  8a 7b 7f a3 40 f0 40 00
20 80 cd e9 00 97 9b e8  07 00 f6 f7 01 f8 00 28
91 d1 56 b1 cd e9 00 97  cd f8 08 a0 76 a3 9b e8
07 00 fc f7 94 fd 00 28  91 d1 03 a9 43 46 04 f1
3c 00 2a 46 10 f0 30 fd  00 28 92 d1 20 88 0d f5
8a 7c 68 4b cb 46 40 f0  80 00 20 80 cd e9 00 97
9c e8 07 00 08 33 f5 f7  db ff 5f ea 00 09 8f d1
6e b1 45 ae cd f8 00 b0  5e 4b cd e9 01 7a 96 e8
07 00 08 33 fc f7 6b fd  5f ea 00 09 8c d1 03 a9
43 46 04 f1 44 00 2a 46  10 f0 06 fd 00 28 8c d1
20 88 40 f4 80 70 20 80  48 46 22 e7 2d e9 f0 43
sending write buffer, mode=0xd, mspec=0, id=0,  offset=655360, len=4096
    Write buffer cdb: [3b 0d 00 0a 00 00 00 10 00 00]
    Write buffer parameter list (first 256 bytes):
a8 6a 2b 46 cd e9 00 70  dd e9 b4 12 48 46 f5 f7
2f f8 04 00 d2 d1 c1 98  0f 28 19 d1 ff f7 86 fe
b0 b1 03 a9 42 46 6d a8  a7 f5 94 fc a8 6a 00 97
cd e9 01 06 c2 9b 48 46  dd e9 b4 12 fb f7 0a fc
04 00 05 d0 00 24 42 46  6d a9 03 a8 a7 f5 82 fc
c1 98 a0 f5 00 61 06 39  53 d1 ff f7 67 fe 38 b3
00 97 48 46 c2 9b dd e9  b4 12 ff f7 67 fe 04 00
47 d0 00 e0 05 e0 00 24  43 e0 43 a8 ff f7 33 fe
8a e7 0a 4a 48 46 b4 99  f4 f7 e9 fe 05 00 10 d1
0d 20 16 e7 b8 ab 3c 80  b8 40 3e 80 6c 41 25 00
f8 49 25 00 a8 85 25 00  c4 fa 24 00 0c 6a 25 00
27 e0 a8 6a 2b 46 cd e9  00 70 dd e9 b4 12 48 46
f4 f7 d6 ff 04 46 ff f7  31 fe 60 b1 a8 6a 2b 46
00 97 cd e9 01 06 dd e9  b4 12 48 46 fb f7 67 fd
04 00 00 d0 00 24 fe 49  28 46 6d f0 62 ed 40 b1
aa 6a 03 a9 43 a8 0f f0  10 ff ed 6a 00 2d d8 d1
sending write buffer, mode=0xd, mspec=0, id=0,  offset=659456, len=4096
    Write buffer cdb: [3b 0d 00 0a 10 00 00 10 00 00]
    Write buffer parameter list (first 256 bytes):
48 46 f4 f7 35 f8 04 00  e6 d1 dd e9 03 01 88 42
0b d2 40 1c 03 90 00 20  00 96 c0 4b 42 46 39 46
cd e9 01 50 48 46 f3 f7  2a ff 20 46 d4 e7 2d e9
ff 4f bb 48 9d b0 dd e9  2a 57 80 68 d0 f8 08 80
1e 98 40 6a 0b 28 02 d0  28 20 21 b0 c4 e4 04 26
1d ac 19 a8 cd e9 00 06  94 e8 07 00 ac a3 f4 f7
07 f8 00 28 f1 d1 19 98  78 b1 1a a8 ab 4b cd e9
00 06 94 e8 07 00 f3 f7  fb ff 00 28 e5 d1 dd e9
19 01 81 42 01 d3 12 20  df e7 24 21 a5 4b 1d ac
0d f1 40 0b cd e9 00 b1  94 e8 07 00 f3 f7 e8 ff
04 00 d2 d1 81 46 a7 f5  04 40 02 38 0d f1 1c 0a
35 d0 9d 48 87 42 32 d0  41 f6 99 10 10 f8 08 00
68 b3 20 20 cd f8 14 b0  11 aa 3b 46 0d f1 74 08
cd e9 06 90 cd e9 03 a2  0a f1 04 00 20 99 00 91
cd e9 01 50 98 e8 07 00  f8 f7 f1 fe 68 b3 1d 98
07 aa 39 46 fd f7 38 f9  19 98 40 b3 28 2c 36 d0
sending write buffer, mode=0xd, mspec=0, id=0,  offset=663552, len=4096
    Write buffer cdb: [3b 0d 00 0a 20 00 00 10 00 00]
    Write buffer parameter list (first 256 bytes):
d4 e7 00 e0 1f e0 24 21  38 46 ab f6 5c ea a2 68
38 1d 07 a9 a5 f5 9e fc  a0 68 10 90 cd e9 00 79
cd f8 08 80 dd e9 25 01  43 4b 28 9a f2 f7 27 ff
22 99 06 46 6f f4 00 40  08 44 10 28 05 d2 a1 f5
00 45 10 2d 1c d9 0c 20  b0 e7 48 f2 01 40 81 42
04 d0 06 29 05 d0 01 29  03 d0 11 e0 01 d1 10 21
00 e0 11 21 25 98 f5 f7  57 fd 24 21 07 46 ab f6
2a ea a2 68 38 1d 07 a9  a5 f5 6c fc a0 68 38 60
25 98 00 eb 00 12 02 eb  40 20 2e 4a 02 eb c0 00
00 f5 80 50 80 f8 58 b0  68 1c 06 d0 a3 68 07 aa
25 98 29 46 ff f7 1d ff  06 46 30 46 7e e7 7f b5
06 46 0d 46 1c 46 08 98  81 7d 19 b9 f6 f7 b8 f8
20 28 02 d9 0c 20 04 b0  70 bd 00 22 8d f8 0c 00
01 21 03 a8 8d e8 07 00  13 a3 22 46 29 46 30 46
f2 f7 cd fe ef e7 10 b5  8a 68 00 24 83 6a 9a 42
01 d9 0c 20 10 bd 90 f8  32 00 30 b1 01 28 28 d0
sending write buffer, mode=0xd, mspec=0, id=0,  offset=667648, len=4096
    Write buffer cdb: [3b 0d 00 0a 30 00 00 10 00 00]
    Write buffer parameter list (first 256 bytes):
9a 90 a1 e6 a9 98 40 68  00 28 ea d0 55 98 b8 42
e7 d0 0c 24 98 e6 f1 28  3e d0 f0 28 3c d1 a9 98
40 68 10 b1 55 98 b8 42  04 d1 03 98 90 f8 22 00
02 28 00 d1 0c 24 01 20  9d 90 8f e0 f1 28 02 d0
f2 28 29 d1 8a e0 9d 98  01 28 01 d0 0f 26 85 e0
0a 26 7f 1c 82 e0 06 98  21 28 7c d2 dd e9 05 12
00 20 9b ab 88 54 05 9a  03 99 a8 98 f8 f7 93 fa
05 00 70 d0 a8 8c 9b 99  1f fa 80 f9 01 20 88 40
97 99 9b 90 01 42 66 d1  97 99 01 43 97 91 a8 8c
f7 49 1f fa 80 f9 00 e0  5d e0 28 46 6a f0 88 ed
20 b1 f4 a1 28 46 6a f0  84 ed 60 b9 01 20 9c 90
a8 98 04 22 04 ab 98 a9  ff f7 32 fc 04 00 02 d1
0e 26 01 20 9a 90 ee a1  28 46 6a f0 72 ed 20 b1
ee a1 28 46 6a f0 6c ed  a0 bb a8 98 04 22 04 ab
98 a9 ff f7 84 fb 04 00  38 d1 76 1c b6 b2 38 e0
e0 28 30 d8 dd e9 07 01  08 44 06 99 88 42 30 d2
sending write buffer, mode=0xd, mspec=0, id=0,  offset=671744, len=4096
    Write buffer cdb: [3b 0d 00 0a 40 00 00 10 00 00]
    Write buffer parameter list (first 256 bytes):
a0 f5 04 41 02 39 1a d1  01 21 38 4b 9d a8 cd e9
00 01 64 9a 2e 99 a2 98  f1 f7 2a f8 05 00 03 d1
9d f8 74 02 c0 07 00 e0  ae e0 08 d0 40 21 02 a8
a9 f6 48 ea 20 22 8d a9  02 a8 a3 f5 8b fc 02 9a
03 a9 a2 98 43 46 0d f1  08 08 f3 f7 d7 ff 98 98
01 28 06 d1 02 99 01 22  9f ab 08 f1 04 00 fd f7
a9 fd 8b e0 22 49 20 46  69 f0 a2 ed f0 b1 21 a1
20 46 69 f0 9e ed c8 b1  22 a1 20 46 69 f0 98 ed
a0 b1 24 a1 20 46 69 f0  94 ed 78 b1 23 49 20 46
69 f0 8e ed d8 b1 22 49  20 46 69 f0 8a ed b0 b1
11 49 20 46 09 1d 69 f0  84 ed 00 e0 82 e0 d8 b3
af f6 1c 41 20 46 69 f0  7c ed a8 b3 19 a1 20 46
69 f0 76 ed 80 b3 af f6  48 41 20 46 2d e0 81 e0
64 41 25 00 b8 ab 3c 80  ec f5 24 00 c8 cc 3c 80
18 d3 25 00 c4 4e 25 00  b8 fa 24 00 84 45 25 00
58 b8 25 00 52 65 73 70  6f 6e 73 65 53 69 67 6e
sending write buffer, mode=0xd, mspec=0, id=0,  offset=675840, len=4096
    Write buffer cdb: [3b 0d 00 0a 50 00 00 10 00 00]
    Write buffer parameter list (first 256 bytes):
32 e0 02 24 85 bb 63 2c  7f f4 70 af 96 f8 35 00
68 b1 03 20 8d f8 a0 00  2c 98 0d ab cd e9 00 ab
28 aa 06 f1 35 01 fc f7  a9 f9 05 00 1c d1 b9 f1
00 0f 19 d0 96 f8 56 00  b0 b1 09 a8 0a f0 99 fd
2c 98 09 aa 06 f1 56 01  4b 46 ff f7 e3 fd 05 00
0a d1 20 20 ad f8 a4 00  09 ab 00 97 2a aa 29 a9
06 f1 ec 00 0a f0 f2 fd  02 23 26 a9 1a 46 24 a8
64 f0 dc fc 4f f6 ff 74  02 22 23 46 af f2 5c 21
2c 98 f2 f7 bb ff 2c 98  08 22 20 a9 23 46 f2 f7
b5 ff 01 22 23 46 af f2  70 21 2c 98 f2 f7 ae ff
2c 98 08 22 26 a9 23 46  f2 f7 a8 ff 01 22 23 46
af f2 88 21 2c 98 f2 f7  a1 ff 2c 98 00 23 04 22
06 f1 0c 01 f2 f7 9a ff  1d b1 01 22 23 46 67 a1
71 e0 2c 98 00 23 04 22  06 f1 10 01 f2 f7 8e ff
b6 f8 a0 00 a0 b3 cd e9  00 07 8d f8 a8 b0 40 21
d6 f8 98 30 0b a8 5a 46  0a f0 4e fd bd f8 32 00
sending write buffer, mode=0xd, mspec=0, id=0,  offset=679936, len=4096
    Write buffer cdb: [3b 0d 00 0a 60 00 00 10 00 00]
    Write buffer parameter list (first 256 bytes):
bd f8 08 00 ad f8 1c 00  20 89 ad f8 1e 00 fe 48
e7 f7 4c fe a0 68 10 b1  80 b2 ff f7 90 fe 01 20
78 e7 f8 b5 05 46 00 eb  05 10 00 eb 45 21 f7 48
00 eb c1 04 40 f2 17 40  f5 49 15 fb 00 f0 d4 f8
98 20 01 eb 00 16 22 b1  04 f1 98 00 31 46 08 f0
96 f9 d4 f8 a4 00 20 b1  04 f1 a4 00 31 46 08 f0
8e f9 41 f2 88 01 20 46  a7 f6 2c ea 21 20 84 f8
b4 00 41 f2 59 00 01 21  00 22 01 55 88 1e ff 21
c4 e9 00 00 02 eb c2 03  00 20 03 eb 43 03 04 eb
83 03 00 eb c0 06 40 1c  03 eb 86 06 c0 b2 03 28
c6 f8 80 16 f5 d3 52 1c  d2 b2 12 2a ea d3 28 46
ed f7 6f ff 00 2d 04 d1  d5 48 6a 46 29 46 08 f0
bd ff f8 bd 2d e9 f8 4f  df f8 48 93 00 20 df f8
3c b3 04 46 00 90 99 f8  0d 80 99 f8 0e 60 04 eb
04 10 00 eb 44 21 00 25  0b eb c1 07 97 f8 b4 00
30 28 3f d1 02 21 89 f8  0e 10 a0 1c 12 21 c0 b2
sending write buffer, mode=0xd, mspec=0, id=0,  offset=684032, len=4096
    Write buffer cdb: [3b 0d 00 0a 70 00 00 10 00 00]
    Write buffer parameter list (first 256 bytes):
7d 48 07 c8 83 e8 07 00  ff f7 5c f8 75 48 00 f5
80 59 83 46 00 f5 f2 78  90 f8 b4 00 03 e0 6d 1c
15 f0 ff 05 22 d1 21 28  f9 d1 02 23 0e a9 1a 46
0c a8 62 f0 fb fc 02 22  40 46 af f6 0c 01 ec f7
d8 ff 08 22 40 46 09 a9  ec f7 d3 ff 01 22 40 46
af f6 20 01 ec f7 cd ff  08 22 40 46 0e a9 ec f7
c8 ff b9 f8 44 01 13 30  a9 f8 44 01 00 20 89 f8
04 07 00 2c 70 d0 9f e0  00 21 01 20 02 ab cd e9
00 01 5b 49 c2 02 f1 f7  61 fa 76 1c 04 46 b6 b2
0e 2e 49 d2 df e8 06 f0  48 07 0c 21 27 2c 48 48
48 48 32 4b 4b 5a 9d f8  08 00 f0 28 52 d1 55 e0
9d f8 08 00 e0 28 4d d8  9d f8 20 00 b0 bb 9d f8
1e 00 98 bb 04 98 88 b3  08 28 43 d8 04 28 41 d8
02 a8 f1 f7 ad f8 82 46  40 e0 9d f8 08 00 f1 28
3c d0 02 26 3a e0 9d f8  08 00 f9 28 32 d1 35 e0
9d f8 08 00 f0 28 2d d1  09 26 2f e0 9d f8 08 00
sending write buffer, mode=0xd, mspec=0, id=0,  offset=688128, len=4096
    Write buffer cdb: [3b 0d 00 0a 80 00 00 10 00 00]
    Write buffer parameter list (first 256 bytes):
00 eb c5 00 00 1d 9f f5  a5 fc 6d 1c ed b2 04 2d
da d3 24 22 6c 46 0d eb  07 00 8d a9 9f f5 9a fc
01 23 4c f2 03 00 8c a9  cd f8 58 82 24 37 1a 46
cd f8 5c 82 cd f8 60 82  cd f8 64 82 ad f8 30 02
08 46 61 f0 f3 fc bd f8  30 02 01 23 ad f8 58 02
0c 20 8d f8 5a a2 8c a9  8d f8 5b 02 40 f2 fe 70
1a 46 ad f8 30 02 08 46  61 f0 e0 fc bd f8 30 02
01 23 8c a9 ad f8 5c 02  02 20 1a 46 ad f8 30 02
08 46 61 f0 d3 fc bd f8  30 02 01 23 ad f8 5e 02
04 20 8d f8 60 92 8c a9  8d f8 63 02 80 01 1a 46
ad f8 30 02 08 46 61 f0  c1 fc bd f8 30 02 10 22
96 a9 ad f8 64 02 e0 19  9f f5 4c fc db f8 08 00
10 37 b8 42 00 d2 07 46  68 46 ba b2 00 21 fd f7
4a fe fd f7 34 fe 01 20  0d f5 2f 7d bc e4 70 b5
05 00 06 d0 8d 4c a1 8a  60 6e a5 f6 cc e9 00 20
a0 82 28 46 70 bd 10 b5  00 20 10 80 0b 78 30 2b
sending write buffer, mode=0xd, mspec=0, id=0,  offset=692224, len=4096
    Write buffer cdb: [3b 0d 00 0a 90 00 00 10 00 00]
    Write buffer parameter list (first 256 bytes):
00 28 59 d1 1f 48 21 22  03 ab 0a a9 ec f7 17 f9
14 ab 03 aa af f2 e4 31  20 46 f0 f7 97 f8 00 28
4a d1 16 48 18 4b 10 30  cd e9 00 06 dd e9 13 12
20 46 ec f7 1d f8 00 28  3e d1 21 22 03 ab 25 e0
b8 4e 25 00 b8 ab 3c 80  30 3d 25 00 50 65 72 73
69 73 74 65 6e 63 65 00  ec f5 24 00 c8 49 25 00
b8 40 3e 80 c8 52 25 00  bc fa 24 00 00 3c 04 00
e0 10 01 7e d2 f1 39 fc  d2 11 44 2c 00 06 3c 80
c4 57 25 00 f4 8d 25 00  80 85 25 00 fe 48 0a a9
ec f7 d5 f8 14 ab 03 aa  af f2 68 41 20 46 f0 f7
55 f8 00 28 08 d1 f9 48  cd e9 00 06 f8 4b 20 46
dd e9 13 12 eb f7 dc ff  16 b0 70 bd 2d e9 f0 4f
f4 48 9d b0 06 78 71 1c  01 70 06 eb 06 10 00 eb
46 21 f1 48 06 f1 02 09  00 eb c1 04 09 f0 ff 00
9c f5 d6 ff 01 00 f9 d0  09 f0 ff 00 9c f5 bc ff
4f f0 01 0a 8e bb e5 4d  02 27 30 46 11 3d af 73
sending write buffer, mode=0xd, mspec=0, id=0,  offset=696320, len=4096
    Write buffer cdb: [3b 0d 00 0a a0 00 00 10 00 00]
    Write buffer parameter list (first 256 bytes):
20 69 00 99 38 b1 0a eb  09 10 10 22 10 30 9d f5
a1 fc a5 f1 20 01 30 46  10 22 9d f5 9b fc 09 f1
01 09 b9 f1 64 0f ff f6  9e ae 33 b0 bd e8 f0 8f
2d e9 f0 43 db b0 0d 46  58 21 04 46 42 a8 a3 f6
42 ea 20 79 04 f1 0c 01  22 68 01 ab 00 92 4f f0
00 09 df f8 28 84 a2 68  f2 f7 33 fc 00 27 ad f8
04 01 ad f8 08 71 01 21  20 68 0d f5 84 7c 49 ae
80 28 03 d0 b0 f5 80 7f  26 d0 4e e0 ad f8 08 11
43 46 20 88 fe 49 82 b2  0c f1 04 00 05 f0 34 fd
22 68 28 46 fa 49 9d f5  5d fc 20 68 04 22 f9 49
05 44 28 46 9d f5 56 fc  00 22 bd f8 08 01 11 21
43 46 40 f0 0a 00 cd e9  46 12 ad f8 08 01 20 88
ef 49 82 b2 80 31 24 e0  ad f8 08 11 43 46 20 88
ed 49 82 b2 0c f1 04 00  05 f0 0e fd 22 68 28 46
e9 49 9d f5 37 fc 20 68  04 22 e6 49 05 44 09 1d
28 46 9d f5 2f fc 11 21  bd f8 08 01 00 22 43 46
sending write buffer, mode=0xd, mspec=0, id=0,  offset=700416, len=4096
    Write buffer cdb: [3b 0d 00 0a b0 00 00 10 00 00]
    Write buffer parameter list (first 256 bytes):
8c 0c c2 e9 28 95 53 f8  27 70 4f ea 14 6e dc f8
00 c4 03 eb 8e 0e 87 ea  0c 07 c4 f3 07 4c de f8
00 ec 03 eb 8c 0c dc f8  00 c8 8c ea 0e 0c 87 ea
0c 07 87 ea 0a 0a 88 ea  0a 08 81 ea 08 01 48 40
c0 f3 07 27 c2 e9 2e 10  c2 e9 2c a8 53 f8 27 c0
c0 f3 07 47 03 eb 87 07  00 f0 ff 0e d7 f8 00 74
03 eb 8e 0e 8c ea 07 0c  07 0e de f8 00 ec 03 eb
87 07 d7 f8 00 78 87 ea  0e 07 8c ea 07 0c 8c ea
09 0c 8c f0 20 09 85 ea  09 05 6e 40 74 40 e7 b2
4f ea 14 6c c2 e9 32 64  c2 e9 30 95 53 f8 27 e0
c4 f3 07 27 03 eb 8c 0c  03 eb 87 07 dc f8 00 cc
d7 f8 00 74 8e ea 07 0e  c4 f3 07 47 03 eb 87 07
d7 f8 00 78 87 ea 0c 07  8e ea 07 0e 8e ea 0a 0e
88 ea 0e 0c 81 ea 0c 01  48 40 c2 e9 34 ec c0 f3
07 47 c2 e9 36 10 03 eb  87 07 c0 f3 07 21 d7 f8
00 74 53 f8 21 10 79 40  07 0e c0 b2 03 eb 87 07
sending write buffer, mode=0xd, mspec=0, id=0,  offset=704512, len=4096
    Write buffer cdb: [3b 0d 00 0a c0 00 00 10 00 00]
    Write buffer parameter list (first 256 bytes):
08 93 fb b2 01 eb 85 05  3e 0e 51 f8 23 30 d5 f8
00 54 01 eb 86 06 6b 40  c7 f3 07 45 d6 f8 00 6c
01 eb 85 05 d5 f8 00 58  75 40 6b 40 93 61 03 94
ca f3 07 46 05 93 51 f8  24 50 ca f3 07 24 02 94
01 eb 84 03 d3 f8 00 34  5d 40 01 eb 86 03 d3 f8
00 c8 4f ea 1a 63 01 eb  83 04 00 eb 83 03 d4 f8
00 4c 8c ea 04 0c 85 ea  0c 05 d5 61 03 9c 07 95
d3 f8 00 3c 50 f8 24 50  02 9c 00 eb 84 04 d4 f8
00 44 65 40 00 eb 86 04  00 9e d4 f8 00 48 5c 40
65 40 75 40 eb b2 c5 f3  07 24 2e 0e 01 eb 84 04
51 f8 23 30 01 eb 86 06  88 ea 05 08 d4 f8 00 44
d6 f8 00 6c 63 40 c5 f3  07 44 01 eb 84 04 d4 f8
00 48 74 40 63 40 13 62  c8 f3 07 24 0c 93 08 f0
ff 03 01 eb 84 04 4f ea  18 66 51 f8 23 30 d4 f8
00 44 01 eb 86 06 63 40  c8 f3 07 44 d6 f8 00 6c
01 eb 84 04 d4 f8 00 48  74 40 63 40 53 62 dd f8
sending write buffer, mode=0xd, mspec=0, id=0,  offset=708608, len=4096
    Write buffer cdb: [3b 0d 00 0a d0 00 00 10 00 00]
    Write buffer parameter list (first 256 bytes):
52 f8 26 60 c3 f3 07 43  d7 f8 00 74 dc f8 00 cc
02 eb 83 03 7e 40 c5 f3  07 47 d3 f8 00 38 02 eb
87 07 d7 f8 00 78 87 ea  0c 07 7e 40 47 6c c5 f3
07 2c 7e 40 02 eb 8c 0c  e7 b2 ed b2 dc f8 00 c4
52 f8 27 70 52 f8 25 50  87 ea 0c 07 c9 f3 07 4c
02 eb 8c 0c dc f8 00 c8  8c ea 0e 0c 87 ea 0c 07
d0 f8 48 c0 87 ea 0c 07  c9 f3 07 2c 02 eb 8c 0c
dc f8 00 c4 85 ea 0c 05  24 0e 4f ea 18 6e 02 eb
84 04 02 eb 8e 0e d4 f8  00 4c de f8 00 ec 63 40
5d 40 c3 6c c6 f3 07 24  5d 40 08 f0 ff 03 02 eb
84 04 4f ea 15 6c 52 f8  23 30 d4 f8 00 44 02 eb
8c 0c 63 40 c7 f3 07 44  dc f8 00 cc 02 eb 84 04
d4 f8 00 48 84 ea 0c 04  63 40 04 6d 63 40 f4 b2
52 f8 24 c0 c7 f3 07 24  02 eb 84 04 d4 f8 00 44
8c ea 04 0c c5 f3 07 44  02 eb 84 04 d4 f8 00 48
84 ea 0e 04 8c ea 04 0c  44 6d 4f ea 16 6e 8c ea
sending write buffer, mode=0xd, mspec=0, id=0,  offset=712704, len=4096
    Write buffer cdb: [3b 0d 00 0a e0 00 00 10 00 00]
    Write buffer parameter list (first 256 bytes):
05 0c 55 6a 84 ea 0c 04  c7 f3 07 2c 6c 40 09 f0
ff 05 06 eb 8c 0c 56 f8  25 50 dc f8 00 c4 85 ea
0c 05 ca f3 07 4c 06 eb  8c 0c dc f8 00 c8 8c ea
0e 0c 85 ea 0c 05 d2 f8  28 c0 85 ea 0c 08 c9 f3
07 25 06 eb 85 05 d5 f8  00 54 68 40 c7 f3 07 45
4f ea 1a 67 06 eb 85 05  06 eb 87 07 d5 f8 00 58
d7 f8 00 7c 7d 40 68 40  d5 6a 27 0e 68 40 dd b2
06 eb 87 07 56 f8 25 c0  c0 f3 07 25 d7 f8 00 7c
06 eb 85 05 d5 f8 00 54  8c ea 05 0c c8 f3 07 45
06 eb 85 05 d5 f8 00 58  7d 40 8c ea 05 0c 15 69
8c ea 05 09 e5 b2 4f ea  10 6e 56 f8 25 70 c3 f3
07 25 06 eb 8e 0e 06 eb  85 05 de f8 00 ec d5 f8
00 54 6f 40 c0 f3 07 45  c0 b2 06 eb 85 05 56 f8
20 00 d5 f8 00 c8 4f ea  18 65 06 eb 85 05 d5 f8
00 5c 8c ea 05 0c 55 69  87 ea 0c 07 6f 40 08 f0
ff 05 56 f8 25 c0 c4 f3  07 25 c4 f3 07 44 06 eb
sending write buffer, mode=0xd, mspec=0, id=0,  offset=716800, len=4096
    Write buffer cdb: [3b 0d 00 0a f0 00 00 10 00 00]
    Write buffer parameter list (first 256 bytes):
1b 1b 7c eb 0c 04 08 c0  00 d0 01 24 52 1e 00 2a
01 dd 00 2c f3 d1 41 46  38 46 ff f7 b0 f9 08 22
69 46 38 46 98 f5 96 fc  00 98 39 68 88 42 03 d0
41 46 68 46 ff f7 a3 f9  28 46 c9 e6 2d e9 f0 41
0d 46 40 f2 17 41 16 46  15 fb 01 f1 00 eb 01 14
44 f2 70 11 20 46 9e f6  36 ea 00 22 22 60 10 46
23 68 00 eb 80 11 40 1c  04 eb c1 01 0a 28 41 f8
10 3f 21 60 f4 db 00 20  62 60 41 f2 60 43 67 68
00 eb 40 11 40 1c 04 eb  c1 01 14 28 5f 50 01 f5
a3 51 61 60 f1 db 00 20  a2 60 42 f6 00 13 a7 68
00 eb 00 11 40 1c 04 eb  c1 01 1e 28 5f 50 01 f5
24 51 a1 60 f1 db 00 20  e2 60 43 f6 f0 02 43 f6
f0 03 00 eb c0 01 e7 68  40 1c 04 eb c1 01 1e 28
5f 50 11 44 e1 60 f2 db  04 f5 80 42 01 21 00 20
c2 f8 60 11 c2 f8 64 01  82 f8 68 51 34 60 bd e8
f0 81 70 b5 15 46 40 f2  17 42 44 f2 64 13 11 fb
sending write buffer, mode=0xd, mspec=0, id=0,  offset=720896, len=4096
    Write buffer cdb: [3b 0d 00 0b 00 00 00 10 00 00]
    Write buffer parameter list (first 256 bytes):
1b e0 37 21 68 46 0e aa  ff f7 cb ff 20 2c 01 d9
20 22 00 e0 22 46 07 eb  45 10 0e a9 97 f5 9a fc
20 2c 01 d9 20 20 00 e0  20 46 24 1a 68 46 01 23
37 21 16 aa ff f7 5d fe  6d 1c b5 42 e1 d3 38 21
68 46 9d f6 40 ea 20 21  0e a8 9d f6 3c ea 18 b0
bd e8 f0 81 2d e9 f0 4f  b5 b0 82 46 01 20 0c 46
00 25 9b 46 8d f8 c8 00  c8 00 33 a9 dd f8 f8 90
dd f8 00 81 01 23 17 46  33 90 02 22 08 46 59 f0
d5 fc 04 f1 1f 00 46 09  41 e0 68 46 ff f7 78 ff
01 22 68 46 32 a9 ff f7  40 ff 04 22 68 46 33 a9
ff f7 3b ff 27 b1 5a 46  39 46 68 46 ff f7 35 ff
5f ea 09 00 04 d0 3f 9a  01 46 68 46 ff f7 2d ff
5f ea 08 00 04 d0 41 9a  01 46 68 46 ff f7 25 ff
2a a9 68 46 ff f7 db fe  20 2c 03 e0 88 3f 3e 80
08 31 33 00 01 d9 20 22  00 e0 22 46 0a eb 45 10
2a a9 97 f5 2f fc 20 2c  01 d9 20 20 00 e0 20 46
sending write buffer, mode=0xd, mspec=0, id=0,  offset=724992, len=4096
    Write buffer cdb: [3b 0d 00 0b 10 00 00 10 00 00]
    Write buffer parameter list (first 256 bytes):
04 25 cd e9 06 10 01 f5  86 60 1f 4a a0 f1 10 01
cd e9 00 17 cd e9 02 06  10 30 49 46 ff f7 e7 fe
17 49 05 46 08 9a 58 46  10 31 22 60 96 f5 92 fc
13 48 40 f2 00 27 39 46  10 30 9c f6 44 ea 12 48
39 46 9c f6 40 ea 0f 48  20 21 40 38 9c f6 3a ea
0c 4c 00 26 0b 48 39 46  68 3c a6 65 e6 65 26 66
66 66 9c f6 30 ea a6 64  28 46 e6 64 26 65 66 65
0d b0 6b e6 80 30 3e 80  b0 32 3e 80 b0 34 3e 80
e0 36 3e 80 30 3b 3e 80  f0 38 3e 80 f0 41 2d e9
02 60 a0 e1 ba 20 d2 e1  01 70 a0 e1 b6 10 d1 e1
03 80 a0 e1 00 40 a0 e1  02 00 51 e1 01 00 a0 e3
f0 81 bd 18 00 50 a0 e3  2c 10 a0 e3 08 00 84 e2
00 50 84 e5 04 50 84 e5  fd 70 fa eb 34 00 84 e2
08 20 a0 e3 07 10 a0 e1  1d 5a f6 fa 44 50 84 e5
03 00 a0 e3 3c 60 84 e5  40 80 84 e5 4c 50 84 e5
54 50 84 e5 f0 81 bd e8  f0 5f 2d e9 00 80 a0 e1
sending write buffer, mode=0xd, mspec=0, id=0,  offset=729088, len=4096
    Write buffer cdb: [3b 0d 00 0b 20 00 00 10 00 00]
    Write buffer parameter list (first 256 bytes):
25 e0 f9 48 02 21 8d f8  07 b0 d6 f7 7b ff 02 21
82 46 6a 46 d6 f7 89 fc  f4 49 50 46 d6 f7 27 fc
98 f8 00 00 40 1c 88 f8  00 00 04 2c 04 d0 98 f8
04 00 40 1c 88 f8 04 00  b9 f1 00 0f 0a d0 30 79
09 28 0a d2 15 20 a6 f0  db fd 88 b1 23 e0 30 79
40 1c 30 71 30 79 09 28  8e d3 a8 79 98 b1 15 20
a6 f0 ce fd 48 b1 0e e0  40 46 86 f8 04 80 89 e7
00 21 38 46 00 f0 b6 f8  0d e0 15 20 a7 f0 e7 f9
01 20 ff f7 45 fb 18 2f  86 f8 00 b0 03 d0 17 2f
01 d0 ff f7 35 ff 01 20  55 e7 30 b5 87 b0 4a f2
e0 10 00 24 25 46 03 94  0d f0 09 ff 18 b3 be f0
b3 fa cf 4d 38 b1 00 22  28 46 04 a9 27 f0 7b f8
04 a8 03 90 06 e0 00 23  28 46 03 a9 1a 46 25 f0
3d fe 03 98 00 90 01 20  8d f8 04 40 8d f8 05 00
8d f8 06 00 68 46 02 94  ff f7 1f ff 00 21 05 46
03 98 25 f0 d1 f9 07 b0  28 46 46 e5 70 b5 88 b0
sending write buffer, mode=0xd, mspec=0, id=0,  offset=733184, len=4096
    Write buffer cdb: [3b 0d 00 0b 30 00 00 10 00 00]
    Write buffer parameter list (first 256 bytes):
80 71 81 80 f3 e7 70 bd  2d e9 f0 41 04 46 63 48
61 4d 63 4f 00 68 80 68  b0 f9 5a 10 68 7a a1 42
23 dc 80 07 06 d5 38 46  ff f7 90 ff 68 7a 20 f0
02 00 68 72 0a 20 94 fb  f0 f0 57 fa 80 f0 ff f7
bf ff 68 7a 40 f0 10 00  68 72 c0 07 08 d1 fe f7
f8 fe 28 b1 0b 20 fe f7  17 fb 01 20 ff f7 11 f9
68 7a 40 f0 01 00 68 72  41 e7 20 f0 10 00 4f f0
00 06 68 72 82 07 0f d5  3f 48 00 68 80 68 80 8e
40 1f 00 eb 80 00 40 00  00 b2 a0 42 ec dd 38 46
ff f7 5c ff 6e 72 2a e7  c0 07 f8 d0 32 39 a1 42
f5 dc 24 e7 2d e9 fc 47  04 46 33 48 3d 4f 00 26
88 46 00 68 85 68 38 68  99 f6 f0 fe 3a 49 88 42
03 d3 99 f6 c9 fe 01 26  38 60 56 ea 08 00 4c d0
14 f1 80 0f 49 d0 df f8  98 80 34 49 d8 f8 00 00
80 68 a0 f8 f4 41 2d 48  00 68 80 68 b0 f8 a4 20
a2 42 03 dc b0 f8 a6 00  a0 42 03 da 08 68 40 f4
sending write buffer, mode=0xd, mspec=0, id=0,  offset=737280, len=4096
    Write buffer cdb: [3b 0d 00 0b 40 00 00 10 00 00]
    Write buffer parameter list (first 256 bytes):
84 dd 27 80 00 80 ff ff  c8 dd 27 80 c8 db 27 80
98 0f 26 80 94 35 33 00  23 f0 37 fa 90 b1 48 46
b8 f0 64 f8 a8 42 07 d3  00 22 2b 46 05 a9 48 46
fd f7 df fb 01 28 07 d0  20 46 a2 f0 93 fd 6a e7
4c df 16 df 4c df 17 df  20 46 a2 f0 8b fd 28 46
62 e7 70 b5 88 b0 0e 46  05 00 4f f0 ff 00 8d f8
18 00 21 d0 28 46 23 f0  10 fa f8 b1 28 46 b8 f0
3d f8 d0 28 51 d3 00 21  02 20 a2 f0 e9 fd 04 00
4b d0 20 68 00 22 01 a9  25 f0 29 f8 00 20 00 90
08 23 02 46 01 a9 28 46  fd f7 8b fc 01 28 07 d0
20 46 a2 f0 5f fd 38 e0  4c df 1d df 4c df 1e df
08 22 00 21 04 ab 01 a8  bb f0 c2 fc 20 46 b7 f0
6b fb 01 46 01 a8 b7 f0  89 fb fd 49 08 22 04 a8
99 f6 0c f9 f0 b1 20 46  a2 f0 44 fd 06 a9 28 46
fe f7 2c fd 01 28 18 d1  00 21 02 20 a2 f0 b0 fd
04 00 12 d0 20 68 00 22  01 a9 24 f0 f0 ff f0 49
sending write buffer, mode=0xd, mspec=0, id=0,  offset=741376, len=4096
    Write buffer cdb: [3b 0d 00 0b 50 00 00 10 00 00]
    Write buffer parameter list (first 256 bytes):
40 1c 92 68 02 eb 03 12  35 f8 11 30 49 1c 08 28
a2 f8 0a 35 f1 d3 5a 49  04 22 e7 20 33 46 28 39
ff f7 2e f9 d8 f8 48 00  b8 42 16 d0 10 22 33 46
69 46 ff f7 de f8 00 21  08 46 22 68 c0 eb 00 13
40 1c 92 68 02 eb 03 12  35 f8 11 30 49 1c a2 f8
10 35 00 e0 05 e0 08 28  ef d3 30 46 a1 f0 82 fd
92 e4 4c df 34 df f0 b5  00 21 02 20 8d b0 a1 f0
ef fd 05 00 52 d0 42 49  04 22 03 46 34 39 3b 20
ff f7 fe f8 3e 48 3f 4c  70 38 00 21 0b 46 c6 6b
20 68 82 68 c1 eb 01 10  49 1c 02 eb 00 12 08 29
a2 f8 f6 34 22 68 92 68  02 eb 00 12 a2 f8 f8 34
22 68 92 68 02 eb 00 10  a0 f8 fa 34 e8 d3 a6 f5
7f 40 ff 38 26 d0 30 22  2b 46 69 46 30 46 ff f7
90 f8 00 21 6b 46 20 68  82 68 c1 eb 01 10 02 eb
00 16 01 eb 41 02 49 1c  08 29 33 f8 12 70 03 eb
42 02 a6 f8 f6 74 26 68  57 88 b6 68 06 eb 00 16
sending write buffer, mode=0xd, mspec=0, id=0,  offset=745472, len=4096
    Write buffer cdb: [3b 0d 00 0b 60 00 00 10 00 00]
    Write buffer parameter list (first 256 bytes):
df 4e 4f f6 ff 77 b0 3e  d6 f8 94 00 b8 42 04 d0
02 22 2b 46 69 46 fe f7  ac f8 d9 49 04 22 2b 46
40 f2 f1 10 18 39 fe f7  2b f9 d6 f8 98 00 b8 42
04 d0 0c 22 2b 46 69 46  fe f7 9b f8 d0 49 04 22
2b 46 40 f2 f2 10 14 39  fe f7 1a f9 d6 f8 9c 00
b8 42 04 d0 0e 22 2b 46  69 46 fe f7 8a f8 28 46
a0 f0 80 fd c8 48 00 68  80 68 a0 f8 9a 41 bd e8
ff 81 4c df 5f df c5 48  18 21 10 b5 97 f6 22 ea
bd e8 10 40 c2 48 18 21  b3 f0 bc bb c1 48 00 21
01 60 41 60 70 47 bc 48  f8 b5 00 68 00 24 21 46
80 68 80 f8 9c 40 02 20  a0 f0 d2 fd 05 00 51 d0
b3 49 04 22 03 46 40 f2  86 10 3c 39 fe f7 e0 f8
af 4e 4f f6 ff 77 b0 3e  70 6f b8 42 06 d0 02 22
2b 46 69 46 ad f8 00 40  fe f7 4b f8 a8 49 04 22
2b 46 40 f2 e3 10 38 39  fe f7 ca f8 b0 6f b8 42
06 d0 02 22 2b 46 69 46  ad f8 00 40 fe f7 39 f8
sending write buffer, mode=0xd, mspec=0, id=0,  offset=749568, len=4096
    Write buffer cdb: [3b 0d 00 0b 70 00 00 10 00 00]
    Write buffer parameter list (first 256 bytes):
10 d2 46 f6 68 02 0f e0  30 0f 26 80 98 12 26 80
b0 db 27 80 00 f4 23 80  24 14 26 80 c8 dd 27 80
d4 db 27 80 46 f2 60 62  a3 f8 c0 24 33 68 40 1c
c0 b2 08 28 9b 68 03 eb  01 13 a3 f8 c2 24 33 68
9b 68 03 eb 01 13 a3 f8  c4 24 33 68 9b 68 03 eb
01 11 a1 f8 c6 24 cc d3  18 2c 04 d0 1c 2c 02 d0
b7 f0 30 f8 98 b1 00 20  7e 22 7c 23 31 68 c0 eb
00 1c a8 42 89 68 01 eb  0c 11 02 d2 81 f8 ec 24
01 e0 81 f8 ec 34 40 1c  c0 b2 08 28 ee d3 30 68
04 22 81 68 4a 75 ff 49  80 68 09 78 80 f8 39 10
fd 48 d0 f8 04 5b b5 f0  1b fc 01 28 03 d0 b5 f0
17 fc 0e 28 03 d1 30 68  80 68 c0 f8 40 52 f7 48
00 68 80 68 90 f8 50 00  c0 07 05 d0 30 68 80 68
c1 8e 41 f4 80 71 c1 86  cb f7 e4 fa 31 68 b0 46
35 46 89 68 a1 f8 40 00  b6 f0 ec ff ec 4a 40 f2
00 13 df f8 b0 93 d2 f8  f0 10 d1 f8 a8 10 03 ea
sending write buffer, mode=0xd, mspec=0, id=0,  offset=753664, len=4096
    Write buffer cdb: [3b 0d 00 0b 80 00 00 10 00 00]
    Write buffer parameter list (first 256 bytes):
80 68 89 68 d0 f8 38 01  b1 f8 bc 10 ff f7 fd f9
01 46 dc f8 00 00 82 68  c2 f8 38 11 29 68 89 68
b1 f8 ac 11 0a 04 02 d5  21 f4 00 41 89 02 80 68
d0 f8 3c 01 ff f7 e9 f9  01 46 dc f8 00 00 80 68
c0 f8 3c 11 28 68 80 68  b0 f8 ae 11 08 04 02 d5
21 f4 00 40 81 02 dc f8  00 00 80 68 d0 f8 40 01
ff f7 d3 f9 01 46 dc f8  00 00 80 68 c0 f8 40 11
00 20 29 68 89 68 01 eb  40 01 b1 f8 80 21 dc f8
00 10 89 68 01 eb 40 01  40 1c c0 b2 06 28 a1 f8
60 21 ee d3 00 20 29 68  89 68 01 eb 40 01 b1 f8
8c 21 dc f8 00 10 89 68  01 eb 40 01 40 1c c0 b2
07 28 a1 f8 6c 21 ee d3  56 b9 dc f8 00 00 80 68
b0 f9 7a 11 28 68 80 68  b0 f9 9a 01 81 42 08 da
28 68 80 68 b0 f8 9a 11  dc f8 00 00 80 68 a0 f8
7a 11 dc f8 00 00 29 68  82 68 8c 68 b2 f8 0e 32
b4 f8 3a 41 a3 42 01 d2  a2 f8 0e 42 89 68 80 68
sending write buffer, mode=0xd, mspec=0, id=0,  offset=757760, len=4096
    Write buffer cdb: [3b 0d 00 0b 90 00 00 10 00 00]
    Write buffer parameter list (first 256 bytes):
81 68 01 f5 b8 61 03 c9  fe f7 07 fa 22 68 92 68
02 f5 b8 62 03 c2 28 68  80 68 b0 f8 c8 12 08 04
02 d5 21 f4 00 40 01 01  20 68 80 68 d0 f8 c8 05
fe f7 eb f9 01 46 20 68  80 68 c0 f8 c8 15 28 68
22 68 81 68 93 68 b1 f8  d0 12 c3 f8 d0 15 81 68
93 68 b1 f8 d2 12 c3 f8  d4 15 81 68 93 68 b1 f8
d4 12 c3 f8 d8 15 81 68  93 68 b1 f8 d6 12 c3 f8
dc 15 81 68 93 68 b1 f8  d8 12 c3 f8 e0 15 81 68
93 68 b1 f8 da 12 c3 f8  e4 15 80 68 b0 f8 de 12
08 04 0a d4 90 68 d0 f8  e8 05 fe f7 b6 f9 21 68
02 46 88 68 c0 f8 e8 25  0c e0 21 f4 00 40 01 01
90 68 d0 f8 e8 05 fe f7  a8 f9 01 46 20 68 80 68
c0 f8 e8 15 40 f2 14 67  28 68 81 68 d1 f8 0c 33
21 68 8a 68 c2 f8 0c 36  82 68 8b 68 d2 e9 c4 c2
c3 f8 10 c6 fa 50 82 68  40 f2 4c 67 b2 f8 18 33
8a 68 a2 f8 18 36 82 68  8b 68 02 f5 40 7c d2 f8
sending write buffer, mode=0xd, mspec=0, id=0,  offset=761856, len=4096
    Write buffer cdb: [3b 0d 00 0b a0 00 00 10 00 00]
    Write buffer parameter list (first 256 bytes):
00 eb 44 20 d0 f8 b8 08  fd f7 ff f9 01 46 38 68
80 68 00 eb 44 20 c0 f8  b8 18 dc f8 00 00 80 68
00 eb 05 10 b0 f8 8e 15  08 04 0f d4 3a 68 92 68
02 eb 44 20 d0 f8 bc 08  fd f7 e7 f9 39 68 02 46
89 68 01 eb 44 20 c0 f8  bc 28 11 e0 21 f4 00 40
81 02 38 68 80 68 00 eb  44 20 d0 f8 bc 08 fd f7
d4 f9 01 46 38 68 80 68  00 eb 44 20 c0 f8 bc 18
dc f8 00 00 80 68 00 eb  05 10 b0 f8 da 14 38 68
80 68 00 eb 44 20 d0 f8  c0 08 fd f7 be f9 01 46
38 68 80 68 00 eb 44 20  c0 f8 c0 18 dc f8 00 00
80 68 00 eb 05 10 b0 f8  dc 14 38 68 80 68 00 eb
44 20 d0 f8 c4 08 fd f7  a8 f9 01 46 38 68 80 68
00 eb 44 20 c0 f8 c4 18  dc f8 00 00 80 68 00 eb
05 10 90 f8 15 15 38 68  80 68 00 eb 44 20 d0 f8
c8 08 fd f7 92 f9 39 68  89 68 01 eb 44 21 c1 f8
c8 08 dc f8 00 00 80 68  00 eb 05 10 90 f8 0f 15
sending write buffer, mode=0xd, mspec=0, id=0,  offset=765952, len=4096
    Write buffer cdb: [3b 0d 00 0b b0 00 00 10 00 00]
    Write buffer parameter list (first 256 bytes):
01 50 07 eb 08 00 53 46  4a 46 4e f0 60 fd 02 99
08 eb 01 00 51 46 1f fa  80 f8 09 f1 2c 00 81 46
b3 f0 e8 fc 00 94 06 eb  08 01 cd e9 01 50 07 eb
08 00 53 46 4a 46 4e f0  4a fd 02 99 df f8 30 a2
08 eb 01 00 1f fa 80 f8  0a 20 0a f1 cc 0a 81 46
01 46 50 46 b3 f0 ce fc  00 94 06 eb 08 01 cd e9
01 50 07 eb 08 00 4b 46  52 46 4e f0 30 fd 02 99
0a f1 28 0a 08 eb 01 00  1f fa 80 f8 13 20 81 46
01 46 50 46 b3 f0 b6 fc  00 94 06 eb 08 01 cd e9
01 50 07 eb 08 00 4b 46  52 46 4e f0 18 fd 02 99
0a f1 4c 0a 08 eb 01 00  1f fa 80 f8 0e 20 81 46
01 46 50 46 b3 f0 9e fc  00 94 06 eb 08 01 cd e9
01 50 07 eb 08 00 4b 46  52 46 4e f0 00 fd 02 99
0a f1 38 0a 08 eb 01 00  1f fa 80 f8 24 20 81 46
01 46 50 46 b3 f0 86 fc  00 94 06 eb 08 01 cd e9
01 50 07 eb 08 00 4b 46  52 46 4e f0 e8 fc 02 99
sending write buffer, mode=0xd, mspec=0, id=0,  offset=770048, len=4096
    Write buffer cdb: [3b 0d 00 0b c0 00 00 10 00 00]
    Write buffer parameter list (first 256 bytes):
ad f0 b8 fe 38 b9 1e 20  9c f0 fa fd 18 b9 09 f0
33 fb 00 28 00 d0 01 20  10 bd 2d e9 f0 41 07 46
06 9e f5 f7 0e ff 00 28  32 d0 bd 48 d0 f8 e8 00
80 03 2d d4 bb 48 5f ea  81 7c bb 4c 4f f6 ff 75
c3 f3 03 61 3d d4 01 2a  22 d0 03 29 20 d1 80 7b
00 28 1d d1 b4 f0 f8 fa  00 28 19 d0 20 68 81 68
b1 f8 de 01 a8 42 01 d0  40 1c 80 b2 a1 f8 de 01
ff f7 c1 ff c6 eb 06 11  58 b1 20 68 80 68 00 eb
01 10 90 f8 97 15 ff 29  02 d0 49 1c 80 f8 97 15
9b e6 ff f7 a7 ff 00 28  20 68 80 68 07 d0 90 f8
67 12 ff 29 f4 d0 49 1c  80 f8 67 12 8d e6 00 eb
01 10 90 f8 0f 15 ff 29  ea d0 49 1c 80 f8 0f 15
83 e6 01 2a 14 d0 03 29  01 d0 04 29 e0 d1 80 7b
00 28 dd d1 b4 f0 b8 fa  00 28 d9 d0 20 68 80 68
b0 f8 dc 10 a9 42 d3 d0  49 1c a0 f8 dc 10 6c e6
06 2f cd d2 20 68 80 68  00 eb 47 01 b1 f8 d0 00
sending write buffer, mode=0xd, mspec=0, id=0,  offset=774144, len=4096
    Write buffer cdb: [3b 0d 00 0b d0 00 00 10 00 00]
    Write buffer parameter list (first 256 bytes):
a1 f8 3e 21 29 4e 00 24  a0 b1 95 b2 d0 f8 e8 11
02 aa cd e9 00 12 d0 e9  7e 23 ff 20 d1 f7 09 f8
24 48 20 22 02 ab 31 46  ad f8 20 50 09 94 d0 f7
3d fe cf e7 1c 48 4f f0  ff 32 13 46 00 68 80 68
cd e9 02 04 04 a8 cd e9  00 20 ff 20 d0 f7 ef fe
04 ab ad f8 28 50 2f e0  b0 db 27 80 00 06 0b 81
00 07 0b 81 d4 db 27 80  28 a1 27 80 b8 dd 27 80
cc db 27 80 95 cb 26 00  14 00 5d 86 00 fb 44 04
00 00 ff 0f 00 00 01 04  00 00 ef fc 01 00 11 03
00 00 03 04 30 0f 26 80  00 00 11 03 00 00 fd fc
00 00 83 fa 98 a5 27 80  90 23 24 80 0e 10 01 00
b0 e2 00 7e 40 e1 00 7e  f8 48 20 22 31 46 b6 e7
f7 49 70 b5 4f f6 ff 74  0a 68 8c b0 b2 f8 38 11
a1 42 02 d2 49 1c a2 f8  38 11 f2 49 00 23 ef 4e
f1 4d 20 3e 09 68 b8 b1  b2 f8 38 41 04 aa 89 68
cd e9 02 13 d0 f8 e8 11  cd e9 00 12 d0 e9 7e 23
sending write buffer, mode=0xd, mspec=0, id=0,  offset=778240, len=4096
    Write buffer cdb: [3b 0d 00 0b e0 00 00 10 00 00]
    Write buffer parameter list (first 256 bytes):
4b e5 83 49 c0 eb 00 10  09 68 89 68 01 eb 00 10
90 f8 40 15 ff 29 02 d2  49 1c 80 f8 40 15 3c e5
7b 49 c0 eb 00 10 09 68  89 68 01 eb 00 10 90 f8
41 15 ff 29 02 d2 49 1c  80 f8 41 15 2d e5 74 49
c0 eb 00 10 09 68 89 68  01 eb 00 10 90 f8 42 15
ff 29 02 d2 49 1c 80 f8  42 15 1e e5 30 b5 15 46
6d 4a 4f f6 ff 73 8d b0  14 68 b4 f8 3a 21 9a 42
02 d2 52 1c a4 f8 3a 21  94 b2 6b 4a 00 23 12 68
92 68 cd e9 02 23 04 aa  0b 46 cd e9 00 52 02 46
ff 20 cf f7 cc fe 65 49  20 22 65 48 04 ab ad f8
28 40 cf f7 03 fe 0d b0  30 bd 70 b5 09 20 88 f5
e0 f8 59 4d 5f 4c a8 b1  29 68 a0 68 09 6a 88 42
0c d0 09 20 88 f5 4a f8  21 e0 64 20 5a 4a 41 43
01 e0 59 4a 28 21 09 20  6c f0 d7 fd 29 68 a0 68
08 62 70 bd f3 f7 ad fe  00 28 f7 d0 b2 f0 bc fa
00 28 f3 d0 b2 f0 88 fa  48 b9 b2 f0 cb fa 10 b1
sending write buffer, mode=0xd, mspec=0, id=0,  offset=782336, len=4096
    Write buffer cdb: [3b 0d 00 0b f0 00 00 10 00 00]
    Write buffer parameter list (first 256 bytes):
10 b5 87 f5 ab f8 e8 48  d0 f8 10 1b 89 02 0a d5
d0 f8 00 1c 89 07 10 d5  d0 f8 00 1c 21 f0 02 01
c0 f8 00 1c 09 e0 d0 f8  04 2c 01 21 91 43 d0 f8
04 2c 61 f3 00 02 c0 f8  04 2c 00 20 10 bd 2d e9
f0 41 d8 4e 05 46 70 89  71 69 00 f4 80 40 08 43
3d d1 70 61 30 7b 81 28  01 d3 1f f0 0d fc ec b2
40 f2 00 47 80 2c 04 d2  38 46 00 f0 47 fd 00 28
2d d0 9e f0 1a fd 00 28  29 d0 83 f0 ca ff 00 28
25 d1 1e 20 87 f5 f5 f8  00 28 20 d1 1f 20 87 f5
f0 f8 00 28 1b d1 84 f0  e1 fd a0 b1 85 2c 03 d2
38 46 00 f0 2b fd 18 b1  40 f6 01 60 aa f0 c2 fa
e8 b2 00 f0 1d fc b0 89  85 28 08 d0 bd e8 f0 41
08 20 05 f0 53 bf bd e8  f0 41 8a f5 e3 bf bd e8
f0 81 2d e9 f0 47 df f8  cc 82 4f f0 ff 35 df f8
cc 92 0b 24 ae 4e 08 f1  34 08 2f 46 09 eb 44 00
30 f8 02 0c 7f 38 07 28  05 d2 df e8 00 f0 04 06
sending write buffer, mode=0xd, mspec=0, id=0,  offset=786432, len=4096
    Write buffer cdb: [3b 0d 00 0c 00 00 00 10 00 00]
    Write buffer parameter list (first 256 bytes):
44 29 77 d1 41 e0 4c 39  2a 29 73 d2 df e8 01 f0
41 72 43 72 72 45 72 72  72 47 72 49 4c 72 72 72
72 4e 50 72 52 72 54 56  72 72 72 58 5a 5c 5e 60
62 72 64 66 68 72 6a 6c  6e 70 00 20 10 bd 01 20
10 bd 02 20 10 bd 04 20  10 bd 06 20 10 bd 12 20
10 bd 16 20 10 bd 17 20  10 bd 22 20 10 bd 2a 20
10 bd 2d 20 10 bd 31 20  10 bd 33 20 10 bd 36 20
10 bd 41 e0 0b e0 7b e0  3c e0 38 20 f8 e7 3b 20
f6 e7 3e 20 f4 e7 43 20  f2 e7 47 20 f0 e7 4a 20
ee e7 4d 20 ec e7 50 20  ea e7 54 20 e8 e7 56 20
e6 e7 57 20 e4 e7 5f e0  5c 20 e1 e7 5d 20 df e7
5f 20 dd e7 61 20 db e7  62 20 d9 e7 64 20 d7 e7
67 20 d5 e7 68 20 d3 e7  69 20 d1 e7 6a 20 cf e7
6b 20 cd e7 6d 20 cb e7  6e 20 c9 e7 6f 20 c7 e7
71 20 c5 e7 72 20 c3 e7  73 20 c1 e7 74 20 bf e7
75 20 bd e7 48 df 12 df  9e 4a 90 42 42 d1 16 29
sending write buffer, mode=0xd, mspec=0, id=0,  offset=790528, len=4096
    Write buffer cdb: [3b 0d 00 0c 10 00 00 10 00 00]
    Write buffer parameter list (first 256 bytes):
1c 32 cd e9 00 01 0a 98  06 eb 08 01 c3 b2 20 46
48 f0 5d fd 0c e0 69 e0  87 c6 24 80 84 9c 24 80
74 9c 24 80 00 f4 23 80  c0 3d 33 00 10 3c 33 00
b9 f1 00 0f 08 f1 04 08  0d d0 fc 49 60 68 88 42
02 d1 21 7a 72 29 28 d2  ab f0 24 f9 21 7a 88 42
03 d8 48 df 0e df 48 df  0d df 60 68 ab f0 1a f9
01 46 60 7a 81 42 01 d8  48 df 0f df bb f1 00 0f
11 d0 1a 9a 00 21 cd e9  00 12 21 7a 5a 46 40 1a
40 1c c3 b2 48 46 06 eb  08 01 48 f0 20 fd e1 7b
01 eb 08 00 0c e0 48 df  10 df 02 2f 16 d0 1a 9a
00 23 06 eb 08 01 a9 f1  18 00 ff f7 d6 f8 40 44
02 99 80 46 33 46 02 46  19 98 ae f0 f1 fc 01 2f
06 d0 03 2f 04 d0 04 2f  02 d0 07 e0 48 df 11 df
02 99 33 46 19 98 42 46  ae f0 e2 fc 02 98 29 99
40 44 02 90 88 42 01 d3  00 20 06 90 24 68 03 98
84 42 7f f4 12 af 02 99  19 98 aa f0 6f fb 05 98
sending write buffer, mode=0xd, mspec=0, id=0,  offset=794624, len=4096
    Write buffer cdb: [3b 0d 00 0c 20 00 00 10 00 00]
    Write buffer parameter list (first 256 bytes):
82 42 f9 d8 d8 f8 00 10  24 68 01 eb c5 00 40 68
a0 42 e0 d1 00 2e 02 d1  6d 1c 16 2d c0 d3 8d e6
f0 b5 99 b0 84 f5 fb fb  90 48 00 24 8c 4f 65 1e
06 68 64 22 b0 68 00 eb  c4 11 68 46 1c 31 8b f6
da e9 c4 eb 84 10 07 eb  80 00 10 f1 a4 0f 08 d0
08 99 31 b1 d0 f8 a4 20  51 18 00 d3 29 46 c0 f8
a4 10 10 f1 e8 0f 08 d0  09 99 31 b1 d0 f8 e8 20
51 18 00 d3 29 46 c0 f8  e8 10 10 f1 98 0f 08 d0
0a 99 31 b1 d0 f8 98 20  51 18 00 d3 29 46 c0 f8
98 10 10 f1 e4 0f 08 d0  0b 99 31 b1 d0 f8 e4 20
51 18 00 d3 29 46 c0 f8  e4 10 64 1c e4 b2 02 2c
bf d3 84 f5 a5 fb 19 b0  f0 bd 10 b5 ab f0 e0 ff
08 b1 00 20 10 bd 01 20  10 bd 69 48 69 49 82 78
06 2a 07 d2 42 78 12 b1  00 78 64 21 00 e0 03 20
00 f0 4a b8 00 22 82 70  01 22 02 70 f7 e7 2d e9
fc 41 81 07 31 d0 5e 4c  00 25 01 26 c0 07 65 70
sending write buffer, mode=0xd, mspec=0, id=0,  offset=798720, len=4096
    Write buffer cdb: [3b 0d 00 0c 30 00 00 10 00 00]
    Write buffer parameter list (first 256 bytes):
a0 f8 98 80 2c 68 42 48  a0 34 14 f0 9f fe 3f 4f
e8 21 38 68 80 68 8a f6  56 ea 38 68 02 22 33 49
60 39 80 68 fd f7 e1 f8  38 68 80 68 60 60 3e 20
a0 70 26 80 28 68 a8 30  aa f0 8a fd 35 48 01 68
21 f0 01 01 01 60 da f8  00 10 41 f0 02 01 ca f8
00 10 8f e0 00 21 08 46  93 f0 fa fd 00 23 05 46
2d 48 1a 46 69 46 14 f0  71 fe 00 9a 82 b1 7d b1
d8 f8 00 00 46 46 29 46  80 68 d0 f8 68 94 d0 f8
48 84 d0 f8 28 74 10 46  fe f7 6d fd 01 28 45 d0
00 24 62 e0 3c db 27 80  88 dd 27 80 c0 dc 27 80
b0 dd 27 80 18 61 11 fc  ac 3e 33 00 8c dd 27 80
19 71 11 fc 68 40 33 00  a0 dd 27 80 20 b1 11 fc
50 43 33 00 21 c1 11 fc  20 46 33 00 98 dd 27 80
1a 81 11 34 0c 48 33 00  32 53 4e 41 9c dd 27 80
1b 91 11 fc b4 dd 27 80  2a 31 12 fc a8 4e 33 00
94 dd 27 80 26 01 12 fc  a0 4a 33 00 a4 dd 27 80
sending write buffer, mode=0xd, mspec=0, id=0,  offset=802816, len=4096
    Write buffer cdb: [3b 0d 00 0c 40 00 00 10 00 00]
    Write buffer parameter list (first 256 bytes):
05 28 12 d0 04 20 f8 f7  2a fe 20 68 29 46 80 68
a8 30 bd e8 70 40 fd f7  b5 bc 01 20 f8 f7 1f fe
20 68 29 46 80 68 88 30  f3 e7 f8 f7 18 fe 20 68
29 46 80 68 c8 30 ec e7  10 b5 04 46 a6 f0 ae fe
00 28 26 d0 00 2c 24 d0  80 48 82 49 00 68 80 68
c2 04 01 d5 0a 78 72 b1  80 04 13 d4 08 78 01 28
10 d0 83 48 21 46 00 68  80 68 00 f5 12 70 bd e8
10 40 fd f7 87 bc 79 48  21 46 00 68 80 68 00 f5
db 60 f4 e7 74 48 21 46  00 68 80 68 00 f5 d7 60
ed e7 10 bd 77 48 00 68  80 68 fd f7 c3 bc f0 b5
75 4d 04 46 16 46 1f 46  29 68 88 68 d0 f8 00 21
22 43 c0 f8 00 21 88 68  a0 30 fd f7 b3 fc 29 68
88 68 c0 e9 36 67 e0 05  88 68 0d d5 00 f5 84 70
fd f7 a8 fc a0 05 0a d4  28 68 80 68 00 f5 dc 70
bd e8 f0 40 fd f7 9e bc  00 f5 ec 70 f8 e7 f0 bd
2d e9 f0 43 60 4e 91 46  00 eb 80 00 df f8 84 81
sending write buffer, mode=0xd, mspec=0, id=0,  offset=806912, len=4096
    Write buffer cdb: [3b 0d 00 0c 50 00 00 10 00 00]
    Write buffer parameter list (first 256 bytes):
09 20 f5 e7 0a 20 ff f7  b1 ff 06 20 ff f7 ae ff
4f f0 ff 32 ca f8 00 20  ca f8 04 20 ea e7 d8 43
56 46 70 ea 05 00 e5 d0  81 f5 f9 fb 68 46 84 f5
33 fd c8 48 dd e9 00 51  20 30 d0 e9 00 23 a8 1a
61 eb 03 01 84 f5 c4 fd  a6 f0 4a f9 dd e9 00 01
d6 e9 00 23 80 1a 61 eb  03 01 84 f5 b9 fd be 4b
d3 f8 00 11 08 44 c3 f8  00 01 19 79 8a 06 0b d4
ba 4d d3 f8 04 21 aa 42  06 d9 6d 42 2a 44 90 42
02 d2 41 f0 20 00 18 71  dd e9 00 01 c4 e9 06 01
dd e9 00 01 c4 e9 08 01  81 f5 b2 fb aa e7 ad 48
4f f0 ff 31 20 30 c0 e9  00 11 ca f8 00 10 10 30
ca f8 04 10 cb f8 00 10  cb f8 04 10 c0 e9 00 11
c9 f8 00 10 c9 f8 04 10  94 e7 c8 43 70 ea 02 00
08 d0 0a 20 8c e7 84 f5  df fc 8b e7 c8 43 70 ea
02 00 87 d0 9b 48 28 30  f5 e7 0a 20 ff f7 3e ff
4f f0 ff 32 cb f8 00 20  cb f8 04 20 7a e7 d8 43
sending write buffer, mode=0xd, mspec=0, id=0,  offset=811008, len=4096
    Write buffer cdb: [3b 0d 00 0c 60 00 00 10 00 00]
    Write buffer parameter list (first 256 bytes):
eb b0 15 46 04 46 0e 46  86 f6 26 ff df f8 40 83
4f f0 00 09 4f 46 c8 f8  08 00 98 f8 03 00 58 b1
41 46 d1 e9 12 06 02 1b  04 46 4f f0 ff 30 ad 1a
c8 e9 12 00 88 f8 03 70  c6 49 d1 e9 00 02 01 1b
72 eb 06 01 03 d2 0b 20  6b b0 bd e8 f0 83 41 1c
42 f1 00 02 63 19 46 eb  07 0c c9 1a 72 eb 0c 02
01 d2 05 1b 6d 1c 4d b1  00 23 02 20 1a 46 5e a9
a8 f0 0c fb 01 28 03 d0  44 df 54 df 00 20 e3 e7
0a 97 4f f0 ff 30 04 95  5e aa 0f 90 06 a9 bd f8
80 31 40 f2 44 20 cd e9  02 46 ad f8 24 70 05 90
7d f0 b4 ff 01 20 ad f8  70 01 02 a8 ff f7 ce fd
9d f8 6c 00 02 28 0e d1  a5 48 00 23 21 99 1a 46
50 30 c1 61 20 99 01 62  04 20 1c 99 00 97 1f f0
13 ff 4f f0 04 09 d8 f8  40 10 19 b1 98 f8 02 00
02 28 03 d0 00 20 5e a9  84 f5 b0 fb 48 46 ab e7
f0 b4 03 00 96 48 4f f0  00 04 00 d1 c4 60 4f f6
sending write buffer, mode=0xd, mspec=0, id=0,  offset=815104, len=4096
    Write buffer cdb: [3b 0d 00 0c 70 00 00 10 00 00]
    Write buffer parameter list (first 256 bytes):
43 49 00 eb 00 10 01 eb  40 00 70 47 00 20 70 47
00 22 03 46 00 b5 10 46  ff f7 f0 ff 90 f8 21 00
98 42 03 d1 5d f8 04 eb  10 46 cb e7 52 1c 0c 2a
f1 d3 01 20 00 bd 34 48  3e b5 00 78 80 28 01 d0
ff 28 25 d1 28 4d 24 35  a8 68 b8 b1 28 68 0c 22
00 21 6b 46 a8 f0 f4 fc  bd f8 02 00 1f 28 17 d8
00 f0 1f 04 1e 2c 13 d0  07 2c 13 d0 02 2c 13 d0
06 2c 0d d0 20 46 ff f7  cb ff 3e bd 68 68 07 c8
8d e8 07 00 bd f8 02 00  00 f0 1f 00 08 28 e3 d1
00 20 3e bd 01 24 ed e7  68 68 cc f7 35 ff 00 28
e8 d0 00 24 e6 e7 10 48  00 78 40 b1 0e 49 00 eb
80 00 34 31 01 eb 00 20  a0 f5 a0 60 70 47 15 48
70 47 00 b5 ff f7 ef ff  01 68 80 68 09 0c 01 f0
1f 02 1e 2a 26 d0 10 4a  12 88 0c 2a 24 d3 09 04
22 d5 81 b2 03 29 19 e0  48 1c 26 80 72 a2 00 00
74 a2 00 00 02 83 42 fc  98 5a 33 00 88 30 26 80
sending write buffer, mode=0xd, mspec=0, id=0,  offset=819200, len=4096
    Write buffer cdb: [3b 0d 00 0c 80 00 00 10 00 00]
    Write buffer parameter list (first 256 bytes):
8d a0 62 88 21 88 bd e8  10 40 53 f0 a5 bb 10 b5
88 b0 04 46 8f a0 53 f0  5c f8 93 a0 53 f0 66 fe
20 6a 06 90 d4 e9 06 01  cd e9 04 01 d4 e9 04 01
cd e9 02 01 d4 e9 02 01  cd e9 00 01 d4 e9 00 23
99 a0 53 f0 53 fe 08 b0  10 bd 3e b5 04 46 9f a0
53 f0 82 fb a2 a0 53 f0  7f fb b4 f8 90 00 02 90
d4 e9 14 01 cd e9 00 01  b4 f8 82 30 a6 a0 94 f8
7c 20 a1 6f 48 34 53 f0  2c f8 aa 48 53 f0 6c fb
21 78 e0 69 10 34 cd e9  00 01 94 e8 0e 00 a6 a0
53 f0 1f f8 3e bd 1f b5  04 46 b3 a0 53 f0 5c fb
b6 48 53 f0 59 fb 94 f8  7a 30 94 f8 79 20 94 f8
78 10 94 f8 77 00 8d e8  0f 00 94 f8 76 30 94 f8
75 20 14 f8 74 1f ae 48  53 f0 03 f8 ad 48 53 f0
43 fb 22 7b e1 7a a0 7a  8d e8 07 00 63 7a 22 7a
e1 79 a9 48 53 f0 38 fb  04 b0 a8 48 bd e8 10 40
52 f0 de bf c8 5d 33 00  a0 61 1c 00 28 a1 27 80
sending write buffer, mode=0xd, mspec=0, id=0,  offset=823296, len=4096
    Write buffer cdb: [3b 0d 00 0c 90 00 00 10 00 00]
    Write buffer parameter list (first 256 bytes):
00 f0 1d fa 05 46 4f f0  00 08 20 78 40 06 12 d5
19 e0 2b 20 00 e0 20 20  80 46 e5 e7 20 78 80 06
01 d5 30 21 00 e0 20 21  48 46 00 f0 08 fa 05 44
a0 88 40 1e a0 80 b4 f9  04 00 b4 f9 06 10 88 42
01 dd b0 42 ea dc 5f ea  08 00 11 d0 01 46 48 46
00 f0 f5 f9 05 44 0b e0  11 e0 12 e0 30 21 48 46
00 f0 ed f9 05 44 b4 f9  04 00 08 b1 40 1e a0 80
b4 f9 06 00 41 1e e1 80  b0 42 ef dc 8a e0 08 20
00 e0 10 20 32 46 3b 46  00 90 01 a8 ff f7 12 fe
01 a8 44 f0 ac fc 00 f0  ff 08 20 7a 78 28 0b d1
01 a8 06 e0 a1 f1 41 02  19 2a 01 d8 20 31 01 70
40 1c 01 78 00 29 f5 d1  20 68 3e 43 02 d1 20 f0
10 00 20 60 c1 06 24 d5  21 7a 6f 29 13 d0 b4 f9
04 10 02 29 01 db 89 1e  a1 80 80 06 19 d5 30 21
48 46 00 f0 ac f9 05 44  21 7a 48 46 00 f0 a7 f9
05 44 20 68 0a e0 e1 88  09 b9 01 21 e1 80 b4 f9
sending write buffer, mode=0xd, mspec=0, id=0,  offset=827392, len=4096
    Write buffer cdb: [3b 0d 00 0c a0 00 00 10 00 00]
    Write buffer parameter list (first 256 bytes):
08 01 42 eb 0a 00 13 eb  0e 0e 23 69 42 eb 0a 02
c3 e9 00 e2 22 69 d2 e9  00 32 9b 1b aa 41 ff f4
7e af 71 1a 85 41 1f d3  b9 f1 00 0f 04 d0 22 69
d2 e9 00 01 7b f0 e4 fc  a2 f0 ca fd 42 1c 20 69
41 f1 00 03 d0 e9 00 10  51 40 58 40 01 43 09 d0
84 f8 00 b0 1b b0 32 e4  22 69 00 21 ff 20 c2 e9
00 10 d7 e7 74 df 3b df  d4 e9 06 12 20 69 c0 e9
00 12 84 f8 00 a0 ed e7  f8 b5 39 4f 00 25 04 22
06 46 03 46 29 46 38 68  a5 f0 da fc 00 24 10 e0
04 f5 40 31 38 68 01 22  6b 46 48 31 a5 f0 d0 fc
9d f8 00 00 00 f0 24 01  51 ea c0 70 00 d0 6d 1c
64 1c 30 68 a0 42 eb d8  40 1b 30 60 f8 bd 2d e9
f8 43 07 46 10 68 14 46  88 46 04 22 6b 46 00 21
a5 f0 b6 fc 66 68 00 25  70 1c 01 d1 00 9e 76 1e
4f f0 00 09 70 1b 05 eb  50 00 60 60 20 46 ff f7
6c fa d4 e9 03 01 a3 68  59 18 40 eb 09 00 7b 1a
sending write buffer, mode=0xd, mspec=0, id=0,  offset=831488, len=4096
    Write buffer cdb: [3b 0d 00 0c b0 00 00 10 00 00]
    Write buffer parameter list (first 256 bytes):
70 b5 b5 4d 01 24 85 f8  40 40 6b f0 c1 fe 9f f0
57 f8 28 b1 b1 48 c0 8f  40 08 a5 f8 42 00 01 e0
a5 f0 ee f9 ae 48 b5 f8  42 10 a0 f8 52 10 a3 49
09 68 0a 7c d2 07 15 d0  0a 89 12 04 02 88 42 f0
02 02 0e d5 42 f4 00 42  02 80 a6 4a 82 f8 38 40
42 8b 42 f0 02 02 42 83  42 8b 22 f0 40 02 42 83
00 e0 02 80 00 20 c1 f8  90 01 70 bd 70 b5 9c 4c
00 20 20 80 21 88 41 f0  01 01 21 80 21 8e 21 f0
02 01 21 86 e0 85 21 88  21 f0 01 01 21 80 92 4d
85 f8 40 00 89 48 00 68  90 f8 80 11 c9 07 15 d0
00 7c 80 07 12 d4 95 f8  44 00 40 f3 00 00 40 1c
0c d0 ff f7 a5 ff 6f f3  0b 00 00 f5 10 60 20 f4
70 40 e0 83 68 6c 40 f0  08 00 68 64 70 bd 86 48
01 68 41 f0 07 01 01 60  81 68 01 f0 1b 01 0b 29
fa d1 70 47 7c 49 08 46  91 f8 40 20 40 6c c2 bb
76 4a 12 88 52 05 35 d5  40 f0 10 00 48 64 78 48
sending write buffer, mode=0xd, mspec=0, id=0,  offset=835584, len=4096
    Write buffer cdb: [3b 0d 00 0c c0 00 00 10 00 00]
    Write buffer parameter list (first 256 bytes):
fa ff 60 b9 ef f7 ee ff  48 b9 30 68 80 68 01 04
73 d5 00 98 80 f6 42 ff  01 46 6c e0 c8 e0 75 e0
ea 9c 24 80 f8 40 05 44  ec b4 24 80 c0 6b 33 00
1c b5 24 80 00 00 00 60  7a c0 24 80 48 c0 24 80
b8 bf 24 80 b4 33 26 80  0d 0a 20 52 65 73 70 6f
6e 73 65 46 72 61 6d 65  00 00 00 00 20 aa 27 80
eb 9c 24 80 9c bf 24 80  00 60 02 44 94 c0 24 80
9e c0 24 80 02 00 00 20  98 c0 24 80 26 01 00 42
0d 0a 20 46 41 49 4c 20  20 53 65 72 76 6f 20 4f
70 3d 00 00 0d 0a 20 52  45 43 4f 56 20 53 65 72
76 6f 20 4f 70 3d 00 00  20 52 65 73 70 3d 00 00
95 c0 24 80 d8 c0 24 80  0d 0a 53 65 72 76 6f 46
61 74 61 6c 45 72 72 6f  72 00 00 00 90 23 24 80
f0 a0 24 80 9c c0 24 80  aa c0 24 80 96 00 80 89
78 c0 24 80 80 c0 24 80  84 c0 24 80 90 c0 24 80
7d 30 01 00 01 e0 02 20  06 e0 c0 04 06 d5 00 98
sending write buffer, mode=0xd, mspec=0, id=0,  offset=839680, len=4096
    Write buffer cdb: [3b 0d 00 0c d0 00 00 10 00 00]
    Write buffer parameter list (first 256 bytes):
00 02 41 48 63 f3 09 02  40 78 c0 07 02 d0 42 f0
80 40 01 e0 22 f0 80 40  a1 f8 60 00 00 0c a1 f8
64 00 08 88 40 f4 80 40  08 80 08 88 40 f0 40 00
08 80 00 bd 2f 48 01 8c  41 f4 00 41 01 84 b0 f8
64 10 b0 f8 60 20 09 04  c2 ea 01 01 2d 4a 12 88
62 f3 09 01 a0 f8 60 10  09 0c a0 f8 64 10 01 88
21 f0 08 01 01 80 01 20  69 f0 7a ba 21 48 b0 f8
64 10 b0 f8 60 20 09 04  c2 ea 01 01 21 4a 12 88
62 f3 09 01 a0 f8 60 10  09 0c a0 f8 64 10 b0 f8
98 13 21 f4 00 41 a0 f8  98 13 01 88 21 f0 08 01
01 80 01 20 69 f0 5c ba  90 23 24 80 c0 40 01 44
60 a6 24 80 f0 6d 28 80  00 ae 28 80 78 dd 25 80
c8 a5 24 80 58 a6 24 80  40 40 01 44 d0 a1 24 80
40 42 01 44 38 c1 24 80  00 40 01 44 80 41 01 44
b0 a1 24 80 00 56 01 44  8c 00 80 89 90 00 01 84
8e 00 44 84 00 00 0d 44  00 41 01 44 40 41 01 44
sending write buffer, mode=0xd, mspec=0, id=0,  offset=843776, len=4096
    Write buffer cdb: [3b 0d 00 0c e0 00 00 10 00 00]
    Write buffer parameter list (first 256 bytes):
59 40 50 40 01 43 02 d1  00 20 7f f5 07 fe d9 f8
00 00 b0 f8 80 01 80 04  0c d4 dd e9 00 01 ff f7
77 fd 07 e0 dd e9 00 01  2a 46 23 46 ff f7 e7 fb
cd e9 00 01 d9 f8 00 00  4d 46 01 8b 89 05 02 d5
00 99 50 46 4b e0 b5 49  09 78 05 29 08 d1 dd e9
00 14 04 9b b1 eb 0a 01  9c 41 01 d2 cd e9 00 a3
b0 f8 80 11 ae 4c 89 04  0c d5 b0 f8 96 11 04 29
08 d8 b0 f8 98 21 b0 f8  94 01 82 42 02 d3 50 18
04 28 08 d0 d4 e9 04 12  dd e9 00 30 59 1a 90 41
01 d2 78 df 45 df 9c f0  23 f8 f0 b1 bb f1 00 0f
03 d0 06 98 07 b0 bd e8  f0 8f 28 68 d0 f8 80 01
c1 04 12 d5 80 04 06 d5  9d f0 20 fe 29 68 b1 f8
94 11 40 1a ee e7 9d f0  19 fe 29 68 b1 f8 94 11
44 1a 9d f0 1b fd 20 44  e4 e7 a0 68 00 99 08 1a
e0 e7 2d e9 fe 4f 8f 4c  20 68 02 6e d0 f8 80 10
b1 eb 02 0a d0 f8 80 11  8a 07 14 d5 00 89 00 04
sending write buffer, mode=0xd, mspec=0, id=0,  offset=847872, len=4096
    Write buffer cdb: [3b 0d 00 0c f0 00 00 10 00 00]
    Write buffer parameter list (first 256 bytes):
03 d5 1c 48 00 88 a4 f8  ec 00 04 f0 ca fb 08 b1
05 20 00 e0 02 20 a4 f8  c2 03 0d 48 00 68 00 69
c0 02 0b d5 b4 f8 80 01  40 f0 20 00 a4 f8 80 01
b4 f8 80 01 40 f4 80 60  a4 f8 80 01 10 bd 00 00
c0 c1 24 80 80 c1 24 80  38 c1 24 80 40 42 01 44
90 23 24 80 40 41 01 44  70 a0 24 80 f0 a0 24 80
b0 a0 24 80 00 00 00 60  a0 c0 24 80 00 60 02 44
9e c0 24 80 a2 c0 24 80  10 b5 04 f0 92 fb fc 4c
01 28 15 d0 40 f6 03 40  a4 f8 ec 00 f9 48 00 68
00 8a c0 f3 80 30 00 28  d0 d0 04 f0 82 fb 01 28
b4 f8 ec 00 07 d0 40 f0  04 00 a4 f8 ec 00 c5 e7
40 f6 0b 70 e8 e7 40 f0  01 00 f6 e7 70 b5 ec 4c
b4 f8 e4 00 10 f0 80 0f  10 d0 b4 f8 e4 10 28 20
88 43 05 d0 b4 f8 e4 00  40 f0 81 00 a4 f8 e4 00
b4 f8 e4 00 20 f0 80 00  a4 f8 e4 00 e2 48 40 21
7e f6 c8 e9 e0 4d 0e 26  2e 80 7f f5 f8 e9 c4 f8
sending write buffer, mode=0xd, mspec=0, id=0,  offset=851968, len=4096
    Write buffer cdb: [3b 0d 00 0d 00 00 00 10 00 00]
    Write buffer parameter list (first 256 bytes):
00 6a 00 ea 0c 00 83 42  0b d0 59 49 00 20 2a 46
09 68 81 f8 a9 02 31 46  20 46 ff f7 6d ff 01 28
00 d0 00 20 bd e8 f0 81  60 48 00 68 d3 28 21 d0
d0 28 1f d0 d1 28 1d d0  d2 28 1b d0 da 28 19 d0
db 28 17 d0 dc 28 15 d0  dd 28 13 d0 b8 28 11 d0
b0 28 0f d0 b6 28 0d d0  b7 28 0b d0 b9 28 09 d0
ba 28 07 d0 bc 28 05 d0  bb 28 03 d0 bd 28 01 d0
40 20 70 47 20 20 70 47  49 48 d0 f8 f4 10 21 f0
01 01 c0 f8 f4 10 27 20  7c f5 10 bd 48 49 08 70
70 47 2d e9 f0 41 90 46  1a 88 1d 46 06 9e 37 88
3a 44 94 b2 fb f7 cf fd  02 46 40 88 07 eb 08 01
a0 eb 08 00 00 b2 89 b2  00 28 0d dd 33 88 83 42
05 dd 2b 88 03 44 2b 80  33 88 1b 1a 03 e0 2f 88
3b 44 2b 80 00 23 33 80  3d 29 11 d2 02 eb 41 03
81 42 b3 f8 42 30 23 44  9c b2 00 dd 81 b2 1e 29
06 d2 bc 32 02 eb 41 00  b0 f8 40 00 20 44 84 b2
sending write buffer, mode=0xd, mspec=0, id=0,  offset=856064, len=4096
    Write buffer cdb: [3b 0d 00 0d 10 00 00 10 00 00]
    Write buffer parameter list (first 256 bytes):
22 f0 01 02 a1 f8 f8 29  b0 f8 5c 18 41 f0 40 01
a0 f8 5c 18 70 47 10 b5  97 4c b4 f8 74 03 40 f4
80 70 a4 f8 74 03 40 f6  82 20 a4 f8 94 03 40 f2
55 10 a4 f8 e0 03 55 20  a4 f8 e4 03 b4 f8 5c 05
40 f0 1f 00 a4 f8 5c 05  b4 f8 58 05 40 f4 00 50
a4 f8 58 05 b4 f8 00 03  20 f0 01 00 a4 f8 00 03
20 88 40 f0 04 00 20 80  40 f2 92 10 a4 f8 04 03
4f f6 ff 71 44 f2 0e 10  f9 f7 37 fe 20 88 20 f0
01 00 40 f0 04 00 20 80  f1 e4 10 b5 7b 4c 00 20
21 68 65 f0 90 fa 78 48  00 21 b0 f8 00 23 22 f0
08 02 a0 f8 00 23 a0 f8  60 10 48 f2 00 02 a0 f8
64 20 b0 f8 6c 30 6f f3  08 03 a0 f8 6c 30 b0 f8
00 33 43 f0 08 03 a0 f8  00 33 a0 f8 60 10 a0 f8
64 20 21 68 09 88 49 ba  4a 08 b0 f8 6c 10 62 f3
08 01 a0 f8 6c 10 01 88  41 f0 30 01 01 80 01 88
21 f0 10 01 01 80 43 f2  07 01 81 85 b7 e4 2d e9
sending write buffer, mode=0xd, mspec=0, id=0,  offset=860160, len=4096
    Write buffer cdb: [3b 0d 00 0d 20 00 00 10 00 00]
    Write buffer parameter list (first 256 bytes):
a0 fb 0b 10 89 46 80 46  79 1a 76 eb 00 00 33 d2
00 23 5a 46 38 46 31 46  7a f6 b4 ef 2a 87 b9 eb
07 02 82 46 31 46 68 eb  06 00 c5 f8 1c b0 52 1e
40 f1 ff 33 38 46 97 f0  6f fd 02 99 00 20 01 eb
0a 06 ff f7 76 ff 00 98  29 6a c0 b2 97 f0 4a fd
85 f8 34 40 20 46 2c 85  9a f0 20 fd 30 44 28 63
df 48 04 eb 44 01 ec 84  00 eb 41 00 40 88 e8 85
00 20 a8 85 bd e8 fe 8f  b7 eb 09 07 66 eb 08 06
64 1c a4 b2 0a f1 01 0a  81 e7 2d e9 f0 4f 85 b0
04 46 9e f0 0b fa d4 4a  92 f8 22 20 52 1e d2 b2
04 92 a3 69 02 aa cd e9  00 23 a5 8d 02 46 0b 46
28 46 97 f0 ff fe 60 85  01 46 94 f8 26 20 dd e9
02 76 10 46 9a f0 22 fe  c4 e9 04 01 94 f8 2a 00
c0 07 01 d0 04 9d 00 e0  00 25 00 20 01 90 04 98
85 42 01 d9 80 df 06 df  e0 8c e9 b2 63 8d ff f7
71 fd 19 46 ff f7 4e fd  bc 49 c0 eb c0 00 31 f8
sending write buffer, mode=0xd, mspec=0, id=0,  offset=864256, len=4096
    Write buffer cdb: [3b 0d 00 0d 30 00 00 10 00 00]
    Write buffer parameter list (first 256 bytes):
40 1c fb e7 70 b5 14 46  06 46 0d 46 73 f5 07 fc
30 46 29 46 c4 f3 0b 02  bd e8 70 40 fb f7 66 bc
d3 05 0c d5 d3 07 02 d0  40 f2 01 12 0e e0 52 06
02 d5 40 f2 40 12 09 e0  40 f2 02 12 06 e0 d2 07
02 d0 40 f2 01 22 01 e0  40 f2 02 22 9d f0 6e bb
70 b5 0c 46 57 49 00 f4  70 60 59 4d b0 f5 80 7f
16 46 08 60 54 49 0a 70  54 49 0c 80 05 d0 55 48
00 78 a0 42 19 d8 80 df  1b df 99 f0 45 fa a0 42
11 d9 4b 49 04 eb c4 00  00 eb 44 10 09 68 01 eb
c0 00 4d 49 08 60 31 46  20 46 fe f7 9b fd 4b 49
00 eb 40 00 0a e0 80 df  1a df 49 49 04 eb 44 00
48 4a 09 68 01 eb c0 01  11 60 47 49 09 68 01 eb
40 00 28 60 70 bd 45 48  00 68 40 8e 70 47 10 b5
99 f0 06 f9 bd e8 10 40  99 f0 e2 be 10 b5 ff f7
f6 ff 89 00 41 ea 90 71  80 00 00 1c 41 f5 00 41
10 bd 10 b5 99 f0 96 fa  c0 88 c0 1d c0 08 10 bd
sending write buffer, mode=0xd, mspec=0, id=0,  offset=868352, len=4096
    Write buffer cdb: [3b 0d 00 0d 40 00 00 10 00 00]
    Write buffer parameter list (first 256 bytes):
f8 a6 24 80 d0 a8 24 80  01 98 c0 e9 06 22 de f8
04 00 40 1e ce f8 04 00  01 20 00 90 19 e0 f7 43
77 ea 04 07 0a d0 df 43  77 ea 05 07 06 d0 b7 1a
74 eb 00 07 07 d2 04 46  16 46 0a e0 16 46 04 46
33 46 05 e0 19 e0 d7 1a  70 eb 05 07 01 d2 13 46
05 46 08 f1 01 08 b8 f1  80 0f 96 d3 00 98 01 28
0b d1 fe 48 fe 49 44 61  08 30 80 e8 68 00 00 20
08 70 bd e8 fc 5f ae f7  ff bf bd e8 fc 9f f9 48
70 b5 00 68 01 7a 89 07  00 29 03 d0 04 da d0 e9
2a 12 03 e0 82 df 00 df  d0 e9 2c 12 d0 f8 80 31
dc 07 07 d0 9c 07 05 d5  9b 04 03 d5 b0 f8 96 01
58 b1 0c e0 d0 e9 20 43  d0 e9 3c 50 65 1b 73 eb
00 00 02 d2 60 1a 93 41  01 d3 01 20 70 bd 00 20
70 bd e5 48 10 b5 00 78  08 b1 00 20 12 e0 ff f7
60 fb 70 b1 e1 48 00 78  58 b1 de 48 00 68 41 68
48 68 81 28 05 d0 82 28  03 d0 dd 48 80 69 00 b1
sending write buffer, mode=0xd, mspec=0, id=0,  offset=872448, len=4096
    Write buffer cdb: [3b 0d 00 0d 50 00 00 10 00 00]
    Write buffer parameter list (first 256 bytes):
cd e9 00 16 01 46 03 f0  63 fa 20 46 81 f0 aa fd
07 98 00 21 02 f0 40 fa  5d 48 05 70 08 b0 70 bd
82 df 0c df 70 b5 56 4d  03 46 00 20 46 1e 6a 68
aa b1 d5 e9 02 24 9a 1a  71 eb 04 02 0f d3 d5 e9
04 42 e4 1a 8a 41 0a d3  05 eb c0 02 d2 e9 06 42
5c 40 4a 40 14 43 03 d0  40 1c 80 28 f4 d3 30 46
70 bd 2d e9 fe 43 46 4f  05 46 91 46 0c 46 78 68
80 28 01 d3 82 df 0a df  28 46 ff f7 d3 ff 40 1c
4f f0 ff 33 02 d0 18 46  bd e8 fe 83 79 68 00 20
69 b1 80 29 0a d2 07 eb  c0 01 d1 e9 06 21 d2 43
72 ea 01 02 03 d0 40 1c  80 28 f4 d3 18 46 06 46
40 1c 7a d0 80 2e 78 d2  07 eb c6 00 c0 e9 06 54
78 68 40 1c 78 60 d7 e9  04 30 d9 43 71 ea 00 01
0c d0 d7 e9 02 12 6f ea  01 0c 7c ea 02 0c 05 d0
5b 1b a0 41 05 d2 c7 e9  04 54 08 e0 c7 e9 04 54
03 e0 68 1a 74 eb 02 00  01 d2 c7 e9 02 54 24 48
sending write buffer, mode=0xd, mspec=0, id=0,  offset=876544, len=4096
    Write buffer cdb: [3b 0d 00 0d 60 00 00 10 00 00]
    Write buffer parameter list (first 256 bytes):
26 f0 ff 00 40 f0 01 06  03 e0 38 68 40 68 d0 e9
00 45 c8 f8 08 60 16 f0  41 0f 30 46 c8 e9 18 45
02 d0 96 f0 8c f9 01 e0  96 f0 8f f9 00 1b a9 41
0e d2 38 68 c0 68 41 06  08 d5 96 f0 80 f9 62 1e
45 f1 ff 33 42 40 4b 40  1a 43 01 d0 8a df 23 df
da f8 00 00 d3 46 90 f8  69 00 c0 07 04 d1 32 46
20 46 29 46 fc f7 dc ff  20 46 29 46 9a f0 34 f8
38 68 ba 46 d0 e9 01 01  38 31 40 6b fe f7 23 ff
3b 49 38 68 88 42 07 d0  f0 05 05 d5 d8 f8 18 10
41 f4 88 51 c8 f8 18 10  db f8 00 20 5f 46 92 f8
69 00 c0 07 06 d1 33 46  20 46 29 46 cd f8 00 90
fc f7 64 fd 39 68 91 f8  69 00 40 07 03 d4 00 20
32 46 78 f5 ba f8 3c 68  45 46 28 22 21 46 94 f8
68 00 05 f8 50 0f 21 48  28 30 77 f6 8c e9 ac 61
20 8d 68 80 b4 f8 66 00  e8 80 b4 f8 60 00 a8 80
da f8 00 00 c1 68 49 00  05 d5 1a 49 40 68 09 68
sending write buffer, mode=0xd, mspec=0, id=0,  offset=880640, len=4096
    Write buffer cdb: [3b 0d 00 0d 70 00 00 10 00 00]
    Write buffer parameter list (first 256 bytes):
88 f0 8f f8 b0 f7 64 f9  00 21 13 20 00 df 10 f0
01 0f 05 d0 01 20 6f f5  e4 fb ff f7 17 fd f3 e7
c0 f3 40 00 28 b1 02 20  6f f5 db fb 7e f0 9e fa
ea e7 8a df 54 df 70 b5  05 46 3f 48 00 78 00 28
25 d0 3e 48 00 68 02 88  8a 42 20 d0 35 22 51 43
00 eb c1 04 08 34 6f f5  c4 f8 60 60 40 f2 08 12
20 7a 02 28 0c d0 27 28  0a d1 68 68 40 68 01 f0
cb fd 86 22 01 46 04 f1  ac 00 92 f0 41 f9 0c 22
a9 68 04 f1 a0 00 bd e8  70 40 92 f0 39 b9 70 bd
10 b5 21 4c 20 68 01 7c  c9 07 05 d0 d0 e9 01 01
24 30 28 31 96 f0 40 fd  25 49 20 68 88 42 0e d0
40 68 81 89 09 05 04 d5  0c 30 98 f0 d7 ff fc f7
a0 fb 20 48 00 68 00 f5  b0 70 0c f0 c8 ff 20 68
80 68 d0 e9 08 12 12 48  c0 e9 a8 12 10 bd 00 00
04 40 26 80 04 01 01 00  04 01 02 00 04 01 04 00
04 01 40 00 04 01 20 00  04 01 08 00 04 01 10 00
sending write buffer, mode=0xd, mspec=0, id=0,  offset=884736, len=4096
    Write buffer cdb: [3b 0d 00 0d 80 00 00 10 00 00]
    Write buffer parameter list (first 256 bytes):
90 42 16 d0 02 9b 00 9a  1a 44 01 9b 9a 42 10 d1
4b 6a 18 31 08 f0 07 02  ff f7 98 fe 05 00 08 d0
12 98 02 69 41 6a 40 46  ff f7 4f fa 00 28 7f f4
70 af 12 98 ff f7 54 fd  05 00 0b d0 12 98 80 69
93 f0 a4 fb 02 46 12 98  41 6a 40 46 ff f7 3d fa
00 28 97 d1 12 99 08 7a  04 28 04 d0 02 28 02 d0
00 2d 6e d0 ef e1 48 6a  01 7d 02 29 7a d1 41 f2
02 01 01 80 12 98 80 69  93 f0 88 fb 01 46 12 98
42 6a 51 60 80 21 42 6a  c2 f8 20 11 ff f7 65 fc
01 00 69 d0 12 98 42 6a  93 69 c2 f8 20 31 a1 f5
80 52 02 3a 06 d1 41 78  05 29 03 d0 41 6a 89 69
81 29 d7 d0 01 7a 04 29  19 d0 80 69 ff f7 a0 fa
f0 b3 12 98 03 21 01 72  ff f7 56 fb 12 98 02 21
01 72 01 21 42 6a 82 f8  18 11 41 6a 81 f8 19 71
80 69 ff f7 62 fa 0c 90  d0 b3 d6 bb 5c e0 da f8
f0 10 d1 f8 ac 10 09 02  0c d5 bb f8 00 10 49 04
sending write buffer, mode=0xd, mspec=0, id=0,  offset=888832, len=4096
    Write buffer cdb: [3b 0d 00 0d 90 00 00 10 00 00]
    Write buffer parameter list (first 256 bytes):
22 d2 df e8 00 f0 1f 15  0a 1f 15 0a 1f 15 1f 1f
21 21 21 21 21 1f 90 df  0d df a0 68 01 21 3b 46
42 46 28 44 00 91 31 46  31 f0 40 f9 bd e8 f8 83
a0 68 01 b0 3b 46 42 46  28 44 31 46 bd e8 f0 43
6e f6 f5 bc 90 df 0e df  90 df 0f df 2d e9 f0 41
17 46 80 46 b9 42 1c 46  06 98 01 d9 90 df 10 df
d8 f8 08 20 55 18 7e 1a  18 b1 a1 42 0b d2 90 df
12 df 40 46 92 f0 90 fb  39 19 88 42 01 d2 90 df
11 df 2c 44 00 e0 ec 1a  40 46 92 f0 9f fb 01 28
0e d0 02 28 06 d0 04 28  0a d0 05 28 02 d0 41 f6
03 00 28 e5 32 46 29 46  20 46 31 f0 48 fa 06 e0
4f f4 80 10 32 46 29 46  c3 6e 20 46 98 47 00 20
19 e5 b5 48 10 b5 fe f7  b8 fe b3 48 00 21 01 70
00 6a 10 b1 bd e8 10 40  00 47 90 df 16 df 38 b5
0c 00 08 d0 4a b1 13 46  69 46 00 22 fe f7 ec fd
30 b1 90 df 1f df 90 df  1e df a7 4b 2c 33 f3 e7
sending write buffer, mode=0xd, mspec=0, id=0,  offset=892928, len=4096
    Write buffer cdb: [3b 0d 00 0d a0 00 00 10 00 00]
    Write buffer parameter list (first 256 bytes):
1b 1b 22 46 5b 1c 29 46  30 46 bd e8 f0 41 b5 e7
7a e7 9a 48 01 68 9a 48  49 1c 00 88 c0 f1 bc 00
08 44 ff 28 01 d8 01 20  70 47 00 20 70 47 92 48
0a 46 00 b5 a0 38 83 6a  ff f7 eb ff 00 28 08 d0
90 48 41 f2 f8 71 00 68  10 44 08 44 98 42 01 d8
01 20 00 bd 00 20 00 bd  2d e9 ff 41 8a 4f 1c 46
97 f8 9f 00 0a 28 03 d3  4e f6 41 00 6c f5 c8 f8
86 4e 30 6b 00 06 04 d5  70 6b 80 07 f9 d0 56 df
9a df 7d 4d 4f f0 00 08  a0 3d 28 78 10 f0 05 0f
09 d0 a4 f8 24 80 42 f2  00 01 a4 f8 26 80 21 62
c5 f8 44 80 56 e6 b0 6b  00 0c a0 84 30 6b 20 62
b1 6b 89 b2 e1 84 97 f8  76 20 08 2a 08 d3 cd e9
00 10 a0 8c 02 90 72 48  03 90 68 46 b2 f7 66 fe
e2 8c b2 b1 94 f8 20 00  00 07 12 d0 10 20 10 2a
00 d9 02 46 00 20 0a e0  20 f0 03 01 31 44 09 6f
83 07 db 0e d9 40 c9 b2  24 f8 10 10 40 1c 90 42
sending write buffer, mode=0xd, mspec=0, id=0,  offset=897024, len=4096
    Write buffer cdb: [3b 0d 00 0d b0 00 00 10 00 00]
    Write buffer parameter list (first 256 bytes):
a3 49 00 20 08 70 01 20  10 bd 9a 4a 64 20 58 3a
11 6a 00 29 04 d0 49 6a  50 6b 81 42 00 d3 08 46
70 47 70 b5 b0 f8 c2 10  00 22 98 4c d0 f8 98 30
98 4d 89 08 80 34 83 42  04 d1 45 f8 21 20 62 61
22 61 22 e0 55 f8 21 60  86 42 09 d1 b3 f8 c2 60
b1 eb 96 0f 02 d1 45 f8  21 30 01 e0 45 f8 21 20
d0 e9 26 13 c1 f8 9c 30  d0 e9 26 13 c3 f8 98 10
61 69 81 42 02 d1 d0 f8  98 10 61 61 21 69 81 42
03 d1 61 69 d1 f8 9c 10  21 61 c0 f8 98 20 c0 f8
9c 20 70 bd 70 b5 04 46  ff f7 c3 ff 7b 4d d4 f8
b4 00 80 35 28 64 e8 6a  84 42 02 d1 07 f0 53 fa
e8 62 d4 f8 b0 00 20 b1  d4 f8 b4 10 c0 f8 b4 10
07 e0 68 6a 84 42 01 d0  58 df 43 df d4 f8 b4 00
68 62 d4 f8 b4 00 20 b1  d4 f8 b0 10 c0 f8 b0 10
70 bd a8 6a 84 42 01 d0  58 df 44 df d4 f8 b0 00
a8 62 70 bd 68 48 d0 f8  98 10 11 b9 d0 f8 9c 00
sending write buffer, mode=0xd, mspec=0, id=0,  offset=901120, len=4096
    Write buffer cdb: [3b 0d 00 0d c0 00 00 10 00 00]
    Write buffer parameter list (first 256 bytes):
40 07 cd d4 20 46 ff f7  e2 fe 00 28 c8 d1 f7 48
e3 f7 55 ff 00 28 c3 d0  01 21 20 46 ff f7 1d fd
00 21 07 46 f0 6e ff f7  18 fd 05 46 f0 48 00 69
0c 38 b8 42 07 dd b4 f8  62 10 07 f5 d8 77 01 f5
d8 71 a4 f8 62 10 a8 42  08 dd f0 6e 05 f5 d8 75
b0 f8 62 10 01 f5 d8 71  a0 f8 62 10 b0 6e 90 b1
e4 48 d0 e9 00 10 ca 43  72 ea 00 02 08 d0 e2 4a
d2 e9 00 32 c9 1a 90 41  02 d3 e0 48 00 78 10 b1
27 f0 0d fd 18 b1 b4 f8  62 00 07 28 09 d3 bd 42
07 dd f0 6e 90 f8 69 10  21 f0 04 01 80 f8 69 10
9c e7 94 f8 69 00 20 f0  04 00 84 f8 69 00 96 e4
2d e9 f0 41 17 46 0e 46  05 46 26 f0 b1 fc 10 b1
26 f0 d4 fe 01 e0 d5 e9  08 01 00 23 c6 e9 00 01
28 8d d5 e9 08 21 40 1e  43 f1 ff 33 10 18 59 41
c7 e9 00 01 28 6b 10 f0  48 0f 27 d0 80 05 25 d4
28 46 26 f0 95 fc 80 b9  d6 e9 00 10 40 f6 f8 73
sending write buffer, mode=0xd, mspec=0, id=0,  offset=905216, len=4096
    Write buffer cdb: [3b 0d 00 0d d0 00 00 10 00 00]
    Write buffer parameter list (first 256 bytes):
1b 8a dd e9 08 67 5b 18  4e eb 02 05 5b 1e 45 f1
ff 35 9b 1b bd 41 07 d3  bc eb 01 01 78 eb 02 03
02 d3 4f f0 01 0b 03 e0  40 1c 80 b2 03 28 d8 d3
5e 46 00 2e 46 d1 25 49  8b 6e 00 2b 42 d0 d4 f8
30 b0 1b f4 68 7f 7d d0  8b 46 d3 f8 90 10 d1 e9
00 01 b3 f8 88 20 70 33  52 1e d3 e9 00 7c 49 f1
ff 35 d7 19 9a 6c 45 eb  0c 08 52 00 01 d5 25 f0
fd fe db f8 68 50 df f8  6c e0 d5 f8 80 20 93 46
d2 07 3f d0 d5 f8 b8 c0  5f ea 8c 02 0c d5 40 f6
f8 73 00 22 1b 1a 8a 41  04 d2 11 4a 80 18 41 f1
ff 31 01 e0 00 20 01 46  5f ea cb 42 22 d5 41 f2
f8 73 00 22 1b 1a 8a 41  18 d2 0b 4a 82 18 41 f1
ff 33 15 e0 52 e0 00 00  28 a1 27 80 d8 77 26 80
f8 41 26 80 3a 06 00 14  a8 a6 26 80 02 00 40 20
08 f0 ff ff 10 00 02 00  08 e8 ff ff 00 22 13 46
10 46 19 46 1c ea 0e 0f  04 d0 40 f6 f8 73 ff 18
sending write buffer, mode=0xd, mspec=0, id=0,  offset=909312, len=4096
    Write buffer cdb: [3b 0d 00 0d e0 00 00 10 00 00]
    Write buffer parameter list (first 256 bytes):
18 b1 a9 6e 00 20 ff f7  d8 fe 00 20 bd e8 fc 81
00 22 01 21 ff f7 c6 fe  56 f8 24 00 02 21 fe f7
04 f9 56 f8 24 00 41 6d  7c f0 2a f9 02 20 46 f8
24 70 eb e7 42 6b 0a 43  42 63 91 06 01 d5 fe f7
fe b9 70 47 70 b5 82 4d  04 46 55 f8 24 00 08 b1
58 df 76 df 7e 4e 02 21  0c 36 56 f8 24 00 fe f7
6b f9 56 f8 24 10 49 f2  20 40 45 f8 24 10 ae f7
8f fe 55 f8 24 00 41 6b  21 f4 00 01 41 63 55 f8
24 20 21 f0 70 00 50 63  40 f0 40 00 55 f8 24 10
48 63 00 20 46 f8 24 00  55 f8 24 00 bd e8 70 40
fe f7 73 b8 2d e9 fe 43  04 46 69 48 0c 30 50 f8
24 00 00 28 7e d0 65 4e  80 3e 31 8c 89 05 03 d1
90 f8 34 10 89 07 03 d5  20 46 7c f0 67 fb f1 e0
00 6b 40 f2 02 41 08 42  20 46 02 d0 7c f0 46 fb
e8 e0 ff f7 af ff 24 f0  8a f8 59 4d 90 b1 25 f0
ad fb 55 f8 24 10 88 42  0c d1 70 6f 10 b1 24 f0
sending write buffer, mode=0xd, mspec=0, id=0,  offset=913408, len=4096
    Write buffer cdb: [3b 0d 00 0d f0 00 00 10 00 00]
    Write buffer parameter list (first 256 bytes):
c0 bb d5 f8 9c 00 a8 bb  2c 46 c8 21 20 46 6e f6
5a ea 04 e0 00 21 08 46  fd f7 3f fd 04 46 4c b3
e0 6f ac 42 d6 49 40 f0  10 00 e0 67 d4 f8 80 00
40 f0 24 00 c4 f8 80 00  d4 f8 b8 00 40 f0 02 00
c4 f8 b8 00 09 d0 40 f0  01 00 c4 f8 b8 00 01 20
c8 72 48 8c 40 f0 80 00  48 84 c8 6c c4 f8 84 00
40 1c c8 64 20 46 fd f7  b7 fc 20 46 bd e8 70 40
fd f7 5f bc 54 df 4c df  01 20 70 47 c0 48 00 7f
70 47 bf 49 4f f0 ff 32  10 b5 80 31 00 24 c9 6d
01 eb 40 11 d1 f8 04 31  62 f3 07 03 c1 e9 40 23
d1 f8 08 31 c1 f8 18 01  64 f3 11 03 c1 f8 08 31
c1 f8 14 01 10 bd b2 48  80 30 40 6e 70 47 2d e9
f0 41 df f8 bc 82 16 46  1f 46 08 f1 80 08 98 f8
64 10 c9 07 36 d0 c8 b1  d8 f8 5c 00 44 46 60 30
27 f0 8d fc 70 b3 e1 6d  01 eb 40 11 d1 e9 40 41
cb 43 db b2 73 ea 04 02  04 d0 cd b2 31 1b af 41
sending write buffer, mode=0xd, mspec=0, id=0,  offset=917504, len=4096
    Write buffer cdb: [3b 0d 00 0e 00 00 00 10 00 00]
    Write buffer parameter list (first 256 bytes):
00 20 bd e8 fe 8f 83 68  49 1c 5b 1c c0 e9 02 31
d0 88 1e 31 12 89 b0 fb  f2 f0 88 42 01 d8 ff f7
c3 fc 4d 46 49 46 20 46  ff f7 fa f8 d8 f8 5c 00
81 6b a9 42 02 d1 84 63  9e f7 3a ff 01 20 e0 e7
2d e9 f0 5f 23 4d 82 46  90 46 89 46 4f f0 00 0b
95 f8 64 00 c0 07 51 d0  e8 6d 52 46 0b 46 60 30
26 f0 cd fc 04 00 01 d1  ff f7 6e fe e8 6d 00 eb
44 14 d4 e9 40 01 cb 43  db b2 73 ea 00 02 40 d0
c9 b2 c8 e9 00 01 d4 f8  08 01 c0 f3 11 00 c2 0f
c8 e9 02 02 d4 e9 40 23  d9 43 c9 b2 71 ea 02 00
33 d0 10 46 d9 b2 d4 f8  08 51 df 43 ff b2 c5 f3
11 06 00 25 80 19 69 41  40 1e 77 ea 02 06 41 f1
ff 31 26 d0 db b2 57 46  ba eb 02 02 79 eb 03 06
14 d3 0f e0 58 78 26 80  18 a0 00 00 08 10 01 00
40 72 00 7e a8 77 26 80  20 74 27 80 b0 60 01 7e
fe ff 01 00 c0 1b 71 eb  09 01 0e d2 58 46 bd e8
sending write buffer, mode=0xd, mspec=0, id=0,  offset=921600, len=4096
    Write buffer cdb: [3b 0d 00 0e 10 00 00 10 00 00]
    Write buffer parameter list (first 256 bytes):
65 f5 0d fc da f8 04 10  21 f0 01 01 ca f8 04 10
3f e1 01 e0 6b f5 46 ea  71 48 40 6b 71 49 48 61
a0 6b 6c 49 48 63 10 f4  70 60 04 d0 b0 f5 00 7f
20 d0 58 df 06 df 4d 46  ff f7 10 fa 04 00 22 d0
4f f0 7f 40 20 61 00 22  20 46 01 21 25 76 ff f7
3d fe 01 25 b4 f8 46 00  20 f0 fb 00 40 f0 08 00
a4 f8 46 00 84 f8 0c 90  a0 79 20 28 3e d0 a1 7b
b1 bb 0a e0 84 f0 54 fd  69 f5 d8 fb 00 28 7d d1
7b f0 e6 fc e0 e0 58 df  8b df 21 28 2e d0 56 48
90 f8 75 00 0a 28 0c d3  ad f8 02 40 60 7e 8d f8
01 00 60 7b 8d f8 00 00  50 48 01 90 68 46 a8 f7
35 f9 20 46 ff f7 e7 fa  70 78 50 b1 30 78 40 1c
c0 b2 30 70 b1 78 88 42  03 d1 86 f8 03 b0 86 f8
01 90 20 46 21 f0 e1 fb  05 28 07 46 73 d2 00 e0
04 e0 df e8 00 f0 27 10  37 0c 54 00 02 a9 20 46
7b f0 1f fc 01 28 7d d0  4f f0 01 08 5d e0 20 46
sending write buffer, mode=0xd, mspec=0, id=0,  offset=925696, len=4096
    Write buffer cdb: [3b 0d 00 0e 20 00 00 10 00 00]
    Write buffer parameter list (first 256 bytes):
00 68 70 47 d7 49 51 f8  20 00 70 47 d6 48 f0 38
80 6e 70 47 d4 49 f0 39  89 6e 88 42 01 d1 01 20
70 47 00 20 70 47 b0 f8  4e 20 d3 07 09 d1 a0 f8
4c 10 cf 49 09 88 a0 f8  50 10 42 f0 01 01 a0 f8
4e 10 70 47 c8 49 f0 39  48 64 70 47 c6 49 f0 39
00 22 48 6c 4a 64 70 47  01 46 00 20 03 29 0f d0
04 29 0f d0 05 29 0f d0  06 29 0f d0 01 29 0f d0
02 29 0f d0 07 29 0f d0  08 29 00 d1 bd 48 70 47
bd 48 70 47 bd 48 70 47  bd 48 70 47 bd 48 70 47
bd 48 70 47 bd 48 70 47  bd 48 70 47 2d e9 f8 4f
bc 49 09 68 8d 68 bc 49  09 78 ff 29 6b d0 b0 49
05 f1 68 0b 78 35 09 88  a0 f8 50 10 90 f8 30 10
01 f0 48 01 00 29 02 d0  d5 f8 80 10 01 e0 d5 f8
84 10 02 d0 d5 f8 88 40  01 e0 d5 f8 8c 40 05 f1
98 05 04 ea 01 0a d0 e9  08 46 52 ea 03 01 07 d0
12 eb 04 0c 73 41 bc f1  01 0c 43 f1 ff 39 01 e0
sending write buffer, mode=0xd, mspec=0, id=0,  offset=929792, len=4096
    Write buffer cdb: [3b 0d 00 0e 30 00 00 10 00 00]
    Write buffer parameter list (first 256 bytes):
07 e0 5f ea c8 60 01 d5  28 46 01 e0 b5 fb fa f0
20 61 20 69 c6 f8 30 01  5f ea 88 70 4f f0 00 0a
10 d5 00 98 40 6a c6 f8  00 01 e8 1b c6 f8 04 01
c6 f8 08 a1 4a 46 20 6b  90 f8 20 10 38 46 8d f0
eb f9 01 e0 c6 f8 b0 70  d6 f8 a8 02 c6 f8 98 01
06 f1 30 00 4f f4 80 02  49 46 ae f7 16 fa 00 98
40 6a c6 f8 c8 00 30 6b  c0 07 03 d0 a1 6b c1 f8
20 a0 15 e0 94 f8 28 00  c0 06 01 d5 e8 1b 0b e0
a2 8a e9 1b 01 20 b0 eb  12 3f bb f8 3e 00 01 d1
08 38 80 b2 b1 fb f0 f0  a1 6b 0a 6a 10 1a 08 62
5f ea c8 70 10 d0 01 22  0f e0 00 00 48 29 24 80
48 7e 27 80 00 14 00 44  00 11 00 44 00 b0 04 44
e0 a5 27 80 28 a1 27 80  00 22 29 46 48 46 8c f0
e5 fe 20 6b 90 f8 20 00  a8 b1 04 22 01 98 49 46
ad f7 46 fe 08 f0 02 01  48 46 ff f7 e1 fe 20 46
ff f7 c4 fe 20 7d c1 07  fe 48 06 d0 00 eb 49 20
sending write buffer, mode=0xd, mspec=0, id=0,  offset=933888, len=4096
    Write buffer cdb: [3b 0d 00 0e 40 00 00 10 00 00]
    Write buffer parameter list (first 256 bytes):
00 e0 48 46 c8 f8 24 00  f8 60 d8 f8 00 00 20 f0
0f 00 c8 f8 00 00 d8 f8  00 00 40 f0 80 00 c8 f8
00 00 e0 68 10 f4 a0 5f  07 d0 c0 02 05 d4 97 f8
36 00 20 f0 01 00 87 f8  36 00 e0 68 80 03 05 d5
97 f8 36 00 20 f0 01 00  87 f8 36 00 e0 68 41 05
7f f5 2b af c0 04 fb d5  bd e8 fc 47 a6 e6 07 e7
2d e9 fc 41 85 89 04 46  80 6a 52 4e 10 f0 54 0f
07 d0 06 eb 05 20 01 68  21 f0 80 01 01 60 bd e8
fc 81 80 06 0a d5 d4 e9  00 01 cd e9 00 01 43 48
02 6a d0 e9 0a 01 fe f7  19 fd 01 e0 48 f2 00 00
a2 8a d1 07 01 d0 a1 8b  0f e0 d4 e9 06 31 c9 1a
12 f0 32 0f 38 4a 01 f1  01 01 a2 f1 d0 02 01 d0
52 89 00 e0 12 89 b1 fb  f2 f1 39 4b 42 18 9a 42
00 d9 1a 46 94 f8 28 30  37 4f db 07 0e d0 06 eb
05 23 d8 62 d4 f8 28 c0  1c ea 07 0f 01 d0 98 62
00 e0 9a 62 1a 68 22 f0  40 02 11 e0 06 eb 05 23
sending write buffer, mode=0xd, mspec=0, id=0,  offset=937984, len=4096
    Write buffer cdb: [3b 0d 00 0e 50 00 00 10 00 00]
    Write buffer parameter list (first 256 bytes):
10 bd 10 b5 04 46 90 f8  28 00 40 07 0d d4 61 f5
06 fc a1 89 69 48 00 eb  01 30 41 68 41 f0 01 01
41 60 bd e8 10 40 61 f5  eb bb 10 bd 10 b5 04 46
90 f8 28 00 40 07 0d d4  61 f5 f1 fb a1 89 5f 48
00 eb 01 30 41 68 21 f0  01 01 41 60 bd e8 10 40
61 f5 d6 bb 10 bd 2d e9  f0 41 df f8 60 81 00 25
07 46 08 eb 05 34 20 6a  80 05 29 d5 52 49 c5 eb
c5 00 a8 39 51 f8 30 00  10 bb 17 b1 01 2f 03 d0
1e e0 20 6a 00 07 01 e0  20 6a 40 07 00 28 17 da
01 20 20 60 04 f1 20 06  29 46 42 02 30 46 ab f7
9b fe 00 20 a0 64 2d 20  a0 64 30 46 40 f2 00 42
29 46 ab f7 91 fe 03 22  30 46 29 46 ab f7 8c fe
6d 1c ad b2 02 2d cc d3  f9 e4 c0 eb c0 02 3a 48
00 21 a8 38 00 eb c2 00  41 62 80 f8 34 10 70 47
2d e9 f0 41 87 89 04 46  40 6b 35 49 36 4b c6 79
80 68 03 eb 06 35 90 f8  71 00 01 eb 00 20 c1 68
sending write buffer, mode=0xd, mspec=0, id=0,  offset=942080, len=4096
    Write buffer cdb: [3b 0d 00 0e 60 00 00 10 00 00]
    Write buffer parameter list (first 256 bytes):
fd fa b9 f1 00 0f 05 d0  99 f8 00 00 c0 07 01 d0
d9 e9 02 67 c5 f3 03 61  09 29 05 d0 0b e0 01 e0
01 43 ca e7 5e df 2d df  25 f0 40 40 a0 f1 18 60
82 38 7e 28 0c d2 c5 f3  0b 40 a0 f5 80 62 44 3a
0a d1 c8 4b 25 f0 40 42  1a 44 b2 f5 90 6f 03 d3
00 21 2a 46 0b 20 15 e0  c3 4b c5 f3 16 22 9a 42
03 d1 00 21 2a 46 06 20  0c e0 0b 29 0e d1 a0 f5
30 61 11 39 0a d0 49 1d  08 d0 68 39 06 d0 00 21
2a 46 0c 20 cd e9 00 67  45 f0 83 f8 07 b0 bd e8
f0 4f ff f7 7c b9 b1 48  30 b5 b4 49 89 b0 c0 6b
90 f8 c0 40 01 eb c4 02  d2 e9 00 12 cb 43 73 ea
02 03 05 d0 01 23 8d f8  08 30 cd e9 04 12 04 e0
00 21 ad f8 18 10 cd e9  04 11 d0 f8 b8 10 c9 03
19 d4 d0 f8 80 00 80 02  15 d4 a5 48 50 f8 24 10
20 46 7c f0 64 fa 01 46  a1 48 00 94 84 30 10 f8
24 20 12 06 02 d5 00 eb  84 03 00 e0 00 23 01 20
sending write buffer, mode=0xd, mspec=0, id=0,  offset=946176, len=4096
    Write buffer cdb: [3b 0d 00 0e 70 00 00 10 00 00]
    Write buffer parameter list (first 256 bytes):
a1 f0 31 00 01 11 01 00  40 98 27 80 fe 48 0e b5
c0 6c 40 00 08 d5 03 20  5c f0 9b f8 41 f0 40 03
02 46 03 20 5c f0 b2 fe  03 21 05 20 5c f0 1c fe
f5 48 60 38 01 68 00 91  40 68 01 90 4a f2 5d 40
ad f8 0a 00 68 46 5f f5  fc f8 03 b0 ee 49 a1 f1
60 00 5d f8 04 eb fe f7  85 ba 80 07 50 d5 eb 4a
88 1a 91 42 4a d0 19 dc  e9 4a 90 42 a0 eb 02 03
08 d0 09 dc e7 48 18 18  3a d0 01 28 3b d0 e6 4a
d0 42 3d d1 e5 49 3b e0  c0 1c 10 f5 6c 10 27 d0
01 28 2a d0 b0 f5 6c 1f  32 d1 23 e0 e0 4a 88 1a
91 42 17 d0 07 dc df 48  08 18 0b d0 01 28 0b d0
02 28 25 d1 0b e0 01 28  0f d0 db 4a d0 42 1f d1
da 49 1d e0 da 49 1b e0  d9 49 49 1c 18 e0 d8 49
89 1c 15 e0 d6 49 c9 1c  12 e0 d5 49 09 1d 0f e0
d4 49 0d e0 d3 49 49 1c  0a e0 d2 49 89 1c 07 e0
d0 49 c9 1c 04 e0 cf 49  09 1d 01 e0 cd 49 49 1d
sending write buffer, mode=0xd, mspec=0, id=0,  offset=950272, len=4096
    Write buffer cdb: [3b 0d 00 0e 80 00 00 10 00 00]
    Write buffer parameter list (first 256 bytes):
01 f6 28 60 65 f6 f6 e9  bc 4b 50 46 bb 4a f9 6b
60 33 ff f7 42 fe cd e7  bd 4a 92 69 0a 42 01 d0
7b f0 94 b9 00 20 70 47  b9 49 89 6a 01 42 01 d0
01 20 70 47 00 20 70 47  b5 48 c0 6a 00 28 00 d0
01 20 70 47 b2 49 09 6b  08 40 70 47 b0 48 01 79
89 07 04 d5 00 78 03 28  03 d0 04 28 01 d0 00 20
70 47 01 20 70 47 2d e9  f0 41 88 b0 88 46 04 46
7b f0 a2 f9 00 28 6d d1  a6 48 a7 4e 00 eb c4 00
06 f1 84 05 d0 e9 00 23  d0 43 70 ea 03 00 22 d0
01 20 8d f8 08 00 00 20  df f8 80 c2 cd e9 04 23
9f 4f 0c f1 01 01 cd e9  06 00 56 f8 24 00 60 45
07 d0 88 42 05 d0 a7 f1  01 0c 60 45 01 d0 b8 42
14 d1 88 42 4f f0 03 0c  8d f8 08 c0 05 d0 b8 42
03 d0 01 20 02 e0 00 27  20 e0 00 20 ff f7 0f fa
40 1e 41 f1 ff 31 cd e9  06 01 16 e0 15 f8 24 00
00 06 12 d5 21 20 8d f8  08 00 8a 48 10 f8 24 10
sending write buffer, mode=0xd, mspec=0, id=0,  offset=954368, len=4096
    Write buffer cdb: [3b 0d 00 0e 90 00 00 10 00 00]
    Write buffer parameter list (first 256 bytes):
43 6f 6d 70 2d 25 58 00  81 00 11 03 b0 9a 27 80
f8 02 10 11 08 95 27 80  b8 9b 27 80 80 00 1d 8e
95 00 80 89 80 87 80 44  12 10 01 00 10 32 01 7e
00 20 24 80 c0 98 27 80  3b e0 7e e0 8d f8 1a 10
20 22 ff 49 ff 48 8d f8  1b 30 6b 46 a4 f7 2e fe
2e e0 02 2b 46 46 2b d1  a2 f1 80 40 87 38 16 d0
40 1e 14 d0 40 1e 12 d0  09 f1 74 01 0b f1 50 00
91 e8 1c 00 d9 f8 80 10  80 e8 1c 00 f2 48 cb f8
5c 10 00 78 80 06 17 d5  05 20 28 70 16 e0 d6 e9
06 01 40 1c b0 61 41 f1  00 01 c8 f8 1c 10 d5 e9
03 23 af 68 fb 18 42 f1  00 02 c0 1a 91 41 00 d3
2c 70 09 b0 bd e8 f0 8f  85 f8 00 a0 98 f8 44 00
09 b0 bd e8 f0 4f d4 f7  ab bf d0 e9 06 25 cd e9
00 25 90 f8 44 20 8d f8  18 20 20 22 00 6c 02 96
46 46 da 4d cd e9 03 c0  8d f8 19 e0 8d f8 1a 10
d3 49 d4 48 05 97 8d f8  1b 30 6b 46 a4 f7 d6 fd
sending write buffer, mode=0xd, mspec=0, id=0,  offset=958464, len=4096
    Write buffer cdb: [3b 0d 00 0e a0 00 00 10 00 00]
    Write buffer parameter list (first 256 bytes):
01 01 c9 f8 1c 10 d4 f8  80 00 80 02 38 d5 20 46
ff f7 d6 ff 00 28 33 d1  d4 f8 80 10 c8 03 2f d4
d4 f8 b8 00 df f8 3c a0  82 07 94 f8 7c 20 4f ea
82 62 19 d4 00 2a 23 db  24 e0 00 00 c8 2b 24 80
57 63 44 00 08 57 63 44  22 01 00 58 00 0c 00 44
04 42 26 80 da 38 24 80  20 7a 26 80 08 78 26 80
f0 3b 24 80 d8 29 24 80  00 2a 0b da d4 f8 90 00
01 21 54 46 40 69 ca f8  00 00 3f f0 0b f8 60 60
bd e8 f0 87 d4 f8 94 20  12 b1 52 6b 12 02 f7 d5
c9 04 4f f0 00 03 14 d5  00 07 12 d5 fe 48 d0 e9
06 12 d4 e9 1c 05 0e 1a  72 eb 05 06 09 d3 b4 f8
88 60 36 18 5d 41 8e 1b  aa 41 02 d2 08 1a a4 f8
88 00 b4 f8 88 00 d4 e9  1c 56 42 19 f3 48 43 eb
06 01 07 88 bf 05 01 d5  d0 e9 14 56 a8 1a 76 eb
01 00 cd d2 d4 f8 90 00  80 46 d0 e9 00 17 02 89
68 1a 66 eb 07 01 07 46  40 1c 41 f1 00 01 b2 eb
sending write buffer, mode=0xd, mspec=0, id=0,  offset=962560, len=4096
    Write buffer cdb: [3b 0d 00 0e b0 00 00 10 00 00]
    Write buffer parameter list (first 256 bytes):
88 61 70 47 70 b5 e5 4d  0d 20 29 46 5b f5 4f f8
04 46 00 07 07 d5 34 f0  08 01 0f d0 bd e8 70 40
0d 20 5b f5 21 b8 20 04  03 d5 24 f4 00 44 04 f0
8d fa a0 03 e8 d5 58 f0  c8 fb e5 e7 70 bd 08 21
0d 20 5a f5 ff bf 2d e9  f0 41 05 46 80 6a 40 f0
80 60 a8 62 28 46 f9 f7  39 fd d1 4f 00 24 0d 20
39 46 5b f5 24 f8 06 46  40 07 08 d5 a8 6b 00 78
01 28 03 d0 10 b9 28 46  fe f7 a5 fa 01 24 f0 02
02 d5 a8 89 76 f0 2f f9  00 2c e8 d0 7d e7 04 21
0d 20 5a f5 e9 bf 70 b5  05 46 bf 48 42 69 92 f8
34 00 00 07 01 d5 07 20  70 bd bb 4c 92 f8 46 00
38 34 00 f0 07 00 a0 81  04 20 a0 62 84 f8 2c 10
a8 79 f6 f7 02 fb c4 e9  0c 05 04 f1 50 00 a0 63
af f2 45 00 e0 63 20 46  ff f7 b5 ff 49 f6 01 20
5b f5 8e f8 a0 6b 00 78  70 bd ab 48 10 b5 40 69
41 7e 1c 29 1c d0 05 dc  51 b1 03 29 0c d0 12 29
sending write buffer, mode=0xd, mspec=0, id=0,  offset=966656, len=4096
    Write buffer cdb: [3b 0d 00 0e c0 00 00 10 00 00]
    Write buffer parameter list (first 256 bytes):
62 df 1e df da f8 18 00  d0 f8 b8 10 8a 07 0a d4
d0 f8 94 20 3a b1 92 f8  30 30 13 f0 c0 0f 02 d0
92 7e c2 f3 40 09 d8 e9  00 23 7a 40 6b 40 1a 43
01 d0 62 df 1f df 89 07  06 d4 d0 f8 94 00 18 b1
90 f8 34 00 00 07 6f d4  96 f7 c4 ff 18 b1 00 21
08 46 ff f7 92 ff 00 20  a8 f8 0c 00 da f8 18 10
c1 f8 90 80 92 f7 99 fb  b9 19 02 46 45 f1 00 00
cd e9 04 10 32 b1 14 f0  18 0f 03 d0 48 97 cd e9
49 56 18 e0 48 97 e0 07  cd e9 49 56 13 d0 05 98
49 1e 40 f1 ff 32 5b 48  d0 e9 00 30 59 1a 90 41
09 d3 9a f8 06 00 40 06  05 d4 00 23 32 46 38 46
29 46 f3 f7 12 ff da f8  18 00 b6 f5 80 3f c0 e9
1c 75 a0 f8 88 60 05 d3  d0 f8 80 10 41 f0 80 51
c0 f8 80 10 6f 99 4c 4b  50 91 40 f2 02 11 a1 43
1e d0 40 f2 01 11 a1 43  1c d0 4f f0 ff 31 55 91
c0 6f c2 01 40 f2 1f 40  04 ea 00 0a 18 d5 3f 49
sending write buffer, mode=0xd, mspec=0, id=0,  offset=970752, len=4096
    Write buffer cdb: [3b 0d 00 0e d0 00 00 10 00 00]
    Write buffer parameter list (first 256 bytes):
00 23 09 a9 40 46 5a f6  12 fd 5d 4a 01 21 78 e0
0a eb 07 00 0b eb 07 03  00 68 1b 68 20 f0 7f 40
23 f0 7f 43 58 40 01 9b  01 2b 49 d9 6b 46 03 eb
c6 03 d3 f8 0c c0 bc 45  42 d1 dd f8 04 c0 ac f1
01 0c b4 45 3c d9 1b 7c  00 2b 4f ea 00 53 1c d0
4b b1 08 eb d4 03 04 f0  07 0c 1d 78 01 fa 0c fc
45 ea 0c 05 1d 70 10 42  09 d0 64 1c 08 eb d4 00
04 f0 07 04 03 78 01 fa  04 f4 23 43 03 70 02 98
73 1c 58 43 04 01 00 25  18 e0 43 b1 08 eb d4 03
04 f0 07 04 1d 78 01 fa  04 f4 25 43 1d 70 02 9b
74 1c 00 25 63 43 1c 01  10 42 06 d0 08 eb d4 00
01 25 03 78 43 f0 01 03  03 70 64 1c 76 1c 1f e0
03 05 0c d0 08 eb d4 03  04 f0 07 0e 93 f8 00 c0
01 fa 0e fe 6d 1c 4c ea  0e 0c 83 f8 00 c0 10 42
0d d0 63 1c 08 eb d3 00  03 f0 07 03 90 f8 00 c0
01 fa 03 f3 6d 1c 4c ea  03 0c 80 f8 00 c0 a4 1c
sending write buffer, mode=0xd, mspec=0, id=0,  offset=974848, len=4096
    Write buffer cdb: [3b 0d 00 0e e0 00 00 10 00 00]
    Write buffer parameter list (first 256 bytes):
dd 4b 09 99 8d f8 56 70  99 42 ad f8 54 70 03 d0
d9 4b 1c 33 99 42 05 d1  0b 99 0e ac cd e9 10 17
8d f8 38 20 0d f1 54 09  34 e0 a9 06 8d f8 56 20
01 d5 08 21 00 e0 04 21  0a 9a 11 44 bd f8 0e 20
89 b2 ad f8 54 10 00 2a  ec d0 11 44 09 1d ad f8
54 10 e7 e7 04 21 8d f8  38 10 c8 4a 09 99 91 42
0b d0 52 1c 91 42 08 d0  c5 4a 91 42 05 d0 c5 4a
91 42 02 d0 c4 4a 91 42  07 d1 0a 99 cd e9 10 17
9d f8 2c 10 8d f8 43 10  03 e0 dd e9 0c 12 cd e9
10 12 0e ac 8d f8 58 00  09 98 18 22 17 90 16 ab
0a 98 18 90 9d f8 2c 00  ad f8 64 00 dd e9 0c 01
cd e9 1a 01 b5 48 44 f2  00 01 9f f7 f7 fd 4f f0
ff 30 09 9a 00 21 cd e9  00 00 10 20 3d f0 61 f8
9d f8 0a 00 4b 46 09 99  22 46 00 96 80 07 7f f5
f8 ae 01 20 f7 f7 08 ff  06 20 f6 e6 01 20 f4 e6
10 b5 04 46 89 b9 00 21  1c f0 43 f9 00 09 01 46
sending write buffer, mode=0xd, mspec=0, id=0,  offset=978944, len=4096
    Write buffer cdb: [3b 0d 00 0e f0 00 00 10 00 00]
    Write buffer parameter list (first 256 bytes):
07 28 e5 d0 f5 f7 65 ff  0d 20 48 f2 00 01 56 f5
f7 ff 00 21 40 f6 01 30  ad 19 4c 41 1a eb 06 0a
4b eb 01 0b 7a f0 06 fb  dd e9 6b 20 6a 9e 6e 9b
28 18 44 eb 06 01 1b 1a  8a 41 0e d3 fe f7 18 fa
dd e9 73 23 ba eb 03 01  7b eb 02 00 07 d3 fe f7
ee f9 00 21 8a 46 8b 46  01 e0 00 25 2c 46 dd e9
70 01 28 1a 74 eb 01 00  ff f4 f2 ae 6b 99 6e 98
fe f7 fe f9 fe f7 db f9  9b e6 2d e9 f0 4f ed b0
e9 f7 c2 fd 01 46 23 48  00 88 c0 1d c2 08 02 eb
c2 20 c2 00 60 a8 68 f0  b5 fe 00 26 5e 96 5c a8
54 f0 09 f9 5e 98 48 b1  ff f7 4f fc dd e9 5d 23
5c 9c e3 18 72 41 c0 1a  91 41 02 d3 01 20 6d b0
79 e6 ff f7 42 fc 04 46  0d 46 ff f7 34 fc 40 1c
41 f1 00 01 44 40 4d 40  2c 43 37 d0 ff f7 35 fc
04 46 0d 46 02 20 54 f0  34 f8 20 f0 80 62 0b 46
02 20 54 f0 4b fe fe f7  9a f9 5c 99 b2 46 5e 98
sending write buffer, mode=0xd, mspec=0, id=0,  offset=983040, len=4096
    Write buffer cdb: [3b 0d 00 0f 00 00 00 10 00 00]
    Write buffer parameter list (first 256 bytes):
41 7d a1 76 01 7d e1 76  c1 7c 21 77 81 7c 61 77
41 7c a1 77 01 7c e1 77  41 7a 84 f8 32 10 01 7a
84 f8 33 10 41 78 84 f8  34 10 01 79 84 f8 35 10
81 79 84 f8 36 10 c0 88  c0 f3 06 20 84 f8 37 00
60 78 0b 28 35 d1 a0 78  10 28 32 d1 e0 78 01 28
03 d0 03 28 01 d0 02 28  2b d1 df f8 e0 b0 0b eb
ca 07 78 68 00 0e 20 73  78 68 00 0c 60 73 b8 88
00 0a a0 73 38 79 e0 73  04 f1 0c 00 01 f0 cc ff
10 b9 03 98 00 78 a0 b1  38 68 3a 79 00 0e 40 ea
02 20 20 74 38 68 3a 79  00 0c 40 ea 02 40 60 74
38 88 3a 79 00 0a 40 ea  02 60 a0 74 1b f8 3a 00
e0 74 4f f0 00 0a 22 4f  4f f4 80 0b a7 f8 00 a0
b8 88 f8 bb 40 f2 00 40  cf f7 18 fd d8 bb 40 f2
00 10 cf f7 13 fd b0 bb  40 f2 00 20 cf f7 0e fd
88 bb 41 f2 00 00 2f e0  4c a0 27 80 57 55 2a 00
01 00 44 84 01 00 42 84  80 00 1d 8e 00 f4 23 80
sending write buffer, mode=0xd, mspec=0, id=0,  offset=987136, len=4096
    Write buffer cdb: [3b 0d 00 0f 10 00 00 10 00 00]
    Write buffer parameter list (first 256 bytes):
bd f8 12 10 04 f1 20 00  14 f0 f1 ff bd f8 08 10
04 f1 38 00 14 f0 eb ff  7e 49 04 22 04 f1 3c 00
56 f5 98 fc 08 98 00 21  e6 f7 36 fa 00 23 7a 48
08 a9 1a 46 e6 f7 8a fe  08 98 20 22 00 21 6b 46
7e f0 fe fc bd f8 00 10  04 f1 14 00 14 f0 cf ff
bd f8 02 10 04 f1 18 00  14 f0 c9 ff bd f8 04 10
bd f8 06 00 00 eb 01 41  04 f1 24 00 14 f0 cc ff
bd f8 10 10 04 f1 2c 00  14 f0 b9 ff bd f8 12 10
04 f1 30 00 14 f0 b3 ff  bd f8 14 10 04 f1 34 00
14 f0 ad ff 08 98 00 21  e6 f7 fe f9 fb f7 50 fb
00 68 29 f0 d1 fc 00 28  01 d0 30 20 20 72 0a b0
10 bd 7c b5 00 21 04 46  06 20 3a f0 c7 fa 00 21
01 90 07 20 3a f0 c2 fa  69 46 00 90 01 23 08 46
03 22 18 f0 ab fc 08 22  69 46 04 f1 08 00 78 f0
0f f9 fb f7 2d fb c5 79  02 20 29 46 3a f0 ae fa
29 46 01 90 03 20 3a f0  a9 fa 69 46 00 90 01 23
sending write buffer, mode=0xd, mspec=0, id=0,  offset=991232, len=4096
    Write buffer cdb: [3b 0d 00 0f 20 00 00 10 00 00]
    Write buffer parameter list (first 256 bytes):
a8 7a 00 06 03 d5 20 78  40 f0 80 00 20 70 20 78
20 f0 08 00 20 70 70 bd  01 78 29 b9 41 78 19 b9
81 78 09 b9 c0 78 08 b1  00 20 70 47 01 20 70 47
08 4a b2 f8 c0 20 12 05  0a d4 4a 78 03 2a 07 d1
02 78 22 f0 80 02 02 70  08 78 20 f0 80 00 08 70
70 47 00 00 28 a1 27 80  1f b5 82 b0 04 9a 02 f0
07 04 04 2c 22 f0 07 02  07 d0 05 2c 0f d0 06 2c
0f d0 07 2c 0f d0 62 df  16 df 04 92 00 22 cd e9
00 32 01 23 04 aa 17 f0  22 fd 06 b0 10 bd 52 1c
f3 e7 92 1c f1 e7 d2 1c  ef e7 fe 48 00 68 28 f0
98 bc fc 48 d0 e9 00 01  01 42 01 d0 01 20 70 47
00 20 70 47 f7 49 00 20  48 60 70 47 2d e9 f0 4f
d7 b0 04 46 00 20 54 90  20 69 c1 79 61 f3 0f 25
01 7a 40 78 61 f3 07 05  80 07 06 d5 28 04 00 0c
03 d0 07 20 ad f8 0c 00  59 e0 40 f2 00 10 cd f7
05 fd 50 b9 4f f4 00 00  cd f7 00 fd 28 b1 e6 48
sending write buffer, mode=0xd, mspec=0, id=0,  offset=995328, len=4096
    Write buffer cdb: [3b 0d 00 0f 30 00 00 10 00 00]
    Write buffer parameter list (first 256 bytes):
f3 ff 07 46 0e 46 50 46  ff f7 c7 ff 50 ea 01 02
03 d0 3a 1a 76 eb 01 02  01 d2 38 46 31 46 43 1c
41 f1 00 02 1b 1b aa 41  14 d2 e2 43 72 ea 05 02
10 d0 6f f0 01 02 54 40  74 ea 05 04 0a d0 8d f8
06 90 01 aa 5b 46 ad f8  04 80 7c f0 09 fb 00 20
bd e8 fc 9f 01 20 fb e7  02 46 c0 88 12 78 59 2a
08 d0 7c 2a 05 d1 01 29  03 d0 02 29 01 d1 28 30
80 b2 70 47 01 29 fc d0  e5 29 07 d0 e6 29 07 d0
02 29 08 d0 03 29 f4 d1  78 30 f1 e7 a8 30 ef e7
00 f5 9c 70 ec e7 68 30  ea e7 70 b5 af 4d 00 24
04 eb 44 06 06 eb c4 06  15 f8 26 60 8e 42 21 d1
03 43 19 29 0a d0 04 eb  44 00 00 eb c4 00 05 eb
80 00 90 f8 29 00 90 42  10 d3 0c e0 01 2a 0a d0
e5 2a 08 d0 e6 2a 06 d0  ff 2a 04 d0 02 2a 02 d0
03 2a 00 d0 22 b9 43 b9  12 b9 06 e0 ff 2a fa d0
00 20 70 bd 64 1c 13 2c  d2 d3 01 20 70 bd 2d e9
sending write buffer, mode=0xd, mspec=0, id=0,  offset=999424, len=4096
    Write buffer cdb: [3b 0d 00 0f 40 00 00 10 00 00]
    Write buffer parameter list (first 256 bytes):
30 00 00 3a 60 01 00 3a  60 02 00 3a 10 04 00 3a
40 06 00 3a 20 00 00 3c  10 00 00 ff 55 f8 98 2c
46 1c ca 62 cb f7 83 ff  28 63 04 eb c6 00 fb 49
fa 4a 81 62 29 6b 60 32  c1 62 70 1c 04 eb c0 01
b0 1c 8a 62 aa 8f ca 62  04 eb c0 01 f4 4a f0 1c
8a 62 95 f8 3f 20 ca 62  04 eb c0 01 ef 4a 30 1d
70 32 8a 62 ea 6b c2 f3  00 42 ca 62 04 eb c0 01
ea 4a 70 1d 80 32 8a 62  aa 6b ca 62 04 eb c0 01
e6 4a b0 1d 90 32 8a 62  ea 6b c2 f3 40 42 ca 62
04 eb c0 01 e1 4a f0 1d  a0 32 8a 62 ea 6b c2 f3
80 42 ca 62 04 eb c0 01  dc 4a 40 1c b0 32 8a 62
ea 6b c2 f3 c0 42 ca 62  04 eb c0 01 d7 4a 40 1c
c0 32 8a 62 ea 6b c2 f3  00 52 ca 62 04 eb c0 01
6f f0 11 12 8a 62 00 22  ca 62 41 1c b1 f5 00 7f
03 d3 68 df 42 df 68 df  41 df ff f7 aa f9 e0 60
cc 48 a0 60 a2 80 e2 80  21 82 70 bd 7c b5 00 24
sending write buffer, mode=0xd, mspec=0, id=0,  offset=1003520, len=4096
    Write buffer cdb: [3b 0d 00 0f 50 00 00 10 00 00]
    Write buffer parameter list (first 256 bytes):
bd e8 38 40 da e6 bd e8  38 40 6f f0 a8 bf 10 b5
ff f7 f3 fe 00 28 07 d0  08 20 ca f7 a5 fe bd e8
10 40 02 20 ca f7 a0 be  10 bd 70 b5 04 46 0d 46
08 46 25 f0 ce fc 08 b9  21 2d 7d d1 ff 20 84 f8
25 00 84 f8 24 00 94 f8  92 10 41 f0 01 01 84 f8
92 10 14 f8 93 1f 41 f0  0f 01 21 70 0f 21 60 70
a0 70 e0 70 20 71 60 71  a0 71 e0 71 20 72 60 72
a0 72 e0 72 20 73 60 73  a0 73 e0 73 20 74 60 74
a0 74 e0 74 20 75 84 f8  28 10 94 f8 b9 12 41 f0
01 01 84 f8 b9 12 84 f8  40 00 94 f8 45 10 41 f0
06 01 84 f8 45 10 84 f8  46 00 84 f8 4a 00 84 f8
4b 00 94 f8 4c 10 41 f0  02 01 84 f8 4c 10 94 f8
41 10 41 f0 18 01 84 f8  41 10 07 21 7f 22 84 f8
4d 20 84 f8 4e 00 84 f8  4f 00 84 f8 50 00 84 f8
51 00 84 f8 52 00 84 f8  53 00 84 f8 54 00 84 f8
55 00 84 f8 56 00 84 f8  57 00 84 f8 58 00 84 f8
sending write buffer, mode=0xd, mspec=0, id=0,  offset=1007616, len=4096
    Write buffer cdb: [3b 0d 00 0f 60 00 00 10 00 00]
    Write buffer parameter list (first 256 bytes):
0b d0 10 2e 04 d0 9c 49  18 39 49 69 08 31 08 e0
99 48 18 38 45 69 08 35  11 e0 97 49 18 39 49 69
09 1d 08 2e 8b 46 0a d0  10 2e 08 d0 8f 21 8d f8
16 10 ad f8 14 00 32 e0  60 f0 94 fd e6 e1 11 98
81 b2 08 eb 06 00 81 42  13 d2 cf 20 8d f8 16 00
ba f1 00 0f 01 d0 07 20  00 e0 04 20 ad f8 14 00
a0 79 00 22 86 49 05 ab  00 90 00 20 ef f7 44 ff
46 e1 90 02 24 d5 ba f1  00 0f 01 d0 10 2e 14 d0
9b f8 04 70 e7 b1 08 f1  04 00 80 46 c7 b1 38 46
f5 f7 68 f8 88 30 8d f8  16 00 ad f8 14 80 00 22
a0 79 05 ab 75 49 00 90  df e7 08 20 29 5c 11 b1
40 44 cf b2 e9 e7 40 1c  80 b2 0d 28 f6 d3 e5 e7
1f fa 88 f0 01 90 ba f1  00 0f 01 d0 10 2e 25 d0
ba f1 00 0f 08 f1 05 07  01 d0 10 2e 20 d0 9b f8
07 00 8d f8 0c 00 9b f8  06 00 8d f8 0d 00 9b f8
05 00 8d f8 0e 00 00 e0  df e0 00 20 8d f8 0f 00
sending write buffer, mode=0xd, mspec=0, id=0,  offset=1011712, len=4096
    Write buffer cdb: [3b 0d 00 0f 70 00 00 10 00 00]
    Write buffer parameter list (first 256 bytes):
08 80 01 f6 08 30 01 f5  40 61 fe f7 c0 f8 e9 68
40 46 01 f6 08 31 fd f7  e7 f8 e8 68 00 f6 08 30
fe f7 e6 fa 19 49 e8 68  14 31 00 f6 08 30 03 f0
6b fa 05 98 00 21 e0 f7  2f fa fd f7 b5 f8 02 98
4f f0 03 08 4f f0 07 09  3f 28 25 d0 01 99 01 22
fc f7 55 f8 b0 f1 ff 3f  82 46 00 f1 02 00 24 d0
f0 b1 2e e0 ff e7 01 20  0a 49 00 23 00 90 1a 46
18 46 ee f7 41 ff a8 68  5f f0 74 fd 2a 20 09 b0
8c e5 a3 e1 28 a1 27 80  01 00 37 81 34 a2 27 80
93 20 42 08 00 03 04 02  01 98 90 b1 ff 28 10 d0
ad f8 10 80 8d f8 12 90  09 e0 00 28 f8 d0 02 20
ad f8 10 00 3f 20 f4 f7  55 f8 8d f8 12 00 a8 68
65 e1 00 21 02 20 5f f0  c3 fd 28 61 c8 b1 80 68
a9 46 68 61 4f f0 10 0b  fd 49 4f f0 00 08 13 9a
72 b3 c0 f8 00 80 f2 06  45 46 c0 f8 04 80 08 46
14 d5 c8 f7 03 fd 30 b1  d9 f8 14 10 90 20 c8 70
sending write buffer, mode=0xd, mspec=0, id=0,  offset=1015808, len=4096
    Write buffer cdb: [3b 0d 00 0f 80 00 00 10 00 00]
    Write buffer parameter list (first 256 bytes):
d3 f8 c4 00 40 02 07 d5  07 20 90 70 0d 20 10 80
46 48 50 60 01 20 d0 70  01 20 6e e4 0f 21 80 f8
6e 10 f6 21 80 f8 6f 10  00 21 80 f8 70 10 80 f8
71 10 80 f8 73 10 80 f8  72 10 80 f8 75 10 80 f8
74 10 80 f8 77 10 80 f8  76 10 56 e4 2d e9 f0 41
35 4e 35 4c 18 3e 36 4d  f1 68 d4 f8 c0 20 11 f8
6e 0f 60 f3 10 42 44 f8  c0 2f 08 78 40 09 60 f3
53 42 22 60 a8 69 09 78  00 f4 80 10 c9 08 61 f3
8a 22 22 60 c2 f3 80 21  77 f0 a4 f9 f0 68 90 f8
6e 10 8a 08 21 68 62 f3  cb 21 44 f8 c0 19 ca 03
02 d5 4f f0 ff 32 00 e0  00 22 72 60 90 f8 6e 20
52 08 62 f3 82 01 c4 f8  c0 10 90 f8 6f 20 c2 f3
40 03 92 08 43 ea 42 02  62 f3 15 51 c4 f8 c0 10
90 f8 71 20 92 09 62 f3  0c 31 c4 f8 c0 10 90 f8
71 20 d2 09 62 f3 49 21  c4 f8 c0 10 8a 05 aa 69
02 d5 42 f4 80 22 01 e0  22 f4 80 22 aa 61 90 f8
sending write buffer, mode=0xd, mspec=0, id=0,  offset=1019904, len=4096
    Write buffer cdb: [3b 0d 00 0f 90 00 00 10 00 00]
    Write buffer parameter list (first 256 bytes):
28 08 09 e0 00 30 04 44  34 a2 27 80 d8 0e 26 80
03 00 26 05 e4 9e 27 80  df f8 a0 94 00 eb 40 03
07 eb 03 11 91 f8 28 50  91 f8 29 40 2b 09 21 09
a3 f1 08 06 04 2e 0d d2  08 29 0b d3 0b 29 09 d8
8b 42 07 d8 04 f0 0f 04  a1 42 03 d8 05 f0 0f 01
8b 42 0b d2 00 eb 40 01  82 f8 02 e0 08 eb 01 10
10 80 c2 f8 04 90 00 20  bd e8 fc 8f 40 1c 02 28
d4 d3 78 78 02 28 03 d1  f8 79 08 b9 b8 79 08 b1
01 20 f1 e7 06 20 6c e7  40 78 03 28 12 d0 04 dc
01 28 09 d0 02 28 04 d1  0a e0 e5 28 06 d0 e6 28
04 d0 00 20 80 1c 95 e4  62 20 fb e7 8a 20 f9 e7
0a 20 f7 e7 2a 20 f5 e7  01 eb 41 03 03 eb c1 03
ff 49 10 b5 01 eb 83 01  64 22 4b 78 43 f0 80 03
03 70 01 23 43 70 00 23  83 70 c2 70 8c 22 4b 78
80 f8 a8 30 e5 23 80 f8  a9 30 00 23 80 f8 aa 30
80 f8 ab 20 4c 78 80 f8  38 41 e6 24 80 f8 39 41
sending write buffer, mode=0xd, mspec=0, id=0,  offset=1024000, len=4096
    Write buffer cdb: [3b 0d 00 0f a0 00 00 10 00 00]
    Write buffer parameter list (first 256 bytes):
15 d4 7d 4c 07 25 c1 78  03 26 7c 4f 18 34 01 23
32 29 02 d9 32 21 c1 70  01 e0 41 b9 c3 70 d4 f8
c4 00 40 02 03 d5 95 70  16 80 57 60 d3 70 01 20
f0 bd d8 21 80 f8 17 11  e0 21 80 f8 2c 11 ff 21
80 f8 2f 11 80 f8 2e 11  80 f8 31 11 80 f8 30 11
5d e4 69 48 30 b5 68 4a  c0 68 18 32 90 f8 17 11
cc 09 14 60 d2 f8 c4 40  8d 09 65 f3 08 24 0d 09
c9 08 65 f3 49 24 61 f3  8a 24 90 f8 2c 11 cd 09
55 60 8d 09 49 09 65 f3  cb 24 61 f3 0c 34 c2 f8
c4 40 90 f8 2e 11 61 f3  0f 23 90 f8 2f 11 61 f3
07 03 a2 f8 58 30 90 f8  30 11 90 f8 31 01 61 f3
0f 23 60 f3 07 03 a2 f8  5a 30 30 bd 4e 49 00 22
10 b5 c9 68 81 f8 16 21  02 78 d3 01 b0 f8 c4 20
c2 f3 00 24 43 ea 84 13  c2 f3 40 24 c2 f3 80 22
43 ea 04 13 43 ea c2 02  81 f8 17 21 02 79 d3 01
b0 f8 c4 20 c2 f3 c0 24  c2 f3 00 32 43 ea 84 13
sending write buffer, mode=0xd, mspec=0, id=0,  offset=1028096, len=4096
    Write buffer cdb: [3b 0d 00 0f b0 00 00 10 00 00]
    Write buffer parameter list (first 256 bytes):
53 45 0c d0 9b f8 09 20  ff 2a 04 d0 0c 9b d2 5c
ba 42 02 d0 05 e0 bb 42  03 d1 01 26 01 e0 4f f0
01 09 4a 78 0e 99 8a 42  01 d0 01 21 09 91 00 21
dc f7 32 fa 57 45 1b d0  9d f8 14 00 39 46 20 f0
80 00 8d f8 14 00 03 a8  ff f7 f7 fe 9b f8 08 10
58 46 49 1e 8b f8 08 10  ff 2c 0e d0 01 21 42 68
83 48 a1 40 8a 43 cb f8  04 20 ec f7 9d fb 01 e0
ff 2c 02 d0 01 20 a0 40  85 43 0a 98 28 43 a0 d1
56 ea 09 00 21 d0 09 98  38 b1 db f8 04 10 d8 f8
00 00 81 43 76 48 ff 38  0d e0 59 ea 06 00 0c d1
9b f8 0a 10 11 f0 3c 0f  07 d0 db f8 04 10 d8 f8
00 00 81 43 6e 48 ec f7  77 fb 00 21 8b f8 0a 10
0e 99 40 46 ff f7 8d fe  5f e7 01 20 5d e7 2d e9
f0 4f 65 49 00 26 07 46  15 46 0b 39 8d b0 88 7a
10 b3 00 23 8a 46 0c a9  80 46 60 48 1a 46 dc f7
2d fe 0c 98 81 68 0c 78  00 21 dc f7 cd f9 b9 79
sending write buffer, mode=0xd, mspec=0, id=0,  offset=1032192, len=4096
    Write buffer cdb: [3b 0d 00 0f c0 00 00 10 00 00]
    Write buffer parameter list (first 256 bytes):
00 68 70 47 5c 7d 27 80  00 02 26 05 28 a1 27 80
82 7d 27 80 00 00 44 84  88 a2 27 80 00 0b 29 06
02 00 2c 85 00 00 44 83  00 00 1a 85 00 20 70 47
30 b5 91 b0 04 46 fb 48  02 90 cd e9 06 23 20 69
f9 4a 00 78 0b 28 17 d0  2b 28 15 d0 00 23 06 a8
02 a9 00 25 cd e9 00 35  d5 f7 a8 f9 ee f7 d2 ff
9d f8 0c 00 01 28 0f d0  04 98 81 28 0b d0 01 46
9d f8 0c 00 50 b1 15 e0  02 20 8d f8 22 00 10 23
06 a8 02 a9 e5 e7 07 20  11 b0 30 bd e7 48 b0 f8
c8 00 c0 04 1d d5 e6 48  81 42 1a d0 80 1c 81 42
17 d0 e4 49 01 20 8d f8  28 00 01 ab dd e9 06 02
cd e9 0c 02 80 20 8d f8  04 00 bd f8 16 00 0a aa
ad f8 06 00 a0 79 00 90  00 20 e9 f7 15 ff 00 20
da e7 01 20 d8 e7 1f b5  82 b0 04 9a 02 f0 07 04
04 2c 22 f0 07 02 07 d0  05 2c 0f d0 06 2c 0f d0
07 2c 0f d0 68 df 12 df  04 92 00 22 cd e9 00 32
sending write buffer, mode=0xd, mspec=0, id=0,  offset=1036288, len=4096
    Write buffer cdb: [3b 0d 00 0f d0 00 00 10 00 00]
    Write buffer parameter list (first 256 bytes):
83 46 03 98 59 f0 ae fd  bb f1 01 0f 58 46 57 d1
06 98 36 1a 76 b3 0d b1  02 2d 2b d1 01 21 00 20
59 f0 16 fe 03 90 58 b1  05 98 84 42 0a d2 48 46
61 1c 6a f3 0f 00 6a f3  17 40 61 f3 1f 60 03 e0
68 df 19 df 31 48 00 68  c2 1b 30 46 96 42 00 d2
02 46 03 98 39 46 43 46  cd f8 00 a0 cd f8 04 a0
ef f7 08 ff 83 46 03 98  59 f0 7c fd bb f1 01 0f
58 46 25 d1 0a 2d 04 d0  0b 2d 2c d0 1c 2d 62 d0
a5 e2 23 49 88 69 68 b1  d8 f8 00 20 82 42 06 d0
98 f8 06 00 00 23 1f 49  1a 46 00 90 17 e0 08 79
01 28 0e d0 4a 89 96 42  00 d2 32 46 1a 48 cd f8
00 a0 00 21 cd f8 04 a0  43 46 00 68 ef f7 da fe
a8 e4 98 f8 06 00 00 23  14 49 1a 46 00 90 00 20
e8 f7 12 ff 2c e2 00 21  02 20 59 f0 b9 fd 04 00
1e d0 a0 68 10 22 04 2e  51 46 80 f8 00 a0 80 f8
01 a0 82 70 80 f8 03 a0  14 d2 32 46 13 e0 00 00
sending write buffer, mode=0xd, mspec=0, id=0,  offset=1040384, len=4096
    Write buffer cdb: [3b 0d 00 0f e0 00 00 10 00 00]
    Write buffer parameter list (first 256 bytes):
0f 29 60 d0 81 79 61 f3  1f 65 c1 79 61 f3 17 45
01 7a 40 7a 61 f3 0f 25  60 f3 07 05 b5 f5 80 3f
01 d3 4f f6 ff 75 4f f0  ff 30 c1 f7 48 ff c8 b3
00 21 02 20 58 f0 0c fe  5f ea 00 08 54 d0 00 23
8e 48 d8 f8 08 70 5d a9  1a 46 d9 f7 7f fe 5d 98
48 b3 02 aa 41 46 71 f0  ff fc 78 b3 5d 98 00 21
d9 f7 1a fa a0 79 00 23  08 99 1a 46 00 90 18 46
e7 f7 42 ff 63 e0 81 78  11 f0 07 01 1a d0 01 29
12 d0 02 29 10 d0 03 29  0e d0 02 21 ad f8 78 11
80 78 ed f7 67 f8 5e a9  8d f8 7a 01 20 46 ed f7
4f f8 4f e0 13 e0 21 e0  20 46 ff f7 a9 fe 5f b0
bd e8 f0 83 20 46 ff f7  fd fd f8 e7 18 e0 20 46
ff f7 89 fd f3 e7 20 46  ff f7 ff fc ef e7 69 48
00 68 c1 f7 95 fc 00 23  01 46 a0 79 1a 46 00 90
18 46 e7 f7 09 ff 2d e0  68 df 24 df 68 df 25 df
3e 6c 00 20 40 2e 01 d9  06 46 38 64 60 4a 02 23
sending write buffer, mode=0xd, mspec=0, id=0,  offset=1044480, len=4096
    Write buffer cdb: [3b 0d 00 0f f0 00 00 10 00 00]
    Write buffer parameter list (first 256 bytes):
20 21 0d 20 47 f5 53 f8  15 b9 20 46 ed f7 3f fb
bd f8 10 00 b0 b3 01 20  00 90 9d b1 60 6d 18 4a
d0 f8 b8 10 11 43 c0 f8  b8 10 00 21 20 46 ec f7
32 f8 60 6b 4f f0 00 08  40 f4 80 50 60 63 ff 20
a0 71 01 26 ba f1 00 0f  67 d0 6a e0 00 79 26 80
06 00 21 85 57 55 2a 00  04 00 01 00 e0 77 26 80
b0 a2 27 80 28 a1 27 80  cc 9f 27 80 fe 91 3b fc
fd e1 44 fc 01 4e 41 53  d0 9f 27 80 cf 72 2a 00
02 00 00 80 ff e7 fe 48  5b 90 5b a8 44 f0 66 fa
25 b1 08 21 0d 20 47 f5  0a f8 02 e0 00 20 ec f7
17 ff f7 48 56 90 02 e0  01 20 2e f0 6c fa 43 f0
a8 ff 00 28 f8 d0 f3 48  00 68 01 04 0a d5 40 03
08 d4 f1 48 04 a9 70 f0  87 fc 01 20 ec f7 00 ff
45 f0 fc fe 00 21 48 46  44 f0 51 fa ea 48 04 a9
70 f0 7a fc 4d f6 b8 fe  e8 49 00 e0 f0 e0 08 60
01 20 e7 49 88 80 45 b1  20 21 0d 20 46 f5 d7 ff
sending write buffer, mode=0xd, mspec=0, id=0,  offset=1048576, len=4096
    Write buffer cdb: [3b 0d 00 10 00 00 00 10 00 00]
    Write buffer parameter list (first 256 bytes):
8d f7 54 fe 00 20 04 b0  bd e8 f0 87 01 20 fa e7
2d e9 f0 4f 8b b0 1e 46  0f 46 04 46 00 20 dd f8
50 90 47 f5 99 fc 00 06  4f f0 00 00 05 d5 47 f5
93 fc 7a 49 00 f0 7f 00  02 e0 47 f5 8d fc 78 49
01 eb 00 10 c0 7a 04 28  37 d0 00 20 82 46 6c 48
20 61 a0 8a a0 f5 7f 41  fe 39 2c d0 40 1c 4f f0
01 08 a0 82 4f f4 80 10  4f f0 00 0b a4 f8 16 b0
cd e9 00 b8 c5 6a 08 22  5b 46 59 46 20 46 a8 47
40 42 e0 82 20 46 47 f5  13 fd 40 68 01 0a 20 46
4c f6 d3 fe 4f f0 ff 30  20 61 20 21 02 a8 4d f6
12 ea 06 eb 09 01 44 46  49 1e 02 ad c6 f3 07 30
c1 f3 07 3c 0f e0 00 20  d1 e7 01 20 c6 e7 01 09
00 f0 0f 03 35 f8 11 20  04 fa 03 f3 1a 43 40 1c
25 f8 11 20 c0 b2 60 45  f1 d9 4c 48 d0 f8 00 1c
21 f0 02 01 c0 f8 00 1c  d0 f8 04 2c 28 ea 02 01
d0 f8 04 2c 61 f3 00 02  c0 f8 04 2c 01 6a 21 f0
sending write buffer, mode=0xd, mspec=0, id=0,  offset=1052672, len=4096
    Write buffer cdb: [3b 0d 00 10 10 00 00 10 00 00]
    Write buffer parameter list (first 256 bytes):
0b d0 0a 21 ad f8 08 10  20 f0 01 00 ea f7 aa f8
40 f0 88 00 8d f8 0a 00  1f e0 e2 7a 80 21 0a b1
0b 20 06 e0 a2 7c 0a b1  12 20 02 e0 e2 7c 1a b1
13 20 ad f8 08 00 33 e0  c0 07 20 d0 02 20 87 f7
69 f9 01 28 16 d0 ad f8  08 50 00 22 8d f8 0a 50
02 ab b8 79 d0 49 00 90  04 e0 b8 79 00 22 cf 49
02 ab 00 90 00 20 e4 f7  47 ff 48 46 55 f0 7a fd
00 20 c2 e6 48 46 55 f0  75 fd 01 20 bd e6 20 89
02 02 42 ea 10 20 00 04  00 0c f3 d0 01 28 0a d0
02 28 0d d0 03 28 47 d0  04 28 4b d0 ad f8 08 b0
8d f8 0a 10 d9 e7 4f f0  ff 30 bd 4a 01 46 46 e0
e0 8a 01 02 41 ea 10 20  87 b2 60 7d 01 28 2f d1
77 b3 38 1f 80 b2 20 44  d0 f8 1a 10 40 7f 09 ba
21 f0 ff 06 06 43 b3 48  cd e9 00 60 68 46 88 f7
1d f9 04 2f 15 d9 d4 f8  1a 00 00 ba 20 f0 ff 08
60 7f 48 ea 00 08 c7 f1  08 00 c0 00 28 fa 00 f8
sending write buffer, mode=0xd, mspec=0, id=0,  offset=1056768, len=4096
    Write buffer cdb: [3b 0d 00 10 20 00 00 10 00 00]
    Write buffer parameter list (first 256 bytes):
44 f0 00 44 2c b1 97 f8  23 60 46 f0 20 06 87 f8
23 60 ae 68 89 1a 83 41  b4 67 04 d2 dd 49 c8 e9
02 20 c1 e9 18 20 d8 f8  34 00 44 46 30 b1 00 8c
80 04 03 d5 a8 68 01 21  5c f0 5f fc 4a f5 06 eb
d5 4d e8 68 80 01 01 d5  6e df 15 df e8 68 80 01
01 d5 6c f0 eb ff b4 f8  48 10 d0 48 00 eb 01 30
d0 f8 4c 13 c0 f8 b4 11  99 f8 00 10 c0 f8 b0 11
e8 68 20 f0 01 00 e8 60  bd e8 f0 47 44 f5 c0 bb
c3 48 c3 4a 90 f8 68 00  b2 f8 48 20 81 07 c3 48
00 eb 02 30 0f d5 d0 f8  4c 13 d0 f8 4c 23 89 b2
8a 42 f8 d1 ba 48 20 38  80 88 88 42 01 d1 01 20
70 47 00 20 70 47 d0 f8  10 02 00 f4 00 60 70 47
b3 48 90 f8 64 00 00 f0  01 00 70 47 00 b5 ff f7
f7 ff 18 b1 b2 48 d0 e9  10 01 00 bd ac 49 d1 e9
02 01 00 bd 70 b5 0d 46  04 46 44 f5 98 fb a8 48
aa 49 b0 f8 48 00 01 eb  00 31 c1 f8 b4 51 a9 49
sending write buffer, mode=0xd, mspec=0, id=0,  offset=1060864, len=4096
    Write buffer cdb: [3b 0d 00 10 30 00 00 10 00 00]
    Write buffer parameter list (first 256 bytes):
f0 41 3f e7 7e 80 bd e8  f0 81 43 f5 08 fc a8 6e
20 f0 08 00 a8 66 00 f0  a4 fb bd e8 f0 41 43 f5
ef bb 00 00 b8 a3 27 80  00 00 02 80 00 20 00 44
00 b0 04 4c 00 f0 04 44  00 b0 04 44 9f c9 2b 00
28 a1 27 80 70 b5 43 f5  ea fb 6b f0 ef ff de f7
35 fb fb 4c fb 4d f0 b1  d5 e9 30 01 fa 4e 50 ea
01 02 34 d0 40 1c 41 f1  00 01 c6 e9 16 01 95 f8
98 00 c0 07 2e d0 d5 e9  02 01 00 f0 a3 fb d5 e9
2a 01 c6 e9 1a 01 d5 e9  2c 01 c6 e9 24 01 e0 68
40 f0 20 00 21 e0 02 20  00 f0 ea f9 e9 48 20 38
40 88 60 b1 d5 f8 90 00  ff f7 5d ff 95 f8 64 00
10 f0 80 0f 03 d0 d5 f8  94 00 ff f7 54 ff e0 68
20 f0 01 00 e0 60 bd e8  70 40 43 f5 99 bb d5 e9
04 01 c7 e7 e0 68 20 f0  20 00 e0 60 d5 e9 02 01
c6 e9 18 01 04 20 20 60  20 69 20 f0 00 40 20 61
20 69 40 f0 00 40 20 61  b5 f8 48 10 48 f2 00 02
sending write buffer, mode=0xd, mspec=0, id=0,  offset=1064960, len=4096
    Write buffer cdb: [3b 0d 00 10 40 00 00 10 00 00]
    Write buffer parameter list (first 256 bytes):
c5 e9 00 12 a8 81 94 f8  48 00 85 f8 2c 00 a0 79
dd f7 5b fb c5 e9 0c 04  a8 89 06 f5 80 71 ba 46
00 eb 80 02 01 eb c2 01  a9 63 4a 49 c5 f8 24 a0
e9 63 e1 f7 4a f8 48 49  a6 f1 2c 0b a0 6b 4f f0
02 08 08 40 08 28 6a d0  10 28 69 d0 20 28 01 d0
60 df 83 df 95 f8 2c 00  18 28 0e d0 a0 8e 80 05
0b d5 84 f8 48 80 85 f8  2c 80 94 f8 34 00 00 06
03 d4 a1 88 a0 79 e3 f7  f6 ff 94 f8 48 00 d0 b9
21 68 40 20 e3 f7 c8 ff  28 b9 21 68 40 f2 00 10
e3 f7 c2 ff 78 b1 fe f7  6f f8 40 b1 b9 f8 04 00
56 f8 20 00 40 6d b0 f8  80 00 00 04 03 d5 84 f8
48 80 85 f8 2c 80 04 27  af 62 fe f7 a0 f8 a8 b1
20 46 fe f7 29 fc 88 b1  fe f7 56 f8 60 b1 b9 f8
04 00 56 f8 20 00 40 6d  b0 f8 80 00 00 04 03 d4
28 46 ff f7 65 ff 01 e0  de f7 64 f9 28 46 e0 f7
88 ff 28 46 e0 f7 ea fc  a8 89 5e 46 2b f8 10 70
sending write buffer, mode=0xd, mspec=0, id=0,  offset=1069056, len=4096
    Write buffer cdb: [3b 0d 00 10 50 00 00 10 00 00]
    Write buffer parameter list (first 256 bytes):
03 2f 4f ea 49 09 ff f4  cb ae bd e8 fe 8f 2d e9
fe 4f df f8 9c b2 00 27  db e9 00 45 fd f7 96 fc
a2 4a 00 26 10 69 d0 f8  b8 10 c8 05 00 28 02 da
40 f2 01 50 01 e0 40 f2  01 10 91 46 82 46 4f f0
00 00 05 da 9b 4a 4f f0  01 03 cd e9 00 60 04 e0
98 4a 4f f0 00 03 cd e9  00 10 20 46 29 46 bf f7
ff fc 4f f0 ff 31 48 46  c0 e9 0c 11 c9 e9 0a 11
d9 f8 10 00 d0 f8 90 00  01 6a 89 03 0f d5 00 21
4c 46 d5 f7 26 fe 8c 48  40 69 10 f0 08 1f 06 d0
20 69 d0 f8 90 00 01 6a  21 f4 00 41 01 62 85 4d
86 4c 28 79 02 28 0f d1  a8 68 81 28 0c d0 85 28
0a d0 d9 f8 10 00 90 f8  b8 00 00 07 04 d4 50 46
61 f0 00 fc 00 28 7c d1  d9 f8 10 00 b0 f8 b8 00
c0 05 03 d5 40 f6 01 10  e2 f7 ed fc 78 48 90 f8
ec 00 18 b1 cf f7 44 fe  cf f7 2e fe dc f7 5f fa
10 b1 04 20 41 f5 5d f8  df f7 eb fe d9 f8 10 00
sending write buffer, mode=0xd, mspec=0, id=0,  offset=1073152, len=4096
    Write buffer cdb: [3b 0d 00 10 60 00 00 10 00 00]
    Write buffer parameter list (first 256 bytes):
20 46 41 f5 a7 fc 1c bd  3e b5 0a 46 04 46 69 46
10 46 46 f6 b1 fe 08 22  69 46 20 46 41 f5 9a fc
3e bd 00 22 0b 20 11 46  10 b5 41 f5 0d fe 04 46
48 f5 98 ea 60 1c 06 d0  01 22 20 46 bd e8 10 40
00 21 42 f5 6d b9 42 df  5a df 8a 48 00 78 70 47
89 48 10 b5 00 88 08 28  0c d0 46 f5 67 fa 06 28
08 d0 46 f5 63 fa 03 28  04 d0 82 48 00 78 08 b1
01 20 10 bd 00 20 10 bd  10 b5 04 46 ff f7 e8 ff
00 28 04 d0 7d 49 4a 69  52 06 fc d5 0c 60 10 bd
10 b5 04 46 ff f7 dc ff  18 b9 10 bd 64 1c ff f7
eb ff 20 78 00 28 f9 d1  10 bd 70 b5 4f f6 ff 72
40 f2 68 15 13 46 10 e0  2c 46 a1 42 00 d8 0c 46
09 1b 30 f8 02 6b 64 1e  32 44 13 44 f9 d1 94 b2
04 eb 12 42 9c b2 04 eb  13 43 00 29 ec d1 90 b2
03 eb 13 41 00 eb 12 40  40 ea 01 40 70 bd 2d e9
f0 5f 8a 46 4f f6 ff 71  00 25 df f8 84 81 01 ea
sending write buffer, mode=0xd, mspec=0, id=0,  offset=1077248, len=4096
    Write buffer cdb: [3b 0d 00 10 70 00 00 10 00 00]
    Write buffer parameter list (first 256 bytes):
d4 f8 04 e0 01 78 42 78  04 eb 81 01 09 6f 51 40
82 78 c1 f3 09 03 81 ea  02 26 a1 6a 22 6a 0e 40
0c eb 86 06 52 f8 23 10  52 f8 06 c0 ae eb 01 01
42 f8 06 e0 22 6a 00 26  42 f8 23 e0 a3 69 02 22
8b 42 31 d9 43 1a 90 f8  00 e0 1b 78 73 45 06 d0
2a e0 53 1a 86 5c c3 5c  b3 42 02 d1 52 1c ba 42
f7 d1 49 1e 02 26 ba 42  c5 e9 00 21 1c d1 d4 e9
05 12 e3 6a 60 6a 8d e8  0f 00 d4 e9 00 32 61 46
38 46 ff f7 27 ff 60 69  40 1c 60 61 20 68 40 1c
20 60 60 68 40 1c 60 60  a1 68 88 42 02 d1 20 46
ff f7 44 fe 30 46 a6 e7  a3 69 05 eb 86 00 e1 6a
02 93 05 92 cd e9 03 10  61 69 60 6a cd e9 00 01
d4 e9 00 32 61 46 38 46  ff f7 9f fe 40 1b 85 10
60 69 40 1c 60 61 20 68  40 1c 20 60 60 68 40 1c
60 60 a1 68 88 42 02 d1  20 46 ff f7 1f fe 28 46
81 e7 2d e9 f0 4f 07 69  87 b0 0e 46 04 46 04 2f
sending write buffer, mode=0xd, mspec=0, id=0,  offset=1081344, len=4096
    Write buffer cdb: [3b 0d 00 10 80 00 00 10 00 00]
    Write buffer parameter list (first 256 bytes):
01 eb 41 02 04 eb 02 12  d2 f8 a4 34 72 1e 91 42
0a d1 c1 69 29 b1 af 49  60 39 51 f8 23 10 0d 91
43 e0 ac 49 30 31 f8 e7  3f b1 c2 68 2a b1 a9 4f
d0 e9 04 12 57 f8 23 30  08 e0 c2 69 04 2a 01 d2
a4 4f 01 e0 a3 4f 30 3f  57 f8 23 30 01 eb 41 01
0d 93 04 2a 04 eb 01 13  03 f5 94 63 19 d2 03 eb
82 01 04 af 09 6a 04 91  01 21 06 e0 03 eb 81 0c
dc f8 1c c0 47 f8 21 c0  49 1c 91 42 f6 d9 05 e0
03 eb 81 02 12 6a 47 f8  21 20 49 1c 04 29 f7 d3
0b e0 12 1f 04 92 01 21  04 aa 03 eb 81 07 ff 69
42 f8 21 70 49 1c 04 29  f7 d3 0d 99 4f f0 00 0a
41 60 04 99 01 62 05 99  41 62 06 99 81 62 07 99
c1 62 e1 68 d0 f8 00 b0  a0 69 88 47 47 1e 1d 99
38 78 12 90 04 98 38 1a  10 f8 01 0c 11 90 d9 f8
a8 03 08 40 0f 90 0d 98  04 eb 40 11 0f 98 01 eb
40 00 00 f5 48 30 0e 90  17 f8 01 2c b0 f8 b0 03
sending write buffer, mode=0xd, mspec=0, id=0,  offset=1085440, len=4096
    Write buffer cdb: [3b 0d 00 10 90 00 00 10 00 00]
    Write buffer parameter list (first 256 bytes):
d0 1a d5 f8 c8 0a 48 4f  df f8 1c c1 40 1a 18 3f
04 f5 6c 31 ac f1 14 0c  3f 59 c2 17 d1 f8 d8 3a
d1 f8 dc 1a 5c f8 04 c0  db 19 41 eb 0c 01 c0 18
4a 41 cd e9 00 02 04 f5  6c 30 31 68 00 f5 2f 60
0c c8 30 46 88 47 00 28  cb d0 0a 20 bd e8 fc 81
2d e9 f0 41 00 f5 6c 35  04 46 d5 f8 a8 0a 28 b9
20 46 fe f7 fa fb 20 46  00 f0 1b ff 2f 48 01 26
28 49 00 59 40 1e c5 f8  60 0a 44 39 04 f5 48 35
08 51 95 f8 a0 03 06 fa  00 f1 29 48 22 18 22 48
17 46 20 44 00 f0 91 ff  95 f8 a0 03 3a 46 06 fa
00 f1 1c 48 20 44 bd e8  f0 41 00 f0 86 bf 40 f2
00 42 42 80 00 21 02 80  00 eb 41 03 49 1c 80 29
9a 80 f9 d3 00 21 00 eb  41 03 49 1c 80 29 a3 f8
04 21 f8 d3 00 21 00 eb  41 03 49 1c ff 29 a3 f8
04 22 f8 d9 70 47 2d e9  f0 41 00 f5 44 38 04 46
00 27 38 46 c8 f8 4c 77  04 eb 80 01 01 f5 44 31
sending write buffer, mode=0xd, mspec=0, id=0,  offset=1089536, len=4096
    Write buffer cdb: [3b 0d 00 10 a0 00 00 10 00 00]
    Write buffer parameter list (first 256 bytes):
04 46 fc f7 39 f8 0a 2c  04 d1 bd e8 10 40 0d 20
fc f7 32 b8 10 bd 2d e9  f0 43 87 b0 17 46 00 25
2a 46 dd e9 0e 69 23 b1  00 28 02 da 01 25 11 46
40 42 6c 46 00 23 3a 46  42 f6 a4 ef d2 b2 09 2a
01 d8 30 32 00 e0 37 32  04 f8 01 2b 50 ea 01 02
f0 d1 e8 46 96 b1 a4 eb  08 07 35 b1 b9 f1 20 0f
12 d0 2d 20 ff f7 cb ff  00 25 b7 42 06 d2 f6 1b
04 d0 48 46 ff f7 c3 ff  76 1e fa d1 15 b1 2d 20
ff f7 bd ff 45 46 04 e0  7f 1c ee e7 20 78 ff f7
b6 ff 64 1e ac 42 f9 d2  07 b0 bd e8 f0 83 2d e9
f8 4f 80 46 00 88 1d 46  16 46 dd f8 28 90 03 09
59 f8 23 a0 7f 23 83 ea  10 12 59 f8 22 00 b8 f8
02 20 17 09 83 ea 12 13  59 f8 27 40 08 eb 01 17
59 f8 23 20 04 eb 00 0b  00 24 10 44 00 90 b4 42
2e d2 38 1d 4b 46 03 21  22 46 ff f7 fe fd 50 44
45 f8 24 00 64 1c 08 2c  f1 d3 07 f5 82 77 10 2c
sending write buffer, mode=0xd, mspec=0, id=0,  offset=1093632, len=4096
    Write buffer cdb: [3b 0d 00 10 b0 00 00 10 00 00]
    Write buffer parameter list (first 256 bytes):
01 20 b1 e7 fe b5 15 46  0c 46 07 46 0b 20 bb f7
d9 ff 06 4e 00 28 7a d0  68 8f 61 8f 08 42 17 d1
06 48 39 46 b2 6a 27 30  7d e0 00 00 84 aa 27 80
04 0f 26 80 5a 7d 27 80  df 77 26 80 18 99 26 05
b0 fa 33 00 b9 40 3e 80  00 f4 23 80 02 08 74 0b
28 7a 21 7a 08 42 5a d1  e8 7a e1 7a 08 42 56 d1
28 7b 21 7b 08 42 52 d1  03 20 69 46 88 f7 4e fa
04 20 01 a9 88 f7 4a fa  05 20 02 a9 88 f7 46 fa
00 98 40 1c 0c d0 01 98  40 1c 09 d0 29 7a 00 98
08 42 19 d1 00 99 e8 7a  10 ea 11 2f 14 d1 0f e0
28 7a 21 7a 08 42 32 d1  e8 7a e1 7a 08 42 2e d1
28 7b 21 7b 08 42 2a d1  fb 48 39 46 b2 6a 32 e0
28 7b 10 ea 11 4f 1d d0  21 7a 01 98 08 42 08 d1
01 99 e0 7a 10 ea 11 2f  03 d1 20 7b 10 ea 11 4f
0b d0 dd e9 00 01 08 44  02 99 88 42 0f d0 ee 48
39 46 b2 6a 1d 30 16 e0  09 e0 eb 48 39 46 b2 6a
sending write buffer, mode=0xd, mspec=0, id=0,  offset=1097728, len=4096
    Write buffer cdb: [3b 0d 00 10 c0 00 00 10 00 00]
    Write buffer parameter list (first 256 bytes):
41 88 41 f0 02 01 41 80  01 20 c9 e7 2d e9 fc 5f
df f8 50 93 04 46 00 20  16 46 dd e9 0c ab 00 90
88 46 01 90 1f 46 d9 f8  20 20 25 46 02 eb 04 10
41 88 cb 07 3d d0 a3 06  3b d4 00 78 4d 46 40 06
2e d4 1d 2c 2f d0 a0 b2  53 46 01 a9 6a 46 3b f5
37 fd 15 2c 0b d0 18 2c  09 d0 0e 2c 07 d0 10 2c
05 d0 1b 2c 03 d0 01 99  a1 eb 0a 00 01 90 29 6a
01 eb 04 10 01 f5 80 61  83 68 10 33 00 93 d0 e9
01 02 08 44 01 99 20 f0  00 40 01 f0 48 fc 28 6a
00 eb 04 10 01 78 41 f0  40 01 01 70 00 99 81 60
02 2c 00 d1 00 27 29 6a  01 eb 08 10 80 68 00 90
78 e0 11 f0 06 0f 08 d0  02 eb 08 11 89 68 00 91
41 88 41 f0 02 01 41 80  6c e0 a7 48 01 78 e9 b1
00 20 22 30 a0 42 01 d1  01 f1 22 05 53 46 a8 b2
6a 46 01 a9 3b f5 ec fc  15 2d 0b d0 18 2d 09 d0
0e 2d 07 d0 10 2d 05 d0  1b 2d 03 d0 01 9a a2 eb
sending write buffer, mode=0xd, mspec=0, id=0,  offset=1101824, len=4096
    Write buffer cdb: [3b 0d 00 10 d0 00 00 10 00 00]
    Write buffer parameter list (first 256 bytes):
23 9b 0c d0 60 6a ff f7  7e fc 07 46 a0 78 48 b1
2c e0 2d e0 70 48 a2 6a  23 99 16 30 4e e5 75 48
00 68 f0 e7 70 48 00 88  08 28 10 d0 60 6a db f8
04 10 80 68 08 44 40 f0  00 40 01 90 20 78 1a 28
14 d0 6d 48 00 68 02 28  7d d1 03 e0 8c e0 69 48
00 68 ec e7 5a f0 f3 f8  00 28 2a 46 dd e9 01 10
02 d0 a2 f7 5a ff 01 e0  5b f0 49 fa 01 2f 04 d0
00 21 a2 6a 08 46 21 e5  05 e1 06 98 2e 44 db f8
0c 10 47 1b 49 1b cb f8  0c 10 db f8 00 20 2a 44
cb f8 00 20 db f8 04 20  2a 44 cb f8 04 20 18 d1
01 20 88 f8 00 00 cb f8  18 a0 e2 69 90 7b 01 06
0f d5 21 6a db f8 10 30  d1 e9 01 15 29 44 99 42
01 d1 01 21 00 e0 00 21  12 69 ff f7 8e fb 00 28
7c d0 db f8 0c 20 97 42  08 d1 db f8 00 00 61 69
88 42 03 d3 04 20 88 f8  00 00 05 e0 98 f8 00 00
04 28 01 d0 01 28 37 d1  20 6a 90 f8 a2 10 c9 07
sending write buffer, mode=0xd, mspec=0, id=0,  offset=1105920, len=4096
    Write buffer cdb: [3b 0d 00 10 e0 00 00 10 00 00]
    Write buffer parameter list (first 256 bytes):
33 fe 04 20 35 f0 a5 f8  40 f0 40 02 0d 46 00 27
06 46 04 20 2b 46 35 f0  b9 fe 30 48 58 30 36 f0
52 f8 58 46 ab f8 a4 70  cb f8 a8 70 79 1e cb f8
bc 10 d0 e9 04 21 40 30  12 19 79 41 c0 e9 12 21
01 8a 09 1b 01 65 9b f8  01 10 4a 24 8a 07 01 d5
40 f2 4a 14 48 07 08 d5  00 21 02 20 48 f0 f8 fd
48 f0 80 48 cb f8 c0 00  e0 b1 01 20 36 f0 50 ff
20 49 42 46 cd e9 00 47  a1 f1 78 00 60 f0 ad fa
40 20 4f f0 ff 31 00 df  00 20 36 f0 41 ff 04 20
32 46 2b 46 35 f0 7a fe  9d f8 09 10 9d f8 08 00
01 e0 35 e0 3a e0 35 f0  df fd bb f8 78 00 0b f1
78 05 aa f8 08 00 54 46  bb f8 7c 00 aa f8 0a 00
00 20 36 f0 00 f8 a0 6a  29 69 40 1a 60 60 00 fb
09 f0 11 e0 20 e0 00 00  00 f4 23 80 30 1a 26 80
00 02 00 30 00 01 00 30  85 11 28 00 a5 00 26 05
01 12 01 00 30 1b 26 80  4f ea c0 00 20 60 20 7d
sending write buffer, mode=0xd, mspec=0, id=0,  offset=1110016, len=4096
    Write buffer cdb: [3b 0d 00 10 f0 00 00 10 00 00]
    Write buffer parameter list (first 256 bytes):
66 48 f0 30 80 68 70 47  6a 48 00 68 00 88 70 47
69 48 00 68 00 88 70 47  60 49 08 60 70 47 10 b5
5e 4c 5f 48 f0 34 21 46  20 60 5c 48 34 f0 b5 fc
40 20 4f f0 ff 31 00 df  a0 68 80 28 02 d0 41 f2
00 00 10 bd 00 20 10 bd  54 48 f0 30 80 68 70 47
10 b5 52 4c 52 48 f0 34  20 60 20 46 34 f0 9b fb
40 20 4f f0 ff 31 00 df  20 79 01 28 02 d0 41 f2
00 00 10 bd 00 20 10 bd  48 48 f0 30 b0 f9 10 00
70 47 46 48 f0 30 b0 f9  0c 00 70 47 43 48 f0 30
b0 f9 0e 00 70 47 41 48  f0 30 b0 f9 16 00 70 47
3e 48 f0 30 80 8a 70 47  3c 48 f0 30 00 8b 70 47
3a 48 f0 30 80 8b 70 47  70 b5 00 22 0d 46 04 46
fe f7 13 fe 00 28 02 d1  34 49 0c 60 0d 71 5b e6
10 b5 32 4c 32 48 f0 34  21 46 20 60 2f 48 34 f0
27 fc 40 20 4f f0 ff 31  00 df 20 79 01 28 02 d0
41 f2 00 00 10 bd 00 20  10 bd 28 48 f0 30 80 68
sending write buffer, mode=0xd, mspec=0, id=0,  offset=1114112, len=4096
    Write buffer cdb: [3b 0d 00 11 00 00 00 10 00 00]
    Write buffer parameter list (first 256 bytes):
c7 f7 4a fa 28 46 56 e7  30 b5 8b b0 05 46 ff f7
55 fe 04 46 79 48 84 42  03 d1 42 f2 01 00 0b b0
30 bd 7b 48 84 42 0b d0  7a 48 84 42 08 d0 7a 48
84 42 05 d0 79 48 84 42  02 d0 79 48 84 42 04 d1
04 20 af f7 01 ff 33 f0  f3 ff 28 46 ff f7 29 fe
40 b1 01 22 20 46 07 a9  ff f7 05 fe 38 b1 44 f2
00 00 dc e7 00 22 20 46  07 a9 c9 f7 38 f8 0d 2d
04 d0 05 dc a5 f1 08 05  04 2d 0d d8 3c 20 0c e0
3d 3d 05 2d 08 d2 df e8  05 f0 03 03 05 05 05 00
55 20 02 e0 00 20 00 e0  ff 20 57 49 04 ac f0 39
89 68 0e c9 02 90 84 e8  0e 00 dd e9 08 01 cd e9
00 01 94 e8 0f 00 01 f0  23 ff 00 21 04 46 04 a8
c7 f7 ea f9 00 21 07 a8  c7 f7 e6 f9 20 46 a6 e7
00 b5 95 b0 01 68 0c 91  00 79 8d f8 34 00 68 46
32 f0 48 ff bd f8 48 00  15 b0 00 bd 00 b5 95 b0
01 68 0c 91 00 79 8d f8  34 00 68 46 32 f0 3a ff
sending write buffer, mode=0xd, mspec=0, id=0,  offset=1118208, len=4096
    Write buffer cdb: [3b 0d 00 11 10 00 00 10 00 00]
    Write buffer parameter list (first 256 bytes):
ff e7 8f 49 c4 e7 90 48  00 69 d8 e4 8e 49 d1 e9
08 01 d4 e4 8c 48 b0 f8  5c 00 d0 e4 8a 48 b0 f8
62 00 cc e4 40 f3 00 00  40 1c c8 e4 c0 f3 40 00
c5 e4 85 48 b0 f8 c8 00  c1 e4 70 b5 82 4c 06 46
0d 46 f0 3c d4 f8 a8 00  00 28 0e d0 c7 f7 dc fd
03 46 40 f2 60 32 29 46  30 46 5e f0 21 fd d4 f8
a8 00 bd e8 70 40 45 f0  7d bd b7 e4 76 48 80 68
a5 e4 10 b5 74 4c 78 49  21 60 40 b1 01 28 09 d0
02 28 15 d0 03 28 16 d0  42 f2 00 00 10 bd 6e 48
00 21 01 e0 6c 48 01 21  32 f0 0f fa 40 20 4f f0
ff 31 00 df 20 79 01 28  08 d0 41 f2 00 00 10 bd
65 48 02 21 f0 e7 64 48  03 21 ed e7 00 20 10 bd
10 b5 04 46 32 f0 39 f9  80 00 a0 42 0d d9 5e 49
00 20 24 1c 40 f5 00 40  f0 39 c1 e9 02 40 01 20
08 61 80 1e c8 63 00 20  10 bd 05 20 10 bd 56 4b
d8 3b 83 e8 07 00 62 e4  53 48 80 68 5f e4 2d e9
sending write buffer, mode=0xd, mspec=0, id=0,  offset=1122304, len=4096
    Write buffer cdb: [3b 0d 00 11 20 00 00 10 00 00]
    Write buffer parameter list (first 256 bytes):
10 21 05 46 30 46 5d f0  8d fc 08 22 33 46 00 21
28 46 5d f0 45 fd 00 22  13 46 10 46 d0 f7 d3 f8
18 b1 d0 f7 19 f8 21 46  01 e0 ff 48 21 46 b4 f7
50 ff 23 46 28 46 bd e8  70 40 10 22 08 21 5d f0
2f bd 10 b5 86 b0 04 46  08 22 00 21 04 ab 5d f0
f7 fc 10 21 04 a8 5d f0  65 fc 08 22 20 46 00 21
04 ab 5d f0 1d fd f1 48  69 46 08 f0 5b fc 10 22
6b 46 08 21 20 46 5d f0  13 fd 00 20 06 b0 10 bd
10 b5 86 b0 04 46 08 22  00 21 04 ab 5d f0 d8 fc
10 21 04 a8 5d f0 46 fc  08 22 20 46 00 21 04 ab
5d f0 fe fc e2 48 69 46  08 f0 3c fc 10 22 6b 46
08 21 20 46 5d f0 f4 fc  00 20 df e7 b0 f5 f5 7f
07 d2 dc 4a 02 eb 80 00  a0 f5 80 50 d0 f8 00 2c
0a e0 a0 f5 40 72 06 2a  08 d2 d7 4a 02 eb 80 00
a0 f5 80 50 d0 f8 00 24  08 46 10 47 08 46 c7 e7
06 28 05 d2 d0 4a 30 32  52 f8 20 20 08 46 10 47
sending write buffer, mode=0xd, mspec=0, id=0,  offset=1126400, len=4096
    Write buffer cdb: [3b 0d 00 11 30 00 00 10 00 00]
    Write buffer parameter list (first 256 bytes):
14 46 02 46 91 e8 29 00  8d e8 29 00 89 68 68 46
18 31 02 91 03 a9 90 47  bd f8 0c 10 10 31 61 60
04 b0 70 bd f0 b5 89 b0  06 46 01 24 69 46 08 23
06 aa ff f7 af f8 bd f8  1a 00 10 27 01 28 07 d0
02 28 05 d0 52 48 02 a9  07 f0 6c fc 01 97 2b e1
9d f8 1c 10 42 f2 00 05  2e 29 6e d2 df e8 01 f0
17 1b 21 25 31 35 6d 39  3d 41 45 49 53 57 5d 61
65 69 6e 72 6d 76 7a 7e  82 8e 8e 8e 8e 8e 8e 86
8a 8e 92 d8 e0 e6 f2 f8  29 2d fc ee ed ec 42 48
6a 46 31 46 02 e0 41 48  6a 46 31 46 ff f7 7b ff
eb e0 3f 48 6a 46 31 46  f8 e7 3e 48 6a 46 31 46
f4 e7 3d 48 6a 46 31 46  f0 e7 3c 48 6a 46 31 46
ec e7 3b 48 6a 46 31 46  18 e0 3a 48 6a 46 31 46
14 e0 39 48 6a 46 31 46  10 e0 38 48 6a 46 31 46
0c e0 37 48 6a 46 31 46  08 e0 36 48 6a 46 31 46
04 e0 01 28 6a 46 31 46  03 d0 33 48 ff f7 7f ff
sending write buffer, mode=0xd, mspec=0, id=0,  offset=1130496, len=4096
    Write buffer cdb: [3b 0d 00 11 40 00 00 10 00 00]
    Write buffer parameter list (first 256 bytes):
06 f0 68 fc 00 04 00 0c  00 d0 00 24 3b 20 06 f0
61 fc 80 28 01 46 07 d0  40 f6 03 10 d3 f7 1d f8
69 46 06 f0 7f fc 04 e0  28 46 69 46 06 f0 7a fc
01 24 6a 46 07 a9 30 46  06 f0 e1 fc 0a b0 20 46
70 bd ff e7 c2 48 69 46  d5 e7 30 b5 89 b0 05 46
00 24 08 23 04 aa 06 a9  fe f7 9c f8 10 20 07 90
bd f8 12 00 01 28 0a d0  b9 48 69 46 06 f0 5a fc
06 a9 6a 46 28 46 06 f0  c2 fc 20 46 07 e5 9d f8
14 00 c0 07 01 d0 6a f7  6a ff 9d f8 14 00 41 07
04 d5 b3 49 0a 88 42 f0  10 02 0a 80 00 07 04 d5
a8 f7 65 fa af 49 01 20  08 70 9d f8 14 00 c0 06
03 d5 01 21 00 20 e0 f7  62 f8 00 20 69 46 06 f0
31 fc 01 24 d4 e7 30 b5  89 b0 05 46 00 24 08 23
06 aa 04 a9 fe f7 5e f8  10 20 05 90 bd f8 1a 00
01 28 0a d0 9a 48 69 46  06 f0 1c fc 04 a9 6a 46
28 46 06 f0 84 fc 20 46  c9 e4 9d f8 1c 00 00 f0
sending write buffer, mode=0xd, mspec=0, id=0,  offset=1134592, len=4096
    Write buffer cdb: [3b 0d 00 11 50 00 00 10 00 00]
    Write buffer parameter list (first 256 bytes):
31 46 40 f2 13 10 05 f0  65 fc 86 b2 ba 20 05 f0
61 fc 01 46 5e b1 00 20  d2 f7 1f f8 69 46 05 f0
81 fc fc f7 bd fa 00 24  cd e9 04 01 09 e0 10 98
69 46 28 44 10 90 00 20  05 f0 74 fc 00 20 04 90
05 90 04 22 18 21 48 46  04 ab 5a f0 29 fd 04 22
48 46 1c 21 05 ab 5a f0  23 fd 0f a9 6a 46 48 46
05 f0 cd fc 11 b0 20 46  eb e5 f0 b5 93 b0 06 46
01 24 18 23 08 aa 0e a9  fd f7 8c f8 40 f2 f8 10
0f 90 bd f8 22 00 01 28  02 d0 2f 48 01 a9 9f e0
0a 98 bd f8 2c 30 9d f8  2e 20 09 99 00 90 51 20
05 f0 18 fc 10 f0 ff 00  04 d0 27 49 0d 39 08 43
01 a9 8d e0 9d f8 2f 10  53 20 05 f0 0b fc 96 e8
07 00 10 ab d5 08 83 e8  07 00 02 f5 00 70 c7 08
10 a8 56 f0 61 fb 05 eb  d0 02 3b 46 52 20 29 46
52 1e 05 f0 f7 fb 54 20  05 f0 f4 fb 85 b2 40 f2
1d 10 05 f0 ef fb 55 20  05 f0 ec fb 07 46 00 20
sending write buffer, mode=0xd, mspec=0, id=0,  offset=1138688, len=4096
    Write buffer cdb: [3b 0d 00 11 60 00 00 10 00 00]
    Write buffer parameter list (first 256 bytes):
07 00 04 ab 83 e8 07 00  02 f1 18 00 06 90 9d f8
34 00 04 a9 00 06 01 d5  00 20 00 e0 07 a8 04 f0
5c fb 04 f0 5f fb 07 46  04 f0 71 fb 01 46 47 b1
40 f6 01 10 d1 f7 11 f8  69 46 04 f0 73 fc 0b 96
06 e0 00 20 69 46 04 f0  6d fc 96 20 0b 90 01 25
6a 46 0a a9 20 46 04 f0  d2 fc 13 b0 28 46 f0 bd
30 b5 95 b0 05 46 01 24  18 23 0d aa 13 a9 fc f7
91 f8 bd f8 36 10 10 20  14 90 01 29 16 d0 02 29
16 d0 94 48 69 46 08 30  04 f0 4c fc 00 24 28 46
08 22 00 21 13 ab 59 f0  03 fd 24 22 6b 46 08 21
28 46 59 f0 fd fc 15 b0  20 46 30 bd 1e 20 00 e0
24 20 69 46 14 90 00 20  04 f0 34 fc 9d f8 38 00
c0 07 32 d0 9d f8 3a 00  bd f8 44 10 00 f0 1f 00
8d f8 24 00 9d f8 3b 00  8d f8 25 00 bd f8 3c 00
ad f8 26 00 bd f8 3e 00  ad f8 28 00 bd f8 40 00
ad f8 2a 00 bd f8 42 00  ad f8 2c 00 9d f8 39 00
sending write buffer, mode=0xd, mspec=0, id=0,  offset=1142784, len=4096
    Write buffer cdb: [3b 0d 00 11 70 00 00 10 00 00]
    Write buffer parameter list (first 256 bytes):
04 a9 fb f7 c7 f8 10 20  05 90 bd f8 1a 00 01 28
0a d0 d0 48 69 46 03 f0  85 fc 04 a9 6a 46 28 46
03 f0 ed fc 20 46 34 e4  9d f8 1c 00 02 f0 58 fd
00 20 69 46 03 f0 76 fc  01 24 ee e7 30 b5 89 b0
05 46 01 24 0a 23 04 aa  07 a9 fb f7 a3 f8 10 20
08 90 bd f8 12 00 01 28  02 d0 be 48 69 46 0e e0
bd f8 18 00 bd f8 14 10  00 f0 01 02 40 f2 06 10
03 f0 30 fc 00 04 69 46  00 0c 04 d0 b6 48 03 f0
51 fc 00 24 02 e0 00 20  03 f0 4c fc 07 a9 6a 46
28 46 03 f0 b4 fc 20 46  1d e4 30 b5 89 b0 05 46
01 24 08 23 04 aa 06 a9  fb f7 74 f8 10 20 07 90
bd f8 12 00 01 28 02 d0  a6 48 69 46 08 e0 9d f8
15 20 85 20 9d f8 14 10  03 f0 04 fc 00 20 69 46
03 f0 28 fc 06 a9 6a 46  28 46 03 f0 90 fc 20 46
1f e4 30 b5 89 b0 05 46  01 24 08 23 06 aa 04 a9
fb f7 50 f8 10 20 05 90  bd f8 1a 00 01 28 02 d0
sending write buffer, mode=0xd, mspec=0, id=0,  offset=1146880, len=4096
    Write buffer cdb: [3b 0d 00 11 80 00 00 10 00 00]
    Write buffer parameter list (first 256 bytes):
d5 08 83 e8 07 00 02 f5  00 70 4f ea d0 09 0f a8
53 f0 c2 fb 05 eb d0 07  94 e8 07 00 12 ab 7f 1e
83 e8 07 00 02 f1 18 00  14 90 90 20 12 a9 02 f0
51 fc 8e 20 4b 46 3a 46  29 46 02 f0 4b fc 91 20
02 f0 48 fc 85 b2 00 20  ad f8 18 00 81 46 ad f8
1a 00 cd e9 04 00 92 20  02 f0 3c fc 07 46 9d f8
30 00 00 07 11 d5 40 f2  00 2a 21 46 99 20 52 46
02 f0 30 fc 40 f2 b0 10  ad f8 1c 00 98 20 ad f8
20 a0 02 f0 27 fc ad f8  1e 00 3d b1 b5 f5 e0 4f
1a d0 78 00 1e d5 40 f6  03 10 1c e0 00 20 69 46
02 f0 40 fc 9d f8 30 00  00 07 09 d5 40 f2 58 50
0e 90 06 e0 0d 02 26 05  04 f4 23 80 00 00 44 84
0e 96 4f f0 01 08 23 e0  fe 48 69 46 02 f0 2a fc
0e 96 1d e0 00 20 39 46  ce f7 bf ff 69 46 02 f0
21 fc 94 20 02 f0 f6 fb  cd e9 04 09 96 20 02 f0
f1 fb ad f8 18 00 97 20  02 f0 ec fb ad f8 1a 00
sending write buffer, mode=0xd, mspec=0, id=0,  offset=1150976, len=4096
    Write buffer cdb: [3b 0d 00 11 90 00 00 10 00 00]
    Write buffer parameter list (first 256 bytes):
41 f6 a4 10 9d f8 1c 10  41 51 28 46 13 f0 24 fe
01 28 05 d0 69 46 38 46  01 f0 84 fc 00 24 03 e0
00 20 69 46 01 f0 7e fc  04 a9 6a 46 30 46 01 f0
e6 fc 20 46 97 e7 50 df  00 df 30 b5 89 b0 04 46
00 25 06 23 06 aa 04 a9  f9 f7 a4 f8 10 20 05 90
bd f8 1a 00 9d f8 1c 10  01 28 02 d0 8f 48 69 46
06 e0 8f 48 39 b1 01 29  0c d0 8c 48 69 46 00 1d
01 f0 58 fc 13 e0 d0 f8  f0 10 d1 f8 a8 00 20 f0
80 70 05 e0 d0 f8 f0 10  d1 f8 a8 00 40 f0 80 70
c1 f8 a8 00 00 20 69 46  01 f0 44 fc 01 25 6a 46
04 a9 20 46 01 f0 ab fc  28 46 09 b0 30 bd 10 b5
86 b0 7c 48 01 24 08 21  00 90 00 20 76 f7 77 f8
00 21 68 46 2a f0 14 fa  d1 f7 9c ff 76 48 01 68
41 f4 00 51 01 60 75 48  00 21 01 60 41 60 08 46
11 f0 5d fc 20 46 a4 e5  70 b5 18 7a 15 46 0c 46
59 7a 4b f0 d4 fb 10 20  29 46 60 60 00 20 01 f0
sending write buffer, mode=0xd, mspec=0, id=0,  offset=1155072, len=4096
    Write buffer cdb: [3b 0d 00 11 a0 00 00 10 00 00]
    Write buffer parameter list (first 256 bytes):
dc e7 42 f2 00 00 d9 e7  41 f2 00 00 d6 e7 44 f2
00 00 d3 e7 10 b5 86 b0  14 46 00 22 cd e9 02 23
01 92 02 23 04 92 0a 46  dd 49 00 94 a6 f7 30 fb
10 28 07 d0 60 28 05 d0  70 28 06 d0 80 28 07 d0
00 20 bb e7 42 f2 00 00  b8 e7 41 f2 00 00 b5 e7
44 f2 00 00 b2 e7 10 b5  86 b0 14 46 00 22 cd e9
02 23 01 92 03 23 04 92  0a 46 cd 49 00 94 a6 f7
0f fb 10 28 07 d0 60 28  05 d0 70 28 06 d0 80 28
07 d0 00 20 9a e7 42 f2  00 00 97 e7 41 f2 00 00
94 e7 44 f2 00 00 91 e7  10 b5 86 b0 14 46 00 22
cd e9 02 23 01 92 04 23  04 92 0a 46 bc 49 00 94
a6 f7 ee fa 10 28 07 d0  60 28 05 d0 70 28 06 d0
80 28 07 d0 00 20 79 e7  42 f2 00 00 76 e7 41 f2
00 00 73 e7 44 f2 00 00  70 e7 fe b5 05 46 b1 48
01 2a 14 46 0e 46 00 68  02 90 ae 48 00 68 20 f0
07 00 04 d0 02 2c 10 d0  04 2c 01 d1 0f e0 02 90
sending write buffer, mode=0xd, mspec=0, id=0,  offset=1159168, len=4096
    Write buffer cdb: [3b 0d 00 11 b0 00 00 10 00 00]
    Write buffer parameter list (first 256 bytes):
ff f7 2b ff a0 6a 01 22  69 46 ff f7 c3 ff 01 28
f4 d0 38 bd 31 b5 4a 4c  b8 3c a0 6a 40 79 08 b1
ff f7 e8 ff a0 6a 01 22  69 46 ff f7 6f ff 38 bd
43 48 b8 38 41 68 41 f4  00 51 41 60 70 47 70 b5
3f 4c b8 3c 65 6a 6c f7  1d fc 40 48 60 62 6c f7
0f fc 60 68 80 04 fc d5  6c f7 14 fc 60 68 20 f4
00 50 60 60 65 62 bd e8  70 40 6c f7 01 bc 70 b5
33 4c 0d 46 b8 3c 60 68  80 02 05 d5 ff f7 df ff
60 68 20 f4 00 10 60 60  60 68 00 04 0c d5 20 69
40 68 c2 68 d3 8a 90 8a  83 42 05 d0 02 f1 18 00
1d 54 d0 8a 40 1c d0 82  28 46 bd e8 70 40 b1 e7
0f b4 10 b5 00 24 ea f7  cb ff 20 b1 02 98 03 a9
04 f0 92 f9 04 46 20 46  10 bc 5d f8 14 fb 20 48
ee e7 0f b4 70 b5 05 ac  ff f7 f9 ff 05 46 04 98
21 46 04 f0 81 f9 44 19  ff f7 f1 ff 20 44 70 bc
5d f8 14 fb 70 b5 0d 46  04 46 01 20 ab f7 62 ff
sending write buffer, mode=0xd, mspec=0, id=0,  offset=1163264, len=4096
    Write buffer cdb: [3b 0d 00 11 c0 00 00 10 00 00]
    Write buffer parameter list (first 256 bytes):
28 46 bd e8 70 40 dc e7  70 b5 0d 46 14 46 ff f7
9f ff 23 0c 29 46 e2 b2  bd e8 70 40 da a0 ff f7
47 b8 0a 23 91 fb f3 f2  00 29 30 b4 12 b2 00 da
49 42 91 fb f3 f4 03 fb  14 11 30 bc 8b b2 01 46
d8 48 ff f7 35 b8 d8 49  6f f0 7c 03 10 b5 b0 fb
f1 f2 d6 49 51 43 00 eb  01 20 d5 49 b0 fb f1 f4
d4 49 61 43 00 eb 81 10  40 f2 e8 31 b0 fb f1 f1
4b 43 00 eb c3 00 5a b1  ca 48 11 46 21 30 ff f7
17 f8 c8 48 21 46 bd e8  10 40 2a 30 ff f7 10 b8
24 b1 c4 48 0a 46 21 46  35 30 02 e0 02 46 c1 48
43 30 bd e8 10 40 ff f7  03 b8 10 b5 04 46 bd 48
13 30 fe f7 fd ff 20 46  bd e8 10 40 c3 e7 01 46
bd a0 ff f7 49 bb 01 46  bf a0 ff f7 45 bb 70 b5
c1 4e 04 46 c5 68 65 b1  70 68 c0 04 09 d4 a5 f5
40 51 12 39 02 d1 bd a0  ff f7 36 fb 28 46 ff f7
ea ff 20 89 26 28 09 d1  20 7c 00 28 70 68 02 d0
sending write buffer, mode=0xd, mspec=0, id=0,  offset=1167360, len=4096
    Write buffer cdb: [3b 0d 00 11 d0 00 00 10 00 00]
    Write buffer parameter list (first 256 bytes):
ab f7 23 f8 b4 a0 fe f7  a7 fb b6 48 fe f7 a4 fb
20 78 0a 21 ff f7 d7 ff  a1 8d a0 6a 89 b2 cd e9
08 01 a1 8b a0 69 89 b2  cd e9 06 01 d4 e9 0e 01
cd e9 04 01 62 78 21 7d  20 69 8d e8 07 00 21 1d
a9 a0 0e c9 fe f7 34 f8  a1 48 52 38 fe f7 30 f8
b4 a0 fe f7 81 fb 02 ab  b4 f8 44 20 b4 f8 42 10
b4 f8 40 00 83 e8 07 00  a1 8e 20 6b 89 b2 cd e9
00 01 a0 8c 22 6a 83 b2  b5 a0 fe f7 6d fb 0a b0
17 e7 10 b5 c1 68 07 22  4a 80 04 22 4a 60 0f 22
0a 81 02 22 4a 81 fe f7  df f9 01 20 09 e7 30 b5
41 89 87 b0 06 29 04 d0  ff f7 32 f8 05 46 28 46
87 e7 04 46 ff f7 0b f8  05 00 f8 d1 0d f1 08 0c
94 f8 14 21 b4 f8 12 11  04 f2 15 13 04 f1 aa 00
8c e8 0f 00 04 f1 82 01  48 38 d3 3b cd e9 00 01
a8 48 2c 31 04 f1 10 02  fd f7 f3 ff df e7 88 42
01 d9 40 1a 00 e0 00 20  40 f2 e8 31 b0 fb f1 f2
sending write buffer, mode=0xd, mspec=0, id=0,  offset=1171456, len=4096
    Write buffer cdb: [3b 0d 00 11 e0 00 00 10 00 00]
    Write buffer parameter list (first 256 bytes):
e0 6a fe f7 30 ff fd f7  86 fa 60 68 80 05 04 d5
e0 6a fe f7 12 ff fc f7  04 ff fd f7 ac f9 e0 6a
fe f7 01 ff fd f7 18 fb  e0 6a fe f7 11 ff fd f7
76 fb 01 20 1c e4 10 b5  eb f7 e3 fd e5 a0 fd f7
48 f8 df 4c 60 68 00 06  04 d5 e0 6a fe f7 0b ff
fd f7 61 fa 60 68 80 05  04 d5 e0 6a fe f7 ed fe
fc f7 df fe fd f7 87 f9  e0 6a fe f7 dc fe 01 20
3f e4 10 b5 c1 68 07 22  4a 80 04 22 4a 60 92 22
0a 81 01 22 4a 81 fd f7  e7 f9 01 20 31 e4 2d e9
f8 43 c4 68 80 46 07 20  0f 46 00 21 04 f1 1c 02
60 80 20 20 60 60 17 20  20 81 01 20 60 81 21 61
20 75 cd 48 fe f7 b4 fe  01 21 06 46 ca 48 6a 46
fe f7 ae fe 03 21 05 46  c7 48 04 f1 18 02 fe f7
a7 fe 01 2e 08 d0 02 2e  06 d0 01 2d 04 d0 01 28
02 d0 08 2d 03 d0 08 e0  00 20 bd e8 f8 83 a1 8b
bd f8 00 20 02 eb 01 41  e1 61 02 28 00 d1 a7 61
sending write buffer, mode=0xd, mspec=0, id=0,  offset=1175552, len=4096
    Write buffer cdb: [3b 0d 00 11 f0 00 00 10 00 00]
    Write buffer parameter list (first 256 bytes):
81 42 0e d8 0f e0 a0 7c  78 b1 b5 f8 f0 00 90 42
01 d1 e1 60 a4 e7 b5 f8  5e 10 08 1a e1 68 40 1e
ee e7 e0 60 9c e7 49 1e  f3 e7 e0 68 40 1e f8 e7
70 b5 c4 68 06 46 07 20  86 b0 00 21 60 80 18 20
60 60 30 20 20 81 02 20  60 81 04 f1 10 02 b9 48
fd f7 e6 fe 01 28 37 d0  b6 48 01 21 05 aa fd f7
df fe 01 28 30 d0 00 25  08 28 0b d1 a1 8a 20 69
09 04 02 04 41 ea 10 41  bd f8 14 00 10 18 69 41
c4 e9 04 01 ab 48 02 21  05 aa fd f7 c9 fe 02 28
01 d0 01 20 00 e0 00 20  20 73 a6 48 03 21 03 aa
fd f7 be fe 01 28 0f d0  03 98 68 b1 8d f8 12 50
69 46 8d f8 11 50 8d f8  10 50 8d f8 00 50 af f2
7b 10 fc f7 cd fd 0c e0  00 20 06 b0 70 bd 30 46
fc f7 c2 f9 d4 e9 04 01  40 1c 41 f1 00 01 c4 e9
04 01 03 98 00 28 f2 d1  93 48 45 61 01 20 ec e7
70 b5 c4 68 06 46 07 20  86 b0 00 21 60 80 18 20
sending write buffer, mode=0xd, mspec=0, id=0,  offset=1179648, len=4096
    Write buffer cdb: [3b 0d 00 12 00 00 00 10 00 00]
    Write buffer parameter list (first 256 bytes):
ff f7 87 fc 20 b1 d4 49  89 69 81 f8 00 90 0a e0
00 20 02 aa 02 eb 80 01  06 eb 40 03 40 1c 09 8a
04 28 19 85 f6 d3 08 f1  01 00 c0 b2 ca 4a 80 46
90 69 00 eb 4a 11 91 f8  6c 30 43 45 a9 d8 7f 1c
ff b2 c5 49 88 69 40 78  b8 42 85 d8 97 e0 01 20
28 70 28 71 4f f0 00 09  48 78 68 80 40 f6 00 00
a5 f8 06 90 a5 f8 08 90  a5 f8 0a 90 4c f0 62 f9
a8 81 4f f0 ff 30 00 27  c5 e9 04 00 c5 e9 06 00
c5 e9 08 00 c5 e9 0a 00  74 e0 07 eb 87 00 05 eb
80 04 ae 48 02 68 02 eb  87 02 d2 f8 c0 20 44 f8
30 2f 00 68 00 eb 87 00  d0 f8 e8 00 c4 e9 01 09
60 68 80 1a e0 60 40 f2  48 60 00 eb 47 00 20 61
00 20 4c e0 23 69 03 eb  08 01 01 eb 41 01 00 eb
01 16 4f f0 ff 30 06 f5  9d 66 c6 e9 00 00 20 68
b0 60 60 68 f0 60 d4 e9  00 10 40 1a 41 46 40 1c
30 61 38 46 ff f7 a5 fb  95 49 00 eb 40 02 95 4b
sending write buffer, mode=0xd, mspec=0, id=0,  offset=1183744, len=4096
    Write buffer cdb: [3b 0d 00 12 10 00 00 10 00 00]
    Write buffer parameter list (first 256 bytes):
08 7b 8a 68 01 eb 80 00  43 6c 9a 42 02 d3 40 6f
82 42 04 d9 08 7b 01 eb  80 00 40 6c 88 60 00 20
c8 81 10 bd 30 b5 03 46  4f f6 ff 70 95 b0 10 80
14 46 43 f2 18 05 6a 46  18 46 fe f7 6a fc 20 b9
bd f8 48 00 40 1e 20 80  00 25 15 b0 28 46 30 bd
30 b5 1d 46 4f f6 ff 73  87 b0 43 f2 1e 04 2b 80
04 ab 00 93 02 ab ff f7  e2 fb 68 b9 dd e9 02 10
c9 43 71 ea 00 01 07 d0  dd e9 04 10 08 43 03 d0
49 1e 4f f0 00 04 29 80  20 46 93 e4 57 48 08 b5
48 30 01 46 02 78 88 68  09 7b 01 2a 07 d0 04 2a
0a d0 6a 46 ff f7 be ff  bd f8 00 00 08 bd 0a 46
6b 46 01 46 00 20 03 e0  0a 46 6b 46 01 46 01 20
ff f7 c6 ff f0 e7 70 b5  48 4c 48 34 22 78 0a b3
03 2a 1f d0 23 46 01 2a  18 7b 93 f8 40 60 93 f8
41 50 99 68 03 eb 80 03  22 d0 04 2a 20 d0 06 2a
1e d0 b0 42 0c d3 a8 42  0a d8 58 6c 81 42 07 d3
sending write buffer, mode=0xd, mspec=0, id=0,  offset=1187840, len=4096
    Write buffer cdb: [3b 0d 00 12 20 00 00 10 00 00]
    Write buffer parameter list (first 256 bytes):
69 46 38 46 2b f6 f6 e9  07 f1 0c 00 f8 65 b8 65
24 f5 05 fc 37 61 87 f8  00 90 24 f5 f1 fb dd b1
0f e0 03 e0 20 68 06 f0  5a f9 c7 e7 60 68 c5 e7
04 25 24 f5 f4 fb c6 f8  10 d0 8d f8 00 90 24 f5
df fb 31 69 c1 f8 60 b0  30 69 9a 4f 81 68 21 29
07 d0 31 b1 ad b1 38 e0  30 69 ff f7 7f ff 05 46
f2 e7 00 6e 08 b1 81 68  00 e0 10 21 92 48 18 38
06 f0 be f8 18 b1 31 69  c8 65 d5 b1 25 e0 50 df
12 df 01 6e 02 6a 89 68  91 42 01 d9 13 25 1c e0
80 6d c0 68 45 68 88 48  08 35 2e 38 29 46 06 f0
a7 f8 31 69 88 65 78 b1  89 69 2a 46 c0 68 47 f0
27 f9 30 69 81 6d d1 f8  0c 80 a1 68 c1 b1 b8 f8
00 10 01 29 10 d0 13 e0  07 25 30 69 07 21 c0 6d
c0 68 01 80 41 80 08 21  41 60 a0 f8 08 90 a0 f8
0a 90 c5 60 35 b1 14 e0  97 f8 02 a0 87 f8 02 90
ff f7 c0 fe a0 68 60 b1  b8 f8 00 00 01 28 08 d1
sending write buffer, mode=0xd, mspec=0, id=0,  offset=1191936, len=4096
    Write buffer cdb: [3b 0d 00 12 30 00 00 10 00 00]
    Write buffer parameter list (first 256 bytes):
02 e0 00 21 01 81 f0 07  48 b9 ef e7 b8 f1 02 0f
13 d0 b8 f1 04 0f 08 d0  94 f8 42 00 38 70 dd e9
00 10 fe f7 8d f9 28 46  0b e7 b4 f8 48 10 b4 f8
46 00 00 eb 01 40 38 60  f1 e7 b4 f8 42 00 38 80
ed e7 10 b5 0c 46 cf 49  09 89 88 42 02 d3 46 f2
03 00 15 e5 21 46 fe f7  a0 fb 00 28 f9 d1 21 68
a1 f5 7f 42 ff 3a f4 d1  46 f2 04 00 08 e5 f8 b5
1d 46 14 46 0e 46 69 46  ff f7 e3 ff 00 28 05 d1
00 98 2a 46 31 46 20 44  ff f7 91 ff f8 bd 1c b5
01 a8 69 46 fe f7 9f f9  04 00 0c d1 01 98 9f 21
c0 68 01 80 dd e9 00 10  fe f7 85 f9 04 46 dd e9
00 10 fe f7 45 f9 29 f5  f6 e9 20 46 1c bd 1c b5
04 46 68 46 ad f7 1e f8  20 80 af 48 41 88 61 80
80 88 a0 80 00 20 48 f0  f1 ff e0 80 01 20 48 f0
ed ff 20 81 02 20 48 f0  e9 ff 60 81 03 20 48 f0
e5 ff a0 81 1c bd 70 b5  04 46 29 f6 b5 fe 05 46
sending write buffer, mode=0xd, mspec=0, id=0,  offset=1196032, len=4096
    Write buffer cdb: [3b 0d 00 12 40 00 00 10 00 00]
    Write buffer parameter list (first 256 bytes):
ab 49 01 60 01 46 00 20  20 f0 17 ff ab 48 fd f7
1c f9 02 28 01 d0 00 20  10 bd 45 f2 0e 00 10 bd
10 b5 04 46 fd f7 35 f9  00 28 13 d1 fd f7 20 f9
fd f7 fd f8 9e 49 01 60  01 46 14 b1 4f f0 80 50
00 e0 00 20 20 f0 08 ff  9c 48 fd f7 fe f8 02 28
01 d0 00 20 10 bd 45 f2  0e 00 10 bd 10 b5 fd f7
18 f9 00 28 10 d1 fd f7  03 f9 fd f7 e0 f8 90 49
01 60 01 46 4f f0 80 50  20 f0 fd fe 8f 48 fd f7
e4 f8 02 28 01 d0 00 20  10 bd 45 f2 0e 00 10 bd
10 b5 fd f7 fe f8 00 28  0f d1 fd f7 e9 f8 fd f7
c6 f8 83 49 01 60 01 46  00 20 20 f0 e4 fe 83 48
fd f7 cb f8 02 28 01 d0  00 20 10 bd 45 f2 0e 00
10 bd 00 21 80 f8 f8 11  01 70 80 f8 32 10 80 f8
64 10 80 f8 96 10 80 f8  c8 10 80 f8 fa 10 80 f8
2c 11 80 f8 5e 11 80 f8  90 11 80 f8 c2 11 70 47
2d e9 f0 47 0e 46 05 46  fd f7 cb f8 04 00 57 d1
sending write buffer, mode=0xd, mspec=0, id=0,  offset=1200128, len=4096
    Write buffer cdb: [3b 0d 00 12 50 00 00 10 00 00]
    Write buffer parameter list (first 256 bytes):
a8 42 f1 d3 a5 84 04 f2  1a 20 a0 62 20 30 e0 62
04 f1 24 00 20 64 49 07  a0 8f 40 f0 04 00 a0 87
4a d5 40 f0 08 00 46 e0  c8 07 24 d0 00 20 0d e0
04 eb 80 03 56 f8 20 20  c3 f8 5c 22 04 eb 40 03
37 f8 10 20 40 1c 80 b2  a3 f8 60 22 a8 42 ef d3
a4 f8 30 90 04 f5 17 70  60 63 00 1d a0 63 04 f1
30 00 60 64 49 07 a0 8f  40 f0 10 00 a0 87 23 d5
40 f0 20 00 1f e0 08 07  26 d5 da f8 18 00 c2 68
00 20 09 e0 56 f8 20 30  42 f8 20 30 56 f8 20 30
7f 2b 25 d8 40 1c 80 b2  a8 42 f3 d3 25 86 04 f1
30 00 62 63 c9 06 60 64  a0 8f 40 f0 40 00 a0 87
02 d5 40 f0 80 00 a0 87  04 f1 3c 00 1f f0 15 f8
00 20 4f f6 ff 71 0f e0  a0 8f 40 f0 02 00 f2 e7
04 eb 40 02 a2 f8 60 12  56 f8 20 20 7f 2a 01 d9
0a 20 7f e7 40 1c 80 b2  a8 42 f1 d3 00 20 79 e7
2d e9 f0 41 07 46 15 46  0e 46 dd e9 06 04 20 b1
sending write buffer, mode=0xd, mspec=0, id=0,  offset=1204224, len=4096
    Write buffer cdb: [3b 0d 00 12 60 00 00 10 00 00]
    Write buffer parameter list (first 256 bytes):
fb f7 44 f8 40 1c 0c e0  41 48 42 46 69 46 27 f6
f2 e9 2c 46 7e b0 20 46  50 e4 c8 05 05 d5 fa f7
10 fa fe f7 4b fa f8 81  f4 e7 fe 81 fb f7 4b f8
00 28 e9 d0 ee e7 1c b5  68 46 fc f7 d9 fe 34 48
33 4a 08 32 01 78 00 20  a2 f1 28 04 08 29 33 d2
df e8 01 f0 04 09 0f 12  17 1c 27 2c dd e9 00 01
fa f7 06 fd 03 e0 dd e9  00 01 fa f7 30 fd 00 bb
13 e0 ad f8 06 00 f6 e7  dd e9 00 01 fa f7 b7 fd
f5 e7 dd e9 00 01 fa f7  de fd f0 e7 ad f8 06 00
dd e9 00 01 fa f7 d7 fd  58 b1 fb f7 14 f8 40 b1
10 e0 dd e9 00 01 c4 e9  0a 01 f6 e7 ad f8 06 00
f7 e7 fa f7 88 ff 05 e0  ff f0 56 fd dd e9 00 01
c4 e9 0a 01 00 20 1c bd  11 4a c2 e9 04 01 70 47
10 b5 0f 4c 20 8f c0 05  0b d5 20 78 01 28 09 d0
04 28 07 d0 06 28 05 d0  fa f7 ab f9 fe f7 e6 f9
e0 81 06 e4 fa f7 ca ff  40 1c f7 e7 04 49 08 7b
sending write buffer, mode=0xd, mspec=0, id=0,  offset=1208320, len=4096
    Write buffer cdb: [3b 0d 00 12 70 00 00 10 00 00]
    Write buffer parameter list (first 256 bytes):
e0 60 b9 f1 04 0f 07 d9  e0 68 28 b9 00 22 d5 e9
31 01 a1 f7 6c fb e0 60  00 26 21 e0 e0 68 e8 b9
01 a8 50 f8 26 00 41 1c  18 d0 08 fb 0a f1 2a 8a
08 f1 01 08 4a 43 19 a9  04 2e 41 f8 26 20 07 d2
36 a9 02 46 03 20 8b 5d  f1 b2 02 f1 34 f9 04 e0
d5 f8 cc 10 32 1f a1 f7  3c fb e0 60 76 1c b6 b2
4e 45 db d3 68 89 02 28  0e d9 e8 7b 80 07 0b d5
b8 f1 00 0f 08 d0 08 fb  0a f0 29 8a 08 f1 01 08
41 43 19 a8 40 f8 29 10  e0 68 e8 bb 95 f8 58 00
c0 07 08 d0 60 69 40 f0  40 00 60 61 b5 f8 56 00
00 90 50 45 03 d3 aa f1  01 00 80 b2 00 90 b8 f1
00 0f 21 d1 00 20 01 aa  01 46 19 ab 0a e0 00 fb
0a fc 2e 8a 06 fb 0c f6  43 f8 20 60 42 f8 20 10
40 1c 80 b2 4e 46 48 45  f1 d3 68 89 b0 46 02 28
0a d9 e8 7b 80 07 07 d5  08 fb 0a f0 29 8a 08 f1
01 08 41 43 43 f8 29 10  29 8a 01 fb 0a f1 37 91
sending write buffer, mode=0xd, mspec=0, id=0,  offset=1212416, len=4096
    Write buffer cdb: [3b 0d 00 12 80 00 00 10 00 00]
    Write buffer parameter list (first 256 bytes):
01 61 c1 60 41 61 01 76  01 64 41 64 a0 f8 48 10
70 47 70 b5 f0 4d f2 49  f0 48 2c 46 29 65 68 60
9c 20 f0 49 41 51 e8 20  ef 49 00 26 41 51 40 f2
34 10 ee 49 41 51 40 f2  80 10 ed 49 41 51 40 f2
cc 10 ec 49 41 51 40 f2  18 20 eb 49 41 51 40 f2
64 20 ea 49 41 51 40 f2  b0 20 e9 49 41 51 40 f2
fc 20 e8 49 41 51 40 f2  48 30 e7 49 41 51 40 f2
94 30 e6 49 41 51 40 f2  e0 30 e5 49 41 51 40 f2
2c 40 e4 49 41 51 40 f2  78 40 e3 49 41 51 40 f2
c4 40 e2 49 41 51 e2 48  c5 f8 10 05 05 f2 0c 55
20 e0 26 70 00 23 26 76  04 f1 08 01 60 68 1a 46
af f7 4c fe a8 b9 a0 68  81 68 e1 60 21 f0 00 41
21 61 43 f0 69 fb 60 61  4f f0 ff 32 21 69 02 eb
50 20 49 0a 08 44 c4 e9  10 10 40 f2 00 20 a4 f8
48 00 4c 34 ac 42 dc d9  12 24 20 46 ff f7 7e ff
64 1c 12 2c f9 d9 b8 48  00 1f 13 24 06 60 20 46
sending write buffer, mode=0xd, mspec=0, id=0,  offset=1216512, len=4096
    Write buffer cdb: [3b 0d 00 12 90 00 00 10 00 00]
    Write buffer parameter list (first 256 bytes):
b0 16 03 90 25 e0 ff e7  80 df 15 df 43 f0 88 fa
21 88 88 42 20 d9 60 88  13 4a c0 eb c0 01 00 eb
80 00 32 f8 11 10 21 61  10 49 cd e7 bd f8 14 00
b0 42 11 d2 68 46 a9 f7  97 f9 a0 89 40 1c a0 81
bd f8 14 00 40 1c ad f8  14 00 00 98 0a 30 00 90
6d 1c e0 88 a8 42 e9 d8  0a b0 70 bd 68 c6 24 80
a4 0b 26 80 1c c2 24 80  78 dd 25 80 20 c2 24 80
10 b5 25 f6 56 e8 22 f5  9c ee 05 4b 00 22 25 f6
30 e9 bd e8 10 40 40 f0  d5 bb 00 21 f0 e7 00 00
00 40 8f 40 06 4b 00 22  db 68 02 e0 53 f8 20 00
52 1c 8a 42 fa d3 70 47  02 49 09 88 48 43 70 47
f8 41 26 80 b8 84 27 80  10 b5 04 46 42 f0 f2 fd
00 28 12 d0 81 89 00 29  0f d0 a1 42 0d d9 37 4a
00 21 12 68 12 78 02 2a  05 d1 35 4a 52 8c 42 f3
80 12 02 b9 01 21 00 69  01 55 10 bd 2d e9 f0 41
07 46 30 48 41 68 21 f0  01 01 41 60 23 f6 b4 fe
sending write buffer, mode=0xd, mspec=0, id=0,  offset=1220608, len=4096
    Write buffer cdb: [3b 0d 00 12 a0 00 00 10 00 00]
    Write buffer parameter list (first 256 bytes):
91 f8 31 c0 b0 eb 4c 2f  09 d3 91 f8 30 60 b0 eb
46 2f 01 d3 01 26 00 e0  00 26 0e b1 19 e0 5d 46
d8 69 43 1c 15 d0 a8 42  13 d0 91 f8 30 30 32 f8
10 20 b2 eb 43 2f 02 d3  01 26 05 46 07 e0 6b 1c
09 d1 91 f8 31 10 b2 eb  41 2f 0e d3 05 46 a7 f8
10 80 68 1c 0c d0 c4 f8  1c 52 ff f7 03 fd 00 e0
06 e0 df f8 30 92 38 b9  04 e0 58 46 53 f7 23 fd
00 20 a6 e5 38 8a 60 bb  86 49 04 f5 0b 72 28 46
53 f7 fe f9 b9 f8 28 10  48 46 41 f0 0c 01 a9 f8
28 10 d0 e9 00 23 d2 43  72 ea 03 02 05 d0 d0 e9
02 23 d2 43 72 ea 03 02  02 d1 21 f0 04 01 01 85
d0 e9 04 12 c9 43 71 ea  02 01 05 d0 d0 e9 06 12
c9 43 71 ea 02 01 04 d1  01 8d 21 f0 08 01 a9 f8
28 10 b9 f8 28 10 48 46  4a 07 09 d5 d0 e9 00 12
c4 e9 0c 12 c4 e9 08 12  81 68 d9 f8 0c 00 0a e0
09 07 0a d5 d0 e9 04 12  c4 e9 0c 12 c4 e9 08 12
sending write buffer, mode=0xd, mspec=0, id=0,  offset=1224704, len=4096
    Write buffer cdb: [3b 0d 00 12 b0 00 00 10 00 00]
    Write buffer parameter list (first 256 bytes):
68 46 18 f0 d9 fc 04 28  04 d0 13 e0 20 46 0b b0
bd e8 f0 83 21 f6 20 ff  07 46 44 f6 20 66 06 e0
38 46 21 f6 3b ff b0 42  01 d3 4e df 1a df 28 79
00 28 f5 d0 09 98 20 44  e9 e7 2d e9 f0 47 00 f1
0c 05 88 46 4b 1b 04 46  00 26 30 46 60 f7 e0 f9
81 46 30 46 5f f7 2e fa  02 46 c0 1c a8 45 20 f0
03 07 28 d9 bb 42 26 d3  49 46 28 46 1c f5 72 fc
05 2e 0e d2 df e8 06 f0  03 05 07 09 0b 00 00 20
08 e0 01 20 06 e0 02 20  04 e0 03 20 02 e0 04 20
00 e0 ff 20 00 21 21 70  40 f6 00 11 61 80 60 70
76 1c c4 e9 01 97 ec 19  04 f1 0c 05 f6 b2 05 2e
a8 eb 05 03 c9 d3 20 46  85 e7 2d e9 ff 4f 85 b0
06 46 01 23 50 4a 00 20  0d 46 dd f8 48 80 b3 40
52 f8 30 40 23 42 05 d0  02 eb c0 01 49 68 35 ea
01 01 06 d0 40 1c c0 b2  03 28 f1 d3 09 b0 bd e8
f0 8f 03 28 fa d2 45 4f  38 7a ff 28 f6 d0 78 7a
sending write buffer, mode=0xd, mspec=0, id=0,  offset=1228800, len=4096
    Write buffer cdb: [3b 0d 00 12 c0 00 00 10 00 00]
    Write buffer parameter list (first 256 bytes):
08 22 31 46 00 24 ad f8  04 00 01 ab 38 46 00 94
ac f7 a4 ff 02 20 a8 70  01 20 fe bd 20 9a 24 80
00 00 03 44 08 28 0b 46  10 b5 01 d0 00 20 10 bd
43 f2 31 00 18 80 0a 20  58 80 fe 48 04 22 c1 78
19 71 fc 49 40 79 1c 31  58 71 98 1d 1b f5 82 fc
0a 20 10 bd 01 20 43 f2  31 01 10 b5 5a f7 3a fd
00 28 0c d0 f3 49 02 79  ca 70 42 79 4a 71 81 1d
f0 48 04 22 bd e8 10 40  1c 30 1b f5 6b bc 10 bd
2d e9 fc 41 ec 4e 00 24  01 25 70 68 40 f0 10 00
70 60 ea 4a 20 46 ea 4b  50 60 59 6a 0f 02 06 d5
c1 f3 04 41 4f 08 05 fa  07 f1 21 43 8c b2 40 1c
ff 28 f1 d9 e3 48 cd e9  00 40 68 46 5d f7 2e f9
a4 f5 7f 40 ff 38 0c d0  00 20 29 46 01 fa 00 f5
25 42 2d d1 40 00 b0 65  00 21 c6 e9 14 11 bd e8
fc 81 d9 4b 00 21 99 63  03 f5 80 50 81 63 d7 4c
a1 64 04 f5 80 52 91 64  e1 64 d1 64 d4 49 d1 f8
sending write buffer, mode=0xd, mspec=0, id=0,  offset=1232896, len=4096
    Write buffer cdb: [3b 0d 00 12 d0 00 00 10 00 00]
    Write buffer parameter list (first 256 bytes):
d3 fd 41 f2 00 09 34 e0  b3 f7 be fc 60 68 ff f7
7e fe 60 68 08 b9 c7 f8  10 a0 04 f5 80 50 00 f6
b8 10 b8 46 06 c8 63 48  18 30 c0 e9 00 12 78 78
90 b1 3a f0 6f fa 01 28  0e d0 d5 f8 a4 09 02 27
d0 b1 5d 49 08 22 cd e9  00 76 6b 46 58 46 60 f7
2d fe 02 20 ff f7 a8 fd  95 f8 d8 19 88 f8 02 10
3b f0 41 fc 28 b1 3a f0  1d fb 01 28 01 d0 2e f0
ba fe 48 46 bd e8 fe 8f  20 46 c5 f8 a4 69 ff f7
eb fd 50 48 0c 22 4c 49  6b 46 cd e9 00 70 06 20
02 90 4a 48 50 30 60 f7  09 fe 4b 48 ff f7 d7 fd
da e7 4a 48 c0 79 70 47  48 48 c0 6c 70 47 70 b5
0d 46 04 46 38 f0 39 f9  00 28 0c d0 3d 4b 5a 78
2a b1 01 2a 06 d0 81 2a  04 d0 8c df 08 df 40 48
a0 f8 ac 5b 5c 70 70 bd  2d e9 f7 4f 93 46 df f8
d4 80 07 c9 d2 b0 4f f0  00 0a 4c ab 42 f0 00 44
83 e8 07 00 2f 48 d4 e9  00 12 18 30 a5 88 c0 e9
sending write buffer, mode=0xd, mspec=0, id=0,  offset=1236992, len=4096
    Write buffer cdb: [3b 0d 00 12 e0 00 00 10 00 00]
    Write buffer parameter list (first 256 bytes):
15 50 3d f0 c9 fb 87 b2  ad f8 16 70 05 a9 dc 4a
02 23 08 46 3f 1d 00 95  01 95 db f7 58 fd 21 68
05 ab 5a 46 40 46 41 f0  3b fd 00 21 50 a8 a9 f7
33 fa 20 68 38 44 20 60  57 b0 38 46 bd e8 f0 8f
2d e9 f8 4f df f8 3c 93  00 25 df f8 3c 83 82 46
2c 46 00 91 00 26 d8 f8  00 00 00 eb c4 00 87 78
38 46 94 f7 0b fe d8 f8  00 00 00 eb c4 00 80 78
36 28 0d d1 33 46 3a 46  69 46 50 46 ff f7 7d ff
b9 f8 00 60 05 44 40 2e  01 d9 3f 3e 00 e0 01 26
d8 f8 00 00 00 eb c4 00  80 78 33 28 01 d1 48 f2
01 06 3a 46 33 46 69 46  50 46 ff f7 66 ff 64 1c
16 2c 05 44 ce d3 28 46  bd e8 f8 8f 70 b5 86 b0
0c 46 19 46 ad 4e 00 23  05 46 cd e9 01 34 cd e9
03 23 40 22 00 92 0a 46  31 46 92 f7 d9 fa 28 46
3d f0 5a fb 06 b0 00 1b  70 bd a7 49 00 23 10 b5
18 46 09 68 01 eb c0 02  92 78 40 2a 12 d0 40 1c
sending write buffer, mode=0xd, mspec=0, id=0,  offset=1241088, len=4096
    Write buffer cdb: [3b 0d 00 12 f0 00 00 10 00 00]
    Write buffer parameter list (first 256 bytes):
26 98 16 ab 40 f0 1c fd  dd e9 0a 10 dd e9 16 23
89 1a 98 41 07 d2 dd e9  0c 01 40 1e 41 f1 ff 31
cd e9 0a 01 19 e0 1e 98  64 1c 08 22 00 eb c4 01
26 98 0c ab 40 f0 04 fd  1f 98 01 22 12 ab 01 19
26 98 40 f0 fd fc 1c 98  a0 42 06 d9 dd e9 0a 10
dd e9 0c 23 89 1a 98 41  b7 d2 1c 98 a0 42 18 d9
dd e9 0c 01 40 1e 41 f1  ff 33 dd e9 0a 21 42 40
59 40 0a 43 0d d1 9d f8  d0 00 20 f0 01 01 9d f8
48 00 20 f0 01 02 91 42  03 d1 01 25 c0 07 00 d0
a8 46 56 ea 05 00 05 d0  86 b1 ee b1 9f b1 af b1
35 b3 1c e0 dd e9 0a 10  dd e9 28 32 59 40 50 40
01 43 01 d0 02 20 27 e0  01 20 25 e0 15 b3 b8 f1
00 0f f9 d0 11 e0 00 2d  f6 d0 00 e0 37 b9 cd b1
b8 f1 00 0f 0c d0 0f e0  36 b1 9e b1 57 b1 8d b1
b8 f1 00 0f 0b d0 0d e0  65 b1 b8 f1 00 0f 09 d0
00 20 09 e0 37 b9 2d b1  b8 f1 00 0f 02 d0 4f f0
sending write buffer, mode=0xd, mspec=0, id=0,  offset=1245184, len=4096
    Write buffer cdb: [3b 0d 00 13 00 00 00 10 00 00]
    Write buffer parameter list (first 256 bytes):
ea d0 d1 07 01 d0 02 f0  03 01 8d f8 18 10 03 29
16 d0 01 23 ad f8 24 30  d1 b1 0c 9a 92 08 08 92
08 9b dd e9 02 c2 1c eb  03 03 62 41 05 29 cd e9
02 32 bd f8 24 30 04 9a  1a 44 04 92 0a d0 0e e0
0c 9a 92 08 08 92 bd f8  34 20 ad f8 24 20 e7 e7
52 08 e4 e7 01 99 49 1c  01 91 99 f7 b6 fa 9d f8
18 00 04 28 10 d0 dd e9  03 01 02 9a 51 18 60 41
71 1a 75 eb 00 00 07 d3  30 22 69 46 40 46 00 e0
02 e0 1d f6 b8 e9 85 e7  0f b0 bd e8 f0 83 70 b5
04 46 4f f0 ff 30 16 46  0d 46 50 60 20 46 9a f7
0e f8 00 28 05 d0 22 46  2b 46 30 46 ff f7 58 ff
01 20 70 bd f0 b5 11 f4  40 7f 0d 46 8d b0 04 46
03 d0 e8 05 03 d5 a1 48  02 e0 74 df 47 df a0 48
6a 46 00 68 00 90 d4 e9  00 01 ff f7 d8 ff 01 28
01 d0 74 df 48 df e8 05  27 d5 3c f0 71 fd d4 e9
01 32 25 68 4f f0 00 0c  56 1e 4c f1 ff 37 ae 19
sending write buffer, mode=0xd, mspec=0, id=0,  offset=1249280, len=4096
    Write buffer cdb: [3b 0d 00 13 10 00 00 10 00 00]
    Write buffer parameter list (first 256 bytes):
ad f8 04 00 20 68 3e f0  4b fd 09 b0 30 bd 2d e9
f0 43 04 46 88 46 01 f4  70 60 8f b0 40 f0 01 07
69 46 d4 e9 02 56 38 46  98 f7 f1 fa 3a 46 28 46
31 46 14 f0 66 fc 00 99  40 1a 40 09 60 60 5f ea
c8 50 01 d5 b3 48 00 e0  b3 48 00 68 20 60 20 46
98 f7 bb fa d4 e9 02 01  40 1b b1 41 7f d2 30 22
21 46 68 46 1c f6 c6 e9  df f8 b0 92 4f f0 05 08
9d f8 18 20 ec 46 bd f8  1c 10 19 f8 02 00 01 44
89 b2 ad f8 1c 10 20 29  14 d0 05 99 08 44 05 90
bd f8 1a 00 40 1c ad f8  1a 00 bd f8 1c 00 c0 f1
20 00 06 28 09 d3 05 98  01 68 0c 91 80 88 ad f8
34 00 10 e0 8d f8 18 80  3a e0 04 28 03 d3 05 98
00 68 0c 90 07 e0 02 28  01 d2 74 df 3d df 05 98
00 88 ad f8 30 00 bd f8  30 10 00 29 ea d0 c8 07
01 d0 01 f0 03 00 8d f8  18 00 03 28 16 d0 01 22
ad f8 24 20 d0 b1 0c 99  89 08 08 91 08 9a dd e9
sending write buffer, mode=0xd, mspec=0, id=0,  offset=1253376, len=4096
    Write buffer cdb: [3b 0d 00 13 20 00 00 10 00 00]
    Write buffer parameter list (first 256 bytes):
13 f9 01 28 02 d0 94 48  80 1c ca e7 64 1c 45 f1
00 05 dd e9 04 10 09 1b  a8 41 e2 d2 1b e0 06 98
03 99 40 1e 88 42 0d d0  06 9a 49 1c 00 95 4f f0
ff 33 20 68 52 1e fc f7  2b fe 01 28 02 d0 86 48
40 1c ae e7 06 98 04 22  00 21 40 1e 06 90 20 68
06 ab 3d f0 25 fd 80 20  a3 e7 70 b5 1c 46 15 46
97 f7 73 fa 28 b1 28 88  21 46 fd f7 64 fb 80 20
70 bd 79 48 c0 1e 70 bd  fe b5 01 aa 05 46 0e 46
6b 46 ff f7 ea ff 80 28  04 46 27 d1 bd f8 00 00
c0 07 08 d1 40 f2 00 12  28 46 31 46 13 f0 ff fc
ff f7 37 ff 04 46 bd f8  00 10 bd f8 04 00 ff f7
26 ff ff f7 ce fe 65 4d  02 22 02 ab 11 46 28 68
3d f0 be fc bd f8 08 10  11 b1 49 1e ad f8 08 10
02 22 28 68 02 ab 11 46  3d f0 e2 fc 20 46 fe bd
ff f7 86 ba f0 b5 8d b0  17 46 05 46 0c 46 d0 05
4f f0 ff 36 0c d5 59 48  00 68 00 90 28 46 14 f0
sending write buffer, mode=0xd, mspec=0, id=0,  offset=1257472, len=4096
    Write buffer cdb: [3b 0d 00 13 30 00 00 10 00 00]
    Write buffer parameter list (first 256 bytes):
d4 e9 02 23 cd e9 00 61  fc f7 0e f9 03 e0 d4 e9
02 01 37 f0 d7 ff 01 28  01 d0 18 b1 03 e0 90 f7
9d f9 00 e0 e8 4d 00 20  62 8b 01 46 d3 07 00 d0
10 21 13 07 01 d5 41 f0  80 01 d3 06 01 d5 41 f4
00 71 93 06 01 d5 41 f4  80 61 53 06 01 d5 41 f4
00 61 13 06 01 d5 41 f4  80 51 d3 05 01 d5 41 f4
00 51 93 05 01 d5 41 f4  80 41 93 04 01 d5 41 f4
00 41 52 05 01 d5 41 f4  00 41 cd e9 00 10 d4 e9
00 01 d4 e9 04 23 fc f7  bc fb 01 20 fe f7 9f fd
28 46 7c bd 2d e9 f0 43  8b b0 3c f0 75 fa 10 b1
ca 48 0b b0 8d e6 ca 48  01 a9 3b f0 45 ff 01 98
10 22 00 21 03 ab 3c f0  c3 fc 04 98 07 90 c5 49
c5 48 3d f0 2b fc c5 48  69 46 3b f0 35 ff 02 22
00 98 02 ab 11 46 3c f0  b3 fc 00 24 4f f0 10 08
2b e0 c4 eb c4 06 01 98  0e 22 08 eb 46 01 03 ab
3c f0 a6 fc 9d f8 19 00  10 f0 a3 0f 1c d1 00 27
sending write buffer, mode=0xd, mspec=0, id=0,  offset=1261568, len=4096
    Write buffer cdb: [3b 0d 00 13 40 00 00 10 00 00]
    Write buffer parameter list (first 256 bytes):
00 68 3b f0 1d fd dd e9  00 10 40 1a 1c bd 70 b5
90 b0 16 46 05 46 0c 46  d8 05 01 d4 74 df 30 df
15 48 00 68 00 90 28 46  12 f0 23 f9 6a 46 fc f7
2e f8 01 28 01 d0 74 df  31 df a8 19 40 f2 02 12
44 f1 00 01 9e f7 6f fc  cd e9 0c 54 ad f8 28 00
0c a8 0e 96 12 f0 4a f8  dd e9 0c 10 c9 43 71 ea
00 01 11 d0 01 22 68 46  0c a9 fb f7 08 ff 09 e0
e0 9c 24 80 28 a1 27 80  8c a1 24 80 88 a1 24 80
94 5f 33 00 10 b0 70 bd  80 20 f0 e7 10 b5 04 46
71 b9 20 68 c0 f3 40 60  50 b9 fe 48 40 f2 02 21
04 60 03 20 fa f7 85 fd  20 68 40 f0 00 70 20 60
00 20 10 bd 10 b5 04 46  71 b9 20 68 c0 f3 40 60
50 b9 f5 48 40 f2 01 21  04 60 02 20 fa f7 71 fd
20 68 40 f0 00 70 20 60  00 20 10 bd 10 b5 04 46
71 b9 20 68 c0 f3 40 60  50 b9 ec 48 40 f2 02 11
04 60 01 20 fa f7 5d fd  20 68 40 f0 00 70 20 60
sending write buffer, mode=0xd, mspec=0, id=0,  offset=1265664, len=4096
    Write buffer cdb: [3b 0d 00 13 50 00 00 10 00 00]
    Write buffer parameter list (first 256 bytes):
0c a9 11 f0 76 fc 0a 9c  37 e7 2d e9 f0 41 06 46
85 6a 01 20 14 46 02 f1  50 08 0f 46 b0 62 0f e0
01 22 41 46 20 46 ff f7  e6 fc 4d b1 30 8c 00 22
39 46 40 1c 30 84 30 46  11 f0 5b fc 38 6a 60 65
6d 1e 03 d3 e1 68 60 69  88 42 e9 d3 bd e8 f0 81
f0 b5 04 46 47 6d a7 b0  40 f2 02 12 00 25 d4 e9
18 01 04 ab 9d f7 93 fb  a0 6e 01 26 0e 90 dd e9
06 01 c4 e9 16 01 b4 f8  70 10 a0 6e 88 42 06 d1
bd f8 30 20 0a b1 74 df  64 df 84 f8 50 60 88 42
01 d1 01 20 00 e0 0e 98  8e f7 19 fa 61 6b e0 6b
88 42 0a d2 bd f8 30 00  04 f1 50 01 60 65 04 f1
28 00 0e 9a ff f7 9f fc  01 25 e1 68 60 69 88 42
1f d2 94 f8 50 00 01 28  0b d0 00 22 10 a9 04 a8
11 f0 0f fc 01 46 18 98  60 65 94 f8 24 20 12 b1
09 e0 0e 96 07 e0 01 29  0e d0 a1 69 19 b1 b8 42
01 d2 84 f8 24 60 10 a9  04 a8 22 46 ff f7 85 ff
sending write buffer, mode=0xd, mspec=0, id=0,  offset=1269760, len=4096
    Write buffer cdb: [3b 0d 00 13 60 00 00 10 00 00]
    Write buffer parameter list (first 256 bytes):
28 68 39 f0 4d fd bd f8  00 00 02 22 6b 46 11 46
40 1c ad f8 00 00 28 68  39 f0 42 fd 01 20 38 bd
2d e9 f0 47 0d 46 98 46  14 46 82 68 dd e9 08 19
0b 68 93 42 02 d2 00 20  bd e8 f0 87 d5 e9 00 63
4f f0 00 0a b2 18 43 eb  0a 03 c5 e9 00 23 0a 68
80 68 10 1a 08 60 99 f8  00 00 01 28 30 d1 d5 e9
00 01 d8 e9 00 32 c3 1a  71 eb 02 02 28 d3 26 7c
23 46 27 68 40 f2 02 12  9c f7 89 fb 20 7c b0 42
06 d9 70 1c c0 b2 36 f0  0b ff 89 f8 00 a0 00 e0
20 68 c0 1b 4f ea 80 01  30 46 39 f0 07 fc e0 8a
b8 49 23 8c c0 eb c0 00  31 f8 10 00 d5 e9 00 21
00 1f 80 b2 c0 1a 12 18  41 eb e0 71 c8 e9 00 21
4f f0 01 00 b8 e7 10 b5  02 68 d3 05 0a d5 92 07
01 d4 74 df 44 df ac 4a  12 68 42 60 02 22 82 60
04 20 0b e0 93 05 01 d4  74 df 45 df d3 07 07 d0
a6 4a 12 68 42 60 33 22  82 60 40 20 88 60 10 bd
sending write buffer, mode=0xd, mspec=0, id=0,  offset=1273856, len=4096
    Write buffer cdb: [3b 0d 00 13 70 00 00 10 00 00]
    Write buffer parameter list (first 256 bytes):
fb d1 c0 f3 0c 00 c1 04  04 d5 c0 f3 0b 00 b0 f5
d8 7f 01 d3 00 20 70 47  01 20 70 47 01 28 10 b5
05 d1 2d 4c 20 78 01 28  03 d0 03 28 01 d0 78 df
35 df 19 48 c0 8a 40 f3  c0 10 40 1c 02 d0 ff f7
d6 ff 48 b1 af f2 2b 02  12 21 01 20 f3 f7 1d fe
01 28 08 d0 78 df 0c df  39 f0 24 fb 0d 49 0c 48
08 60 05 20 20 70 01 20  10 bd 10 b5 33 f0 78 f8
19 49 01 28 02 d1 08 78  05 28 37 d0 08 78 01 28
03 d0 03 28 01 d0 78 df  26 df af f2 6f 02 25 e0
83 00 09 c4 14 fb 00 00  80 41 01 44 00 56 01 44
b0 a1 24 80 50 78 33 00  40 42 01 44 00 00 0d 44
40 40 01 44 18 fb 00 00  a4 a1 24 80 c4 5f 33 00
90 23 24 80 a5 a1 24 80  60 a6 24 80 00 80 00 44
00 41 01 44 00 60 02 44  10 fb 00 00 12 21 01 20
f3 f7 d3 fd 01 28 01 d0  78 df 0c df 10 bd 10 b5
28 b9 fe 48 00 7b 01 28  03 d0 02 28 04 d0 7a df
sending write buffer, mode=0xd, mspec=0, id=0,  offset=1277952, len=4096
    Write buffer cdb: [3b 0d 00 13 80 00 00 10 00 00]
    Write buffer parameter list (first 256 bytes):
50 2a 03 d0 80 17 08 61  f2 48 70 47 0a 69 52 06
fb d5 f1 4a 13 69 52 69  93 42 f6 d0 49 68 09 07
f3 d4 8f e7 ee 49 30 b4  ec 48 0a 89 92 06 02 d5
ec 48 30 bc 70 47 e6 4a  13 69 5b 06 07 d5 e6 4b
1c 69 5b 69 9c 42 02 d0  52 68 12 07 0b d5 0a 89
d2 06 02 d5 0a 89 92 07  05 d0 0a 89 12 07 04 d5
de 48 40 1e e5 e7 30 bc  c2 e7 0a 89 52 07 02 d5
d8 48 40 1c dd e7 0a 89  12 04 05 d5 da 4a 92 8b
52 07 01 d5 d9 48 d4 e7  0a 89 92 07 01 d5 d8 48
cf e7 09 89 c9 07 cc d0  d7 49 d6 48 d1 f8 90 20
d2 07 03 d1 d1 f8 90 12  c9 07 c2 d0 d1 48 7f 38
bf e7 37 b5 00 22 6d 46  04 21 13 46 10 46 1b 03
14 03 43 ea 12 53 05 eb  41 02 32 f8 02 2c 22 43
49 1e f4 d1 d9 b2 81 f0  ff 01 71 ea 02 02 00 d1
01 20 3e bd c5 4b 2d e9  f0 47 99 8a 86 b0 40 f6
ff 78 4f f0 01 0c 49 1c  8d b2 00 26 03 96 05 eb
sending write buffer, mode=0xd, mspec=0, id=0,  offset=1282048, len=4096
    Write buffer cdb: [3b 0d 00 13 90 00 00 10 00 00]
    Write buffer parameter list (first 256 bytes):
14 d0 00 28 02 da 94 f7  15 f8 01 e0 93 f7 d2 ff
38 88 20 f4 80 40 38 80  2d 48 03 25 00 78 08 b1
05 21 00 e0 04 21 89 f8  02 10 08 e0 00 28 02 da
94 f7 00 f8 01 e0 93 f7  bd ff 00 25 2e 46 9a f8
00 10 21 f0 08 01 37 e0  38 8c 40 f4 00 40 38 84
b7 f8 70 00 c0 07 02 d0  93 f7 ec ff 1b e0 9b f8
0c 00 39 88 21 f0 08 01  39 80 39 88 21 f0 30 01
39 80 97 f7 ff fd 40 f2  ff 30 93 f7 b5 ff 09 25
33 e0 38 8c 40 f4 00 40  38 84 b7 f8 70 00 c0 07
0a d0 97 f7 e8 fd 38 88  20 f4 80 40 38 80 03 25
06 20 89 f8 02 00 20 e0  97 f7 dd fd 9a f8 00 10
00 25 2e 46 21 f0 10 01  8a f8 00 10 15 e0 00 00
90 23 24 80 00 56 01 44  b8 a4 24 80 52 a8 24 80
53 a8 24 80 44 a8 24 80  a4 00 00 40 4f f6 ff 70
38 84 ff 49 01 26 00 20  08 70 00 2e 88 f8 00 50
3f f4 96 ad b7 f8 70 00  c0 f3 49 01 a9 f8 08 10
sending write buffer, mode=0xd, mspec=0, id=0,  offset=1286144, len=4096
    Write buffer cdb: [3b 0d 00 13 a0 00 00 10 00 00]
    Write buffer parameter list (first 256 bytes):
04 03 c0 f3 40 40 50 b1  b2 f8 48 00 d1 f8 30 13
08 80 b2 f8 4a 00 29 68  d1 f8 38 13 08 80 75 48
01 68 80 29 05 d0 74 48  81 42 00 d0 73 4c fd f7
56 f9 00 22 9f 21 02 20  fd f7 68 f8 fd f7 f1 f9
01 28 04 d0 00 20 fd f7  3c fa 7a df 4a df 01 20
ff f7 8d ff 20 46 70 bd  38 b5 40 f6 00 64 01 22
21 46 02 20 fd f7 52 f8  fd f7 db f9 00 28 14 d0
01 22 40 f6 00 71 02 20  fd f7 48 f8 fd f7 d1 f9
05 46 89 f7 a8 ff 5e 49  04 22 5e 48 6b 46 00 94
53 f7 0c fe 87 f7 ce fc  28 46 38 bd 4c 49 b1 f8
44 20 c2 82 b1 f8 46 20  02 82 b1 f8 48 20 42 82
b1 f8 4a 20 82 82 b1 f8  4c 10 01 83 70 47 10 b5
00 78 0c 46 40 f2 2f 31  00 f0 01 02 02 20 fd f7
1d f8 fd f7 a6 f9 01 28  04 d0 00 20 fd f7 f1 f9
7a df 4b df 31 f0 3e fc  20 46 bd e8 10 40 d5 e7
2d e9 fc 47 df f8 08 91  05 46 b1 f9 00 00 00 27
sending write buffer, mode=0xd, mspec=0, id=0,  offset=1290240, len=4096
    Write buffer cdb: [3b 0d 00 13 b0 00 00 10 00 00]
    Write buffer parameter list (first 256 bytes):
c1 8a 41 f0 40 01 c1 82  ff f7 a7 fa 00 28 7d d0
d3 48 01 68 21 f4 80 61  01 60 e0 6d 40 f0 03 00
e0 65 e0 6d 80 07 fc d1  b4 f8 56 00 40 f0 03 00
a4 f8 56 00 45 f0 03 00  a4 f8 d0 00 30 68 40 f4
80 70 30 60 fa 20 f2 f7  9e fa df f8 18 83 40 f6
80 01 a8 f8 40 13 a8 f8  44 53 b8 f8 40 13 41 f4
80 51 a8 f8 40 13 df f8  00 93 b9 f8 40 69 c5 21
a9 f8 40 19 41 f2 04 01  a9 f8 4c 19 40 f2 04 52
ba 49 a1 f8 fc 28 4e f2  04 01 a9 f8 44 19 11 f5
72 eb 32 f0 09 ff ff f7  f5 fe 01 20 ff f7 36 fa
b3 4f 04 28 02 d0 05 20  38 70 10 e0 06 20 38 70
90 f7 7a fe 80 28 0a d0  ae 4c 20 88 40 f0 02 00
20 80 fc f7 0c f9 20 88  20 f0 02 00 20 80 ff f7
93 fe 01 24 b0 b9 a8 48  01 88 41 f2 01 02 91 42
01 d1 40 88 08 b1 7c df  23 df a4 48 40 88 b0 f5
3f 4f 50 d0 6f f4 3f 41  40 18 4e d0 01 28 4e d0
sending write buffer, mode=0xd, mspec=0, id=0,  offset=1294336, len=4096
    Write buffer cdb: [3b 0d 00 13 c0 00 00 10 00 00]
    Write buffer parameter list (first 256 bytes):
2f f0 fe fd 83 46 39 20  fb f7 e4 fa 00 21 00 eb
4b 00 fb f7 aa f8 96 f8  8e 10 80 b2 04 29 5f d3
ad f8 02 90 ad f8 00 00  2a 48 10 30 01 90 54 e0
ed e0 b7 e0 8c a4 24 80  80 00 16 c3 d0 00 44 c4
da 00 44 84 0a 0d 52 53  4d 46 61 75 6c 74 20 3d
20 00 00 00 20 aa 27 80  0a 0d 57 53 4d 46 61 75
6c 74 20 3d 20 00 00 00  0a 0d 53 41 42 46 61 75
6c 74 20 3d 20 00 00 00  0a 0d 42 43 49 46 61 75
6c 74 20 3d 20 00 00 00  0a 0d 50 72 65 61 6d 70
46 61 75 6c 74 53 74 61  74 75 73 20 3d 20 00 00
00 a8 24 80 00 20 0c 44  28 c0 24 80 00 60 02 44
a0 c0 24 80 80 00 09 c4  82 00 03 c4 80 00 11 43
83 00 80 89 84 00 03 84  90 23 24 80 9e c0 24 80
28 a1 27 80 42 00 00 46  02 e0 68 46 4d f7 1e f9
28 07 20 d5 fe 4c 56 20  95 f7 e7 fc 02 20 13 f0
02 fb 81 46 2f f0 84 fd  83 46 1d 20 fb f7 6a fa
sending write buffer, mode=0xd, mspec=0, id=0,  offset=1298432, len=4096
    Write buffer cdb: [3b 0d 00 13 d0 00 00 10 00 00]
    Write buffer parameter list (first 256 bytes):
04 00 bd f8 02 10 bd f8  12 70 00 02 40 ea 01 10
bd f8 0e 10 02 43 bd f8  08 00 40 ea 01 31 bd f8
0c 00 00 02 40 ea 03 10  bd f8 16 30 01 43 bd f8
10 00 40 ea 03 30 bd f8  14 30 a4 f8 d8 21 1b 02
43 ea 07 13 18 43 a4 f8  dc 11 a4 f8 e0 01 41 f2
18 60 a4 f8 20 01 b4 f8  00 03 20 f0 04 00 a4 f8
00 03 b4 f8 60 01 c0 b2  00 f5 f8 50 a4 f8 60 01
b4 f8 60 01 20 f0 3f 00  80 1c a4 f8 60 01 b4 f8
68 01 c0 b2 00 f5 4f 40  a4 f8 68 01 b4 f8 64 01
40 f0 08 00 a4 f8 64 01  31 68 02 20 f9 f7 8b fa
94 f7 7e f8 8d f7 23 fe  25 85 01 20 33 f0 2c f8
4c f2 a4 20 a4 f8 7c 03  42 f6 99 40 a4 f8 80 03
4c f2 11 20 a4 f8 84 03  b4 f8 8c 03 40 f0 04 00
a4 f8 8c 03 07 b0 f0 bd  2d e9 fc 41 05 46 00 20
8d f8 04 00 01 24 63 48  30 30 c0 f3 8d 00 ad f8
00 00 0f f6 b9 fe 07 46  41 f6 1a 26 68 46 ff f7
sending write buffer, mode=0xd, mspec=0, id=0,  offset=1302528, len=4096
    Write buffer cdb: [3b 0d 00 13 e0 00 00 10 00 00]
    Write buffer parameter list (first 256 bytes):
82 b0 02 dd 79 48 40 1c  9b e7 e1 88 19 b1 c0 f5
00 62 91 42 02 dd c0 f5  00 60 e0 80 74 4f 00 20
a0 70 b7 f8 e0 03 c0 f3  81 0a b7 f8 e0 03 20 f0
0c 00 a7 f8 e0 03 b7 f8  74 90 b7 f8 44 80 b7 f8
40 00 40 f0 03 00 a7 f8  40 00 a0 88 a7 f8 44 00
00 26 35 46 0e e0 b7 f8  60 00 b7 f8 64 10 04 22
40 ea 01 40 69 46 00 90  0b eb 05 00 09 f5 72 fc
2d 1d 76 1c e0 88 b0 42  ed d8 a7 f8 74 90 a7 f8
44 80 b7 f8 e0 13 6a f3  83 01 a7 f8 e0 13 e0 88
81 00 04 98 01 60 b7 f8  40 00 20 f0 03 00 a7 f8
40 00 80 20 4d e7 2d e9  f7 4f 51 4f 80 46 82 b0
0c 46 b7 f8 14 03 89 88  c0 f3 0a 00 42 1e 91 42
02 dd 4a 48 40 1c 3c e7  e2 88 0a b9 40 1a e0 80
00 20 a0 70 b7 f8 e0 03  c0 f3 81 1b b7 f8 e0 03
20 f0 c0 00 a7 f8 e0 03  b7 f8 2c a3 b7 f8 20 92
b7 f8 2c 03 40 f4 80 40  a7 f8 2c 03 b7 f8 20 02
sending write buffer, mode=0xd, mspec=0, id=0,  offset=1306624, len=4096
    Write buffer cdb: [3b 0d 00 13 f0 00 00 10 00 00]
    Write buffer parameter list (first 256 bytes):
d0 f8 14 c0 01 d5 94 44  01 e0 ac eb 02 0c c0 f8
14 c0 5f ea 41 6c d0 f8  18 c0 01 d5 94 44 01 e0
ac eb 02 0c c0 f8 18 c0  5f ea 01 6c d0 f8 1c c0
01 d5 94 44 01 e0 ac eb  02 0c c0 f8 1c c0 5f ea
c1 5c d0 f8 20 c0 01 d5  62 44 01 e0 ac eb 02 02
02 62 02 9a 52 1e 02 92  03 9a 52 1e 03 92 dd e9
01 2c 94 45 bf f6 24 af  aa f1 01 01 49 b2 5f ea
01 0a 7f f5 81 ae 01 20  a6 e4 30 b5 03 68 02 eb
d2 74 01 e0 13 44 03 60  03 eb 64 05 8d 42 f9 db
01 eb 64 03 01 68 99 42  02 dd 89 1a 01 60 fa e7
30 bd 2d e9 ff 4f 8a b0  4f f0 00 09 49 46 dd f8
80 b0 1d 9f dd e9 1e a0  08 e0 1a 9a 12 f8 21 30
49 1c c9 b2 03 eb 09 02  02 f0 ff 09 0a 9a 91 42
f3 d3 00 22 ab f8 00 20  82 45 34 d0 31 e0 1c 9b
4f f0 00 08 51 46 45 46  53 f8 22 40 94 fb f0 f6
94 fb f0 f3 00 fb 16 44  1c e0 ce 17 01 eb 16 76
sending write buffer, mode=0xd, mspec=0, id=0,  offset=1310720, len=4096
    Write buffer cdb: [3b 0d 00 14 00 00 00 10 00 00]
    Write buffer parameter list (first 256 bytes):
dc 02 c0 f3 80 20 30 b1  20 8a 6f ea d0 11 20 8a
61 f3 c7 10 20 82 0d f0  de fe 28 b1 b4 f8 40 00
20 f0 0f 00 c0 1d 2e e0  d8 f8 00 00 46 46 00 89
00 04 35 d5 0d f0 d6 fe  38 bb 30 68 b0 f8 dc 02
c0 f3 c0 20 08 bb 68 46  0d f0 d3 fe dd e9 00 06
10 f0 ff 00 7d d0 02 28  7c d0 03 28 7b d0 04 28
7a d0 b4 f8 48 10 30 0c  66 f3 0f 01 a4 f8 48 10
b4 f8 4c 10 60 f3 0f 01  a4 f8 4c 10 b4 f8 40 00
20 f0 0f 00 80 1c a4 f8  40 00 d8 f8 00 00 00 89
00 04 05 d5 01 20 f6 f7  30 fb 01 20 8a f7 bf fc
2a f0 4a f8 01 28 7c d1  b5 f8 cc 00 00 26 70 4f
38 80 b5 f8 cc 00 6f f3  08 00 ff 30 a5 f8 cc 00
b4 f8 d8 0a 78 80 b4 f8  d8 0a 6f f3 08 00 a4 f8
d8 0a b4 f8 6c 0a b8 80  b4 f8 6c 0a 20 f4 40 60
a4 f8 6c 0a b4 f8 70 0a  f8 80 b4 f8 70 0a 20 f0
0f 00 a4 f8 70 0a 5f 48  01 8d 39 81 01 8d 21 f4
sending write buffer, mode=0xd, mspec=0, id=0,  offset=1314816, len=4096
    Write buffer cdb: [3b 0d 00 14 10 00 00 10 00 00]
    Write buffer parameter list (first 256 bytes):
05 46 18 46 24 68 24 8d  a2 eb 54 02 12 b2 31 f9
13 40 04 eb d4 74 64 10  26 f8 13 40 5b 1c 9b b2
06 2b f4 d3 bd f9 04 10  91 42 03 dc b5 f9 00 00
04 b0 70 bd bd f9 0e 10  91 42 09 db b5 f9 0a 00
f6 e7 00 00 8c a6 24 80  10 c2 24 80 74 9c 24 80
01 24 36 f9 14 10 00 29  1c da 06 eb 44 03 33 f9
02 3c 00 2b 35 dd 00 2a  09 dd 06 eb 44 00 00 92
30 f9 02 3c 05 eb 44 00  30 f9 02 1c 18 e0 91 42
27 da 00 92 36 f9 14 20  35 f9 14 00 1e e0 ff f7
9a ff cd e7 1d dd 06 eb  44 03 33 f9 02 3c 00 2b
17 da 00 2a 07 dd 00 92  36 f9 14 30 35 f9 14 10
00 22 10 46 eb e7 91 42  0b dd 06 eb 44 00 00 92
30 f9 02 2c 05 eb 44 00  30 f9 02 0c 00 23 19 46
dd e7 91 42 0d da 06 eb  44 00 00 92 36 f9 14 20
30 f9 02 3c 05 eb 44 00  30 f9 02 1c 35 f9 14 00
cd e7 64 1c a4 b2 06 2c  ab d3 99 e7 2d e9 ff 41
sending write buffer, mode=0xd, mspec=0, id=0,  offset=1318912, len=4096
    Write buffer cdb: [3b 0d 00 14 20 00 00 10 00 00]
    Write buffer parameter list (first 256 bytes):
0c 70 04 e0 da f8 0c 10  49 1c ca f8 0c 10 40 f7
ed ff 0f 21 54 46 b1 fb  f0 f0 da f8 0c 10 88 42
02 d8 f7 f7 5a fd e7 60  09 b0 28 46 55 e4 10 b5
94 06 4f f0 64 03 09 d4  d4 06 01 d5 01 44 04 e0
10 fb 01 f1 91 fb f3 f1  01 44 09 b2 00 eb 80 00
c0 00 90 fb f3 f0 00 b2  81 42 02 da 12 07 00 d4
01 46 48 b2 10 bd 2d e9  ff 4f 9d b0 92 46 cf b2
80 46 40 f2 00 2b cd e9  16 01 c7 eb c7 05 09 90
50 07 0e d5 14 a8 5c 46  59 46 2a f0 e1 ff bd f8
62 90 39 46 48 46 2a f0  6d fc 06 46 9e 48 00 68
18 e0 40 f2 00 14 14 a8  21 46 2a f0 d1 ff 9d f8
5c 10 9d f8 60 00 2a f0  63 fa 81 46 39 46 2a f0
5d fd 06 46 c9 eb c9 00  00 eb 80 01 93 48 00 68
00 eb c1 00 10 f8 25 10  00 eb 85 00 8d f8 4c 10
41 78 8d f8 4d 10 80 78  8d f8 2c 70 8d f8 4e 00
20 46 0c 94 ad f8 2e 90  03 f0 37 f9 01 23 02 46
sending write buffer, mode=0xd, mspec=0, id=0,  offset=1323008, len=4096
    Write buffer cdb: [3b 0d 00 14 30 00 00 10 00 00]
    Write buffer parameter list (first 256 bytes):
10 bd 68 48 00 78 00 f0  83 00 01 28 00 d0 00 20
70 47 64 48 00 78 00 f0  02 00 70 47 68 48 00 68
b0 f8 80 01 00 f4 80 50  70 47 5e 4a 10 b5 12 78
92 07 01 d5 7e df 06 df  00 22 ef f7 51 f8 04 46
8e f7 36 f9 20 46 10 bd  56 4a 10 b5 12 78 92 07
01 d5 7e df 06 df f0 f7  46 fb 04 46 8e f7 28 f9
20 46 10 bd 00 eb 40 00  0f 21 01 eb 80 00 03 21
01 eb 10 10 10 b5 c0 f3  8f 04 8e f7 19 f9 20 46
10 bd 50 49 00 20 08 70  8e f7 12 b9 4d 49 01 20
08 70 8e f7 0d b9 4c 48  01 88 41 f0 20 01 01 80
8e f7 06 b9 49 48 10 b5  00 68 90 f8 29 40 8e f7
ff f8 20 46 10 bd 46 49  09 78 01 70 45 49 09 78
41 70 8e f7 f5 b8 44 49  09 78 01 70 43 49 09 88
41 80 8e f7 ed b8 fc f7  db bc 30 b5 40 4c 25 78
c5 f3 c0 05 15 70 22 78  c2 f3 00 12 1a 70 22 78
c2 f3 80 02 02 70 3b 48  00 68 08 60 30 bd 10 b5
sending write buffer, mode=0xd, mspec=0, id=0,  offset=1327104, len=4096
    Write buffer cdb: [3b 0d 00 14 40 00 00 10 00 00]
    Write buffer parameter list (first 256 bytes):
42 f0 02 01 19 70 a5 49  08 70 f5 e7 40 06 05 d5
10 69 08 60 10 89 88 80  cb 80 70 47 90 69 08 60
90 69 88 60 90 69 92 68  10 44 40 1e 48 60 70 47
93 48 10 b5 00 78 80 07  01 d5 7e df 1f df 2c f0
19 f9 2b f0 a3 fd 04 46  8d f7 32 f9 20 46 10 bd
8b 4a 10 b5 12 78 92 07  01 d5 7e df 20 df 8b 4a
00 eb 40 00 02 eb c0 00  41 81 bd e8 10 40 8d f7
1f b9 10 b5 f8 f7 ca fe  bd e8 10 40 8d f7 18 b9
7f 49 10 b5 09 78 89 07  01 d5 7e df 21 df 03 f0
1a fa 40 f2 00 10 8f f7  4c f8 f5 f7 7d fa bd e8
10 40 8d f7 05 b9 76 49  10 b5 09 78 89 07 01 d5
7e df 22 df 7a 49 02 78  0a 70 40 78 48 70 bd e8
10 40 8d f7 f5 b8 10 b5  04 46 02 f5 a8 fb 6c 49
09 78 89 07 01 d5 7e df  23 df 02 f5 91 fb 71 48
04 60 bd e8 10 40 8d f7  e3 b8 10 b5 04 46 02 f5
96 fb 63 49 09 78 89 07  01 d5 7e df 24 df 20 46
sending write buffer, mode=0xd, mspec=0, id=0,  offset=1331200, len=4096
    Write buffer cdb: [3b 0d 00 14 50 00 00 10 00 00]
    Write buffer parameter list (first 256 bytes):
00 20 07 e0 02 eb 00 11  b1 f8 f0 72 08 37 a1 f8
f0 72 40 1c 92 f8 e0 12  81 42 f3 d8 01 20 10 e0
80 b1 7a b1 00 20 07 e0  02 eb 00 11 b1 f8 f0 72
08 3f a1 f8 f0 72 40 1c  92 f8 e0 12 81 42 f3 d8
00 20 18 70 92 f8 e0 02  00 23 0b e0 02 eb 03 11
b1 f8 f0 12 b1 42 04 d1  02 eb 03 10 d0 e9 be 45
02 e0 5b 1c 98 42 f1 d8  54 ea 05 00 05 d1 d8 48
cd e9 00 60 68 46 44 f7  51 f9 20 46 29 46 bd e8
fc 81 2d e9 f0 5f 4f f0  00 07 14 46 5f ea 03 09
0d 46 06 46 bb 46 0c d1  26 f0 c8 ff b6 fb f0 f0
87 b2 26 f0 c3 ff b6 fb  f0 f1 00 fb 11 60 00 f0
ff 0b 01 2c 07 d0 df f8  1c a3 b9 f1 01 0f 4f f0
00 04 1c d0 2a e0 28 46  27 f0 e8 fc 80 46 c2 48
b0 f8 00 a0 c1 48 00 68  44 5d 5e e0 61 1c 88 b2
00 eb c0 02 02 eb 40 12  da f8 00 00 00 eb c2 00
00 eb 85 00 d0 f8 ec 00  b0 42 13 d8 8c b2 27 f0
sending write buffer, mode=0xd, mspec=0, id=0,  offset=1335296, len=4096
    Write buffer cdb: [3b 0d 00 14 60 00 00 10 00 00]
    Write buffer parameter list (first 256 bytes):
00 e0 08 24 dd e9 0a 01  c6 e9 00 01 dd e9 0a 01
cd e9 02 01 bd f8 30 00  29 46 ad f8 20 00 68 46
27 f0 16 f8 0e a9 68 46  ff f7 ee fe 16 98 b0 60
18 b0 20 46 70 bd 70 b5  8a b0 1d 46 16 46 6b 46
0e 9c 8c f7 a4 fb 2a 46  31 46 68 46 24 f0 3c fe
20 80 0d e4 54 0c 26 80  78 dd 25 80 a4 0b 26 80
5c a6 24 80 58 a6 24 80  f0 b5 8d b0 1c 46 02 f4
70 65 06 46 50 06 0f 46  0a d5 15 f0 ff 0f 30 46
0a ab 01 d0 7c df 2d df  45 f0 40 02 ff f7 25 fb
0a ab 2a 46 30 46 39 46  24 f0 22 fe 06 46 dd e9
0a 01 c4 e9 00 01 dd e9  0a 01 cd e9 02 01 bd f8
30 00 29 46 ad f8 20 00  68 46 26 f0 c9 ff 29 46
68 46 8c f7 97 fb 29 46  20 81 68 46 8b f7 94 fe
21 89 00 f5 d8 70 08 44  40 f2 b0 11 b0 fb f1 f2
01 fb 12 00 20 81 0d b0  30 46 f0 bd 2d e9 f0 4f
07 46 05 68 4f f0 00 0b  40 f2 02 12 8b b0 d7 e9
sending write buffer, mode=0xd, mspec=0, id=0,  offset=1339392, len=4096
    Write buffer cdb: [3b 0d 00 14 70 00 00 10 00 00]
    Write buffer parameter list (first 256 bytes):
86 b3 b6 48 b6 49 04 68  ad 48 90 f8 2d 00 00 eb
80 00 01 eb 40 00 00 89  a0 85 98 f8 00 00 0a 28
04 d0 0b 28 02 d0 5d f8  25 00 a0 63 a0 6b 01 06
03 d4 02 a9 31 f8 15 10  21 80 00 f0 01 01 20 46
f0 f7 26 fd 28 46 f8 f7  24 fe 24 f0 d3 ff 60 85
24 f0 de ff e0 85 24 f0  e9 ff 20 86 a1 48 30 f8
15 00 a0 87 6d 1c ad b2  02 2d ab d3 bd e8 fe 83
2d e9 f1 4f 86 b0 40 f2  00 1b 00 20 00 26 04 90
92 48 d0 e9 03 12 cd e9  00 12 d0 e9 05 10 cd e9
02 10 8d 48 00 2e 50 f8  26 40 7d d1 06 98 01 28
7b d0 df f8 1c 82 00 25  2e e0 8f 48 b0 f8 dc 03
90 b1 00 21 5f 46 58 46  ea b2 8b f7 c9 ff 8b 48
00 68 b8 42 0c d1 8a 48  01 68 8a 48 00 78 01 eb
80 00 d0 f8 ec 00 06 e0  25 f0 02 f9 01 46 e9 e7
85 48 00 68 80 68 04 eb  85 07 b8 63 25 f0 0c fa
40 1e 81 b2 58 46 ea b2  8b f7 aa ff a8 b2 25 f0
sending write buffer, mode=0xd, mspec=0, id=0,  offset=1343488, len=4096
    Write buffer cdb: [3b 0d 00 14 80 00 00 10 00 00]
    Write buffer parameter list (first 256 bytes):
04 eb 40 01 0a 8c 17 99  8a 42 03 d1 40 1c c0 b2
58 45 f5 d3 58 45 05 d0  6d 1c 1a 9c ad b2 45 2d
ff f4 dc ae bd f8 50 00  db 28 1b e0 d4 b0 24 80
84 c6 24 80 58 a6 24 80  00 f4 23 80 98 31 25 80
86 c6 24 80 54 0c 26 80  64 0c 26 80 68 0c 26 80
69 0c 26 80 00 00 20 80  48 0c 26 80 87 c6 24 80
80 0c 26 80 01 d9 80 df  38 df ff 4b 00 20 0a e0
08 eb 40 01 1a 78 0a 84  06 eb 40 01 0a 8c 52 1c
0a 84 40 1c c0 b2 58 45  f2 d3 dd e9 00 12 f7 48
00 23 c8 e9 04 12 b0 f8  de 03 d8 e9 0e 12 a0 fb
01 45 03 fb 01 51 00 fb  02 11 dd e9 00 02 20 18
51 41 c6 e9 04 01 ff f7  67 fc 8b f7 6f f9 1b b0
d5 e5 2d e9 f0 4f 87 b0  80 46 24 f0 89 fa e8 4e
88 f8 00 00 e7 4c 30 68  01 7c 82 7e 40 7c 11 44
01 44 88 f8 01 10 21 68  10 31 00 91 24 f0 78 fa
00 99 01 22 10 fb 02 15  df 49 30 68 00 f5 74 70
sending write buffer, mode=0xd, mspec=0, id=0,  offset=1347584, len=4096
    Write buffer cdb: [3b 0d 00 14 90 00 00 10 00 00]
    Write buffer parameter list (first 256 bytes):
27 48 14 22 10 b5 00 24  01 46 04 70 44 60 04 74
24 48 04 f6 f0 e9 23 48  c4 61 10 bd 22 48 00 21
10 b5 c0 e9 00 11 21 48  c0 e9 00 11 20 48 c0 e9
00 11 20 48 c0 e9 00 11  ff f7 e2 ff f1 f7 43 ff
01 28 0c d1 00 20 f4 f7  6a f8 01 28 07 d1 f7 f7
b8 fb f7 f7 a1 fc f0 f7  e9 f8 01 28 2c d0 00 20
10 bd 00 00 90 23 24 80  e4 a4 24 80 80 00 16 c3
98 c0 24 80 96 00 80 89  aa c0 24 80 c0 00 80 c9
84 00 09 c4 0f 10 01 00  10 e1 00 7e 84 01 15 84
d0 a6 24 80 d4 a6 24 80  d8 a6 24 80 dc a6 24 80
9c a6 24 80 b0 a6 24 80  e8 a6 24 80 f0 a6 24 80
f8 a6 24 80 00 a7 24 80  f2 f7 5f fa 00 28 cf d0
f3 f7 8e fd 01 20 cb e7  f0 b5 fb 4e 96 f8 22 20
d3 b2 5b 1e dc b2 f9 4b  01 27 1d 88 52 1e 39 b1
96 f8 22 30 40 1c b0 fb  f3 fc 03 fb 1c 00 01 e0
40 b1 40 1e c0 b2 07 fa  00 f3 2b 42 01 d0 00 2a
sending write buffer, mode=0xd, mspec=0, id=0,  offset=1351680, len=4096
    Write buffer cdb: [3b 0d 00 14 a0 00 00 10 00 00]
    Write buffer parameter list (first 256 bytes):
00 78 00 eb 40 00 31 f8  30 20 52 04 03 d5 01 eb
c0 00 40 89 00 e0 30 88  29 68 d1 f8 98 12 08 82
7c 48 29 68 00 68 d1 f8  98 12 40 79 88 77 68 46
ff f7 d5 fa 28 68 9d e8  4c 00 d0 f8 98 12 c1 f8
26 20 c1 f8 2a 30 c1 f8  2e 60 73 49 09 88 11 f4
f8 71 00 d0 01 21 d0 f8  98 22 5f 4e 51 63 d0 f8
98 22 81 6d 91 61 31 78  01 29 01 d0 02 29 56 d1
81 68 ca 07 53 d0 d0 e9  22 23 d2 43 72 ea 03 02
04 d1 28 30 1f f0 12 ff  25 f0 2c fe 29 68 08 89
c0 f3 c0 30 00 28 20 78  0a d0 80 06 17 d5 d1 f8
98 02 d0 e9 00 20 d2 43  72 ea 00 02 0b d0 0e e0
10 f0 c0 0f 0b d0 d1 f8  98 02 d0 e9 00 32 d8 43
70 ea 02 00 03 d1 d1 e9  22 01 25 f0 cd fd 28 68
d0 f8 98 12 d0 e9 0c 20  c1 e9 02 20 20 78 80 06
02 d5 80 20 25 f0 b6 fd  ff f7 58 fa 20 78 40 07
02 d5 40 20 25 f0 ae fd  20 78 40 06 05 d5 29 68
sending write buffer, mode=0xd, mspec=0, id=0,  offset=1355776, len=4096
    Write buffer cdb: [3b 0d 00 14 b0 00 00 10 00 00]
    Write buffer parameter list (first 256 bytes):
8a 6d d1 e9 13 90 09 6c  59 1a 5f ea 49 63 07 d5
89 b2 de f7 3f f8 03 90  de f7 46 f8 04 46 03 e0
4f ea d8 00 00 fb 01 24  c9 48 00 eb c5 00 83 46
d0 e9 36 6a 0a 98 8d f7  f5 fd 05 eb 45 01 01 eb
c5 01 00 eb 81 10 00 90  0a 98 8d f7 eb fd 07 46
0a 98 20 f0 a1 fb 39 18  00 98 06 94 04 ab 40 f2
01 12 c0 08 07 90 09 90  4f f0 ff 30 00 eb d1 00
08 90 b8 48 04 94 00 88  20 44 40 1e 05 90 07 a8
00 90 db e9 36 01 ff f7  47 ff 01 28 07 46 3b d1
ac 48 01 68 88 6d 42 1c  03 d0 a0 f5 b0 50 52 38
88 65 5f ea 49 60 08 d5  03 98 01 21 dd f7 f2 ff
03 90 dd f7 f9 ff 04 46  01 e0 04 eb d8 04 72 1c
db e9 38 01 4a f1 00 03  df f8 84 a2 12 1a 8b 41
14 d2 5f ea 49 61 0a d5  80 1b 40 1c 81 b2 03 98
dd f7 d8 ff 03 90 dd f7  df ff 04 46 06 e0 80 1b
40 1c 4f ea d8 01 a1 fb  00 01 04 19 ba f8 c0 00
sending write buffer, mode=0xd, mspec=0, id=0,  offset=1359872, len=4096
    Write buffer cdb: [3b 0d 00 14 c0 00 00 10 00 00]
    Write buffer parameter list (first 256 bytes):
82 a5 24 80 81 a5 24 80  80 a5 24 80 20 a5 24 80
d0 a4 24 80 84 a5 24 80  9c a5 24 80 88 a5 24 80
28 a2 24 80 8c a5 24 80  71 7c 33 00 29 a2 24 80
00 40 0c 44 d0 0c 26 80  90 23 24 80 01 82 02 00
40 20 24 80 08 00 00 04  00 f4 23 80 5c a6 24 80
58 a6 24 80 38 a2 24 80  0c a2 24 80 c0 7e 33 00
00 20 0c 44 b4 f8 28 0b  20 f0 01 00 a4 f8 28 0b
fa 4f 4f f0 00 06 38 88  c0 05 04 d4 f8 48 06 70
01 20 fe f7 90 fb 38 78  df f8 d8 a3 df f8 d8 b3
00 07 18 d4 9a f8 00 00  00 eb 40 01 0b eb c1 00
00 79 00 f0 08 00 30 43  0d d1 28 68 00 78 80 07
09 d5 00 20 ff f7 a0 fe  00 28 7d d0 01 20 ff f7
9b fe 00 28 78 d0 38 78  40 07 07 d4 28 68 00 78
c0 07 03 d0 ff f7 23 fe  00 28 6d d0 38 68 80 01
0c d4 28 68 00 68 01 04  01 d5 00 20 02 e0 80 03
04 d5 01 20 1e f0 c0 ff  00 28 5d d0 87 f7 51 fb
sending write buffer, mode=0xd, mspec=0, id=0,  offset=1363968, len=4096
    Write buffer cdb: [3b 0d 00 14 d0 00 00 10 00 00]
    Write buffer parameter list (first 256 bytes):
7f 49 20 22 7f 48 04 ab  40 f7 50 fe bb e1 84 42
3f f6 1f af 40 f2 00 10  22 f0 1c fe 19 e7 3a 68
90 6d 41 1c 14 d0 31 68  0b 68 13 f4 40 7f 01 d1
5b 05 04 d5 74 4b 1b 68  93 f8 28 30 00 e0 01 23
4e f6 ae 14 09 79 13 fb  04 f3 01 fb 03 00 90 65
86 f7 a7 fb 01 28 35 d1  65 48 00 78 10 f0 01 0f
0a d0 6a 48 d0 f8 f0 00  90 f8 2e 10 ff 29 03 d0
d0 f8 a8 00 00 28 25 da  65 48 00 78 03 28 21 d1
64 48 29 88 90 f8 50 00  40 1e 88 42 1a d1 04 a8
65 f7 5d fc 04 a8 08 90  07 a9 08 a8 ff f7 13 f9
cd e9 00 89 1e f0 a6 fd  02 90 1e f0 a9 fd 8d f8
0c 00 00 22 bd f8 1e 00  69 46 ad f8 0e 00 09 20
65 f7 58 fc fe f7 53 ff  04 46 38 68 00 89 00 04
01 d5 77 20 00 e0 3b 20  84 f7 ef fc df f8 00 b1
9b f8 00 00 18 b1 01 28  01 d0 02 28 2a d1 28 88
07 28 10 d1 86 f7 55 fb  68 b9 38 68 46 49 40 68
sending write buffer, mode=0xd, mspec=0, id=0,  offset=1368064, len=4096
    Write buffer cdb: [3b 0d 00 14 e0 00 00 10 00 00]
    Write buffer parameter list (first 256 bytes):
02 28 0b d0 80 25 01 2c  19 d0 3e e0 eb f7 80 f9
39 46 28 46 db f7 12 fb  05 46 36 e0 02 20 f8 f4
e0 fb 21 f0 05 fe cb 48  b0 f8 5a 10 41 f0 02 01
a0 f8 5a 10 01 20 7e f7  59 f9 81 25 e3 e7 80 2d
23 d1 00 20 8d f8 04 00  06 27 04 46 19 e0 30 68
07 eb 44 01 d0 f8 d8 02  08 44 00 88 ad f8 08 00
02 90 bd f8 08 00 ad f8  00 00 68 46 ee f7 d9 fe
31 68 bd f8 02 00 d1 f8  1c 13 41 f8 24 00 64 1c
a4 b2 ff f7 5b fd a0 42  e1 d8 28 46 fe bd 70 b5
ad 4e 30 68 00 7a c0 f3  00 10 18 b1 1c f0 60 f8
01 28 01 d0 82 df 13 df  ff f7 70 fe aa 4d 01 28
04 d0 1c f0 77 fc ff f7  6d ff 15 e0 1c f0 28 f8
01 28 19 d0 ff f7 33 fd  01 28 15 d0 b5 f8 80 01
40 f4 80 60 a5 f8 80 01  b5 f8 80 01 40 f0 20 00
a5 f8 80 01 00 f0 20 ff  04 46 eb f7 23 fa 80 2c
05 d0 8d 2c 03 d0 04 e0  1c f0 54 fc f2 e7 97 48
sending write buffer, mode=0xd, mspec=0, id=0,  offset=1372160, len=4096
    Write buffer cdb: [3b 0d 00 14 f0 00 00 10 00 00]
    Write buffer parameter list (first 256 bytes):
2e 4e 20 60 2e 48 00 68  60 60 02 20 01 90 5c e0
05 eb 81 01 51 f8 08 0c  8a 68 02 44 51 f8 04 0c
49 68 08 44 81 00 01 98  55 f8 20 00 00 eb 40 00
01 eb 40 00 69 46 10 44  00 09 00 90 20 46 ff f7
16 fa 3f e0 78 a4 24 80  da a1 24 80 68 a2 24 80
90 00 80 89 90 23 24 80  00 20 24 80 00 60 02 44
98 c0 24 80 84 01 15 84  85 00 09 c4 10 a2 24 80
14 a2 24 80 b9 a4 24 80  29 a2 24 80 90 a4 24 80
32 a2 24 80 82 87 80 44  f0 a0 24 80 58 a6 24 80
8a 00 09 84 60 a6 24 80  c2 a4 24 80 c4 a4 24 80
60 a2 24 80 c6 a4 24 80  c8 a4 24 80 ca a4 24 80
64 7c 33 00 98 a6 24 80  24 a5 24 80 90 a5 24 80
94 a5 24 80 01 98 40 1c  01 90 01 46 30 68 80 1e
81 42 9d d3 7c bd fc b5  04 46 35 4d 4f f0 00 40
34 4f 20 60 31 48 00 68  60 60 02 20 1e 26 01 90
20 e0 08 46 55 f8 21 10  05 eb 80 00 42 68 83 68
sending write buffer, mode=0xd, mspec=0, id=0,  offset=1376256, len=4096
    Write buffer cdb: [3b 0d 00 15 00 00 00 10 00 00]
    Write buffer parameter list (first 256 bytes):
1a f0 6a ff 01 28 18 d0  b8 f8 0c 00 c0 05 37 d5
b8 f8 0c 00 00 04 09 d5  30 46 29 46 1a f0 5f ff
01 28 0c d0 b8 f8 0c 00  c0 05 29 d5 98 f8 0c 00
c0 07 25 d0 4f f0 01 09  d3 e7 10 49 01 e0 0f 49
49 1e db f8 08 00 81 60  45 e0 1b e0 9c bf 24 80
79 a1 24 80 70 a0 24 80  78 a4 24 80 79 a4 24 80
40 20 24 80 b0 a0 24 80  28 22 24 80 fe ff ff fd
ad 00 80 89 a6 00 00 40  c8 9d 24 80 82 01 14 83
8a df 08 df a8 69 d0 e9  00 12 49 1c 42 f1 00 02
c0 e9 00 12 68 68 a0 e7  3f b9 db f8 18 00 d0 e9
00 23 db f8 04 00 c0 e9  00 23 db f8 04 00 d0 e9
00 23 db f8 08 00 c0 e9  06 23 db f8 08 00 d0 e9
0e 23 d2 43 72 ea 03 02  05 d0 db f8 04 10 d1 e9
00 21 c0 e9 0e 21 db f8  18 10 00 20 48 61 dd e9
00 10 1b f0 e9 f8 07 b0  38 46 bd e8 f0 8f 2d e9
f0 41 f9 4c dd e9 09 c6  dd f8 2c e0 65 78 dd f8
sending write buffer, mode=0xd, mspec=0, id=0,  offset=1380352, len=4096
    Write buffer cdb: [3b 0d 00 15 10 00 00 10 00 00]
    Write buffer parameter list (first 256 bytes):
19 46 cd f8 00 80 2d f7  0a fe 14 b0 30 46 bd e8
f0 87 07 26 f9 e7 2d e9  f0 41 6a 4e 04 46 86 b0
70 78 20 b1 66 48 80 1e  06 b0 bd e8 f0 81 70 68
0c 30 f3 f7 e6 f9 d4 e9  0c 01 73 68 00 27 7d 1e
1a 69 0c 33 c4 e9 0c 27  4f f4 00 02 cd e9 02 27
61 4a cd e9 04 55 00 92  04 22 ff f7 48 f8 71 68
4f f0 80 08 a0 69 48 63  20 7f c0 07 03 d0 03 20
fe f7 0e fe 01 e0 03 f0  f9 ff 05 46 a0 6b 1f f0
63 fc e0 6b 1f f0 5a fc  8d b1 20 6b d8 f7 0c f8
4f f0 00 41 51 4a 41 ea  c0 00 71 68 12 88 89 68
51 43 fb f4 b2 ea b0 69  47 61 40 46 bc e7 1b f0
cf fa 80 46 f7 e7 2d e9  f8 4f f9 20 0c 46 e6 f7
89 fa 02 21 05 46 00 1d  e6 f7 4f f8 06 14 02 21
05 f1 08 00 e6 f7 49 f8  4f ea 20 48 dc 20 e6 f7
79 fa 07 14 dd 20 e6 f7  75 fa 05 14 8e 20 e6 f7
71 fa 00 90 28 46 fe f5  2e e9 83 46 59 46 fe f5
sending write buffer, mode=0xd, mspec=0, id=0,  offset=1384448, len=4096
    Write buffer cdb: [3b 0d 00 15 20 00 00 10 00 00]
    Write buffer parameter list (first 256 bytes):
81 01 32 83 89 00 1c 84  c9 f8 30 10 19 f0 8a f9
d9 f8 30 10 80 29 04 d0  a1 68 21 61 d9 f8 30 00
a0 60 40 46 1a e7 2d e9  f0 47 07 46 f9 48 80 26
14 46 89 46 05 68 18 f0  f7 ff ff f7 07 fe 00 28
65 d0 f5 49 f5 48 1e f0  69 fc 08 b1 7c df 0c df
df f8 cc 83 d8 f8 08 00  01 28 13 d1 f1 48 00 78
c0 07 0f d1 a0 07 0d d0  2d f7 74 ff 03 28 09 d0
d5 e9 00 01 e1 f7 31 fe  01 28 03 d1 68 8b 40 f0
08 00 68 83 00 24 34 e0  01 28 1c d9 e6 48 b3 f7
ff ff 05 eb 44 10 00 7e  02 28 03 d1 e2 48 09 38
b3 f7 f6 ff e0 48 c0 1f  b3 f7 f2 ff d8 f8 08 00
de 49 00 1b fa f5 60 fe  80 1d b3 f7 e9 ff da 48
c0 1e b3 f7 e5 ff 05 eb  44 16 79 6a 30 46 e0 f7
47 ff 97 f8 24 00 80 07  04 d5 1c b1 70 8b 40 f0
01 00 70 83 30 46 e0 f7  6f ff 80 28 06 46 04 d1
64 1c d8 f8 08 00 a0 42  c6 d8 02 f0 b7 ff 10 b1
sending write buffer, mode=0xd, mspec=0, id=0,  offset=1388544, len=4096
    Write buffer cdb: [3b 0d 00 15 30 00 00 10 00 00]
    Write buffer parameter list (first 256 bytes):
06 03 18 eb 00 02 40 92  47 eb 03 01 2f 91 94 f8
20 10 91 b1 00 22 8d f8  38 20 63 78 03 b9 01 22
10 92 22 7b 8d f8 48 20  cd f8 50 80 cd e9 15 70
a0 7b 11 90 0e a8 df f0  2f fd 01 20 09 90 9d e3
00 20 08 90 2f 98 b2 eb  08 01 60 eb 07 00 cd e9
06 10 dd e9 41 23 59 1a  82 41 02 d2 41 98 cd e9
06 30 dd e9 06 21 18 eb  02 02 47 eb 01 00 39 46
cd e9 0a 20 38 aa 40 46  f2 f7 b7 fd dd e9 0a 01
30 aa 40 1e 41 f1 ff 31  f2 f7 af fd 30 99 38 98
08 1a a1 68 40 1c b1 f5  80 7f 4f ea 80 00 16 d1
dd e9 0a 12 40 9d 2f 9b  69 40 5a 40 11 43 09 d1
dd e9 06 31 1b 18 dd e9  41 02 41 f1 00 01 d2 1a
88 41 04 d2 60 78 06 aa  0a a9 03 f0 c5 f9 4f f0
ff 36 b1 46 45 e3 a0 68  b0 f5 00 7f 0a d0 40 f2
01 10 2e 90 00 20 8b f8  18 00 60 78 70 b1 25 48
e1 69 29 e1 40 f2 01 20  2e 90 07 21 8b f8 18 10
sending write buffer, mode=0xd, mspec=0, id=0,  offset=1392640, len=4096
    Write buffer cdb: [3b 0d 00 15 40 00 00 10 00 00]
    Write buffer parameter list (first 256 bytes):
02 01 bd f8 30 00 ad f8  20 00 68 46 0d 99 19 f0
1f f8 28 78 bd f8 16 60  01 28 0e d0 0d 99 68 46
7e f7 bb fa cd e9 0e 01  0d 99 40 f2 00 10 81 42
c6 eb c6 01 0d d1 89 4a  0c e0 0d 9a 0e a9 0a a8
f2 f7 1a fc 00 28 ef d0  07 28 ed d0 82 48 40 1c
69 e0 83 4a 40 f2 02 4a  80 46 32 f8 11 60 0d 98
40 45 0d d1 a9 69 40 f2  14 20 08 60 28 78 02 28
03 d0 73 48 27 76 40 1e  0d e0 71 48 02 21 09 e0
a9 69 40 f2 00 20 08 60  28 78 02 28 47 d0 6c 48
ff 30 07 21 21 76 4f f0  ff 31 40 f6 00 02 cd e9
04 11 00 21 00 90 cd e9  02 21 dd e9 0e 01 ab 69
32 46 fc f7 1c f8 00 f0  d9 ff 81 46 50 46 15 f0
b9 fa b9 f1 00 0f 2f d1  18 f0 c2 fa 40 00 2d d5
68 78 01 28 05 d0 63 48  80 68 90 f8 4c 00 40 06
24 d5 18 f0 c5 fa 42 46  f1 f7 d9 fc 16 f0 e4 fe
c0 b1 a0 68 80 28 17 d1  18 f0 ba fa 40 1c dd e9
sending write buffer, mode=0xd, mspec=0, id=0,  offset=1396736, len=4096
    Write buffer cdb: [3b 0d 00 15 50 00 00 10 00 00]
    Write buffer parameter list (first 256 bytes):
22 67 41 68 0c 31 25 91  02 21 27 91 81 68 09 6d
26 91 80 68 a0 30 28 90  02 a8 29 90 20 a8 fb f7
08 fd 80 28 19 d0 21 68  89 68 ca 6c 42 f4 00 02
ca 64 d6 49 88 42 0e d0  20 68 81 68 0a 6d 52 1c
01 d0 08 9a 0a 65 07 99  c9 05 04 d5 80 68 c1 6c
41 f4 80 71 c1 64 01 98  cf e6 01 20 32 46 3b 46
00 90 10 46 19 46 29 f7  da fd e5 e7 2d e9 f8 4f
c7 4e 70 78 18 b9 c4 49  08 68 b0 42 01 d1 8a df
06 df c4 4a 00 25 10 60  10 b1 45 78 08 22 42 70
01 20 70 70 88 46 0e 60  4f f0 00 09 be 49 df f8
fc b2 df f8 fc a2 c6 f8  1c 90 81 f8 69 90 cb f8
00 10 9a f8 00 00 bb 4a  00 eb 40 01 02 eb c1 01
d1 e9 00 73 27 f0 80 62  1c 46 16 f0 ff f8 81 f7
64 f9 00 90 3a 46 9a f8  00 00 23 46 16 f0 f6 f8
ac 48 00 68 c8 f8 00 00  18 b1 41 78 09 29 00 d0
45 70 cb f8 00 90 86 f8  01 90 00 98 bd e8 f8 8f
sending write buffer, mode=0xd, mspec=0, id=0,  offset=1400832, len=4096
    Write buffer cdb: [3b 0d 00 15 60 00 00 10 00 00]
    Write buffer parameter list (first 256 bytes):
21 68 80 28 8a 68 90 60  8a 68 06 d0 02 20 10 71
00 20 58 49 08 70 01 20  10 bd 48 68 80 79 10 73
48 68 8a 68 00 89 d0 81  48 68 8a 68 40 89 10 82
01 20 89 68 08 71 eb e7  2d e9 f0 47 df f8 40 91
4f f0 01 08 d9 f8 00 00  d0 e9 01 64 00 20 a0 81
30 78 10 b1 75 68 00 27  15 e0 d2 f7 ec fb a0 81
dc f7 f0 fe 1d e0 30 78  01 28 13 d0 d5 e9 00 01
dd f7 fa fd 80 46 b8 f1  00 0f 22 d0 a0 89 10 35
40 1c a0 81 7f 1c 70 88  b8 42 ec d8 b8 f1 01 0f
07 d0 16 e0 28 46 d2 f7  2c fc 80 28 a0 60 10 d1
e9 e7 d9 f8 00 00 40 68  40 78 01 28 09 d1 80 1e
01 22 01 46 dd f7 c2 f8  80 28 a0 60 01 d0 00 20
c2 e6 01 20 c0 e6 0e b5  1e 20 f8 f7 3f fb 2c 48
00 68 40 68 43 8a 02 8a  90 f9 0e 10 8d e8 0e 00
b0 f9 0c 30 07 c8 f7 f7  2b fe 22 4a 00 21 11 70
0e bd f0 b5 95 b0 23 49  00 20 01 27 30 22 0e 90
sending write buffer, mode=0xd, mspec=0, id=0,  offset=1404928, len=4096
    Write buffer cdb: [3b 0d 00 15 70 00 00 10 00 00]
    Write buffer parameter list (first 256 bytes):
6a df 20 46 86 f7 b7 fe  00 90 0a 98 01 28 79 d0
c5 f8 10 80 60 69 68 61  40 46 d2 f7 45 f8 a8 61
b9 f1 00 0f c5 e9 00 ba  02 d0 a0 89 80 1b a8 81
20 89 80 1b 28 81 0c 98  00 28 7d d0 df f8 ac a4
da f8 04 00 40 f4 00 41  ca f8 04 10 df f8 a0 b4
21 69 db f8 0c 00 40 f8  27 10 04 21 00 eb 87 00
f0 f4 a6 fc da f8 04 00  40 f0 00 41 50 46 ca f8
04 10 41 68 00 29 fc db  40 68 20 f4 00 41 ca f8
04 10 da f8 04 00 40 f4  00 41 ca f8 04 10 62 69
db f8 0c 00 40 f8 22 80  61 69 00 eb 81 00 04 21
f0 f4 86 fc da f8 04 00  40 f0 00 41 50 46 ca f8
04 10 41 68 00 29 fc db  41 68 21 f4 00 41 41 60
b9 f1 00 0f 67 61 00 d0  a6 81 26 81 4f f0 00 08
a5 f8 1e 80 01 20 a5 f8  1c 80 28 62 0b 98 00 28
7d d0 e0 8c df f8 0c 94  09 eb 00 11 89 68 8f b2
21 46 82 f7 9e fd fe 4e  5e 36 b0 88 00 28 6f d0
sending write buffer, mode=0xd, mspec=0, id=0,  offset=1409024, len=4096
    Write buffer cdb: [3b 0d 00 15 80 00 00 10 00 00]
    Write buffer parameter list (first 256 bytes):
da 68 02 eb 84 04 01 94  5b 6a 02 eb 83 02 12 1d
02 92 00 22 8d f8 0c 20  8d f8 0d 20 43 f2 04 02
01 23 00 92 01 aa 33 f7  2b fa 04 b0 10 bd f0 b5
05 46 0c 30 05 9e 00 f1  20 04 8c 42 19 d8 6c 4f
14 46 04 c0 5b 1e d7 f8  0c c0 5c f8 24 40 94 42
10 c0 02 d0 0b b1 88 42  f4 d3 41 1b 43 f2 04 03
00 22 2a 70 0c 39 6b 80  21 f0 03 01 6e 70 c5 e9
01 21 f0 bd 2d e9 f8 43  00 26 89 46 05 46 37 46
08 f0 f2 fc 70 b1 01 78  49 06 0b d5 03 89 4b b1
46 68 01 20 49 46 00 90  32 46 28 46 ff f7 c7 ff
01 27 05 46 00 24 4f f0  02 08 20 46 08 f0 e2 fc
80 b1 01 78 c9 07 0d d0  03 89 5b b1 17 b1 41 68
b1 42 07 d0 cd f8 00 80  49 46 42 68 28 46 ff f7
ae ff 05 46 64 1c e4 b2  02 2c e6 d3 28 46 bd e8
f8 83 30 b4 14 46 42 8d  20 46 19 46 30 bc 81 f7
c9 ba 2d e9 ff 5f 8c b0  3d 4e 00 22 41 4b a0 36
sending write buffer, mode=0xd, mspec=0, id=0,  offset=1413120, len=4096
    Write buffer cdb: [3b 0d 00 15 90 00 00 10 00 00]
    Write buffer parameter list (first 256 bytes):
18 44 60 62 49 6c 00 29  f8 d1 62 64 22 64 16 b1
28 46 ed f4 a3 f8 ed f4  f3 fb 30 46 6d e6 70 b5
0d 46 04 46 ed f4 fb fb  94 f8 2c 00 01 28 00 d0
a5 b1 01 20 21 46 ff f7  6b ff 08 b1 ff f7 46 ff
00 20 60 62 21 46 84 f8  2d 00 ff f7 8d fe 01 21
84 f8 2c 10 30 b1 ff f7  6d fe 03 e0 60 6b 40 f0
02 00 60 63 bd e8 70 40  ed f4 ca bb 70 b5 00 25
04 46 ed f4 d4 fb bd 4e  20 3e b0 6a 60 b1 28 20
ed f4 f7 f8 40 b1 28 20  d1 f7 a0 fd b2 6a 91 6a
81 42 00 d2 08 46 90 62  b0 6a 00 21 84 42 09 d1
a0 6c b0 62 20 b1 82 6a  a3 6a 1a 44 82 62 c1 64
01 25 18 e0 e2 6c b2 b1  a0 6c 58 b1 82 6a a3 6a
1a 44 82 62 d4 e9 12 02  c2 64 d4 e9 12 02 90 64
e0 6c 06 e0 91 64 fb e7  a2 6a 83 6a 1a 44 a2 62
c0 6c 00 28 f8 d1 e1 64  a1 64 15 b1 28 20 ed f4
35 f8 ed f4 85 fb 28 46  70 bd 70 b5 9b 4d 20 3d
sending write buffer, mode=0xd, mspec=0, id=0,  offset=1417216, len=4096
    Write buffer cdb: [3b 0d 00 15 a0 00 00 10 00 00]
    Write buffer parameter list (first 256 bytes):
85 fc 20 b9 28 46 81 f7  59 f9 05 00 d9 d1 00 2d
74 d0 d5 e9 1c 21 dd e9  08 03 10 1a 71 eb 03 00
01 d2 58 df 7e df b5 f8  88 00 0b f1 01 0b 82 18
41 f1 00 03 a6 42 82 44  cd e9 08 23 03 d0 dd e9
04 01 c6 e9 1c 01 b5 f8  88 00 b4 f8 8c 10 08 44
80 b2 06 e0 d8 77 26 80  22 00 00 14 e0 78 26 80
b0 e0 a4 f8 8c 00 08 99  c9 1b 89 b2 0b 91 b8 f1
00 0f 1b d1 0b 99 88 42  18 d0 40 f2 00 16 4f f0
01 08 31 46 fe 48 f3 f5  1e ea b4 f8 88 00 80 34
cd e9 02 06 fa 48 3a 46  cd e9 00 79 4b 46 ff f7
49 fb 20 68 40 f4 80 30  44 f8 80 09 0b 98 b8 f1
01 0f a4 f8 88 00 0e d1  40 f2 00 11 b5 f8 88 00
3a 46 4b 46 cd e9 02 01  d5 e9 1c 01 cd e9 00 01
eb 48 ff f7 2f fb 0a 98  00 28 77 d0 07 98 18 b1
01 20 00 90 01 90 0e e0  b8 f1 00 0f 07 d0 01 20
07 90 20 46 0a f0 b7 fa  02 21 01 e0 2c e0 03 21
sending write buffer, mode=0xd, mspec=0, id=0,  offset=1421312, len=4096
    Write buffer cdb: [3b 0d 00 15 b0 00 00 10 00 00]
    Write buffer parameter list (first 256 bytes):
20 10 51 45 1a d3 40 46  fe f7 05 fa 98 f8 2d 00
41 46 20 b1 01 20 fd f7  a7 fe 3d b9 05 e0 00 20
fd f7 a2 fe 56 b9 06 46  08 e0 05 46 d8 f8 10 00
20 b1 40 46 fd f7 13 fe  04 b9 04 46 00 2f dc d1
45 e0 d8 f8 1c 40 19 e0  25 46 24 6c 29 6a 51 45
14 d2 95 f8 2c 00 03 28  03 d1 40 21 10 20 eb f4
03 f8 95 f8 2c 00 01 28  08 d1 00 20 29 46 fd f7
4f ff 06 b9 06 46 28 46  fe f7 8c f8 00 2c e3 d1
00 25 d8 f8 20 90 2c 46  1e e0 d0 f8 40 90 07 46
90 f8 2c 00 01 28 17 d1  39 6a 51 45 14 d2 39 46
fd f7 36 ff 05 b9 05 46  d8 f8 28 00 87 42 03 d0
b8 6c 08 b9 f8 6c 20 b1  38 46 fd f7 d7 ff 04 b9
04 46 38 46 fe f7 66 f8  5f ea 09 00 dd d1 0e b1
fd f7 30 fe 0d b1 fd f7  f9 fe 0c b1 04 f0 97 f8
bd e8 f0 47 eb f4 8c bb  10 b5 eb f4 98 fb 14 4a
ff 24 d0 69 07 e0 01 7f  89 07 03 d5 01 6a a1 42
sending write buffer, mode=0xd, mspec=0, id=0,  offset=1425408, len=4096
    Write buffer cdb: [3b 0d 00 15 c0 00 00 10 00 00]
    Write buffer parameter list (first 256 bytes):
08 f1 48 06 56 f8 24 00  28 b1 04 eb 44 02 08 eb
c2 01 ff f7 59 fd 64 1c  a4 b2 03 2c f2 d3 71 48
b8 46 44 6a b8 6e e8 b3  90 f8 80 00 47 46 80 07
41 d5 ea f4 f4 fb b8 6e  d0 f8 b8 10 41 f4 80 31
c0 f8 b8 10 ea f4 dc fb  b8 6e 90 f8 c0 10 01 20
88 40 08 f0 57 fe 2e e0  d4 f8 b4 70 00 20 d4 f8
94 10 39 b1 91 f8 34 20  52 06 03 d5 91 f8 46 00
00 f0 07 00 94 f8 b8 20  92 07 1b d5 89 b1 49 6b
4a 06 17 d5 09 02 02 d4  86 f7 d2 fb 90 b9 d4 f8
94 00 90 f8 38 10 09 06  03 d4 90 f8 44 00 00 07
08 d5 00 e0 07 e0 d4 f8  b8 00 01 25 40 f4 80 30
c4 f8 b8 00 3c 46 00 2c  ce d1 3d b9 d8 f8 68 00
44 46 a8 b1 90 f8 80 00  40 07 11 d4 ad f8 02 50
44 46 b8 f8 68 00 ad f8  00 00 46 48 20 30 01 90
68 46 2d f7 1b f9 60 8c  40 f0 01 00 60 84 31 e0
ce f7 7e fc 60 b1 09 21  00 20 33 f7 58 f8 e7 f7
sending write buffer, mode=0xd, mspec=0, id=0,  offset=1429504, len=4096
    Write buffer cdb: [3b 0d 00 15 d0 00 00 10 00 00]
    Write buffer parameter list (first 256 bytes):
98 fc f4 e7 a0 68 90 f8  71 10 06 eb 08 00 80 f8
50 10 08 f1 01 00 a4 6d  00 f0 ff 08 00 2c e2 d1
86 f8 13 80 28 8d b0 80  68 7d b0 71 7a e7 2d e9
f0 47 43 f2 30 12 94 4b  0a 80 18 22 03 28 88 46
8a 70 03 d0 08 28 17 d0  09 28 3a d1 8c 4a 00 21
08 46 52 f8 20 40 0c b1  21 46 04 e0 40 1c 80 b2
03 28 f6 d3 69 b3 88 79  00 eb 80 00 03 eb c0 00
c1 7f 41 f0 08 01 c1 77  00 26 99 46 37 46 06 eb
86 01 07 eb 47 02 09 eb  c1 05 08 eb c2 04 08 22
95 f8 20 10 21 73 29 46  a8 68 60 60 04 f1 10 00
ea f4 58 fc e8 7f 7f 1c  76 1c 60 73 28 8b f6 b2
20 2e a0 61 ff b2 e2 d3  40 f2 04 30 88 f8 03 70
b0 e6 00 20 ae e6 2d e9  ff 5f 21 25 43 f2 30 11
02 20 29 f7 ff fc df f8  b0 a1 07 00 4b d0 3c 1d
49 d0 df f8 a8 b1 4f f0  00 08 41 f2 f8 79 3f e0
08 22 04 f1 0c 01 01 91  02 a8 ea f4 2b fc 20 68
sending write buffer, mode=0xd, mspec=0, id=0,  offset=1433600, len=4096
    Write buffer cdb: [3b 0d 00 15 e0 00 00 10 00 00]
    Write buffer parameter list (first 256 bytes):
04 00 37 d0 03 21 7e f7  97 f9 60 22 29 46 20 46
ef f5 f0 e9 28 69 b0 f1  7f 4f 10 d0 fe 48 60 21
20 1a 90 fb f1 f0 fd 49  01 eb 40 10 20 61 00 20
29 69 22 69 09 5c 11 54  40 1c 20 28 f8 d3 02 21
20 46 01 f0 03 f9 20 46  7e f7 54 fa 60 6b 02 21
20 f4 80 30 60 63 20 46  7e f7 e7 f8 20 46 a4 f7
02 fd ef 48 80 6e c0 f8  94 40 20 46 bd e8 70 40
a4 f7 ef bc 58 df 0b df  70 bd 2d e9 fe 43 82 f7
ed f9 04 00 36 d0 e4 48  60 21 e5 4a 20 1a e5 4f
90 fb f1 f0 e1 49 01 eb  40 10 20 61 d0 6d c1 7b
0b 07 07 d5 3b 78 5b 07  04 d4 21 f0 08 01 41 f0
04 01 c1 73 39 68 4f f0  7f 45 91 46 4f f0 01 08
21 f4 00 71 39 60 c1 7b  4f f0 00 06 49 07 13 d5
ff 21 a1 71 26 60 40 f2  00 41 a1 63 d2 49 a1 60
90 f8 28 10 61 76 21 69  a9 42 4c d0 90 f8 28 00
08 70 48 e0 58 df 22 df  01 7e e1 71 41 69 00 7e
sending write buffer, mode=0xd, mspec=0, id=0,  offset=1437696, len=4096
    Write buffer cdb: [3b 0d 00 15 f0 00 00 10 00 00]
    Write buffer parameter list (first 256 bytes):
81 2d a1 d3 ed f4 22 eb  e0 06 04 d5 c7 f3 40 70
bd e8 fe 4f 5c e4 bd e8  fe 8f 70 b5 ae 4d 04 46
e8 68 81 02 06 d5 10 f4  40 0f 01 d0 02 20 02 e0
01 20 00 e0 00 20 a0 42  35 d0 e7 f4 f0 fb e8 68
40 f0 01 00 e8 60 a8 48  01 68 11 f0 1a 0f fb d0
ff f7 e8 fb 24 b1 01 2c  06 d0 02 2c 0c d0 17 e0
e8 68 20 f4 00 10 02 e0  e8 68 40 f4 00 10 e8 60
e8 68 20 f4 40 00 0a e0  e8 68 40 f4 00 10 e8 60
e8 68 20 f4 00 00 e8 60  e8 68 40 f4 80 00 e8 60
e8 68 20 f0 01 00 e8 60  02 20 ff f7 31 ff bd e8
70 40 e7 f4 ad bb 70 bd  10 b5 41 7e 04 23 90 4a
04 46 8e 48 1b 29 08 d0  3b 29 0f d0 04 29 24 d0
1d 29 24 d0 48 29 28 d0  0b e0 21 69 09 79 c9 07
02 d0 03 84 13 81 04 e0  08 21 00 e0 10 21 01 84
11 81 40 f2 00 41 60 6b  40 f0 02 00 60 63 10 20
e6 f4 ba ff 60 6d 90 f8  b8 00 00 06 10 d4 20 46
sending write buffer, mode=0xd, mspec=0, id=0,  offset=1441792, len=4096
    Write buffer cdb: [3b 0d 00 16 00 00 00 10 00 00]
    Write buffer parameter list (first 256 bytes):
c5 f8 90 00 01 20 70 e4  2d e9 f0 4f 07 46 11 49
85 b0 c0 eb c7 0b 0d 48  00 eb 07 34 51 f8 3b 80
20 6b d8 f8 38 60 80 07  3a d5 38 46 05 f0 75 ff
01 46 d8 f8 34 00 88 42  01 d0 5a df 27 df 1d e0
c0 26 24 80 00 04 4b 0b  14 a0 00 00 00 b0 04 44
05 03 4b 0b 48 7e 27 80  03 06 4b 0b 05 00 4b 0b
00 02 4b 0b 00 05 4b 0b  01 00 4b 0b 00 01 0e 0b
00 20 00 44 00 b0 04 4c  03 86 80 04 d4 f8 00 12
c9 05 1f d4 d4 f8 08 12  c9 05 01 d5 c1 79 c9 b1
d4 f8 08 12 c9 05 17 d5  c0 79 01 28 12 d0 13 e0
d4 f8 00 02 c0 05 0d d4  d4 f8 08 02 c0 05 02 d5
20 6a 00 07 06 d4 d4 f8  08 02 c0 05 04 d5 20 6a
40 07 01 d5 01 21 00 e0  00 21 d4 f8 00 02 df f8
f8 c3 fe 4a 03 06 fe 48  02 eb 47 25 00 eb 07 30
00 f1 20 09 0c eb 07 20  50 d5 2a 69 52 03 03 d5
02 69 43 69 9a 42 49 d1  20 6a 00 06 2d d5 38 46
sending write buffer, mode=0xd, mspec=0, id=0,  offset=1445888, len=4096
    Write buffer cdb: [3b 0d 00 16 10 00 00 10 00 00]
    Write buffer parameter list (first 256 bytes):
0e fc 09 98 00 90 4a f2  12 10 ad f8 04 90 ad f8
06 00 68 46 28 f7 82 f9  43 4f c9 eb c9 05 07 eb
c5 04 94 f8 22 00 01 28  02 d0 03 28 33 d0 35 e0
48 46 ff f7 cf fa 94 f8  22 00 09 28 1a d0 0a 28
18 d0 57 f8 35 00 81 f7  23 fc 57 f8 35 10 01 20
89 6b 08 70 00 20 57 f8  35 10 89 6b 48 60 57 f8
35 10 89 6b 08 81 07 20  84 f8 22 00 5e b1 02 2e
09 d0 18 e0 2e b1 02 2e  03 d0 0a 20 84 f8 22 00
11 e0 09 20 08 e0 57 f8  35 00 c1 6b 48 46 88 47
4f f0 01 08 02 e0 06 20  84 f8 22 00 02 2e 02 d1
48 46 ff f7 10 ff e5 f4  ab fb 40 46 bd e8 fc 87
70 b5 05 46 e5 f4 b3 fb  1b 4e 00 24 c4 eb c4 00
56 f8 30 10 69 b1 06 eb  c0 00 90 f8 22 00 01 28
07 d1 48 6b c0 79 a8 42  03 d1 03 21 20 46 ff f7
88 ff 64 1c a4 b2 02 2c  e8 d3 bd e8 70 40 e5 f4
87 bb 12 48 41 69 41 61  01 68 21 f0 80 01 01 60
sending write buffer, mode=0xd, mspec=0, id=0,  offset=1449984, len=4096
    Write buffer cdb: [3b 0d 00 16 20 00 00 10 00 00]
    Write buffer parameter list (first 256 bytes):
09 b0 bd e8 f0 4f e4 f4  fb bb 09 b0 bd e8 f0 8f
30 b4 94 4d 01 24 00 21  b8 35 c1 eb c1 02 55 f8
32 30 53 b1 5b 6b db 79  83 42 06 d1 05 eb c2 02
92 f8 22 20 01 2a 00 d1  00 24 49 1c 89 b2 03 29
eb d3 01 2c 03 d1 30 bc  80 21 c9 f7 90 bb 30 bc
70 47 2d e9 f8 4f 90 f8  07 90 06 46 02 7b 00 25
87 48 00 eb 09 34 a0 6a  40 f4 80 00 a0 62 34 20
c4 f8 c8 00 30 7b aa 46  b7 79 0f 28 36 d1 08 20
30 73 80 46 01 20 b8 40  83 46 01 46 10 20 85 f7
c3 ff 48 b1 02 20 39 46  85 f7 8a fa 05 46 40 78
40 f0 10 00 8d f8 00 00  02 20 59 46 85 f7 b4 ff
80 b1 2d b1 68 78 40 f0  20 00 8d f8 00 00 0a e0
01 20 39 46 85 f7 74 fa  05 46 40 78 40 f0 10 00
8d f8 00 00 3d b1 9d f8  00 10 48 ea 01 60 29 89
40 ea 01 22 02 e0 52 46  86 f8 0c a0 65 48 00 21
08 c8 c4 f8 d0 30 49 1c  06 29 f9 d3 c4 f8 d0 a0
sending write buffer, mode=0xd, mspec=0, id=0,  offset=1454080, len=4096
    Write buffer cdb: [3b 0d 00 16 30 00 00 10 00 00]
    Write buffer parameter list (first 256 bytes):
c0 84 27 80 a6 01 00 44  ac 88 27 80 86 00 03 c4
a1 f2 31 00 28 a1 27 80  d4 e9 c0 01 d4 e9 7e 32
58 40 51 40 08 43 01 d0  5e df 27 df 17 b1 40 46
fd f7 45 fc d4 e9 7e 12  c4 e9 c0 12 d4 f8 7c 01
d0 f8 80 30 db 03 0c d4  d0 f8 90 30 93 f8 20 60
f6 07 06 d0 1b 89 d4 f8  08 63 9e 42 01 d9 5e df
41 df b0 f8 88 30 d0 e9  1c 60 9b 19 45 eb 00 0c
d4 f8 08 03 59 1a 6c eb  02 0c 08 1a 7c eb 05 0c
01 d2 5e df 42 df 50 46  81 f7 b6 fd 4f b1 d4 e9
c0 01 cd e9 00 01 d4 f8  0c 23 49 46 40 46 fe f7
59 fa e0 78 40 07 03 d5  d4 e9 c0 01 81 f7 20 ff
d4 e9 c0 01 81 f7 1c ff  60 78 a0 70 03 20 60 70
17 b0 bd e8 f0 4f ed e4  4f b1 d4 f8 7c 01 d0 f8
94 00 90 f8 46 00 00 f0  07 00 fd f7 f0 fb 00 21
03 20 cb f7 d2 fb 84 f8  38 63 60 78 a0 70 84 f8
01 80 77 e0 d2 f8 94 00  20 b9 62 b1 b2 f8 7c 00
sending write buffer, mode=0xd, mspec=0, id=0,  offset=1458176, len=4096
    Write buffer cdb: [3b 0d 00 16 40 00 00 10 00 00]
    Write buffer parameter list (first 256 bytes):
84 f8 48 60 73 e6 4e e0  d8 f8 10 10 a9 43 c8 f8
10 10 d8 f8 38 10 a9 43  c8 f8 38 10 a8 f8 08 a0
81 f7 b5 f9 20 46 9d f7  36 fa 18 b3 9a f7 ff fe
01 28 05 d1 00 e0 32 e0  9a f7 00 ff 01 28 09 d0
84 f8 48 60 9d f7 63 fa  00 23 01 46 a0 79 1a 46
00 90 1f e0 84 f8 48 60  8d f8 04 90 8a f7 e1 fc
ad f8 06 00 00 22 a0 79  01 ab 47 49 00 90 10 46
81 f7 42 ff 01 f0 5f f9  88 b1 c3 2f 03 d1 a0 7e
10 f0 f2 0f 65 d1 84 f8  48 60 00 23 a0 79 1a 46
3e 49 00 90 00 20 81 f7  2f ff 07 20 27 e6 12 2f
02 d0 03 2f 12 d0 54 e0  e0 7e 80 06 51 d4 d8 f8
10 10 a9 43 c8 f8 10 10  d8 f8 38 10 a9 43 c8 f8
38 10 a8 f8 08 a0 81 f7  62 f9 42 e0 f8 f7 d9 fd
58 b1 8d f8 04 90 8a f7  22 f8 ad f8 06 00 00 22
a0 79 01 ab 2a 49 00 90  30 e0 f6 f7 51 fb 68 b1
84 f8 48 60 8d f8 04 90  8a f7 93 fc ad f8 06 00
sending write buffer, mode=0xd, mspec=0, id=0,  offset=1462272, len=4096
    Write buffer cdb: [3b 0d 00 16 50 00 00 10 00 00]
    Write buffer parameter list (first 256 bytes):
00 01 03 d5 bd e8 70 40  19 f7 96 bf 70 bd 1a 4a
19 48 18 32 30 b5 b2 f8  c8 10 03 68 0c 0a 64 f3
10 43 cc 09 64 f3 51 43  d2 f8 c4 40 64 0c 64 f3
92 43 03 60 92 f8 69 30  03 70 03 68 61 f3 d3 43
03 60 92 f8 ae 30 49 09  43 70 d2 f8 f0 20 04 68
d2 f8 ac 30 1d 0e 5b 0e  65 f3 14 54 63 f3 55 54
61 f3 96 54 d2 f8 a8 10  0a 0f c9 0e 62 f3 d7 54
61 f3 18 64 04 60 30 bd  10 a1 27 80 38 b5 01 8f
49 05 0a d4 80 79 00 23  4f f0 a4 61 1a 46 00 90
18 46 80 f7 31 ff 00 20  38 bd 00 69 40 78 01 28
13 d1 fe 4c 20 89 41 05  06 d5 04 20 ff f7 93 f8
20 89 20 f4 80 60 07 e0  80 06 06 d5 04 20 ff f7
6b f8 20 89 20 f0 20 00  20 81 01 20 38 bd 2d e9
ff 4f d5 b0 91 46 00 20  0d 46 f1 49 01 24 02 90
a2 f1 f2 00 ef 4a 09 28  9a 46 4f f6 ff 76 36 d2
df e8 00 f0 05 07 09 0c  35 35 35 35 32 00 88 46
sending write buffer, mode=0xd, mspec=0, id=0,  offset=1466368, len=4096
    Write buffer cdb: [3b 0d 00 16 60 00 00 10 00 00]
    Write buffer parameter list (first 256 bytes):
00 b0 04 4c 00 00 02 80  fe 48 00 21 4a 1e a0 f8
20 11 c0 e9 04 22 80 f8  22 11 c0 e9 44 22 c0 e9
02 11 f9 49 09 69 d1 e9  1c 21 c0 e9 00 21 70 47
f0 b5 f4 4e 05 46 b6 f8  20 01 04 46 0a e0 aa 1a
71 eb 03 02 0f d2 08 b1  40 1e 00 e0 0f 20 80 b2
84 42 07 d0 06 eb 00 13  d3 e9 04 23 d7 43 77 ea
03 07 ec d1 10 20 f0 bd  2d e9 fc 5f 88 46 e5 49
81 46 4f f0 ff 34 01 20  92 46 27 46 26 46 81 f8
22 01 25 46 d1 e9 44 01  b9 eb 00 03 78 eb 01 02
06 d3 b9 eb 00 04 db 48  68 eb 01 07 d0 f8 18 b1
e0 43 70 ea 07 00 0c d0  ba f8 08 20 a1 1a 77 f1
00 00 06 d3 00 23 20 46  39 46 e6 f5 64 ef 14 46
1f 46 10 21 00 20 09 1b  b8 41 1f d2 ba f8 20 00
00 04 1b d5 29 f0 0f 00  01 90 da e9 00 31 c0 1a
78 eb 01 02 12 d3 7d f7  ec fc b9 eb 00 00 78 eb
01 02 0b d2 01 9e 43 46  50 46 32 46 f1 f7 f1 ff
sending write buffer, mode=0xd, mspec=0, id=0,  offset=1470464, len=4096
    Write buffer cdb: [3b 0d 00 16 70 00 00 10 00 00]
    Write buffer parameter list (first 256 bytes):
1f fa 8a f1 07 f0 aa fb  c2 f7 4e f8 1f fa 8a f1
81 46 18 98 07 f0 a2 fb  c2 f7 46 f8 a0 e7 08 eb
95 07 20 69 b9 b2 07 f0  99 fb 30 90 b9 b2 18 98
07 f0 94 fb 36 90 b2 e7  38 89 40 f0 01 00 38 81
18 22 cd f8 4c 90 32 a9  0d a8 e6 f5 d4 e9 18 22
32 a9 07 a8 e6 f5 ce e9  18 22 32 a9 01 a8 e6 f5
ca e9 20 6a 01 22 00 90  00 21 60 7f 00 f0 36 03
50 46 9e f7 78 fd 38 89  c0 07 fc d1 97 f8 24 00
01 28 36 d1 38 89 40 f0  01 00 38 81 02 20 13 90
18 22 14 a9 0d a8 e6 f5  ae e9 18 22 14 a9 07 a8
e6 f5 a8 e9 18 22 21 46  01 a8 e6 f5 a4 e9 20 6a
aa 08 00 90 00 21 60 7f  00 f0 36 03 50 46 9e f7
52 fd 38 89 c0 07 fc d1  97 f8 24 00 01 28 60 d1
20 6a 02 28 31 d0 08 eb  95 00 14 99 00 fb 06 10
14 90 38 89 40 f0 01 00  38 81 18 22 1a a9 0d a8
00 e0 4e e0 cd f8 4c 90  e6 f5 7c e9 18 22 1a a9
sending write buffer, mode=0xd, mspec=0, id=0,  offset=1474560, len=4096
    Write buffer cdb: [3b 0d 00 16 80 00 00 10 00 00]
    Write buffer parameter list (first 256 bytes):
c4 f8 90 00 e0 6f 69 8c  89 08 61 f3 9e 00 e0 67
27 e1 d4 f8 90 00 40 f4  c0 50 c4 f8 90 00 68 6a
38 b1 e1 6f 6a 8c 42 43  90 08 60 f3 9e 01 e1 67
05 e0 e0 6f 69 8c 89 08  61 f3 9e 00 e0 67 36 b1
d9 f8 08 10 41 f0 01 01  c9 f8 08 10 06 e0 2e b9
d9 f8 04 10 41 f0 01 01  c9 f8 04 10 a8 6a c1 07
05 d0 d9 f8 0c 10 48 46  41 f0 08 01 06 e0 c0 05
05 d5 d9 f8 0c 10 48 46  41 f0 02 01 c1 60 95 f8
28 00 40 07 13 d5 d5 e9  06 01 d4 f8 90 20 42 f0
04 02 c4 f8 90 20 d4 f8  90 20 22 f0 18 02 08 32
c4 f8 90 20 c4 f8 b0 00  c4 f8 b4 10 13 e0 d4 f8
90 00 20 f0 18 00 10 30  c4 f8 90 00 d4 f8 90 00
40 f0 04 00 c4 f8 90 00  29 8c d4 f8 ac 00 61 f3
0f 00 c4 f8 ac 00 28 8d  40 05 d4 f8 90 00 02 d5
20 f0 02 00 01 e0 40 f0  02 00 c4 f8 90 00 28 8d
10 f4 82 6f d4 f8 90 00  02 d0 40 f0 04 00 01 e0
sending write buffer, mode=0xd, mspec=0, id=0,  offset=1478656, len=4096
    Write buffer cdb: [3b 0d 00 16 90 00 00 10 00 00]
    Write buffer parameter list (first 256 bytes):
21 f0 00 61 81 60 70 bd  10 b5 04 46 d3 48 d4 49
00 68 88 42 1e d0 d3 49  88 42 1b d0 e5 f4 66 ea
c4 49 04 2c c2 4a 09 d0  51 f8 34 00 02 eb c4 01
c1 f8 00 01 bd e8 10 40  00 f0 04 bc 00 20 02 eb
c0 04 51 f8 30 30 c4 f8  00 31 40 1c c0 b2 0c 28
f5 d3 ef e7 10 bd fe b5  e3 f4 1a ea c2 4c 07 46
d4 f8 8c 06 4f f0 c0 41  c0 f3 d4 00 01 eb c0 05
d4 f8 8c 06 c0 00 05 d5  d4 f8 84 06 00 07 01 d5
01 26 00 e0 00 26 06 20  31 46 5a f7 b2 ff d6 b1
d4 f8 84 06 40 f0 01 00  c4 f8 84 06 04 f2 84 64
e5 f4 24 ea 28 68 28 60  e5 f4 24 ea a0 68 40 f0
80 50 a0 60 a0 68 40 f0  00 40 a0 60 00 20 e0 60
20 61 17 b1 03 e0 43 df  13 df e3 f4 ec e9 a7 48
00 96 cd e9 01 50 68 46  23 f7 bb fa a4 48 1e f7
a9 fd 00 20 fe bd 2d e9  fe 47 0d f1 04 09 98 46
00 23 ea 46 77 e0 93 42  26 d2 01 f0 03 04 b8 f1
sending write buffer, mode=0xd, mspec=0, id=0,  offset=1482752, len=4096
    Write buffer cdb: [3b 0d 00 16 a0 00 00 10 00 00]
    Write buffer parameter list (first 256 bytes):
d1 ff 1b 4d 30 1a 29 78  90 fb f1 f4 40 46 02 f0
c9 ff 29 78 30 1a 90 fb  f1 f2 01 fb 12 06 08 eb
c8 01 01 eb 48 10 13 49  09 68 01 eb c0 00 39 46
00 eb 87 00 d0 f8 ec 50  40 46 02 f0 a1 fa 01 46
38 46 c9 b2 e4 f4 1d f8  0b 49 09 68 08 5c 04 fb
00 55 00 24 06 e0 a2 b2  39 46 40 46 02 f0 40 fa
64 1c 05 44 b4 42 f6 d3  28 46 bd e8 f0 81 00 00
85 c6 24 80 54 0c 26 80  80 0c 26 80 10 b5 0c 46
09 7b 02 46 20 7c ff f7  b5 ff a1 68 08 1a 10 bd
42 89 83 89 00 88 d2 1a  0b 88 52 1c 92 b2 98 42
04 d1 88 88 90 42 01 d1  01 20 70 47 00 20 70 47
02 48 00 68 00 69 c0 f3  00 60 70 47 90 23 24 80
02 48 00 68 00 7c c0 f3  80 10 70 47 90 23 24 80
02 48 00 68 00 7e 00 f0  01 00 70 47 90 23 24 80
02 48 00 68 00 7a c0 f3  40 00 70 47 90 23 24 80
02 48 00 68 00 7e c0 f3  80 00 70 47 90 23 24 80
sending write buffer, mode=0xd, mspec=0, id=0,  offset=1486848, len=4096
    Write buffer cdb: [3b 0d 00 16 b0 00 00 10 00 00]
    Write buffer parameter list (first 256 bytes):
33 b8 10 21 06 20 db f4  2f b8 80 21 06 20 db f4
2b b8 3e b5 02 ad 01 24  cd e9 00 45 66 f7 ee f8
bd f8 08 00 3e bd 00 00  02 48 01 78 41 f0 10 01
01 70 70 47 b4 a5 24 80  02 48 01 68 41 f0 01 01
01 60 70 47 3c db 27 80  02 20 10 b5 d8 f7 81 f8
20 f0 80 62 0b 46 bd e8  10 40 02 20 d8 f7 96 be
08 b5 01 22 08 46 06 21  6b 46 8d f8 00 20 04 f0
17 fd 08 bd 7f f7 8f be  10 b5 04 46 7c 20 66 f7
1c fd 00 f0 bd fd 21 46  bd e8 10 40 ce f7 34 bd
2c 49 88 42 51 d0 2c 49  88 42 4e d0 09 1f 88 42
4b d0 49 1d 88 42 48 d0  26 49 c9 1c 88 42 44 d0
26 49 88 42 41 d0 26 49  88 42 3e d0 25 49 88 42
3b d0 23 49 5d 31 88 42  37 d0 89 1d 88 42 34 d0
89 1d 88 42 31 d0 49 1e  88 42 2e d0 89 1e 88 42
2b d0 c9 1f 88 42 28 d0  49 1c 88 42 25 d0 1a 49
88 42 22 d0 19 49 88 42  1f d0 15 49 5e 31 88 42
sending write buffer, mode=0xd, mspec=0, id=0,  offset=1490944, len=4096
    Write buffer cdb: [3b 0d 00 16 c0 00 00 10 00 00]
    Write buffer parameter list (first 256 bytes):
01 eb 40 00 80 88 70 47  00 f4 23 80 c8 d3 32 00
04 48 05 49 90 f8 2d 00  00 eb 80 00 01 eb 40 00
c0 88 70 47 00 f4 23 80  c8 d3 32 00 01 48 00 68
00 78 70 47 84 0c 26 80  04 48 00 68 40 78 ff 28
02 d0 08 b1 0a 28 00 d9  06 20 70 47 84 0c 26 80
b0 f5 80 7f 02 d0 02 48  00 78 70 47 01 20 70 47
68 c6 24 80 04 48 05 49  90 f8 2d 00 00 eb 80 00
01 eb 40 00 40 88 70 47  00 f4 23 80 c8 d3 32 00
01 48 00 68 80 7b 70 47  74 9c 24 80 02 48 00 68
80 68 b0 f8 a4 01 70 47  b8 dd 27 80 02 48 00 68
80 68 b0 f8 a6 01 70 47  b8 dd 27 80 02 48 00 68
80 68 d0 f8 a0 01 70 47  b8 dd 27 80 02 49 01 eb
40 00 b0 f8 78 00 70 47  00 00 00 60 02 48 00 68
80 68 b0 f9 f4 01 70 47  b8 dd 27 80 02 48 00 68
80 68 b0 f9 f6 01 70 47  b8 dd 27 80 10 b5 04 46
ff f7 6c fb 0a 28 10 d2  df e8 00 f0 0a 05 05 0a
sending write buffer, mode=0xd, mspec=0, id=0,  offset=1495040, len=4096
    Write buffer cdb: [3b 0d 00 16 d0 00 00 10 00 00]
    Write buffer parameter list (first 256 bytes):
8c a6 24 80 06 4b c0 eb  c0 00 c1 eb c1 01 00 eb
80 00 1b 68 03 eb c0 00  00 eb 81 00 80 5c 70 47
90 a6 24 80 02 48 00 68  80 68 b0 f8 f2 00 70 47
b8 dd 27 80 10 21 01 eb  80 01 04 48 08 b5 04 22
6b 46 00 68 02 f0 fc fc  00 98 08 bd d4 b0 24 80
70 b5 04 46 0d 46 08 30  e1 f4 41 f8 b5 f5 00 7f
c0 b2 20 74 02 d0 21 7b  64 f7 b4 fd 29 46 60 82
20 46 bd e8 70 40 65 f7  35 b9 00 00 2d e9 f0 41
2c 4c 20 68 90 f8 80 11  89 07 51 d5 00 7a c0 07
4e d0 fd f7 a1 f8 00 28  4a d0 22 68 d2 f8 80 c1
d2 e9 20 10 5f ea 8c 42  02 d5 49 1e 40 f1 ff 30
21 4a 22 4d 12 68 d2 e9  1c 36 cc 1a 70 eb 06 04
02 d3 b2 f8 78 40 0f e0  d2 e9 38 47 0c 1b 70 eb
07 04 08 d2 d2 e9 3e 47  0c 1b 70 eb 07 04 02 d3
b2 f8 00 41 00 e0 ac 8a  24 1d 5f ea 8c 47 1e d5
c9 1a b0 41 05 d3 b2 f8  78 60 fe f7 ff fd 30 44
sending write buffer, mode=0xd, mspec=0, id=0,  offset=1499136, len=4096
    Write buffer cdb: [3b 0d 00 16 e0 00 00 10 00 00]
    Write buffer parameter list (first 256 bytes):
00 28 00 d0 01 20 10 bd  06 49 09 78 c9 07 07 d0
01 21 81 40 04 48 00 88  01 42 01 d0 01 20 70 47
00 20 70 47 88 a4 24 80  7c a4 24 80 04 49 80 79
49 78 81 42 01 d1 01 20  70 47 00 20 70 47 00 00
e8 05 24 80 02 48 00 78  01 28 00 d0 00 20 70 47
37 14 26 80 04 48 05 49  00 78 00 eb 40 00 31 f8
30 00 c0 f3 c0 30 70 47  79 a4 24 80 88 a3 24 80
10 b5 fe f7 d7 fa 00 8f  00 f4 00 70 10 bd 00 00
10 b5 51 f7 3f ff 00 28  05 d0 04 48 90 f8 c0 00
40 07 01 d5 00 20 10 bd  01 20 10 bd 28 a1 27 80
40 f2 00 10 10 b5 51 f7  29 fd 30 b1 20 20 51 f7
25 fd 10 b1 ee f7 d7 fd  08 b1 00 20 10 bd 01 20
10 bd 00 00 10 b5 fe f7  0b fc 00 28 04 d0 03 48
90 f8 c0 00 c0 f3 c0 00  10 bd 00 00 28 a1 27 80
10 b5 d8 f4 db fb 08 b1  00 20 10 bd 01 20 10 bd
10 b5 fc f7 cd ff 20 b9  04 48 b0 f8 8c 00 40 04
sending write buffer, mode=0xd, mspec=0, id=0,  offset=1503232, len=4096
    Write buffer cdb: [3b 0d 00 16 f0 00 00 10 00 00]
    Write buffer parameter list (first 256 bytes):
64 f3 0f 23 60 f3 17 43  10 0c 7f 28 01 d8 c1 b2
07 e0 c0 08 7f 28 01 d9  ff 21 02 e0 c0 b2 40 f0
80 01 18 46 61 f3 1f 60  10 bd 00 00 05 48 c1 68
41 f0 01 01 c1 60 04 48  01 68 11 f0 1a 0f fb d0
70 47 00 00 00 00 04 44  00 01 04 44 2d e9 f1 4f
48 49 82 b0 88 89 80 07  7d d5 47 4b 18 88 df f8
1c a1 c0 f3 80 27 50 46  ba f8 00 20 df f8 10 b1
02 f0 01 06 5a 46 bb f8  1c 40 4f ea 14 39 41 4c
65 6f 4c 8a 4f ea 94 18  3f 4c b4 f8 04 c0 4c f4
00 6c a4 f8 04 c0 b3 f8  00 c0 2c f4 80 6c a3 f8
00 c0 23 88 23 f0 0c 03  08 33 43 f0 10 03 23 80
63 88 b4 f8 02 c0 9b 09  6f ea 9c 1e b4 f8 02 c0
6e f3 86 1c a4 f8 02 c0  b4 f8 02 c0 63 f3 86 1c
a4 f8 02 c0 a3 88 23 f4  00 63 a3 80 03 88 43 f0
01 03 03 80 43 8b 23 f0  40 03 43 83 b0 f8 64 30
23 f4 80 63 a0 f8 64 30  03 88 23 f0 01 03 03 80
sending write buffer, mode=0xd, mspec=0, id=0,  offset=1507328, len=4096
    Write buffer cdb: [3b 0d 00 17 00 00 00 10 00 00]
    Write buffer parameter list (first 256 bytes):
3c db 27 80 03 4a 12 68  92 68 02 eb c0 10 80 f8
21 10 70 47 ac dd 27 80  05 4b 02 eb 42 02 1b 68
9b 68 03 eb c0 10 00 eb  82 00 81 65 70 47 00 00
ac dd 27 80 05 4b 02 eb  42 02 1b 68 9b 68 03 eb
c0 10 00 eb 82 00 41 65  70 47 00 00 ac dd 27 80
05 4b 02 eb 42 02 1b 68  9b 68 03 eb c0 10 00 eb
82 00 80 f8 53 10 70 47  ac dd 27 80 30 b5 07 49
90 e8 3c 00 81 e8 3c 00  01 78 4a 06 04 49 01 d5
40 68 00 e0 c0 68 c1 f8  58 01 30 bd ac 21 24 80
40 20 24 80 01 4a c2 e9  3c 01 70 47 40 20 24 80
01 4a c2 e9 6e 01 70 47  40 20 24 80 20 22 01 46
01 48 f9 f7 a3 bb 00 00  38 21 24 80 01 4a c2 e9
04 01 70 47 40 20 24 80  02 49 0d c8 81 e8 0d 00
70 47 00 00 08 23 24 80  01 4a c2 e9 20 01 70 47
40 20 24 80 04 4a 00 f4  70 60 91 68 21 f4 70 61
01 43 91 60 70 47 00 00  40 20 24 80 01 4a c2 e9
sending write buffer, mode=0xd, mspec=0, id=0,  offset=1511424, len=4096
    Write buffer cdb: [3b 0d 00 17 10 00 00 10 00 00]
    Write buffer parameter list (first 256 bytes):
a1 f8 b0 00 4f f0 ff 31  98 68 c0 e9 2a 11 d4 f8
80 01 10 f4 00 5f 0a d0  b4 f8 98 01 d4 e9 7c 67
80 19 42 eb 07 01 9a 68  c2 e9 2a 01 1f e0 c0 05
1b d5 b4 f8 68 02 b4 f8  60 12 88 42 06 d3 40 1a
d4 e9 94 23 c1 17 80 18  59 41 03 e0 d4 e9 96 31
18 18 51 41 d4 e9 18 37  d4 e9 20 62 f3 1a 62 eb
07 02 c0 18 51 41 02 e0  1c e0 fb f7 a3 fa 2a 68
d2 68 d3 07 07 d0 02 f4  70 42 f9 f7 ef f8 29 68
89 68 c1 f8 b8 00 b4 f8  80 01 40 04 1e d5 20 7c
c0 07 1b d0 29 68 88 68  49 68 42 6b 09 6b 11 44
41 63 13 e0 23 7a 9b 07  00 d0 01 23 b3 b1 80 68
c0 e9 04 12 fb f7 7e fa  2a 68 93 68 c3 e9 06 01
90 68 00 23 4f f0 ff 31  c0 e9 28 13 28 68 d4 e9
a8 12 80 68 c0 e9 08 12  bd e8 f0 81 8a df 00 df
40 20 24 80 f0 a0 24 80  90 23 24 80 70 b5 21 4c
20 68 80 68 01 6e 49 1c  01 66 fb f7 f1 fa 1e 4d
sending write buffer, mode=0xd, mspec=0, id=0,  offset=1515520, len=4096
    Write buffer cdb: [3b 0d 00 17 20 00 00 10 00 00]
    Write buffer parameter list (first 256 bytes):
0e 00 02 00 08 00 00 00  14 20 02 00 0f 00 02 00
08 00 00 00 00 3c 04 00  00 00 08 00 08 00 00 00
02 38 03 00 02 00 08 00  09 00 00 00 03 38 03 00
03 00 0a 00 09 00 00 00  00 38 03 00 00 00 0a 00
09 00 00 00 01 38 03 00  01 00 02 00 08 00 00 00
00 40 00 00 00 00 04 00  08 00 00 00 01 40 00 00
01 00 04 00 08 00 00 00  02 40 00 00 02 00 04 00
08 00 00 00 00 50 01 00  00 00 04 00 08 00 00 00
01 50 01 00 01 00 04 00  08 00 00 00 02 50 01 00
02 00 08 00 08 00 00 00  03 50 01 00 03 00 04 00
08 00 00 00 01 00 00 00  a5 9e 24 00 00 00 00 00
00 00 00 00 04 00 00 00  b7 cd 23 00 15 e8 27 00
00 00 00 00 05 00 00 00  00 00 00 00 00 00 00 00
00 00 00 00 03 00 00 00  8d 3c 2a 00 09 e8 27 00
00 00 00 00 02 00 00 00  c5 4b 2a 00 fd e7 27 00
5d 4d 2a 00 03 00 00 00  02 00 00 00 04 00 00 00
sending write buffer, mode=0xd, mspec=0, id=0,  offset=1519616, len=4096
    Write buffer cdb: [3b 0d 00 17 30 00 00 10 00 00]
    Write buffer parameter list (first 256 bytes):
04 20 cf 57 f7 63 84 55  16 b9 07 b4 c1 c3 ad e8
4c cc 58 8a fe 1f 93 a8  4f fb f0 4a 5f bb a1 46
b9 3f 00 30 31 b7 27 0f  b1 b4 30 ad b1 62 7c 99
e8 ab 77 00 a5 ca cb 56  ad ad f3 ff bf dc 04 e8
71 0c 90 9a e3 17 20 a4  e2 48 69 82 3e eb cf d0
6a 13 1a af 00 b0 6a 80  50 a1 1d ae 6c 49 30 bf
01 c0 02 91 ac 4c e0 03  08 df 34 97 78 d2 f1 4d
38 e1 3c bc a5 00 8a 2f  88 2e 3e 94 29 e9 a8 c0
32 81 90 7f 03 12 66 bd  9f 80 04 ea 84 86 a7 af
cb 00 2a d1 82 7b 00 f9  84 d5 74 d1 59 44 28 62
16 e8 d8 d4 e8 d6 37 3a  04 78 dd b2 f0 c6 32 bf
10 c5 9a e4 72 3f e1 00  3a f5 9b 44 2d 48 25 f4
68 b0 d2 6e fd 8e 7b 4f  86 bd 7f 5d e7 02 94 95
46 b5 ee 77 49 af 96 8f  00 82 01 e1 ea a3 81 c1
6a 66 ca a3 00 e0 2d 30  d4 01 4f c3 f1 06 13 03
04 a6 25 83 c8 b2 67 0d  00 00 bc 67 4e 95 f1 ca
sending write buffer, mode=0xd, mspec=0, id=0,  offset=1523712, len=4096
    Write buffer cdb: [3b 0d 00 17 40 00 00 10 00 00]
    Write buffer parameter list (first 256 bytes):
07 09 0e 07 12 36 24 12  80 9b 1b 80 e2 3d df e2
eb 26 cd eb 27 69 4e 27  b2 cd 7f b2 75 9f ea 75
09 1b 12 09 83 9e 1d 83  2c 74 58 2c 1a 2e 34 1a
1b 2d 36 1b 6e b2 dc 6e  5a ee b4 5a a0 fb 5b a0
52 f6 a4 52 3b 4d 76 3b  d6 61 b7 d6 b3 ce 7d b3
29 7b 52 29 e3 3e dd e3  2f 71 5e 2f 84 97 13 84
53 f5 a6 53 d1 68 b9 d1  00 00 00 00 ed 2c c1 ed
20 60 40 20 fc 1f e3 fc  b1 c8 79 b1 5b ed b6 5b
6a be d4 6a cb 46 8d cb  be d9 67 be 39 4b 72 39
4a de 94 4a 4c d4 98 4c  58 e8 b0 58 cf 4a 85 cf
d0 6b bb d0 ef 2a c5 ef  aa e5 4f aa fb 16 ed fb
43 c5 86 43 4d d7 9a 4d  33 55 66 33 85 94 11 85
45 cf 8a 45 f9 10 e9 f9  02 06 04 02 7f 81 fe 7f
50 f0 a0 50 3c 44 78 3c  9f ba 25 9f a8 e3 4b a8
51 f3 a2 51 a3 fe 5d a3  40 c0 80 40 8f 8a 05 8f
92 ad 3f 92 9d bc 21 9d  38 48 70 38 f5 04 f1 f5
sending write buffer, mode=0xd, mspec=0, id=0,  offset=1527808, len=4096
    Write buffer cdb: [3b 0d 00 17 50 00 00 10 00 00]
    Write buffer parameter list (first 256 bytes):
00 00 07 00 00 00 12 00  00 00 80 00 00 00 e2 00
00 00 eb 00 00 00 27 00  00 00 b2 00 00 00 75 00
00 00 09 00 00 00 83 00  00 00 2c 00 00 00 1a 00
00 00 1b 00 00 00 6e 00  00 00 5a 00 00 00 a0 00
00 00 52 00 00 00 3b 00  00 00 d6 00 00 00 b3 00
00 00 29 00 00 00 e3 00  00 00 2f 00 00 00 84 00
00 00 53 00 00 00 d1 00  00 00 00 00 00 00 ed 00
00 00 20 00 00 00 fc 00  00 00 b1 00 00 00 5b 00
00 00 6a 00 00 00 cb 00  00 00 be 00 00 00 39 00
00 00 4a 00 00 00 4c 00  00 00 58 00 00 00 cf 00
00 00 d0 00 00 00 ef 00  00 00 aa 00 00 00 fb 00
00 00 43 00 00 00 4d 00  00 00 33 00 00 00 85 00
00 00 45 00 00 00 f9 00  00 00 02 00 00 00 7f 00
00 00 50 00 00 00 3c 00  00 00 9f 00 00 00 a8 00
00 00 51 00 00 00 a3 00  00 00 40 00 00 00 8f 00
00 00 92 00 00 00 9d 00  00 00 38 00 00 00 f5 00
sending write buffer, mode=0xd, mspec=0, id=0,  offset=1531904, len=4096
    Write buffer cdb: [3b 0d 00 17 60 00 00 10 00 00]
    Write buffer parameter list (first 256 bytes):
28 07 b2 eb c2 03 2f b5  7b 9a 86 c5 08 a5 d3 37
87 f2 30 28 a5 b2 23 bf  6a ba 02 03 82 5c ed 16
1c 2b 8a cf b4 92 a7 79  f2 f0 f3 07 e2 a1 4e 69
f4 cd 65 da be d5 06 05  62 1f d1 34 fe 8a c4 a6
53 9d 34 2e 55 a0 a2 f3  e1 32 05 8a eb 75 a4 f6
ec 39 0b 83 ef aa 40 60  9f 06 5e 71 10 51 bd 6e
8a f9 3e 21 06 3d 96 dd  05 ae dd 3e bd 46 4d e6
8d b5 91 54 5d 05 71 c4  d4 6f 04 06 15 ff 60 50
fb 24 19 98 e9 97 d6 bd  43 cc 89 40 9e 77 67 d9
42 bd b0 e8 8b 88 07 89  5b 38 e7 19 ee db 79 c8
0a 47 a1 7c 0f e9 7c 42  1e c9 f8 84 00 00 00 00
86 83 09 80 ed 48 32 2b  70 ac 1e 11 72 4e 6c 5a
ff fb fd 0e 38 56 0f 85  d5 1e 3d ae 39 27 36 2d
d9 64 0a 0f a6 21 68 5c  54 d1 9b 5b 2e 3a 24 36
67 b1 0c 0a e7 0f 93 57  96 d2 b4 ee 91 9e 1b 9b
c5 4f 80 c0 20 a2 61 dc  4b 69 5a 77 1a 16 1c 12
sending write buffer, mode=0xd, mspec=0, id=0,  offset=1536000, len=4096
    Write buffer cdb: [3b 0d 00 17 70 00 00 10 00 00]
    Write buffer parameter list (first 256 bytes):
00 00 76 00 00 00 5b 00  00 00 a2 00 00 00 49 00
00 00 6d 00 00 00 8b 00  00 00 d1 00 00 00 25 00
00 00 72 00 00 00 f8 00  00 00 f6 00 00 00 64 00
00 00 86 00 00 00 68 00  00 00 98 00 00 00 16 00
00 00 d4 00 00 00 a4 00  00 00 5c 00 00 00 cc 00
00 00 5d 00 00 00 65 00  00 00 b6 00 00 00 92 00
00 00 6c 00 00 00 70 00  00 00 48 00 00 00 50 00
00 00 fd 00 00 00 ed 00  00 00 b9 00 00 00 da 00
00 00 5e 00 00 00 15 00  00 00 46 00 00 00 57 00
00 00 a7 00 00 00 8d 00  00 00 9d 00 00 00 84 00
00 00 90 00 00 00 d8 00  00 00 ab 00 00 00 00 00
00 00 8c 00 00 00 bc 00  00 00 d3 00 00 00 0a 00
00 00 f7 00 00 00 e4 00  00 00 58 00 00 00 05 00
00 00 b8 00 00 00 b3 00  00 00 45 00 00 00 06 00
00 00 d0 00 00 00 2c 00  00 00 1e 00 00 00 8f 00
00 00 ca 00 00 00 3f 00  00 00 0f 00 00 00 02 00
sending write buffer, mode=0xd, mspec=0, id=0,  offset=1540096, len=4096
    Write buffer cdb: [3b 0d 00 17 80 00 00 10 00 00]
    Write buffer parameter list (first 256 bytes):
03 93 4b e3 0e 98 45 ea  19 85 57 f1 14 8e 59 f8
37 bf 73 c7 3a b4 7d ce  2d a9 6f d5 20 a2 61 dc
6d f6 ad 76 60 fd a3 7f  77 e0 b1 64 7a eb bf 6d
59 da 95 52 54 d1 9b 5b  43 cc 89 40 4e c7 87 49
05 ae dd 3e 08 a5 d3 37  1f b8 c1 2c 12 b3 cf 25
31 82 e5 1a 3c 89 eb 13  2b 94 f9 08 26 9f f7 01
bd 46 4d e6 b0 4d 43 ef  a7 50 51 f4 aa 5b 5f fd
89 6a 75 c2 84 61 7b cb  93 7c 69 d0 9e 77 67 d9
d5 1e 3d ae d8 15 33 a7  cf 08 21 bc c2 03 2f b5
e1 32 05 8a ec 39 0b 83  fb 24 19 98 f6 2f 17 91
d6 8d 76 4d db 86 78 44  cc 9b 6a 5f c1 90 64 56
e2 a1 4e 69 ef aa 40 60  f8 b7 52 7b f5 bc 5c 72
be d5 06 05 b3 de 08 0c  a4 c3 1a 17 a9 c8 14 1e
8a f9 3e 21 87 f2 30 28  90 ef 22 33 9d e4 2c 3a
06 3d 96 dd 0b 36 98 d4  1c 2b 8a cf 11 20 84 c6
32 11 ae f9 3f 1a a0 f0  28 07 b2 eb 25 0c bc e2
sending write buffer, mode=0xd, mspec=0, id=0,  offset=1544192, len=4096
    Write buffer cdb: [3b 0d 00 17 90 00 00 10 00 00]
    Write buffer parameter list (first 256 bytes):
1d 00 00 00 1d 40 40 00  1c 80 80 00 4d a0 a0 00
4c 40 41 01 2d 90 91 01  0c f0 f1 01 0e 00 02 02
15 40 42 02 0c 70 72 02  0d 80 82 02 0c a0 a2 02
25 b0 b2 02 0c 00 03 03  0d 10 13 03 2c 30 33 03
15 60 63 03 0c 90 93 03  2d a0 a3 03 1c 00 04 04
ad 20 24 04 2c 80 85 05  25 b0 b5 05 0e 00 06 06
35 40 46 06 0c b0 b6 06  0d c0 c6 06 0c e0 e6 06
05 f0 f6 06 06 00 07 07  2d 20 27 07 0c 00 00 00
05 10 10 00 06 20 20 00  0d 40 40 00 06 60 60 00
0d 80 80 00 05 a0 a0 00  06 c0 b0 00 0d e0 d0 00
06 00 f1 00 0d 20 11 01  15 40 31 01 0e 80 61 01
0c c0 a1 01 06 e0 b1 01  0d 00 d2 01 15 20 f2 01
0c 60 22 02 0d 70 32 02  0c 90 52 02 0d a0 62 02
0c c0 82 02 05 d0 92 02  06 e0 a2 02 0d 00 c3 02
0e 20 e3 02 0c 60 23 03  05 70 33 03 04 80 43 03
04 88 4b 03 05 90 53 03  06 a0 63 03 0d c0 83 03
sending write buffer, mode=0xd, mspec=0, id=0,  offset=1548288, len=4096
    Write buffer cdb: [3b 0d 00 17 a0 00 00 10 00 00]
    Write buffer parameter list (first 256 bytes):
21 e2 00 00 1c 3c 33 00  01 0a 20 00 22 e2 00 00
1c 3c 33 00 01 0a 20 00  23 e2 00 00 1c 3c 33 00
01 0a 20 00 24 e2 00 00  1c 3c 33 00 01 0a 20 00
00 e4 00 00 1c 3c 33 00  02 0a 28 00 01 e4 00 00
1c 3c 33 00 01 0a 20 00  05 e4 00 00 1c 3c 33 00
02 0a 28 00 00 f0 00 00  1c 3c 33 00 01 0a 20 00
03 f0 00 00 1c 3c 33 00  01 0a 20 00 05 f0 00 00
1c 3c 33 00 01 0a 20 00  07 f0 00 00 1c 3c 33 00
01 0a 20 00 0c f0 00 00  1c 3c 33 00 01 0a 20 00
0d f0 00 00 1c 3c 33 00  01 0a 20 00 0e f0 00 00
1c 3c 33 00 01 0a 20 00  0f f0 00 00 1c 3c 33 00
01 0a 20 00 17 f0 00 00  1c 3c 33 00 01 08 20 00
40 f1 00 00 1c 3c 33 00  01 0a 20 00 01 f4 00 00
1c 3c 33 00 01 08 20 00  02 f4 00 00 1c 3c 33 00
01 08 20 00 03 f4 00 00  1c 3c 33 00 01 08 20 00
04 f4 00 00 1c 3c 33 00  01 08 20 00 00 00 00 00
sending write buffer, mode=0xd, mspec=0, id=0,  offset=1552384, len=4096
    Write buffer cdb: [3b 0d 00 17 b0 00 00 10 00 00]
    Write buffer parameter list (first 256 bytes):
1e 12 30 fc 1f 22 30 fc  20 32 30 fc 21 42 30 fc
22 52 30 fc 23 62 30 fc  71 40 3b fc 72 50 3b fc
73 60 3b fc ff f3 ff fc  99 d1 39 fc ff f3 ff fc
52 c3 34 fc b7 f0 3a fc  ff f3 ff fc ff f3 ff fc
ff f3 ff fc 5c 43 38 fc  85 00 36 fc 5d a3 3b fc
04 b2 3b fc ff f3 ff fc  ff f3 ff fc ff f3 ff fc
ff f3 ff fc ff f3 ff fc  ff f3 ff fc ff f3 ff fc
ff f3 ff fc ff f3 ff fc  ff f3 ff fc ff f3 ff fc
ff f3 ff fc 84 f0 35 fc  ff f3 ff fc 01 10 90 04
08 02 90 00 04 30 90 fc  ff f3 ff fc 3f 60 a2 fc
3e 00 91 fc 30 70 25 80  ff f3 ff fc 20 53 13 fc
21 63 13 fc 18 f0 90 38  ff f3 ff fc 22 73 13 fc
23 83 13 fc 24 93 13 fc  25 a3 13 fc 26 b3 13 fc
27 c3 13 fc 28 d3 13 fc  29 e3 13 fc 2a f3 13 fc
2e 73 a2 fc 02 20 90 08  11 b0 90 28 ff f3 ff fc
ff f3 ff fc ff f3 ff fc  ff f3 ff fc ff f3 ff fc
sending write buffer, mode=0xd, mspec=0, id=0,  offset=1556480, len=4096
    Write buffer cdb: [3b 0d 00 17 c0 00 00 10 00 00]
    Write buffer parameter list (first 256 bytes):
00 00 00 00 00 00 01 73  01 00 08 00 00 46 00 00
46 00 00 46 00 00 06 01  00 09 01 00 0a 01 00 0b
01 00 0c 00 00 07 00 00  08 00 00 09 00 00 0a 00
00 46 00 00 0c 01 23 b8  01 77 42 01 65 bd 01 b3
bc 01 65 bb 01 b3 43 01  83 37 01 32 b6 01 63 b2
01 36 ae 01 26 2c 01 b0  a5 01 b0 a3 01 6a 20 01
23 1b 01 00 9a 01 85 99  01 16 14 01 22 92 01 35
11 01 88 0f 01 30 8e 01  24 88 01 b7 87 01 2a c3
01 36 42 01 0a 40 00 00  0b 01 87 38 01 ba 37 01
38 36 01 76 b4 01 56 b1  01 41 30 01 15 2e 01 a7
ad 01 64 2c 01 05 29 01  5b 28 01 56 a5 01 68 1f
01 46 1e 01 15 9b 01 aa  98 01 a6 17 01 07 95 01
18 8d 01 79 0a 01 57 09  01 14 06 01 21 c4 01 6a
c2 01 a1 41 00 00 05 01  55 c0 01 41 bb 01 77 ba
01 21 b5 01 89 b3 01 80  30 01 91 af 01 38 26 01
70 24 01 b8 22 01 ba a1  01 49 20 01 56 1b 01 11
sending write buffer, mode=0xd, mspec=0, id=0,  offset=1560576, len=4096
    Write buffer cdb: [3b 0d 00 17 d0 00 00 10 00 00]
    Write buffer parameter list (first 256 bytes):
1d 12 f8 ff 03 00 00 00  1c 12 f8 ff 04 00 00 00
10 12 ff ff 00 00 00 00  1c 12 ff ff 00 00 00 00
10 12 ff f8 00 00 00 00  1c 12 f8 ff 03 00 00 00
10 12 ff f8 00 05 00 00  1c 12 f8 ff 03 00 00 00
09 08 ff ff 00 00 00 00  08 08 ff ff 00 00 00 00
09 08 80 ff 02 00 04 00  08 08 00 c0 90 00 08 00
09 08 80 ff 02 00 08 00  08 08 00 c0 90 00 04 00
10 12 ff ff 00 00 00 00  10 12 ff ff 00 00 00 00
10 12 ff f8 00 05 00 00  10 12 ff f8 00 00 00 00
1c 12 ff ff 00 00 00 00  1d 12 ff ff 00 00 00 00
1c 12 c7 ff 08 00 00 00  1d 12 3f fe 40 00 00 00
1c 12 c7 ff 10 00 00 00  1d 12 3f fe 80 00 00 00
1c 12 c7 ff 20 00 00 00  1d 12 3f fe 00 01 00 00
1c 12 c7 ff 28 00 00 00  1d 12 3f fe 40 01 00 00
10 12 ff ff 00 00 00 00  1c 12 ff ff 00 00 00 00
1d 12 ff ff 00 00 00 00  44 0a ff ff 00 00 00 00
sending write buffer, mode=0xd, mspec=0, id=0,  offset=1564672, len=4096
    Write buffer cdb: [3b 0d 00 17 e0 00 00 10 00 00]
    Write buffer parameter list (first 256 bytes):
c0 00 00 40 00 00 00 10  00 00 00 01 02 02 00 00
00 00 50 00 00 00 10 00  00 00 01 02 02 00 00 00
00 70 00 00 00 10 00 00  00 01 02 0a 00 00 00 04
40 00 23 00 10 00 00 00  01 02 0a 00 00 00 02 40
00 2b 00 10 00 00 00 01  02 0a 00 00 00 02 40 00
0b 00 10 00 00 00 02 02  06 00 00 00 00 c0 01 13
00 10 00 00 00 01 02 05  00 00 00 00 40 00 1b 00
10 00 00 00 01 02 02 00  00 00 00 40 00 00 06 10
00 00 00 01 02 08 00 00  00 40 40 00 00 00 10 00
00 01 01 02 0a 00 00 e0  00 40 00 00 00 10 00 00
01 01 02 02 00 00 00 00  40 00 00 00 10 00 00 00
01 02 02 00 00 00 00 00  00 0c 00 12 00 00 00 08
02 01 00 00 00 00 00 00  00 00 11 00 00 00 06 02
01 00 00 00 00 00 00 00  00 10 80 00 00 06 02 01
00 00 00 00 00 00 00 00  10 00 00 00 01 02 01 00
00 00 00 00 00 00 00 30  00 00 00 07 02 01 00 00
sending write buffer, mode=0xd, mspec=0, id=0,  offset=1568768, len=4096
    Write buffer cdb: [3b 0d 00 17 f0 00 00 10 00 00]
    Write buffer parameter list (first 256 bytes):
00 00 00 00 d0 4d 64 80  48 99 64 80 00 00 00 00
48 99 64 80 60 9a 64 80  00 01 00 00 00 00 16 81
00 01 16 81 00 00 00 00  08 02 90 00 00 02 00 00
00 f4 23 80 01 10 90 04  00 04 03 00 00 00 20 80
02 20 90 08 40 00 00 00  00 00 20 80 04 30 90 fc
d0 00 00 00 d0 03 20 80  05 40 90 10 20 00 00 00
d0 03 20 80 06 50 90 14  64 05 00 00 f0 03 20 80
17 60 90 0c 90 03 00 00  40 00 20 80 07 70 90 18
a0 02 00 00 a0 04 20 80  0c 80 90 1c 30 48 01 00
20 9e 21 80 0d 90 90 20  c0 05 00 00 50 e6 22 80
10 a0 90 24 e0 2b 00 00  40 07 20 80 11 b0 90 28
20 2d 00 00 e0 43 21 80  13 c0 90 2c 40 d8 00 00
20 33 20 80 15 d0 90 30  40 1c 00 00 60 0b 21 80
16 e0 90 34 20 14 00 00  10 ec 22 80 18 f0 90 38
00 04 00 00 f0 6e 33 00  3e 00 91 fc 00 7c 01 00
00 a1 06 00 95 10 91 fc  00 01 00 00 00 00 00 00
sending write buffer, mode=0xd, mspec=0, id=0,  offset=1572864, len=4096
    Write buffer cdb: [3b 0d 00 18 00 00 00 10 00 00]
    Write buffer parameter list (first 256 bytes):
40 00 00 00 ff f3 ff fc  40 00 00 00 01 10 90 04
44 00 00 00 ff f3 ff fc  40 00 00 00 22 80 10 10
44 00 00 00 ff f3 ff fc  40 00 00 00 3c b0 10 18
22 00 00 00 ff f3 ff fc  20 00 00 00 38 e0 24 5c
22 00 00 00 ff f3 ff fc  20 00 00 00 ff f3 ff fc
40 00 00 00 ff f3 ff fc  40 00 00 00 28 20 25 6c
20 00 00 00 28 20 36 fc  20 00 00 00 93 20 42 08
20 00 00 00 93 c0 37 fc  20 00 00 00 ff f3 ff fc
40 00 00 00 ff f3 ff fc  40 00 00 00 01 10 90 04
44 00 00 00 ff f3 ff fc  40 00 00 00 ff f3 ff fc
40 00 00 00 ff f3 ff fc  40 00 00 00 21 70 10 10
44 00 00 00 ff f3 ff fc  40 00 00 00 01 10 90 04
44 00 00 00 ff f3 ff fc  40 00 00 00 22 80 10 10
44 00 00 00 ff f3 ff fc  40 00 00 00 23 90 10 10
44 00 00 00 ff f3 ff fc  40 00 00 00 3d a0 10 14
44 00 00 00 ff f3 ff fc  40 00 00 00 3c b0 10 18
sending write buffer, mode=0xd, mspec=0, id=0,  offset=1576960, len=4096
    Write buffer cdb: [3b 0d 00 18 10 00 00 10 00 00]
    Write buffer parameter list (first 256 bytes):
e3 75 54 fe 3a e9 8d 62  5b 28 ec a3 82 b4 35 3f
5e 9a e9 11 87 06 30 8d  32 e2 85 69 eb 7e 5c f5
37 50 80 db ee cc 59 47  8f 0d 38 86 56 91 e1 1a
8a bf 3d 34 53 23 e4 a8  ff b6 48 3d 26 2a 91 a1
fa 04 4d 8f 23 98 94 13  42 59 f5 d2 9b c5 2c 4e
47 eb f0 60 9e 77 29 fc  a8 4b 1f c0 71 d7 c6 5c
ad f9 1a 72 74 65 c3 ee  15 a4 a2 2f cc 38 7b b3
10 16 a7 9d c9 8a 7e 01  65 1f d2 94 bc 83 0b 08
60 ad d7 26 b9 31 0e ba  d8 f0 6f 7b 01 6c b6 e7
dd 42 6a c9 04 de b3 55  01 20 21 01 03 00 00 00
02 00 00 00 4e 30 30 35  09 20 20 00 08 00 00 00
01 10 10 00 02 00 00 00  18 20 20 00 18 00 00 00
02 20 20 00 08 00 00 00  01 10 10 00 30 30 30 42
30 30 30 35 01 10 10 00  02 40 40 00 c8 00 00 00
09 d0 d0 00 08 f0 f0 00  02 00 01 01 18 20 21 01
01 40 41 01 48 50 51 01  01 a0 a1 01 10 b0 b1 01
sending write buffer, mode=0xd, mspec=0, id=0,  offset=1581056, len=4096
    Write buffer cdb: [3b 0d 00 18 20 00 00 10 00 00]
    Write buffer parameter list (first 256 bytes):
2e 87 28 7f 8d 2e 57 e3  6c 0a 24 fb c1 2a 20 2e
b6 51 b1 c3 43 f9 17 67  04 a4 33 2d e3 71 38 f7
c3 d2 96 e4 83 1f 94 49  f4 77 97 20 54 5d 4c c1
aa aa aa aa aa aa aa aa  aa aa aa aa aa aa aa aa
aa aa aa aa aa aa aa aa  aa aa aa aa aa aa aa aa
aa aa aa aa aa aa aa aa  aa aa aa aa aa aa aa aa
9d 27 10 00 ab 27 10 00  01 00 02 00 04 00 08 00
01 00 02 00 04 00 08 00  00 00 00 00 00 00 00 00
00 00 00 00 00 00 00 00  01 00 00 00 02 00 00 00
03 00 00 00 04 00 00 00  05 00 00 00 06 00 00 00
04 00 00 00 05 00 00 00  07 00 00 00 07 00 00 00
07 00 00 00 07 00 00 00  07 00 00 00 07 00 00 00
07 00 00 00 0a 00 00 00  0a 00 00 00 0a 00 00 00
0a 00 00 00 0a 00 00 00  08 00 00 00 08 00 00 00
08 00 00 00 08 00 00 00  08 00 00 00 08 00 00 00
08 00 00 00 0b 00 00 00  0b 00 00 00 0b 00 00 00
sending write buffer, mode=0xd, mspec=0, id=0,  offset=1585152, len=4096
    Write buffer cdb: [3b 0d 00 18 30 00 00 10 00 00]
    Write buffer parameter list (first 256 bytes):
2c 20 4d 61 78 20 45 6e  74 72 69 65 73 20 3d 20
25 58 2c 20 56 61 6c 69  64 20 45 6e 74 72 69 65
73 20 3d 20 25 58 00 00  55 6e 72 65 63 20 45 72
72 2c 20 4c 42 41 20 25  30 31 32 71 58 2c 20 50
42 41 20 25 30 31 32 71  58 2c 20 45 72 63 20 25
30 38 58 2c 20 53 42 20  25 30 31 32 71 58 2c 20
53 42 20 45 72 63 20 25  30 38 58 2c 20 54 72 6b
20 25 58 2c 20 48 64 20  25 58 2c 20 53 63 74 72
20 25 58 2c 20 57 64 67  20 25 58 2c 20 5a 6e 47
72 70 20 25 58 2c 20 5a  6e 20 25 58 00 00 00 00
61 74 20 53 72 63 42 6c  6b 20 3d 20 25 30 34 58
20 41 64 64 72 20 3d 20  25 30 38 58 20 44 61 74
61 20 3d 20 25 30 32 58  2c 20 52 65 66 42 6c 6b
20 3d 20 25 30 34 58 20  41 64 64 72 20 3d 20 25
30 38 58 20 44 61 74 61  20 3d 20 25 30 32 58 00
25 73 20 58 66 65 72 2c  20 53 74 61 72 74 20 42
sending write buffer, mode=0xd, mspec=0, id=0,  offset=1589248, len=4096
    Write buffer cdb: [3b 0d 00 18 40 00 00 10 00 00]
    Write buffer parameter list (first 256 bytes):
6e 20 53 65 63 74 6f 72  73 20 20 20 4c 65 6e 67
74 68 20 49 6e 20 42 79  74 65 73 20 20 20 53 74
61 74 75 73 20 20 20 20  20 20 46 49 4c 45 5f 4e
41 4d 45 20 20 20 20 49  6e 64 65 78 00 00 00 00
47 74 6f 50 44 65 66 65  63 74 73 53 46 49 00 00
47 72 6f 77 6e 44 65 66  65 63 74 73 53 46 49 00
50 72 69 6d 61 72 79 44  65 66 65 63 74 73 53 46
49 00 00 00 47 74 6f 50  44 65 66 65 63 74 73 50
68 79 73 53 65 63 74 6f  72 00 00 00 47 72 6f 77
6e 44 65 66 65 63 74 73  50 68 79 73 53 65 63 74
6f 72 00 00 50 72 69 6d  61 72 79 44 65 66 65 63
74 73 50 68 79 73 53 65  63 74 6f 72 00 00 00 00
ff ff ff ff ff ff ff ff  0a 0d 20 58 6f 72 20 74
68 69 73 20 49 4f 45 44  43 20 53 79 6e 64 72 6f
6d 65 20 77 69 74 68 20  48 6f 73 74 20 4c 42 41
20 74 6f 20 66 69 6e 64  20 61 63 74 75 61 6c 20
sending write buffer, mode=0xd, mspec=0, id=0,  offset=1593344, len=4096
    Write buffer cdb: [3b 0d 00 18 50 00 00 10 00 00]
    Write buffer parameter list (first 256 bytes):
99 c5 2c 00 99 c5 2c 00  99 c5 2c 00 99 c5 2c 00
99 c5 2c 00 99 c5 2c 00  83 34 2d 00 b1 3d 2d 00
99 c5 2c 00 99 c5 2c 00  99 c5 2c 00 99 c5 2c 00
99 c5 2c 00 99 c5 2c 00  5f 1b 2d 00 a9 3e 2d 00
99 c5 2c 00 99 c5 2c 00  99 c5 2c 00 99 c5 2c 00
99 c5 2c 00 99 c5 2c 00  07 3a 2d 00 d1 e1 2c 00
99 c5 2c 00 f9 d9 2c 00  99 c5 2c 00 99 c5 2c 00
99 c5 2c 00 99 c5 2c 00  99 c5 2c 00 99 c5 2c 00
99 c5 2c 00 99 c5 2c 00  99 c5 2c 00 99 c5 2c 00
99 c5 2c 00 99 c5 2c 00  99 c5 2c 00 99 c5 2c 00
99 c5 2c 00 99 c5 2c 00  99 c5 2c 00 99 c5 2c 00
8d 11 28 00 df 3c 2d 00  99 c5 2c 00 99 c5 2c 00
6d 3c 2d 00 99 c5 2c 00  99 c5 2c 00 99 c5 2c 00
99 c5 2c 00 99 c5 2c 00  99 c5 2c 00 99 c5 2c 00
99 c5 2c 00 99 c5 2c 00  99 c5 2c 00 99 c5 2c 00
99 c5 2c 00 99 c5 2c 00  99 c5 2c 00 99 c5 2c 00
sending write buffer, mode=0xd, mspec=0, id=0,  offset=1597440, len=4096
    Write buffer cdb: [3b 0d 00 18 60 00 00 10 00 00]
    Write buffer parameter list (first 256 bytes):
9c 9c 9c 9c 9c 9c 9c 9c  9c 9c 9c 9c 9c 9c 9c 9c
9c 9c 9c 9c 9c 9c 9c 9c  9c 9c 9c 9c 9c 9c 9c 9c
9c 9c 9c 9c 9c 9c 9c 9c  3b ca ce 13 45 be bd 64
b7 3c bf 4f a6 43 43 44  92 4b 4e 8c cd 0d 12 31
5a 14 87 5c c4 fb 72 d3  ab ef 24 c4 fc c1 b9 f2
84 7c ec f1 3d 1a 1a 01  54 3a c7 4d 26 f7 f6 69
a3 51 28 21 4c 6f f4 49  be 38 df e7 ac 9f e5 f8
0b 0b 0b 0b 0b 0b 0b 0b  0b 0b 0b 0b 0b 0b 0b 0b
0b 0b 0b 0b 0b 0b 0b 0b  0b 0b 0b 0b 0b 0b 0b 0b
0b 0b 0b 0b 0b 0b 0b 0b  0b 0b 0b 0b 0b 0b 0b 0b
0b 0b 0b 0b 0b 0b 0b 0b  0b 0b 0b 0b 0b 0b 0b 0b
0b 0b 0b 0b 0b 0b 0b 0b  0b 0b 0b 0b 0b 0b 0b 0b
0b 0b 0b 0b 0b 0b 0b 0b  0b 0b 0b 0b 0b 0b 0b 0b
0b 0b 0b 0b 0b 0b 0b 0b  0b 0b 0b 0b 0b 0b 0b 0b
0b 0b 0b 0b 0b 0b 0b 0b  0b 0b 0b 0b 0b 0b 0b 0b
0b 0b 0b 0b 0b 0b 0b 0b  0b 0b 0b 0b 0b 0b 0b 0b
sending write buffer, mode=0xd, mspec=0, id=0,  offset=1601536, len=4096
    Write buffer cdb: [3b 0d 00 18 70 00 00 10 00 00]
    Write buffer parameter list (first 256 bytes):
ff ff ff ff ff ff ff ff  ff ff ff ff ff ff ff ff
ff ff ff ff ff ff ff ff  ff ff ff ff ff ff ff ff
ff ff ff ff ff ff ff ff  ff ff ff ff ff ff ff ff
ff ff ff ff ff ff ff ff  ff ff ff ff ff ff ff ff
ff ff ff ff ff ff ff ff  ff ff ff ff ff ff ff ff
ff ff ff ff ff ff ff ff  ff ff ff ff ff ff ff ff
ff ff ff ff ff ff ff ff  ff ff ff ff ff ff ff ff
ff ff ff ff ff ff ff ff  ff ff ff ff ff ff ff ff
ff ff ff ff ff ff ff ff  ff ff ff ff ff ff ff ff
ff ff ff ff ff ff ff ff  ff ff ff ff ff ff ff ff
ff ff ff ff ff ff ff ff  ff ff ff ff ff ff ff ff
ff ff ff ff ff ff ff ff  ff ff ff ff ff ff ff ff
ff ff ff ff ff ff ff ff  ff ff ff ff ff ff ff ff
ff ff ff ff ff ff ff ff  ff ff ff ff ff ff ff ff
ff ff ff ff ff ff ff ff  ff ff ff ff ff ff ff ff
ff ff ff ff ff ff ff ff  ff ff ff ff ff ff ff ff
sending write buffer, mode=0xd, mspec=0, id=0,  offset=1605632, len=4096
    Write buffer cdb: [3b 0d 00 18 80 00 00 10 00 00]
    Write buffer parameter list (first 256 bytes):
ff ff ff ff ff ff ff ff  ff ff ff ff ff ff ff ff
ff ff ff ff ff ff ff ff  ff ff ff ff ff ff ff ff
ff ff ff ff ff ff ff ff  ff ff ff ff ff ff ff ff
ff ff ff ff ff ff ff ff  ff ff ff ff ff ff ff ff
ff ff ff ff ff ff ff ff  ff ff ff ff ff ff ff ff
ff ff ff ff ff ff ff ff  ff ff ff ff ff ff ff ff
ff ff ff ff ff ff ff ff  ff ff ff ff ff ff ff ff
ff ff ff ff ff ff ff ff  ff ff ff ff ff ff ff ff
ff ff ff ff ff ff ff ff  ff ff ff ff ff ff ff ff
ff ff ff ff ff ff ff ff  ff ff ff ff ff ff ff ff
ff ff ff ff ff ff ff ff  ff ff ff ff ff ff ff ff
ff ff ff ff ff ff ff ff  ff ff ff ff ff ff ff ff
ff ff ff ff ff ff ff ff  ff ff ff ff ff ff ff ff
ff ff ff ff ff ff ff ff  ff ff ff ff ff ff ff ff
ff ff ff ff ff ff ff ff  ff ff ff ff ff ff ff ff
ff ff ff ff ff ff ff ff  ff ff ff ff ff ff ff ff
sending write buffer, mode=0xd, mspec=0, id=0,  offset=1609728, len=4096
    Write buffer cdb: [3b 0d 00 18 90 00 00 10 00 00]
    Write buffer parameter list (first 256 bytes):
ff ff ff ff ff ff ff ff  ff ff ff ff ff ff ff ff
ff ff ff ff ff ff ff ff  ff ff ff ff ff ff ff ff
ff ff ff ff ff ff ff ff  ff ff ff ff ff ff ff ff
ff ff ff ff ff ff ff ff  ff ff ff ff ff ff ff ff
ff ff ff ff ff ff ff ff  ff ff ff ff ff ff ff ff
ff ff ff ff ff ff ff ff  ff ff ff ff ff ff ff ff
ff ff ff ff ff ff ff ff  ff ff ff ff ff ff ff ff
ff ff ff ff ff ff ff ff  ff ff ff ff ff ff ff ff
ff ff ff ff ff ff ff ff  ff ff ff ff ff ff ff ff
ff ff ff ff ff ff ff ff  ff ff ff ff ff ff ff ff
ff ff ff ff ff ff ff ff  ff ff ff ff ff ff ff ff
ff ff ff ff ff ff ff ff  ff ff ff ff ff ff ff ff
ff ff ff ff ff ff ff ff  ff ff ff ff ff ff ff ff
ff ff ff ff ff ff ff ff  ff ff ff ff ff ff ff ff
ff ff ff ff ff ff ff ff  ff ff ff ff ff ff ff ff
ff ff ff ff ff ff ff ff  ff ff ff ff ff ff ff ff
sending write buffer, mode=0xd, mspec=0, id=0,  offset=1613824, len=4096
    Write buffer cdb: [3b 0d 00 18 a0 00 00 10 00 00]
    Write buffer parameter list (first 256 bytes):
ff ff ff ff ff ff ff ff  ff ff ff ff ff ff ff ff
ff ff ff ff ff ff ff ff  ff ff ff ff ff ff ff ff
ff ff ff ff ff ff ff ff  ff ff ff ff ff ff ff ff
ff ff ff ff ff ff ff ff  ff ff ff ff ff ff ff ff
ff ff ff ff ff ff ff ff  ff ff ff ff ff ff ff ff
ff ff ff ff ff ff ff ff  ff ff ff ff ff ff ff ff
ff ff ff ff ff ff ff ff  ff ff ff ff ff ff ff ff
ff ff ff ff ff ff ff ff  ff ff ff ff ff ff ff ff
ff ff ff ff ff ff ff ff  ff ff ff ff ff ff ff ff
ff ff ff ff ff ff ff ff  ff ff ff ff ff ff ff ff
ff ff ff ff ff ff ff ff  ff ff ff ff ff ff ff ff
ff ff ff ff ff ff ff ff  ff ff ff ff ff ff ff ff
ff ff ff ff ff ff ff ff  ff ff ff ff ff ff ff ff
ff ff ff ff ff ff ff ff  ff ff ff ff ff ff ff ff
ff ff ff ff ff ff ff ff  ff ff ff ff ff ff ff ff
ff ff ff ff ff ff ff ff  ff ff ff ff ff ff ff ff
sending write buffer, mode=0xd, mspec=0, id=0,  offset=1617920, len=4096
    Write buffer cdb: [3b 0d 00 18 b0 00 00 10 00 00]
    Write buffer parameter list (first 256 bytes):
ff ff ff ff ff ff ff ff  ff ff ff ff ff ff ff ff
ff ff ff ff ff ff ff ff  ff ff ff ff ff ff ff ff
ff ff ff ff ff ff ff ff  ff ff ff ff ff ff ff ff
ff ff ff ff ff ff ff ff  ff ff ff ff ff ff ff ff
ff ff ff ff ff ff ff ff  ff ff ff ff ff ff ff ff
ff ff ff ff ff ff ff ff  ff ff ff ff ff ff ff ff
ff ff ff ff ff ff ff ff  ff ff ff ff ff ff ff ff
ff ff ff ff ff ff ff ff  ff ff ff ff ff ff ff ff
ff ff ff ff ff ff ff ff  ff ff ff ff ff ff ff ff
ff ff ff ff ff ff ff ff  ff ff ff ff ff ff ff ff
ff ff ff ff ff ff ff ff  ff ff ff ff ff ff ff ff
ff ff ff ff ff ff ff ff  ff ff ff ff ff ff ff ff
ff ff ff ff ff ff ff ff  ff ff ff ff ff ff ff ff
ff ff ff ff ff ff ff ff  ff ff ff ff ff ff ff ff
ff ff ff ff ff ff ff ff  ff ff ff ff ff ff ff ff
ff ff ff ff ff ff ff ff  ff ff ff ff ff ff ff ff
sending write buffer, mode=0xd, mspec=0, id=0,  offset=1622016, len=4096
    Write buffer cdb: [3b 0d 00 18 c0 00 00 10 00 00]
    Write buffer parameter list (first 256 bytes):
ff ff ff ff ff ff ff ff  ff ff ff ff ff ff ff ff
ff ff ff ff ff ff ff ff  ff ff ff ff ff ff ff ff
ff ff ff ff ff ff ff ff  ff ff ff ff ff ff ff ff
ff ff ff ff ff ff ff ff  ff ff ff ff ff ff ff ff
ff ff ff ff ff ff ff ff  ff ff ff ff ff ff ff ff
ff ff ff ff ff ff ff ff  ff ff ff ff ff ff ff ff
ff ff ff ff ff ff ff ff  ff ff ff ff ff ff ff ff
ff ff ff ff ff ff ff ff  ff ff ff ff ff ff ff ff
ff ff ff ff ff ff ff ff  ff ff ff ff ff ff ff ff
ff ff ff ff ff ff ff ff  ff ff ff ff ff ff ff ff
ff ff ff ff ff ff ff ff  ff ff ff ff ff ff ff ff
ff ff ff ff ff ff ff ff  ff ff ff ff ff ff ff ff
ff ff ff ff ff ff ff ff  ff ff ff ff ff ff ff ff
ff ff ff ff ff ff ff ff  ff ff ff ff ff ff ff ff
ff ff ff ff ff ff ff ff  ff ff ff ff ff ff ff ff
ff ff ff ff ff ff ff ff  ff ff ff ff ff ff ff ff
sending write buffer, mode=0xd, mspec=0, id=0,  offset=1626112, len=4096
    Write buffer cdb: [3b 0d 00 18 d0 00 00 10 00 00]
    Write buffer parameter list (first 256 bytes):
ff ff ff ff ff ff ff ff  ff ff ff ff ff ff ff ff
ff ff ff ff ff ff ff ff  ff ff ff ff ff ff ff ff
ff ff ff ff ff ff ff ff  ff ff ff ff ff ff ff ff
ff ff ff ff ff ff ff ff  ff ff ff ff ff ff ff ff
ff ff ff ff ff ff ff ff  ff ff ff ff ff ff ff ff
ff ff ff ff ff ff ff ff  ff ff ff ff ff ff ff ff
ff ff ff ff ff ff ff ff  ff ff ff ff ff ff ff ff
ff ff ff ff ff ff ff ff  ff ff ff ff ff ff ff ff
ff ff ff ff ff ff ff ff  ff ff ff ff ff ff ff ff
ff ff ff ff ff ff ff ff  ff ff ff ff ff ff ff ff
ff ff ff ff ff ff ff ff  ff ff ff ff ff ff ff ff
ff ff ff ff ff ff ff ff  ff ff ff ff ff ff ff ff
ff ff ff ff ff ff ff ff  ff ff ff ff ff ff ff ff
ff ff ff ff ff ff ff ff  ff ff ff ff ff ff ff ff
ff ff ff ff ff ff ff ff  ff ff ff ff ff ff ff ff
ff ff ff ff ff ff ff ff  ff ff ff ff ff ff ff ff
sending write buffer, mode=0xd, mspec=0, id=0,  offset=1630208, len=4096
    Write buffer cdb: [3b 0d 00 18 e0 00 00 10 00 00]
    Write buffer parameter list (first 256 bytes):
ff ff ff ff ff ff ff ff  ff ff ff ff ff ff ff ff
ff ff ff ff ff ff ff ff  ff ff ff ff ff ff ff ff
ff ff ff ff ff ff ff ff  ff ff ff ff ff ff ff ff
ff ff ff ff ff ff ff ff  ff ff ff ff ff ff ff ff
ff ff ff ff ff ff ff ff  ff ff ff ff ff ff ff ff
ff ff ff ff ff ff ff ff  ff ff ff ff ff ff ff ff
ff ff ff ff ff ff ff ff  ff ff ff ff ff ff ff ff
ff ff ff ff ff ff ff ff  ff ff ff ff ff ff ff ff
ff ff ff ff ff ff ff ff  ff ff ff ff ff ff ff ff
ff ff ff ff ff ff ff ff  ff ff ff ff ff ff ff ff
ff ff ff ff ff ff ff ff  ff ff ff ff ff ff ff ff
ff ff ff ff ff ff ff ff  ff ff ff ff ff ff ff ff
ff ff ff ff ff ff ff ff  ff ff ff ff ff ff ff ff
ff ff ff ff ff ff ff ff  ff ff ff ff ff ff ff ff
ff ff ff ff ff ff ff ff  ff ff ff ff ff ff ff ff
ff ff ff ff ff ff ff ff  ff ff ff ff ff ff ff ff
sending write buffer, mode=0xd, mspec=0, id=0,  offset=1634304, len=4096
    Write buffer cdb: [3b 0d 00 18 f0 00 00 10 00 00]
    Write buffer parameter list (first 256 bytes):
ff ff ff ff ff ff ff ff  ff ff ff ff ff ff ff ff
ff ff ff ff ff ff ff ff  ff ff ff ff ff ff ff ff
ff ff ff ff ff ff ff ff  ff ff ff ff ff ff ff ff
ff ff ff ff ff ff ff ff  ff ff ff ff ff ff ff ff
ff ff ff ff ff ff ff ff  ff ff ff ff ff ff ff ff
ff ff ff ff ff ff ff ff  ff ff ff ff ff ff ff ff
ff ff ff ff ff ff ff ff  ff ff ff ff ff ff ff ff
ff ff ff ff ff ff ff ff  ff ff ff ff ff ff ff ff
ff ff ff ff ff ff ff ff  ff ff ff ff ff ff ff ff
ff ff ff ff ff ff ff ff  ff ff ff ff ff ff ff ff
ff ff ff ff ff ff ff ff  ff ff ff ff ff ff ff ff
ff ff ff ff ff ff ff ff  ff ff ff ff ff ff ff ff
ff ff ff ff ff ff ff ff  ff ff ff ff ff ff ff ff
ff ff ff ff ff ff ff ff  ff ff ff ff ff ff ff ff
ff ff ff ff ff ff ff ff  ff ff ff ff ff ff ff ff
ff ff ff ff ff ff ff ff  ff ff ff ff ff ff ff ff
sending write buffer, mode=0xd, mspec=0, id=0,  offset=1638400, len=4096
    Write buffer cdb: [3b 0d 00 19 00 00 00 10 00 00]
    Write buffer parameter list (first 256 bytes):
ff ff ff ff ff ff ff ff  ff ff ff ff ff ff ff ff
ff ff ff ff ff ff ff ff  ff ff ff ff ff ff ff ff
ff ff ff ff ff ff ff ff  ff ff ff ff ff ff ff ff
ff ff ff ff ff ff ff ff  ff ff ff ff ff ff ff ff
ff ff ff ff ff ff ff ff  ff ff ff ff ff ff ff ff
ff ff ff ff ff ff ff ff  ff ff ff ff ff ff ff ff
ff ff ff ff ff ff ff ff  ff ff ff ff ff ff ff ff
ff ff ff ff ff ff ff ff  ff ff ff ff ff ff ff ff
ff ff ff ff ff ff ff ff  ff ff ff ff ff ff ff ff
ff ff ff ff ff ff ff ff  ff ff ff ff ff ff ff ff
ff ff ff ff ff ff ff ff  ff ff ff ff ff ff ff ff
ff ff ff ff ff ff ff ff  ff ff ff ff ff ff ff ff
ff ff ff ff ff ff ff ff  ff ff ff ff ff ff ff ff
ff ff ff ff ff ff ff ff  ff ff ff ff ff ff ff ff
ff ff ff ff ff ff ff ff  ff ff ff ff ff ff ff ff
ff ff ff ff ff ff ff ff  ff ff ff ff ff ff ff ff
sending write buffer, mode=0xd, mspec=0, id=0,  offset=1642496, len=4096
    Write buffer cdb: [3b 0d 00 19 10 00 00 10 00 00]
    Write buffer parameter list (first 256 bytes):
ff ff ff ff ff ff ff ff  ff ff ff ff ff ff ff ff
ff ff ff ff ff ff ff ff  ff ff ff ff ff ff ff ff
ff ff ff ff ff ff ff ff  ff ff ff ff ff ff ff ff
ff ff ff ff ff ff ff ff  ff ff ff ff ff ff ff ff
ff ff ff ff ff ff ff ff  ff ff ff ff ff ff ff ff
ff ff ff ff ff ff ff ff  ff ff ff ff ff ff ff ff
ff ff ff ff ff ff ff ff  ff ff ff ff ff ff ff ff
ff ff ff ff ff ff ff ff  ff ff ff ff ff ff ff ff
ff ff ff ff ff ff ff ff  ff ff ff ff ff ff ff ff
ff ff ff ff ff ff ff ff  ff ff ff ff ff ff ff ff
ff ff ff ff ff ff ff ff  ff ff ff ff ff ff ff ff
ff ff ff ff ff ff ff ff  ff ff ff ff ff ff ff ff
ff ff ff ff ff ff ff ff  ff ff ff ff ff ff ff ff
ff ff ff ff ff ff ff ff  ff ff ff ff ff ff ff ff
ff ff ff ff ff ff ff ff  ff ff ff ff ff ff ff ff
ff ff ff ff ff ff ff ff  ff ff ff ff ff ff ff ff
sending write buffer, mode=0xd, mspec=0, id=0,  offset=1646592, len=4096
    Write buffer cdb: [3b 0d 00 19 20 00 00 10 00 00]
    Write buffer parameter list (first 256 bytes):
ff ff ff ff ff ff ff ff  ff ff ff ff ff ff ff ff
ff ff ff ff ff ff ff ff  ff ff ff ff ff ff ff ff
ff ff ff ff ff ff ff ff  ff ff ff ff ff ff ff ff
ff ff ff ff ff ff ff ff  ff ff ff ff ff ff ff ff
ff ff ff ff ff ff ff ff  ff ff ff ff ff ff ff ff
ff ff ff ff ff ff ff ff  ff ff ff ff ff ff ff ff
ff ff ff ff ff ff ff ff  ff ff ff ff ff ff ff ff
ff ff ff ff ff ff ff ff  ff ff ff ff ff ff ff ff
ff ff ff ff ff ff ff ff  ff ff ff ff ff ff ff ff
ff ff ff ff ff ff ff ff  ff ff ff ff ff ff ff ff
ff ff ff ff ff ff ff ff  ff ff ff ff ff ff ff ff
ff ff ff ff ff ff ff ff  ff ff ff ff ff ff ff ff
ff ff ff ff ff ff ff ff  ff ff ff ff ff ff ff ff
ff ff ff ff ff ff ff ff  ff ff ff ff ff ff ff ff
ff ff ff ff ff ff ff ff  ff ff ff ff ff ff ff ff
ff ff ff ff ff ff ff ff  ff ff ff ff ff ff ff ff
sending write buffer, mode=0xd, mspec=0, id=0,  offset=1650688, len=4096
    Write buffer cdb: [3b 0d 00 19 30 00 00 10 00 00]
    Write buffer parameter list (first 256 bytes):
ff ff ff ff ff ff ff ff  ff ff ff ff ff ff ff ff
ff ff ff ff ff ff ff ff  ff ff ff ff ff ff ff ff
ff ff ff ff ff ff ff ff  ff ff ff ff ff ff ff ff
ff ff ff ff ff ff ff ff  ff ff ff ff ff ff ff ff
ff ff ff ff ff ff ff ff  ff ff ff ff ff ff ff ff
ff ff ff ff ff ff ff ff  ff ff ff ff ff ff ff ff
ff ff ff ff ff ff ff ff  ff ff ff ff ff ff ff ff
ff ff ff ff ff ff ff ff  ff ff ff ff ff ff ff ff
ff ff ff ff ff ff ff ff  ff ff ff ff ff ff ff ff
ff ff ff ff ff ff ff ff  ff ff ff ff ff ff ff ff
ff ff ff ff ff ff ff ff  ff ff ff ff ff ff ff ff
ff ff ff ff ff ff ff ff  ff ff ff ff ff ff ff ff
ff ff ff ff ff ff ff ff  ff ff ff ff ff ff ff ff
ff ff ff ff ff ff ff ff  ff ff ff ff ff ff ff ff
ff ff ff ff ff ff ff ff  ff ff ff ff ff ff ff ff
ff ff ff ff ff ff ff ff  ff ff ff ff ff ff ff ff
sending write buffer, mode=0xd, mspec=0, id=0,  offset=1654784, len=4096
    Write buffer cdb: [3b 0d 00 19 40 00 00 10 00 00]
    Write buffer parameter list (first 256 bytes):
ff ff ff ff ff ff ff ff  ff ff ff ff ff ff ff ff
ff ff ff ff ff ff ff ff  ff ff ff ff ff ff ff ff
ff ff ff ff ff ff ff ff  ff ff ff ff ff ff ff ff
ff ff ff ff ff ff ff ff  ff ff ff ff ff ff ff ff
ff ff ff ff ff ff ff ff  ff ff ff ff ff ff ff ff
ff ff ff ff ff ff ff ff  ff ff ff ff ff ff ff ff
ff ff ff ff ff ff ff ff  ff ff ff ff ff ff ff ff
ff ff ff ff ff ff ff ff  ff ff ff ff ff ff ff ff
ff ff ff ff ff ff ff ff  ff ff ff ff ff ff ff ff
ff ff ff ff ff ff ff ff  ff ff ff ff ff ff ff ff
ff ff ff ff ff ff ff ff  ff ff ff ff ff ff ff ff
ff ff ff ff ff ff ff ff  ff ff ff ff ff ff ff ff
ff ff ff ff ff ff ff ff  ff ff ff ff ff ff ff ff
ff ff ff ff ff ff ff ff  ff ff ff ff ff ff ff ff
ff ff ff ff ff ff ff ff  ff ff ff ff ff ff ff ff
ff ff ff ff ff ff ff ff  ff ff ff ff ff ff ff ff
sending write buffer, mode=0xd, mspec=0, id=0,  offset=1658880, len=4096
    Write buffer cdb: [3b 0d 00 19 50 00 00 10 00 00]
    Write buffer parameter list (first 256 bytes):
ff ff ff ff ff ff ff ff  ff ff ff ff ff ff ff ff
ff ff ff ff ff ff ff ff  ff ff ff ff ff ff ff ff
ff ff ff ff ff ff ff ff  ff ff ff ff ff ff ff ff
ff ff ff ff ff ff ff ff  ff ff ff ff ff ff ff ff
ff ff ff ff ff ff ff ff  ff ff ff ff ff ff ff ff
ff ff ff ff ff ff ff ff  ff ff ff ff ff ff ff ff
ff ff ff ff ff ff ff ff  ff ff ff ff ff ff ff ff
ff ff ff ff ff ff ff ff  ff ff ff ff ff ff ff ff
ff ff ff ff ff ff ff ff  ff ff ff ff ff ff ff ff
ff ff ff ff ff ff ff ff  ff ff ff ff ff ff ff ff
ff ff ff ff ff ff ff ff  ff ff ff ff ff ff ff ff
ff ff ff ff ff ff ff ff  ff ff ff ff ff ff ff ff
ff ff ff ff ff ff ff ff  ff ff ff ff ff ff ff ff
ff ff ff ff ff ff ff ff  ff ff ff ff ff ff ff ff
ff ff ff ff ff ff ff ff  ff ff ff ff ff ff ff ff
ff ff ff ff ff ff ff ff  ff ff ff ff ff ff ff ff
sending write buffer, mode=0xd, mspec=0, id=0,  offset=1662976, len=4096
    Write buffer cdb: [3b 0d 00 19 60 00 00 10 00 00]
    Write buffer parameter list (first 256 bytes):
ff ff ff ff ff ff ff ff  ff ff ff ff ff ff ff ff
ff ff ff ff ff ff ff ff  ff ff ff ff ff ff ff ff
ff ff ff ff ff ff ff ff  ff ff ff ff ff ff ff ff
ff ff ff ff ff ff ff ff  ff ff ff ff ff ff ff ff
ff ff ff ff ff ff ff ff  ff ff ff ff ff ff ff ff
ff ff ff ff ff ff ff ff  ff ff ff ff ff ff ff ff
ff ff ff ff ff ff ff ff  ff ff ff ff ff ff ff ff
ff ff ff ff ff ff ff ff  ff ff ff ff ff ff ff ff
ff ff ff ff ff ff ff ff  ff ff ff ff ff ff ff ff
ff ff ff ff ff ff ff ff  ff ff ff ff ff ff ff ff
ff ff ff ff ff ff ff ff  ff ff ff ff ff ff ff ff
ff ff ff ff ff ff ff ff  ff ff ff ff ff ff ff ff
ff ff ff ff ff ff ff ff  ff ff ff ff ff ff ff ff
ff ff ff ff ff ff ff ff  ff ff ff ff ff ff ff ff
ff ff ff ff ff ff ff ff  ff ff ff ff ff ff ff ff
ff ff ff ff ff ff ff ff  ff ff ff ff ff ff ff ff
sending write buffer, mode=0xd, mspec=0, id=0,  offset=1667072, len=4096
    Write buffer cdb: [3b 0d 00 19 70 00 00 10 00 00]
    Write buffer parameter list (first 256 bytes):
ff ff ff ff ff ff ff ff  ff ff ff ff ff ff ff ff
ff ff ff ff ff ff ff ff  ff ff ff ff ff ff ff ff
ff ff ff ff ff ff ff ff  ff ff ff ff ff ff ff ff
ff ff ff ff ff ff ff ff  ff ff ff ff ff ff ff ff
ff ff ff ff ff ff ff ff  ff ff ff ff ff ff ff ff
ff ff ff ff ff ff ff ff  ff ff ff ff ff ff ff ff
ff ff ff ff ff ff ff ff  ff ff ff ff ff ff ff ff
ff ff ff ff ff ff ff ff  ff ff ff ff ff ff ff ff
ff ff ff ff ff ff ff ff  ff ff ff ff ff ff ff ff
ff ff ff ff ff ff ff ff  ff ff ff ff ff ff ff ff
ff ff ff ff ff ff ff ff  ff ff ff ff ff ff ff ff
ff ff ff ff ff ff ff ff  ff ff ff ff ff ff ff ff
ff ff ff ff ff ff ff ff  ff ff ff ff ff ff ff ff
ff ff ff ff ff ff ff ff  ff ff ff ff ff ff ff ff
ff ff ff ff ff ff ff ff  ff ff ff ff ff ff ff ff
ff ff ff ff ff ff ff ff  ff ff ff ff ff ff ff ff
sending write buffer, mode=0xd, mspec=0, id=0,  offset=1671168, len=4096
    Write buffer cdb: [3b 0d 00 19 80 00 00 10 00 00]
    Write buffer parameter list (first 256 bytes):
ff ff ff ff ff ff ff ff  ff ff ff ff ff ff ff ff
ff ff ff ff ff ff ff ff  ff ff ff ff ff ff ff ff
ff ff ff ff ff ff ff ff  ff ff ff ff ff ff ff ff
ff ff ff ff ff ff ff ff  ff ff ff ff ff ff ff ff
ff ff ff ff ff ff ff ff  ff ff ff ff ff ff ff ff
ff ff ff ff ff ff ff ff  ff ff ff ff ff ff ff ff
ff ff ff ff ff ff ff ff  ff ff ff ff ff ff ff ff
ff ff ff ff ff ff ff ff  ff ff ff ff ff ff ff ff
ff ff ff ff ff ff ff ff  ff ff ff ff ff ff ff ff
ff ff ff ff ff ff ff ff  ff ff ff ff ff ff ff ff
ff ff ff ff ff ff ff ff  ff ff ff ff ff ff ff ff
ff ff ff ff ff ff ff ff  ff ff ff ff ff ff ff ff
ff ff ff ff ff ff ff ff  ff ff ff ff ff ff ff ff
ff ff ff ff ff ff ff ff  ff ff ff ff ff ff ff ff
ff ff ff ff ff ff ff ff  ff ff ff ff ff ff ff ff
ff ff ff ff ff ff ff ff  ff ff ff ff ff ff ff ff
sending write buffer, mode=0xd, mspec=0, id=0,  offset=1675264, len=4096
    Write buffer cdb: [3b 0d 00 19 90 00 00 10 00 00]
    Write buffer parameter list (first 256 bytes):
ff ff ff ff ff ff ff ff  ff ff ff ff ff ff ff ff
ff ff ff ff ff ff ff ff  ff ff ff ff ff ff ff ff
ff ff ff ff ff ff ff ff  ff ff ff ff ff ff ff ff
ff ff ff ff ff ff ff ff  ff ff ff ff ff ff ff ff
ff ff ff ff ff ff ff ff  ff ff ff ff ff ff ff ff
ff ff ff ff ff ff ff ff  ff ff ff ff ff ff ff ff
ff ff ff ff ff ff ff ff  ff ff ff ff ff ff ff ff
ff ff ff ff ff ff ff ff  ff ff ff ff ff ff ff ff
ff ff ff ff ff ff ff ff  ff ff ff ff ff ff ff ff
ff ff ff ff ff ff ff ff  ff ff ff ff ff ff ff ff
ff ff ff ff ff ff ff ff  ff ff ff ff ff ff ff ff
ff ff ff ff ff ff ff ff  ff ff ff ff ff ff ff ff
ff ff ff ff ff ff ff ff  ff ff ff ff ff ff ff ff
ff ff ff ff ff ff ff ff  ff ff ff ff ff ff ff ff
ff ff ff ff ff ff ff ff  ff ff ff ff ff ff ff ff
ff ff ff ff ff ff ff ff  ff ff ff ff ff ff ff ff
sending write buffer, mode=0xd, mspec=0, id=0,  offset=1679360, len=4096
    Write buffer cdb: [3b 0d 00 19 a0 00 00 10 00 00]
    Write buffer parameter list (first 256 bytes):
ff ff ff ff ff ff ff ff  ff ff ff ff ff ff ff ff
ff ff ff ff ff ff ff ff  ff ff ff ff ff ff ff ff
ff ff ff ff ff ff ff ff  ff ff ff ff ff ff ff ff
ff ff ff ff ff ff ff ff  ff ff ff ff ff ff ff ff
ff ff ff ff ff ff ff ff  ff ff ff ff ff ff ff ff
ff ff ff ff ff ff ff ff  ff ff ff ff ff ff ff ff
ff ff ff ff ff ff ff ff  ff ff ff ff ff ff ff ff
ff ff ff ff ff ff ff ff  ff ff ff ff ff ff ff ff
ff ff ff ff ff ff ff ff  ff ff ff ff ff ff ff ff
ff ff ff ff ff ff ff ff  ff ff ff ff ff ff ff ff
ff ff ff ff ff ff ff ff  ff ff ff ff ff ff ff ff
ff ff ff ff ff ff ff ff  ff ff ff ff ff ff ff ff
ff ff ff ff ff ff ff ff  ff ff ff ff ff ff ff ff
ff ff ff ff ff ff ff ff  ff ff ff ff ff ff ff ff
ff ff ff ff ff ff ff ff  ff ff ff ff ff ff ff ff
ff ff ff ff ff ff ff ff  ff ff ff ff ff ff ff ff
sending write buffer, mode=0xd, mspec=0, id=0,  offset=1683456, len=4096
    Write buffer cdb: [3b 0d 00 19 b0 00 00 10 00 00]
    Write buffer parameter list (first 256 bytes):
ff ff ff ff ff ff ff ff  ff ff ff ff ff ff ff ff
ff ff ff ff ff ff ff ff  ff ff ff ff ff ff ff ff
ff ff ff ff ff ff ff ff  ff ff ff ff ff ff ff ff
ff ff ff ff ff ff ff ff  ff ff ff ff ff ff ff ff
ff ff ff ff ff ff ff ff  ff ff ff ff ff ff ff ff
ff ff ff ff ff ff ff ff  ff ff ff ff ff ff ff ff
ff ff ff ff ff ff ff ff  ff ff ff ff ff ff ff ff
ff ff ff ff ff ff ff ff  ff ff ff ff ff ff ff ff
ff ff ff ff ff ff ff ff  ff ff ff ff ff ff ff ff
ff ff ff ff ff ff ff ff  ff ff ff ff ff ff ff ff
ff ff ff ff ff ff ff ff  ff ff ff ff ff ff ff ff
ff ff ff ff ff ff ff ff  ff ff ff ff ff ff ff ff
ff ff ff ff ff ff ff ff  ff ff ff ff ff ff ff ff
ff ff ff ff ff ff ff ff  ff ff ff ff ff ff ff ff
ff ff ff ff ff ff ff ff  ff ff ff ff ff ff ff ff
ff ff ff ff ff ff ff ff  ff ff ff ff ff ff ff ff
sending write buffer, mode=0xd, mspec=0, id=0,  offset=1687552, len=4096
    Write buffer cdb: [3b 0d 00 19 c0 00 00 10 00 00]
    Write buffer parameter list (first 256 bytes):
ff ff ff ff ff ff ff ff  ff ff ff ff ff ff ff ff
ff ff ff ff ff ff ff ff  ff ff ff ff ff ff ff ff
ff ff ff ff ff ff ff ff  ff ff ff ff ff ff ff ff
ff ff ff ff ff ff ff ff  ff ff ff ff ff ff ff ff
ff ff ff ff ff ff ff ff  ff ff ff ff ff ff ff ff
ff ff ff ff ff ff ff ff  ff ff ff ff ff ff ff ff
ff ff ff ff ff ff ff ff  ff ff ff ff ff ff ff ff
ff ff ff ff ff ff ff ff  ff ff ff ff ff ff ff ff
ff ff ff ff ff ff ff ff  ff ff ff ff ff ff ff ff
ff ff ff ff ff ff ff ff  ff ff ff ff ff ff ff ff
ff ff ff ff ff ff ff ff  ff ff ff ff ff ff ff ff
ff ff ff ff ff ff ff ff  ff ff ff ff ff ff ff ff
ff ff ff ff ff ff ff ff  ff ff ff ff ff ff ff ff
ff ff ff ff ff ff ff ff  ff ff ff ff ff ff ff ff
ff ff ff ff ff ff ff ff  ff ff ff ff ff ff ff ff
ff ff ff ff ff ff ff ff  ff ff ff ff ff ff ff ff
sending write buffer, mode=0xd, mspec=0, id=0,  offset=1691648, len=4096
    Write buffer cdb: [3b 0d 00 19 d0 00 00 10 00 00]
    Write buffer parameter list (first 256 bytes):
ff ff ff ff ff ff ff ff  ff ff ff ff ff ff ff ff
ff ff ff ff ff ff ff ff  ff ff ff ff ff ff ff ff
ff ff ff ff ff ff ff ff  ff ff ff ff ff ff ff ff
ff ff ff ff ff ff ff ff  ff ff ff ff ff ff ff ff
ff ff ff ff ff ff ff ff  ff ff ff ff ff ff ff ff
ff ff ff ff ff ff ff ff  ff ff ff ff ff ff ff ff
ff ff ff ff ff ff ff ff  ff ff ff ff ff ff ff ff
ff ff ff ff ff ff ff ff  ff ff ff ff ff ff ff ff
ff ff ff ff ff ff ff ff  ff ff ff ff ff ff ff ff
ff ff ff ff ff ff ff ff  ff ff ff ff ff ff ff ff
ff ff ff ff ff ff ff ff  ff ff ff ff ff ff ff ff
ff ff ff ff ff ff ff ff  ff ff ff ff ff ff ff ff
ff ff ff ff ff ff ff ff  ff ff ff ff ff ff ff ff
ff ff ff ff ff ff ff ff  ff ff ff ff ff ff ff ff
ff ff ff ff ff ff ff ff  ff ff ff ff ff ff ff ff
ff ff ff ff ff ff ff ff  ff ff ff ff ff ff ff ff
sending write buffer, mode=0xd, mspec=0, id=0,  offset=1695744, len=4096
    Write buffer cdb: [3b 0d 00 19 e0 00 00 10 00 00]
    Write buffer parameter list (first 256 bytes):
ff ff ff ff ff ff ff ff  ff ff ff ff ff ff ff ff
ff ff ff ff ff ff ff ff  ff ff ff ff ff ff ff ff
ff ff ff ff ff ff ff ff  ff ff ff ff ff ff ff ff
ff ff ff ff ff ff ff ff  ff ff ff ff ff ff ff ff
ff ff ff ff ff ff ff ff  ff ff ff ff ff ff ff ff
ff ff ff ff ff ff ff ff  ff ff ff ff ff ff ff ff
ff ff ff ff ff ff ff ff  ff ff ff ff ff ff ff ff
ff ff ff ff ff ff ff ff  ff ff ff ff ff ff ff ff
ff ff ff ff ff ff ff ff  ff ff ff ff ff ff ff ff
ff ff ff ff ff ff ff ff  ff ff ff ff ff ff ff ff
ff ff ff ff ff ff ff ff  ff ff ff ff ff ff ff ff
ff ff ff ff ff ff ff ff  ff ff ff ff ff ff ff ff
ff ff ff ff ff ff ff ff  ff ff ff ff ff ff ff ff
ff ff ff ff ff ff ff ff  ff ff ff ff ff ff ff ff
ff ff ff ff ff ff ff ff  ff ff ff ff ff ff ff ff
ff ff ff ff ff ff ff ff  ff ff ff ff ff ff ff ff
sending write buffer, mode=0xd, mspec=0, id=0,  offset=1699840, len=4096
    Write buffer cdb: [3b 0d 00 19 f0 00 00 10 00 00]
    Write buffer parameter list (first 256 bytes):
ff ff ff ff ff ff ff ff  ff ff ff ff ff ff ff ff
ff ff ff ff ff ff ff ff  ff ff ff ff ff ff ff ff
ff ff ff ff ff ff ff ff  ff ff ff ff ff ff ff ff
ff ff ff ff ff ff ff ff  ff ff ff ff ff ff ff ff
ff ff ff ff ff ff ff ff  ff ff ff ff ff ff ff ff
ff ff ff ff ff ff ff ff  ff ff ff ff ff ff ff ff
ff ff ff ff ff ff ff ff  ff ff ff ff ff ff ff ff
ff ff ff ff ff ff ff ff  ff ff ff ff ff ff ff ff
ff ff ff ff ff ff ff ff  ff ff ff ff ff ff ff ff
ff ff ff ff ff ff ff ff  ff ff ff ff ff ff ff ff
ff ff ff ff ff ff ff ff  ff ff ff ff ff ff ff ff
ff ff ff ff ff ff ff ff  ff ff ff ff ff ff ff ff
ff ff ff ff ff ff ff ff  ff ff ff ff ff ff ff ff
ff ff ff ff ff ff ff ff  ff ff ff ff ff ff ff ff
ff ff ff ff ff ff ff ff  ff ff ff ff ff ff ff ff
ff ff ff ff ff ff ff ff  ff ff ff ff ff ff ff ff
sending write buffer, mode=0xd, mspec=0, id=0,  offset=1703936, len=4096
    Write buffer cdb: [3b 0d 00 1a 00 00 00 10 00 00]
    Write buffer parameter list (first 256 bytes):
ff ff ff ff ff ff ff ff  ff ff ff ff ff ff ff ff
ff ff ff ff ff ff ff ff  ff ff ff ff ff ff ff ff
ff ff ff ff ff ff ff ff  ff ff ff ff ff ff ff ff
ff ff ff ff ff ff ff ff  ff ff ff ff ff ff ff ff
ff ff ff ff ff ff ff ff  ff ff ff ff ff ff ff ff
ff ff ff ff ff ff ff ff  ff ff ff ff ff ff ff ff
ff ff ff ff ff ff ff ff  ff ff ff ff ff ff ff ff
ff ff ff ff ff ff ff ff  ff ff ff ff ff ff ff ff
ff ff ff ff ff ff ff ff  ff ff ff ff ff ff ff ff
ff ff ff ff ff ff ff ff  ff ff ff ff ff ff ff ff
ff ff ff ff ff ff ff ff  ff ff ff ff ff ff ff ff
ff ff ff ff ff ff ff ff  ff ff ff ff ff ff ff ff
ff ff ff ff ff ff ff ff  ff ff ff ff ff ff ff ff
ff ff ff ff ff ff ff ff  ff ff ff ff ff ff ff ff
ff ff ff ff ff ff ff ff  ff ff ff ff ff ff ff ff
ff ff ff ff ff ff ff ff  ff ff ff ff ff ff ff ff
sending write buffer, mode=0xd, mspec=0, id=0,  offset=1708032, len=4096
    Write buffer cdb: [3b 0d 00 1a 10 00 00 10 00 00]
    Write buffer parameter list (first 256 bytes):
ff ff ff ff ff ff ff ff  ff ff ff ff ff ff ff ff
ff ff ff ff ff ff ff ff  ff ff ff ff ff ff ff ff
ff ff ff ff ff ff ff ff  ff ff ff ff ff ff ff ff
ff ff ff ff ff ff ff ff  ff ff ff ff ff ff ff ff
ff ff ff ff ff ff ff ff  ff ff ff ff ff ff ff ff
ff ff ff ff ff ff ff ff  ff ff ff ff ff ff ff ff
ff ff ff ff ff ff ff ff  ff ff ff ff ff ff ff ff
ff ff ff ff ff ff ff ff  ff ff ff ff ff ff ff ff
ff ff ff ff ff ff ff ff  ff ff ff ff ff ff ff ff
ff ff ff ff ff ff ff ff  ff ff ff ff ff ff ff ff
ff ff ff ff ff ff ff ff  ff ff ff ff ff ff ff ff
ff ff ff ff ff ff ff ff  ff ff ff ff ff ff ff ff
ff ff ff ff ff ff ff ff  ff ff ff ff ff ff ff ff
ff ff ff ff ff ff ff ff  ff ff ff ff ff ff ff ff
ff ff ff ff ff ff ff ff  ff ff ff ff ff ff ff ff
ff ff ff ff ff ff ff ff  ff ff ff ff ff ff ff ff
sending write buffer, mode=0xd, mspec=0, id=0,  offset=1712128, len=4096
    Write buffer cdb: [3b 0d 00 1a 20 00 00 10 00 00]
    Write buffer parameter list (first 256 bytes):
ff ff ff ff ff ff ff ff  ff ff ff ff ff ff ff ff
ff ff ff ff ff ff ff ff  ff ff ff ff ff ff ff ff
ff ff ff ff ff ff ff ff  ff ff ff ff ff ff ff ff
ff ff ff ff ff ff ff ff  ff ff ff ff ff ff ff ff
ff ff ff ff ff ff ff ff  ff ff ff ff ff ff ff ff
ff ff ff ff ff ff ff ff  ff ff ff ff ff ff ff ff
ff ff ff ff ff ff ff ff  ff ff ff ff ff ff ff ff
ff ff ff ff ff ff ff ff  ff ff ff ff ff ff ff ff
ff ff ff ff ff ff ff ff  ff ff ff ff ff ff ff ff
ff ff ff ff ff ff ff ff  ff ff ff ff ff ff ff ff
ff ff ff ff ff ff ff ff  ff ff ff ff ff ff ff ff
ff ff ff ff ff ff ff ff  ff ff ff ff ff ff ff ff
ff ff ff ff ff ff ff ff  ff ff ff ff ff ff ff ff
ff ff ff ff ff ff ff ff  ff ff ff ff ff ff ff ff
ff ff ff ff ff ff ff ff  ff ff ff ff ff ff ff ff
ff ff ff ff ff ff ff ff  ff ff ff ff ff ff ff ff
sending write buffer, mode=0xd, mspec=0, id=0,  offset=1716224, len=4096
    Write buffer cdb: [3b 0d 00 1a 30 00 00 10 00 00]
    Write buffer parameter list (first 256 bytes):
ff ff ff ff ff ff ff ff  ff ff ff ff ff ff ff ff
ff ff ff ff ff ff ff ff  ff ff ff ff ff ff ff ff
ff ff ff ff ff ff ff ff  ff ff ff ff ff ff ff ff
ff ff ff ff ff ff ff ff  ff ff ff ff ff ff ff ff
ff ff ff ff ff ff ff ff  ff ff ff ff ff ff ff ff
ff ff ff ff ff ff ff ff  ff ff ff ff ff ff ff ff
ff ff ff ff ff ff ff ff  ff ff ff ff ff ff ff ff
ff ff ff ff ff ff ff ff  ff ff ff ff ff ff ff ff
ff ff ff ff ff ff ff ff  ff ff ff ff ff ff ff ff
ff ff ff ff ff ff ff ff  ff ff ff ff ff ff ff ff
ff ff ff ff ff ff ff ff  ff ff ff ff ff ff ff ff
ff ff ff ff ff ff ff ff  ff ff ff ff ff ff ff ff
ff ff ff ff ff ff ff ff  ff ff ff ff ff ff ff ff
ff ff ff ff ff ff ff ff  ff ff ff ff ff ff ff ff
ff ff ff ff ff ff ff ff  ff ff ff ff ff ff ff ff
ff ff ff ff ff ff ff ff  ff ff ff ff ff ff ff ff
sending write buffer, mode=0xd, mspec=0, id=0,  offset=1720320, len=4096
    Write buffer cdb: [3b 0d 00 1a 40 00 00 10 00 00]
    Write buffer parameter list (first 256 bytes):
ff ff ff ff ff ff ff ff  ff ff ff ff ff ff ff ff
ff ff ff ff ff ff ff ff  ff ff ff ff ff ff ff ff
ff ff ff ff ff ff ff ff  ff ff ff ff ff ff ff ff
ff ff ff ff ff ff ff ff  ff ff ff ff ff ff ff ff
ff ff ff ff ff ff ff ff  ff ff ff ff ff ff ff ff
ff ff ff ff ff ff ff ff  ff ff ff ff ff ff ff ff
ff ff ff ff ff ff ff ff  ff ff ff ff ff ff ff ff
ff ff ff ff ff ff ff ff  ff ff ff ff ff ff ff ff
ff ff ff ff ff ff ff ff  ff ff ff ff ff ff ff ff
ff ff ff ff ff ff ff ff  ff ff ff ff ff ff ff ff
ff ff ff ff ff ff ff ff  ff ff ff ff ff ff ff ff
ff ff ff ff ff ff ff ff  ff ff ff ff ff ff ff ff
ff ff ff ff ff ff ff ff  ff ff ff ff ff ff ff ff
ff ff ff ff ff ff ff ff  ff ff ff ff ff ff ff ff
ff ff ff ff ff ff ff ff  ff ff ff ff ff ff ff ff
ff ff ff ff ff ff ff ff  ff ff ff ff ff ff ff ff
sending write buffer, mode=0xd, mspec=0, id=0,  offset=1724416, len=4096
    Write buffer cdb: [3b 0d 00 1a 50 00 00 10 00 00]
    Write buffer parameter list (first 256 bytes):
ff ff ff ff ff ff ff ff  ff ff ff ff ff ff ff ff
ff ff ff ff ff ff ff ff  ff ff ff ff ff ff ff ff
ff ff ff ff ff ff ff ff  ff ff ff ff ff ff ff ff
ff ff ff ff ff ff ff ff  ff ff ff ff ff ff ff ff
ff ff ff ff ff ff ff ff  ff ff ff ff ff ff ff ff
ff ff ff ff ff ff ff ff  ff ff ff ff ff ff ff ff
ff ff ff ff ff ff ff ff  ff ff ff ff ff ff ff ff
ff ff ff ff ff ff ff ff  ff ff ff ff ff ff ff ff
ff ff ff ff ff ff ff ff  ff ff ff ff ff ff ff ff
ff ff ff ff ff ff ff ff  ff ff ff ff ff ff ff ff
ff ff ff ff ff ff ff ff  ff ff ff ff ff ff ff ff
ff ff ff ff ff ff ff ff  ff ff ff ff ff ff ff ff
ff ff ff ff ff ff ff ff  ff ff ff ff ff ff ff ff
ff ff ff ff ff ff ff ff  ff ff ff ff ff ff ff ff
ff ff ff ff ff ff ff ff  ff ff ff ff ff ff ff ff
ff ff ff ff ff ff ff ff  ff ff ff ff ff ff ff ff
sending write buffer, mode=0xd, mspec=0, id=0,  offset=1728512, len=4096
    Write buffer cdb: [3b 0d 00 1a 60 00 00 10 00 00]
    Write buffer parameter list (first 256 bytes):
ff ff ff ff ff ff ff ff  ff ff ff ff ff ff ff ff
ff ff ff ff ff ff ff ff  ff ff ff ff ff ff ff ff
ff ff ff ff ff ff ff ff  ff ff ff ff ff ff ff ff
ff ff ff ff ff ff ff ff  ff ff ff ff ff ff ff ff
ff ff ff ff ff ff ff ff  ff ff ff ff ff ff ff ff
ff ff ff ff ff ff ff ff  ff ff ff ff ff ff ff ff
ff ff ff ff ff ff ff ff  ff ff ff ff ff ff ff ff
ff ff ff ff ff ff ff ff  ff ff ff ff ff ff ff ff
ff ff ff ff ff ff ff ff  ff ff ff ff ff ff ff ff
ff ff ff ff ff ff ff ff  ff ff ff ff ff ff ff ff
ff ff ff ff ff ff ff ff  ff ff ff ff ff ff ff ff
ff ff ff ff ff ff ff ff  ff ff ff ff ff ff ff ff
ff ff ff ff ff ff ff ff  ff ff ff ff ff ff ff ff
ff ff ff ff ff ff ff ff  ff ff ff ff ff ff ff ff
ff ff ff ff ff ff ff ff  ff ff ff ff ff ff ff ff
ff ff ff ff ff ff ff ff  ff ff ff ff ff ff ff ff
sending write buffer, mode=0xd, mspec=0, id=0,  offset=1732608, len=4096
    Write buffer cdb: [3b 0d 00 1a 70 00 00 10 00 00]
    Write buffer parameter list (first 256 bytes):
ff ff ff ff ff ff ff ff  ff ff ff ff ff ff ff ff
ff ff ff ff ff ff ff ff  ff ff ff ff ff ff ff ff
ff ff ff ff ff ff ff ff  ff ff ff ff ff ff ff ff
ff ff ff ff ff ff ff ff  ff ff ff ff ff ff ff ff
ff ff ff ff ff ff ff ff  ff ff ff ff ff ff ff ff
ff ff ff ff ff ff ff ff  ff ff ff ff ff ff ff ff
ff ff ff ff ff ff ff ff  ff ff ff ff ff ff ff ff
ff ff ff ff ff ff ff ff  ff ff ff ff ff ff ff ff
ff ff ff ff ff ff ff ff  ff ff ff ff ff ff ff ff
ff ff ff ff ff ff ff ff  ff ff ff ff ff ff ff ff
ff ff ff ff ff ff ff ff  ff ff ff ff ff ff ff ff
ff ff ff ff ff ff ff ff  ff ff ff ff ff ff ff ff
ff ff ff ff ff ff ff ff  ff ff ff ff ff ff ff ff
ff ff ff ff ff ff ff ff  ff ff ff ff ff ff ff ff
ff ff ff ff ff ff ff ff  ff ff ff ff ff ff ff ff
ff ff ff ff ff ff ff ff  ff ff ff ff ff ff ff ff
sending write buffer, mode=0xd, mspec=0, id=0,  offset=1736704, len=4096
    Write buffer cdb: [3b 0d 00 1a 80 00 00 10 00 00]
    Write buffer parameter list (first 256 bytes):
ff ff ff ff ff ff ff ff  ff ff ff ff ff ff ff ff
ff ff ff ff ff ff ff ff  ff ff ff ff ff ff ff ff
ff ff ff ff ff ff ff ff  ff ff ff ff ff ff ff ff
ff ff ff ff ff ff ff ff  ff ff ff ff ff ff ff ff
ff ff ff ff ff ff ff ff  ff ff ff ff ff ff ff ff
ff ff ff ff ff ff ff ff  ff ff ff ff ff ff ff ff
ff ff ff ff ff ff ff ff  ff ff ff ff ff ff ff ff
ff ff ff ff ff ff ff ff  ff ff ff ff ff ff ff ff
ff ff ff ff ff ff ff ff  ff ff ff ff ff ff ff ff
ff ff ff ff ff ff ff ff  ff ff ff ff ff ff ff ff
ff ff ff ff ff ff ff ff  ff ff ff ff ff ff ff ff
ff ff ff ff ff ff ff ff  ff ff ff ff ff ff ff ff
ff ff ff ff ff ff ff ff  ff ff ff ff ff ff ff ff
ff ff ff ff ff ff ff ff  ff ff ff ff ff ff ff ff
ff ff ff ff ff ff ff ff  ff ff ff ff ff ff ff ff
ff ff ff ff ff ff ff ff  ff ff ff ff ff ff ff ff
sending write buffer, mode=0xd, mspec=0, id=0,  offset=1740800, len=4096
    Write buffer cdb: [3b 0d 00 1a 90 00 00 10 00 00]
    Write buffer parameter list (first 256 bytes):
ff ff ff ff ff ff ff ff  ff ff ff ff ff ff ff ff
ff ff ff ff ff ff ff ff  ff ff ff ff ff ff ff ff
ff ff ff ff ff ff ff ff  ff ff ff ff ff ff ff ff
ff ff ff ff ff ff ff ff  ff ff ff ff ff ff ff ff
ff ff ff ff ff ff ff ff  ff ff ff ff ff ff ff ff
ff ff ff ff ff ff ff ff  ff ff ff ff ff ff ff ff
ff ff ff ff ff ff ff ff  ff ff ff ff ff ff ff ff
ff ff ff ff ff ff ff ff  ff ff ff ff ff ff ff ff
ff ff ff ff ff ff ff ff  ff ff ff ff ff ff ff ff
ff ff ff ff ff ff ff ff  ff ff ff ff ff ff ff ff
ff ff ff ff ff ff ff ff  ff ff ff ff ff ff ff ff
ff ff ff ff ff ff ff ff  ff ff ff ff ff ff ff ff
ff ff ff ff ff ff ff ff  ff ff ff ff ff ff ff ff
ff ff ff ff ff ff ff ff  ff ff ff ff ff ff ff ff
ff ff ff ff ff ff ff ff  ff ff ff ff ff ff ff ff
ff ff ff ff ff ff ff ff  ff ff ff ff ff ff ff ff
sending write buffer, mode=0xd, mspec=0, id=0,  offset=1744896, len=4096
    Write buffer cdb: [3b 0d 00 1a a0 00 00 10 00 00]
    Write buffer parameter list (first 256 bytes):
ff ff ff ff ff ff ff ff  ff ff ff ff ff ff ff ff
ff ff ff ff ff ff ff ff  ff ff ff ff ff ff ff ff
ff ff ff ff ff ff ff ff  ff ff ff ff ff ff ff ff
ff ff ff ff ff ff ff ff  ff ff ff ff ff ff ff ff
ff ff ff ff ff ff ff ff  ff ff ff ff ff ff ff ff
ff ff ff ff ff ff ff ff  ff ff ff ff ff ff ff ff
ff ff ff ff ff ff ff ff  ff ff ff ff ff ff ff ff
ff ff ff ff ff ff ff ff  ff ff ff ff ff ff ff ff
ff ff ff ff ff ff ff ff  ff ff ff ff ff ff ff ff
ff ff ff ff ff ff ff ff  ff ff ff ff ff ff ff ff
ff ff ff ff ff ff ff ff  ff ff ff ff ff ff ff ff
ff ff ff ff ff ff ff ff  ff ff ff ff ff ff ff ff
ff ff ff ff ff ff ff ff  ff ff ff ff ff ff ff ff
ff ff ff ff ff ff ff ff  ff ff ff ff ff ff ff ff
ff ff ff ff ff ff ff ff  ff ff ff ff ff ff ff ff
ff ff ff ff ff ff ff ff  ff ff ff ff ff ff ff ff
sending write buffer, mode=0xd, mspec=0, id=0,  offset=1748992, len=4096
    Write buffer cdb: [3b 0d 00 1a b0 00 00 10 00 00]
    Write buffer parameter list (first 256 bytes):
ff ff ff ff ff ff ff ff  ff ff ff ff ff ff ff ff
ff ff ff ff ff ff ff ff  ff ff ff ff ff ff ff ff
ff ff ff ff ff ff ff ff  ff ff ff ff ff ff ff ff
ff ff ff ff ff ff ff ff  ff ff ff ff ff ff ff ff
ff ff ff ff ff ff ff ff  ff ff ff ff ff ff ff ff
ff ff ff ff ff ff ff ff  ff ff ff ff ff ff ff ff
ff ff ff ff ff ff ff ff  ff ff ff ff ff ff ff ff
ff ff ff ff ff ff ff ff  ff ff ff ff ff ff ff ff
ff ff ff ff ff ff ff ff  ff ff ff ff ff ff ff ff
ff ff ff ff ff ff ff ff  ff ff ff ff ff ff ff ff
ff ff ff ff ff ff ff ff  ff ff ff ff ff ff ff ff
ff ff ff ff ff ff ff ff  ff ff ff ff ff ff ff ff
ff ff ff ff ff ff ff ff  ff ff ff ff ff ff ff ff
ff ff ff ff ff ff ff ff  ff ff ff ff ff ff ff ff
ff ff ff ff ff ff ff ff  ff ff ff ff ff ff ff ff
ff ff ff ff ff ff ff ff  ff ff ff ff ff ff ff ff
sending write buffer, mode=0xd, mspec=0, id=0,  offset=1753088, len=4096
    Write buffer cdb: [3b 0d 00 1a c0 00 00 10 00 00]
    Write buffer parameter list (first 256 bytes):
ff ff ff ff ff ff ff ff  ff ff ff ff ff ff ff ff
ff ff ff ff ff ff ff ff  ff ff ff ff ff ff ff ff
ff ff ff ff ff ff ff ff  ff ff ff ff ff ff ff ff
ff ff ff ff ff ff ff ff  ff ff ff ff ff ff ff ff
ff ff ff ff ff ff ff ff  ff ff ff ff ff ff ff ff
ff ff ff ff ff ff ff ff  ff ff ff ff ff ff ff ff
ff ff ff ff ff ff ff ff  ff ff ff ff ff ff ff ff
ff ff ff ff ff ff ff ff  ff ff ff ff ff ff ff ff
ff ff ff ff ff ff ff ff  ff ff ff ff ff ff ff ff
ff ff ff ff ff ff ff ff  ff ff ff ff ff ff ff ff
ff ff ff ff ff ff ff ff  ff ff ff ff ff ff ff ff
ff ff ff ff ff ff ff ff  ff ff ff ff ff ff ff ff
ff ff ff ff ff ff ff ff  ff ff ff ff ff ff ff ff
ff ff ff ff ff ff ff ff  ff ff ff ff ff ff ff ff
ff ff ff ff ff ff ff ff  ff ff ff ff ff ff ff ff
ff ff ff ff ff ff ff ff  ff ff ff ff ff ff ff ff
sending write buffer, mode=0xd, mspec=0, id=0,  offset=1757184, len=4096
    Write buffer cdb: [3b 0d 00 1a d0 00 00 10 00 00]
    Write buffer parameter list (first 256 bytes):
ff ff ff ff ff ff ff ff  ff ff ff ff ff ff ff ff
ff ff ff ff ff ff ff ff  ff ff ff ff ff ff ff ff
ff ff ff ff ff ff ff ff  ff ff ff ff ff ff ff ff
ff ff ff ff ff ff ff ff  ff ff ff ff ff ff ff ff
ff ff ff ff ff ff ff ff  ff ff ff ff ff ff ff ff
ff ff ff ff ff ff ff ff  ff ff ff ff ff ff ff ff
ff ff ff ff ff ff ff ff  ff ff ff ff ff ff ff ff
ff ff ff ff ff ff ff ff  ff ff ff ff ff ff ff ff
ff ff ff ff ff ff ff ff  ff ff ff ff ff ff ff ff
ff ff ff ff ff ff ff ff  ff ff ff ff ff ff ff ff
ff ff ff ff ff ff ff ff  ff ff ff ff ff ff ff ff
ff ff ff ff ff ff ff ff  ff ff ff ff ff ff ff ff
ff ff ff ff ff ff ff ff  ff ff ff ff ff ff ff ff
ff ff ff ff ff ff ff ff  ff ff ff ff ff ff ff ff
ff ff ff ff ff ff ff ff  ff ff ff ff ff ff ff ff
ff ff ff ff ff ff ff ff  ff ff ff ff ff ff ff ff
sending write buffer, mode=0xd, mspec=0, id=0,  offset=1761280, len=4096
    Write buffer cdb: [3b 0d 00 1a e0 00 00 10 00 00]
    Write buffer parameter list (first 256 bytes):
ff ff ff ff ff ff ff ff  ff ff ff ff ff ff ff ff
ff ff ff ff ff ff ff ff  ff ff ff ff ff ff ff ff
ff ff ff ff ff ff ff ff  ff ff ff ff ff ff ff ff
ff ff ff ff ff ff ff ff  ff ff ff ff ff ff ff ff
ff ff ff ff ff ff ff ff  ff ff ff ff ff ff ff ff
ff ff ff ff ff ff ff ff  ff ff ff ff ff ff ff ff
ff ff ff ff ff ff ff ff  ff ff ff ff ff ff ff ff
ff ff ff ff ff ff ff ff  ff ff ff ff ff ff ff ff
ff ff ff ff ff ff ff ff  ff ff ff ff ff ff ff ff
ff ff ff ff ff ff ff ff  ff ff ff ff ff ff ff ff
ff ff ff ff ff ff ff ff  ff ff ff ff ff ff ff ff
ff ff ff ff ff ff ff ff  ff ff ff ff ff ff ff ff
ff ff ff ff ff ff ff ff  ff ff ff ff ff ff ff ff
ff ff ff ff ff ff ff ff  ff ff ff ff ff ff ff ff
ff ff ff ff ff ff ff ff  ff ff ff ff ff ff ff ff
ff ff ff ff ff ff ff ff  ff ff ff ff ff ff ff ff
sending write buffer, mode=0xd, mspec=0, id=0,  offset=1765376, len=4096
    Write buffer cdb: [3b 0d 00 1a f0 00 00 10 00 00]
    Write buffer parameter list (first 256 bytes):
ff ff ff ff ff ff ff ff  ff ff ff ff ff ff ff ff
ff ff ff ff ff ff ff ff  ff ff ff ff ff ff ff ff
ff ff ff ff ff ff ff ff  ff ff ff ff ff ff ff ff
ff ff ff ff ff ff ff ff  ff ff ff ff ff ff ff ff
ff ff ff ff ff ff ff ff  ff ff ff ff ff ff ff ff
ff ff ff ff ff ff ff ff  ff ff ff ff ff ff ff ff
ff ff ff ff ff ff ff ff  ff ff ff ff ff ff ff ff
ff ff ff ff ff ff ff ff  ff ff ff ff ff ff ff ff
ff ff ff ff ff ff ff ff  ff ff ff ff ff ff ff ff
ff ff ff ff ff ff ff ff  ff ff ff ff ff ff ff ff
ff ff ff ff ff ff ff ff  ff ff ff ff ff ff ff ff
ff ff ff ff ff ff ff ff  ff ff ff ff ff ff ff ff
ff ff ff ff ff ff ff ff  ff ff ff ff ff ff ff ff
ff ff ff ff ff ff ff ff  ff ff ff ff ff ff ff ff
ff ff ff ff ff ff ff ff  ff ff ff ff ff ff ff ff
ff ff ff ff ff ff ff ff  ff ff ff ff ff ff ff ff
sending write buffer, mode=0xd, mspec=0, id=0,  offset=1769472, len=4096
    Write buffer cdb: [3b 0d 00 1b 00 00 00 10 00 00]
    Write buffer parameter list (first 256 bytes):
ff ff ff ff ff ff ff ff  ff ff ff ff ff ff ff ff
ff ff ff ff ff ff ff ff  ff ff ff ff ff ff ff ff
ff ff ff ff ff ff ff ff  ff ff ff ff ff ff ff ff
ff ff ff ff ff ff ff ff  ff ff ff ff ff ff ff ff
ff ff ff ff ff ff ff ff  ff ff ff ff ff ff ff ff
ff ff ff ff ff ff ff ff  ff ff ff ff ff ff ff ff
ff ff ff ff ff ff ff ff  ff ff ff ff ff ff ff ff
ff ff ff ff ff ff ff ff  ff ff ff ff ff ff ff ff
ff ff ff ff ff ff ff ff  ff ff ff ff ff ff ff ff
ff ff ff ff ff ff ff ff  ff ff ff ff ff ff ff ff
ff ff ff ff ff ff ff ff  ff ff ff ff ff ff ff ff
ff ff ff ff ff ff ff ff  ff ff ff ff ff ff ff ff
ff ff ff ff ff ff ff ff  ff ff ff ff ff ff ff ff
ff ff ff ff ff ff ff ff  ff ff ff ff ff ff ff ff
ff ff ff ff ff ff ff ff  ff ff ff ff ff ff ff ff
ff ff ff ff ff ff ff ff  ff ff ff ff ff ff ff ff
sending write buffer, mode=0xd, mspec=0, id=0,  offset=1773568, len=4096
    Write buffer cdb: [3b 0d 00 1b 10 00 00 10 00 00]
    Write buffer parameter list (first 256 bytes):
ff ff ff ff ff ff ff ff  ff ff ff ff ff ff ff ff
ff ff ff ff ff ff ff ff  ff ff ff ff ff ff ff ff
ff ff ff ff ff ff ff ff  ff ff ff ff ff ff ff ff
ff ff ff ff ff ff ff ff  ff ff ff ff ff ff ff ff
ff ff ff ff ff ff ff ff  ff ff ff ff ff ff ff ff
ff ff ff ff ff ff ff ff  ff ff ff ff ff ff ff ff
ff ff ff ff ff ff ff ff  ff ff ff ff ff ff ff ff
ff ff ff ff ff ff ff ff  ff ff ff ff ff ff ff ff
ff ff ff ff ff ff ff ff  ff ff ff ff ff ff ff ff
ff ff ff ff ff ff ff ff  ff ff ff ff ff ff ff ff
ff ff ff ff ff ff ff ff  ff ff ff ff ff ff ff ff
ff ff ff ff ff ff ff ff  ff ff ff ff ff ff ff ff
ff ff ff ff ff ff ff ff  ff ff ff ff ff ff ff ff
ff ff ff ff ff ff ff ff  ff ff ff ff ff ff ff ff
ff ff ff ff ff ff ff ff  ff ff ff ff ff ff ff ff
ff ff ff ff ff ff ff ff  ff ff ff ff ff ff ff ff
sending write buffer, mode=0xd, mspec=0, id=0,  offset=1777664, len=4096
    Write buffer cdb: [3b 0d 00 1b 20 00 00 10 00 00]
    Write buffer parameter list (first 256 bytes):
ff ff ff ff ff ff ff ff  ff ff ff ff ff ff ff ff
ff ff ff ff ff ff ff ff  ff ff ff ff ff ff ff ff
ff ff ff ff ff ff ff ff  ff ff ff ff ff ff ff ff
ff ff ff ff ff ff ff ff  ff ff ff ff ff ff ff ff
ff ff ff ff ff ff ff ff  ff ff ff ff ff ff ff ff
ff ff ff ff ff ff ff ff  ff ff ff ff ff ff ff ff
ff ff ff ff ff ff ff ff  ff ff ff ff ff ff ff ff
ff ff ff ff ff ff ff ff  ff ff ff ff ff ff ff ff
ff ff ff ff ff ff ff ff  ff ff ff ff ff ff ff ff
ff ff ff ff ff ff ff ff  ff ff ff ff ff ff ff ff
ff ff ff ff ff ff ff ff  ff ff ff ff ff ff ff ff
ff ff ff ff ff ff ff ff  ff ff ff ff ff ff ff ff
ff ff ff ff ff ff ff ff  ff ff ff ff ff ff ff ff
ff ff ff ff ff ff ff ff  ff ff ff ff ff ff ff ff
ff ff ff ff ff ff ff ff  ff ff ff ff ff ff ff ff
ff ff ff ff ff ff ff ff  ff ff ff ff ff ff ff ff
sending write buffer, mode=0xd, mspec=0, id=0,  offset=1781760, len=4096
    Write buffer cdb: [3b 0d 00 1b 30 00 00 10 00 00]
    Write buffer parameter list (first 256 bytes):
ff ff ff ff ff ff ff ff  ff ff ff ff ff ff ff ff
ff ff ff ff ff ff ff ff  ff ff ff ff ff ff ff ff
ff ff ff ff ff ff ff ff  ff ff ff ff ff ff ff ff
ff ff ff ff ff ff ff ff  ff ff ff ff ff ff ff ff
ff ff ff ff ff ff ff ff  ff ff ff ff ff ff ff ff
ff ff ff ff ff ff ff ff  ff ff ff ff ff ff ff ff
ff ff ff ff ff ff ff ff  ff ff ff ff ff ff ff ff
ff ff ff ff ff ff ff ff  ff ff ff ff ff ff ff ff
ff ff ff ff ff ff ff ff  ff ff ff ff ff ff ff ff
ff ff ff ff ff ff ff ff  ff ff ff ff ff ff ff ff
ff ff ff ff ff ff ff ff  ff ff ff ff ff ff ff ff
ff ff ff ff ff ff ff ff  ff ff ff ff ff ff ff ff
ff ff ff ff ff ff ff ff  ff ff ff ff ff ff ff ff
ff ff ff ff ff ff ff ff  ff ff ff ff ff ff ff ff
ff ff ff ff ff ff ff ff  ff ff ff ff ff ff ff ff
ff ff ff ff ff ff ff ff  ff ff ff ff ff ff ff ff
sending write buffer, mode=0xd, mspec=0, id=0,  offset=1785856, len=4096
    Write buffer cdb: [3b 0d 00 1b 40 00 00 10 00 00]
    Write buffer parameter list (first 256 bytes):
14 80 b6 f8 28 22 21 f8  10 20 40 1c 98 42 ec d3
a6 f8 20 e2 a6 f8 00 c3  a6 f8 24 73 40 46 97 e4
30 b5 4d 4c 03 98 b4 f8  c8 51 b4 f8 c4 11 41 f0
01 01 a4 f8 c4 11 b4 f8  c4 11 21 f0 02 01 a4 f8
c4 11 b4 f8 08 13 c1 f3  0c 01 01 80 10 78 06 28
04 d3 b4 f8 c8 01 c0 f3  02 30 10 70 c2 b2 b4 f8
c8 01 62 f3 0e 30 a4 f8  c8 01 00 20 a4 f8 c8 01
04 e0 b4 f8 cc 21 23 f8  10 20 40 1c 88 42 f8 d3
a4 f8 c8 51 00 20 30 bd  18 b5 03 9c 00 94 ff f7
c7 ff 18 bd 08 b5 18 46  11 46 01 23 02 46 68 46
ff f7 de fd 08 bd f8 b5  2d a0 1f 46 16 46 40 f6
00 01 01 f7 49 ff 04 00  15 d0 e5 68 01 23 3a 46
68 46 29 46 ff f7 4b fe  00 22 40 f2 00 20 35 f8
12 10 46 f8 22 10 52 1c  82 42 f8 d3 20 46 01 f7
97 ff 00 20 f8 bd 1d 48  c0 1c f8 bd 2d e9 f0 41
02 06 06 46 01 eb 41 00  1e 49 00 eb 01 05 0d d5
sending write buffer, mode=0xd, mspec=0, id=0,  offset=1789952, len=4096
    Write buffer cdb: [3b 0d 00 1b 50 00 00 10 00 00]
    Write buffer parameter list (first 256 bytes):
c5 f8 5c 3e d6 d9 49 1c  c9 b2 01 29 9b d9 04 f5
c0 45 30 46 a5 f8 e4 6b  01 96 f9 f6 0c fa cd f8
d4 05 cd f8 ec 05 26 70  dd f8 d4 05 60 70 dd f8
ec 05 a0 70 f9 f6 3e fa  e6 70 20 71 04 20 cd f8
30 06 e0 80 fb 4f dd f8  cc 05 00 e0 ec e0 00 f5
b8 38 b8 f8 90 09 cd f8  14 06 a0 81 00 98 00 f5
f2 20 b0 f8 b8 04 cd f8  10 06 e0 81 00 20 ff f7
27 fc cd f8 20 06 00 20  ff f7 11 fc cd f8 1c 06
00 20 ff f7 2e fc dd f8  1c 26 03 46 dd f8 20 16
cd f8 18 06 00 20 ff f7  35 fc 00 20 cd f8 44 b6
cd f8 48 06 26 81 a4 f8  0a b0 85 f8 e6 6b 85 f8
e7 6b 97 f8 22 00 c0 07  01 d0 01 98 2e e2 00 23
02 a8 19 46 6f f0 80 52  00 90 18 46 ff f7 81 fe
00 20 f9 f6 f4 fa 0d f5  cb 63 06 46 0f 46 40 f2
01 12 1e f7 6b f9 0d f5  bf 62 30 46 00 23 39 46
00 92 4f f6 ff 72 ff f7  b3 fe 0d f5 c0 60 4f f0
sending write buffer, mode=0xd, mspec=0, id=0,  offset=1794048, len=4096
    Write buffer cdb: [3b 0d 00 1b 60 00 00 10 00 00]
    Write buffer parameter list (first 256 bytes):
4c 80 42 f7 3f fe 28 b1  09 f1 01 09 ca 46 00 25
2e 46 19 e0 15 eb 0b 05  47 f6 ff 70 46 f1 00 06
28 1a 76 f1 00 00 05 d3  00 26 47 f6 ff 75 cd f8
ac a0 09 e0 0a f1 01 0a  ba 45 05 d8 47 f6 ff 70
28 1a 76 f1 00 00 d3 d3  b9 45 05 d8 47 f6 ff 70
28 1a 76 f1 00 00 c6 d3  cd f8 64 90 00 e0 04 e0
dd e9 28 01 cd e9 10 01  3c e0 00 25 ba 46 2e 46
24 e0 12 a8 cd f8 48 a0  8d f8 4c 80 42 f7 02 fe
08 b1 7f 1e f1 e7 15 eb  0b 05 47 f6 ff 70 46 f1
00 06 28 1a 76 f1 00 00  06 d3 00 26 47 f6 ff 75
cd f8 ac a0 0a e0 c1 e0  aa f1 01 0a ca 45 05 d3
47 f6 ff 70 28 1a 76 f1  00 00 da d3 4f 45 05 d3
47 f6 ff 70 28 1a 76 f1  00 00 ef d3 2a 99 00 22
38 46 19 97 68 f3 07 01  62 f3 1f 41 2a 91 10 aa
f8 f6 14 ff dd e9 10 01  20 9b 40 19 26 9a 71 41
40 1e 41 f1 ff 31 cd e9  04 01 16 99 00 20 fe f7
sending write buffer, mode=0xd, mspec=0, id=0,  offset=1798144, len=4096
    Write buffer cdb: [3b 0d 00 1b 70 00 00 10 00 00]
    Write buffer parameter list (first 256 bytes):
00 28 03 d1 20 46 bd e8  10 40 bd e7 10 bd ff b5
81 b0 0d 46 06 46 69 46  85 20 f9 f6 be fe 00 28
21 d1 03 2e 0d d0 34 46  00 98 04 21 04 eb 44 07
03 aa 00 eb c7 00 00 eb  85 00 f9 f6 3f ff 10 b1
0b e0 00 24 f0 e7 00 98  02 21 04 aa 00 eb c7 00
00 eb 45 00 10 30 f9 f6  31 ff 64 1c 00 28 e4 b2
01 d1 b4 42 e0 d3 05 b0  f0 bd f8 b5 1c 46 0d 46
06 46 69 46 10 46 f9 f6  90 fe 00 28 05 d1 00 9a
23 46 29 46 30 46 ff f7  c2 ff f8 bd 2d e9 ff 47
00 26 88 46 04 46 f7 f6  80 f8 21 88 07 46 43 f6
98 20 79 43 8d b2 b0 eb  85 0f 00 d2 85 10 a8 f8
08 50 00 23 1e 22 19 46  03 20 ff f7 d6 ff 62 88
00 23 01 21 03 20 ff f7  d0 ff a2 88 00 23 02 21
03 20 ff f7 ca ff 03 21  e2 88 00 23 08 46 ff f7
c4 ff f9 f6 cb fe 7f 1e  46 f2 06 09 68 46 f9 f6
ae fe 28 b1 bd f8 06 00  b8 42 f7 db 16 b1 1a e0
sending write buffer, mode=0xd, mspec=0, id=0,  offset=1802240, len=4096
    Write buffer cdb: [3b 0d 00 1b 80 00 00 10 00 00]
    Write buffer parameter list (first 256 bytes):
08 10 88 42 01 d9 a5 f8  76 40 22 4c 28 7d 04 f1
60 02 68 34 00 28 d6 e9  08 01 07 d0 f6 f6 93 fc
d5 e9 18 01 22 46 f6 f6  62 fc 06 e0 f6 f6 cc fb
d5 e9 18 01 22 46 f6 f6  75 fb 01 20 85 f8 58 00
28 78 fe bd 2d e9 fc 41  f6 f6 9d ff 05 46 68 46
22 f4 2e fc 0f 48 69 46  08 30 22 f5 d4 fd 0d 4c
2c 22 05 f1 1a 01 20 61  28 79 20 70 a8 68 60 60
a8 89 a4 f8 a8 00 e8 89  a4 f8 aa 00 04 f1 b2 00
23 f5 1a e8 4f f0 01 08  0c e0 00 00 04 04 34 00
7b b7 2d 00 e0 0a 34 00  90 23 24 80 3e 14 26 80
18 a0 00 00 84 f8 a6 80  a4 f1 30 07 68 8a 00 25
d4 e9 14 21 04 f1 50 06  12 1a 61 eb 05 01 c4 e9
1e 21 d7 e9 1c 12 c6 e9  08 12 b4 f8 76 10 08 18
a4 f8 76 00 f6 f6 61 f8  b4 f8 76 10 88 42 01 d8
a4 f8 76 50 d4 e9 0c 01  c4 e9 18 01 d7 e9 1a 01
c6 e9 06 01 84 f8 58 80  20 78 5a e6 04 28 10 b5
sending write buffer, mode=0xd, mspec=0, id=0,  offset=1806336, len=4096
    Write buffer cdb: [3b 0d 00 1b 90 00 00 10 00 00]
    Write buffer parameter list (first 256 bytes):
8a f8 10 90 9a f8 0b 00  08 b1 cb f8 08 90 a8 7b
a0 b1 17 a8 1b 90 04 20  ad f8 68 00 f0 20 ad f8
7c 00 4f f6 ff 70 ad f8  80 00 20 a8 19 90 1f a8
18 90 1a a8 ad f8 5c 90  18 f7 03 ff b8 f1 00 0f
67 d0 68 7b f0 b1 8d f8  48 90 02 a8 13 90 c1 20
8d f8 0f 00 c3 20 8d f8  10 00 4f f0 80 41 df f8
10 92 12 a8 cb f8 0c 10  18 f7 d9 fe 00 21 4a 46
4a 20 cd e9 00 01 78 49  b8 31 a1 f1 60 00 43 f7
58 f9 80 e0 68 79 68 b1  a8 7a 73 49 00 28 01 f1
b8 01 a1 f1 60 00 02 d0  43 f7 54 f9 73 e0 43 f7
5d f9 70 e0 73 48 40 78  60 b3 68 7a 48 b1 6a 48
01 22 58 30 00 23 00 f1  60 01 cd e9 00 23 6c 4a
58 e0 28 7b 40 b1 00 20  63 49 69 4a b8 31 cd e9
00 00 a1 f1 60 00 3b e0  28 7a 40 b1 5e 48 58 30
00 22 00 f1 60 01 cd e9  00 22 63 4a 42 e0 00 20
cd e9 00 00 a8 78 08 b1  02 22 00 e0 01 22 5c 48
sending write buffer, mode=0xd, mspec=0, id=0,  offset=1810432, len=4096
    Write buffer cdb: [3b 0d 00 1b a0 00 00 10 00 00]
    Write buffer parameter list (first 256 bytes):
38 b1 dd e9 02 03 dd e9  06 21 10 1a 99 41 bf f4
7a af b8 f1 80 0f 04 d0  07 e0 ff e7 eb 48 12 30
de e7 16 b9 ea 48 d9 f6  df fe 21 68 40 29 15 d0
e8 48 01 60 61 68 41 60  a1 68 81 60 e1 68 c1 60
21 69 01 61 61 69 41 61  a1 69 81 61 e1 69 c1 61
1a 98 c9 f8 20 00 19 98  c9 f8 24 00 1b b0 bd e8
f0 8f ff f7 e6 b9 1c b5  03 46 68 46 f6 f6 6c fd
00 21 ad f8 06 10 d8 49  8a 7d dd e9 00 01 f6 f6
48 fd 1c bd 10 b5 1c 46  f8 f6 19 fb 20 46 bd e8
10 40 e8 e7 2d e9 fe 4f  17 46 98 46 82 46 89 46
0f 9e f4 f6 a2 ff 5f ea  00 0b 61 d1 f4 f6 88 ff
05 46 f4 f6 68 ff 00 21  04 46 cd e9 00 78 52 46
4b 46 08 46 f6 f6 89 fb  0c 98 00 23 00 97 c2 49
cd e9 01 80 c1 48 e0 31  c0 8f 4b 30 20 f0 07 02
28 46 fa f7 0e fd 5f ea  00 0b 41 d1 cd e9 00 78
52 46 4b 46 28 46 0b f0  c3 fd b9 48 b9 f5 00 4f
sending write buffer, mode=0xd, mspec=0, id=0,  offset=1814528, len=4096
    Write buffer cdb: [3b 0d 00 1b b0 00 00 10 00 00]
    Write buffer parameter list (first 256 bytes):
f0 41 06 46 71 48 04 88  71 a0 e1 00 fa f6 9c ff
05 00 09 d0 f3 f6 e9 ff  07 00 07 d0 28 46 fa f6
f7 ff 38 46 bd e8 f0 81  07 27 fa e7 f3 f6 cc ff
f3 f6 c6 ff 00 21 02 46  b0 08 c2 e9 00 01 6a 48
90 60 28 69 c0 08 50 61  d0 60 20 44 40 1e 10 61
f3 f6 99 ff 01 46 65 48  4f f0 ff 34 08 60 10 46
94 61 16 f7 26 fa 40 20  21 46 00 df f4 f6 1d f8
02 28 01 d0 00 27 00 e0  06 27 28 46 fa f6 c8 ff
f3 f6 85 ff cd e7 2d e9  ff 5f 59 4b 92 46 0f 9a
1b 68 5b 8b de 00 01 2a  1d d0 0c 22 90 46 c2 69
b1 fb f2 f3 02 fb 13 11  d0 e9 05 23 40 68 1a 44
01 fb 02 00 f4 f6 7c fb  83 46 0e 98 68 b1 ba f1
00 0f 42 d0 0e 98 f7 f6  a5 f8 03 99 45 46 08 44
00 fb 08 f0 30 e0 08 22  e0 e7 03 99 08 fb 0a f5
08 fb 01 f0 28 e0 b0 fb  f6 f1 06 fb 11 04 60 19
b0 42 01 d2 02 46 00 e0  32 46 04 f1 08 01 21 f0
sending write buffer, mode=0xd, mspec=0, id=0,  offset=1818624, len=4096
    Write buffer cdb: [3b 0d 00 1b c0 00 00 10 00 00]
    Write buffer parameter list (first 256 bytes):
50 46 02 aa 01 a9 ff f7  c0 ff 05 00 11 d1 bd f8
04 00 40 04 0d d0 03 2c  0b d0 00 23 4a 46 30 46
39 46 cd f8 00 80 f6 f6  36 fb 64 1c a4 b2 03 2c
e5 d9 04 b0 28 46 bd e8  f0 87 38 b5 0c 46 05 46
69 46 10 46 f4 f6 a9 fe  00 28 0f d1 00 9a 00 23
21 46 28 46 fa f7 db ff  00 28 07 d1 00 9a 64 1c
00 23 28 46 92 1c e1 b2  fa f7 d1 ff 38 bd 13 b5
82 b0 04 46 9b 20 69 46  f4 f6 8f fe 00 28 07 d1
00 98 04 21 03 aa 00 eb  84 00 00 90 f4 f6 16 ff
04 b0 10 bd 38 b5 0a 46  04 46 69 46 10 46 f4 f6
7c fe 00 28 03 d1 00 99  20 46 ff f7 e0 ff 38 bd
2d e9 fc 41 0c 46 07 46  01 a8 69 46 f3 f6 37 f8
06 00 22 d1 01 98 00 99  c0 68 cd 68 42 f2 01 51
01 80 47 80 dd e9 00 10  f3 f6 19 f8 06 00 10 d1
b5 f8 42 00 a0 f5 6e 41  ee 39 10 d0 00 22 05 eb
42 00 52 1c 92 b2 b0 f8  46 00 20 2a 24 f8 02 0b
sending write buffer, mode=0xd, mspec=0, id=0,  offset=1822720, len=4096
    Write buffer cdb: [3b 0d 00 1b d0 00 00 10 00 00]
    Write buffer parameter list (first 256 bytes):
81 42 00 d9 18 61 04 f1  24 02 d3 e9 03 01 c4 e9
04 01 04 f1 18 01 03 f1  0c 00 f7 f7 31 f9 e0 60
70 e4 09 20 fb e7 0a 46  03 46 10 b5 08 21 51 60
01 24 14 81 00 21 54 81  d1 60 21 46 99 f6 76 f8
48 b1 d8 68 18 b1 01 28  00 d1 d4 60 5a e4 bd e8
10 40 57 f6 ce bb 09 20  d0 60 53 e4 30 b5 0c 46
08 25 89 b0 4d 60 01 21  21 81 61 81 99 f6 5e f8
88 b3 a1 48 b0 f8 14 03  a0 49 c0 f3 0a 00 0e 30
09 68 00 eb 40 00 c2 00  9d 48 00 68 39 f7 e4 ff
e0 68 00 28 1d d1 04 a8  f7 f6 22 f8 4a 20 8d f8
01 00 00 20 40 f2 ff 31  ad f8 08 10 95 49 ad f8
02 00 ad f8 06 00 8d f8  00 50 ad f8 04 00 8d f8
0c 00 09 88 ad f8 0a 10  ad f8 0e 00 68 46 14 f7
1b fd 09 b0 30 bd ff e7  09 20 e0 60 f9 e7 70 b5
0c 46 06 46 28 21 88 b0  61 60 a0 21 21 81 01 21
61 81 02 21 99 f6 1a f8  b8 b3 72 7c 31 7c f0 68
sending write buffer, mode=0xd, mspec=0, id=0,  offset=1826816, len=4096
    Write buffer cdb: [3b 0d 00 1b e0 00 00 10 00 00]
    Write buffer parameter list (first 256 bytes):
01 82 41 82 81 61 c1 60  40 f2 20 11 01 81 01 21
41 81 18 21 41 60 01 20  cd e7 2d e9 f0 4f 93 b0
04 46 00 20 0d 46 11 90  08 46 ff f7 e7 ff 04 f1
10 00 0f c8 8d e8 0f 00  94 e8 0f 00 ff f7 b3 ff
09 22 01 28 58 d1 01 21  20 46 98 f6 6f f8 00 28
52 d0 4f f0 00 0a cd f8  40 a0 cd f8 24 a0 d3 46
57 46 d1 46 cd e9 02 aa  20 7b 10 28 49 d0 01 26
b0 00 80 46 99 f6 f8 f8  07 90 40 46 99 f6 f4 f8
06 90 40 46 99 f6 f0 f8  05 90 f0 00 99 f6 ec f8
04 90 40 46 99 f6 e8 f8  08 90 07 98 80 b3 06 98
70 b3 08 98 60 b3 05 98  50 b3 04 98 40 b3 08 98
cd e9 00 06 dd e9 06 10  dd e9 04 32 ff f7 3b ff
80 b3 60 7f fe 49 08 43  fe 49 08 60 fe 48 21 8a
00 68 d0 e9 16 30 59 1a  60 f1 00 00 49 1e 40 f1
ff 36 cd e9 0a 16 20 7b  e2 89 10 28 0d d0 02 28
40 f6 00 78 17 d0 27 e0  ea 60 13 b0 bd e8 f0 8f
sending write buffer, mode=0xd, mspec=0, id=0,  offset=1830912, len=4096
    Write buffer cdb: [3b 0d 00 1b f0 00 00 10 00 00]
    Write buffer parameter list (first 256 bytes):
05 e0 01 26 00 20 00 90  77 02 4f ea 43 2a 20 7f
08 b1 26 6a 04 e0 20 7b  08 b9 20 7d 00 b1 01 26
00 98 09 eb 0b 04 38 44  74 43 00 fb 06 f8 14 f4
27 fc 01 99 40 1a a0 42  05 d3 14 f4 21 fc a0 eb
0a 01 41 45 04 d2 41 f2  00 00 e8 60 bd e8 fe 8f
01 98 f0 f6 ad fb 05 46  50 46 f0 f6 a9 fb 04 46
59 46 48 46 f8 f7 d0 fa  00 98 ba 46 04 eb 0a 08
cd e9 01 90 01 20 00 90  19 e0 dd f8 00 90 13 e0
01 98 2f 18 28 46 79 1b  1b f4 6a e9 09 e0 15 f8
01 0b 04 f8 01 0b 44 45  03 d1 02 98 04 44 04 eb
0a 08 bd 42 f3 d3 5d 44  b9 f1 01 09 e8 d2 76 1e
e3 d2 cb e7 2d e9 f0 4f  0f 46 05 46 08 21 4f f0
00 0a 89 b0 79 60 01 21  39 81 79 81 c7 f8 0c a0
97 f6 2c f8 40 b1 df f8  34 92 95 f8 20 00 09 f1
24 06 18 b1 6b 6a 02 e0  09 20 74 e0 f3 68 18 46
f3 f6 78 fc 00 28 18 46  0b d0 f3 f6 8c fc 80 46
sending write buffer, mode=0xd, mspec=0, id=0,  offset=1835008, len=4096
    Write buffer cdb: [3b 0d 00 1c 00 00 00 10 00 00]
    Write buffer parameter list (first 256 bytes):
11 81 51 81 00 21 d1 60  01 21 96 f6 8f f8 18 b1
bd e8 10 40 f2 f6 cc bc  09 20 d0 60 10 bd 10 b5
0c 46 02 46 0c 21 61 60  3d 21 21 81 01 21 61 81
00 21 e1 60 01 21 96 f6  79 f8 20 b1 10 7b 01 28
03 d0 e0 68 05 e0 09 20  09 e0 50 7b fb f7 59 ff
e0 60 00 28 04 d1 04 f1  10 00 fb f7 4c ff e0 60
10 bd 38 b5 0c 46 02 46  0c 21 01 25 61 60 6b 21
21 81 29 46 65 81 96 f6  59 f8 d8 b1 10 7b 01 28
1b d0 50 7b e8 b1 d0 89  69 46 fc f7 be f8 00 28
e0 60 05 d1 bd f9 00 00  00 28 16 da 00 20 20 74
38 bd 00 00 af 11 3e 00  50 0c 34 00 e6 9e 27 80
28 a1 27 80 09 20 e0 60  f2 e7 68 46 fc f7 a7 f8
e5 e7 68 46 fc f7 9e f8  e1 e7 25 74 60 82 e7 e7
10 b5 0c 46 03 46 0c 21  61 60 74 21 21 81 01 21
61 81 00 21 e1 60 01 21  96 f6 20 f8 18 b1 18 7b
18 b1 e0 68 08 e0 09 20  0f e0 00 22 02 21 99 20
sending write buffer, mode=0xd, mspec=0, id=0,  offset=1839104, len=4096
    Write buffer cdb: [3b 0d 00 1c 10 00 00 10 00 00]
    Write buffer parameter list (first 256 bytes):
f2 e7 41 68 08 22 c9 68  ee e7 2d e9 f0 41 0d 46
40 f2 10 21 86 b0 07 46  69 60 17 21 29 81 01 21
69 81 00 21 e9 60 01 21  95 f6 80 f8 d8 b1 01 20
69 46 f1 f6 23 f9 01 98  00 24 f9 68 08 44 28 61
38 8a a8 82 f8 7c a8 75  02 98 f9 68 46 18 a9 8a
70 1e 01 eb 00 08 13 f4  8e fa 1e 49 08 8c 20 f0
c0 00 08 84 1c e0 09 20  09 e0 f8 7c 01 28 28 d0
02 28 21 d0 04 28 0c d0  08 28 03 d0 0a 20 e8 60
06 b0 6f e4 d6 e9 00 23  05 eb c4 00 c0 e9 06 23
03 e0 05 eb 84 02 30 68  90 61 64 1c f8 7c 06 44
46 45 e2 d9 03 20 81 f8  28 00 08 8c 40 f0 c0 00
08 84 13 f4 51 fa e3 e7  05 eb 44 02 30 88 10 83
eb e7 2a 19 30 78 10 76  e7 e7 00 00 b0 08 34 00
00 04 24 00 40 40 05 44  70 b5 0c 46 30 21 86 b0
61 60 11 21 21 81 01 26  00 21 66 81 e1 60 31 46
95 f6 1c f8 58 b3 f2 f6  98 ff 00 28 e0 60 25 d1
sending write buffer, mode=0xd, mspec=0, id=0,  offset=1843200, len=4096
    Write buffer cdb: [3b 0d 00 1c 20 00 00 10 00 00]
    Write buffer parameter list (first 256 bytes):
28 46 04 f0 1d f8 01 23  00 20 1a 46 19 46 f8 f7
39 f8 00 b1 04 46 41 46  00 22 28 46 ff f7 4c ff
00 b1 04 46 00 20 ff f7  68 ff 41 46 30 46 04 f0
07 f8 01 23 00 20 1a 46  19 46 f8 f7 23 f8 00 b1
04 46 41 46 00 22 30 46  ff f7 36 ff 00 b1 04 46
6a 46 5e 21 00 91 20 f0  01 00 40 f2 ff 11 40 f0
06 00 ad f8 04 10 01 21  01 ab f0 f6 1f fe 00 b1
04 46 02 22 00 21 10 46  f1 f7 8a fc 41 46 30 46
03 f0 de ff fa 4e 4f f0  00 09 4f f0 ff 37 40 f2
ee 2b 06 f1 f9 00 b0 f5  f9 7f 2c d9 01 25 30 46
7f 1c 2b 46 3f b2 2a 46  29 46 f7 f7 eb ff 00 b1
00 25 f1 f6 ba ff 00 b1  00 25 ee 48 00 7e 02 28
2a d0 00 25 43 f2 00 04  09 eb 49 02 02 eb c9 02
ff 21 0a eb 42 08 08 f8  07 10 65 b1 e6 48 00 21
40 69 c5 68 08 46 f0 f6  8d fd b5 f8 16 02 ff 28
01 d2 08 f8 07 00 32 36  36 b2 5e 45 c9 dd f0 f6
sending write buffer, mode=0xd, mspec=0, id=0,  offset=1847296, len=4096
    Write buffer cdb: [3b 0d 00 1c 30 00 00 10 00 00]
    Write buffer parameter list (first 256 bytes):
01 21 61 81 e3 60 93 f6  91 f8 40 b1 15 7b 42 f2
08 09 80 2d 06 d3 c4 f8  0c 90 bd e8 f0 87 09 20
e0 60 fa e7 d7 89 04 f1  14 06 80 2f 00 d9 80 27
c5 f1 80 00 b8 42 00 da  87 b2 98 46 80 20 20 74
63 74 63 82 1b e0 32 1d  28 46 b1 1c f4 f7 1b fe
48 45 e0 60 0d d0 20 7c  a8 42 00 d9 25 74 60 7c
a8 42 00 d2 65 74 60 8a  40 1c 60 82 06 f8 06 5b
01 e0 c4 f8 0c 80 7f 1e  6d 1c bf b2 ed b2 00 2f
cb d0 e0 68 00 28 de d0  c7 e7 2d e9 f0 5f 0c 46
06 46 50 21 4f f0 00 0b  61 60 34 21 21 81 02 21
61 81 01 21 c4 f8 0c b0  93 f6 40 f8 58 b3 9a f6
67 fe c7 b2 9b f6 47 fb  f1 89 17 fb 00 f0 a1 f5
7f 42 ff 3a c0 b2 00 d1  f0 81 04 f1 16 0a 96 f8
0c 80 75 7b b6 f9 0e 90  27 74 05 eb 09 02 84 f8
11 80 18 fb 07 21 a5 74  81 42 0e dd 08 1a f1 89
08 1a 0f fa 80 f9 b9 f1  00 0f 06 dc 42 f2 07 00
sending write buffer, mode=0xd, mspec=0, id=0,  offset=1851392, len=4096
    Write buffer cdb: [3b 0d 00 1c 40 00 00 10 00 00]
    Write buffer parameter list (first 256 bytes):
03 e0 06 20 01 e0 0e 20  00 21 12 69 02 f0 1e f9
07 21 21 80 61 80 08 21  61 60 01 21 21 81 61 81
e0 60 10 bd 0c 09 34 00  7f b5 0c 46 05 46 08 21
01 26 61 60 00 21 26 81  66 81 e1 60 31 46 92 f6
75 f8 08 b3 02 a8 f0 f6  52 f8 00 28 e0 60 1a d1
28 7b 01 28 1a d0 01 25  00 96 00 23 2a 46 dd e9
02 01 ee f6 18 fb 00 28  e0 60 0c d1 05 20 00 95
dd e9 02 23 f7 f7 b9 ff  00 28 e0 60 03 d1 08 20
f7 f7 65 ff e0 60 7f bd  09 20 fb e7 00 25 e3 e7
70 b5 0c 46 05 46 08 21  00 22 61 60 01 21 21 81
61 81 e2 60 92 f6 42 f8  50 b1 a8 89 50 b1 ed f6
bc ff 00 28 e0 60 07 d1  a8 89 01 28 05 d0 06 e0
09 20 0a e0 fe 48 02 70  70 bd 4f f6 fc 70 f3 f7
d0 fb 00 28 f8 d1 48 f2  00 00 e0 60 70 bd 10 b5
0c 46 02 46 08 21 61 60  01 21 21 81 61 81 00 21
e1 60 01 21 92 f6 1a f8  30 b1 10 7b 01 28 05 d0
sending write buffer, mode=0xd, mspec=0, id=0,  offset=1855488, len=4096
    Write buffer cdb: [3b 0d 00 1c 50 00 00 10 00 00]
    Write buffer parameter list (first 256 bytes):
0d 90 e9 f6 ca f8 0b 90  48 20 60 60 65 20 20 81
04 20 60 81 00 26 01 46  38 46 e6 60 91 f6 86 f8
60 b1 fa 49 f8 48 0a 78  90 f8 22 00 97 f8 28 10
31 b1 00 25 40 1e c0 b2  0c 90 09 e0 09 20 15 e0
f9 6a 81 42 02 d3 43 f2  11 00 0f e0 cd b2 0c 95
97 f8 29 00 28 b1 00 20  0a 96 e9 f6 ec f9 09 90
09 e0 38 6b 90 42 04 d3  43 f2 1a 00 e0 60 11 b0
57 e6 09 90 0a 90 38 69  ff 28 03 d1 00 20 ef f7
1f fc 38 61 b8 69 ff 28  03 d1 00 20 ef f7 07 fc
b8 61 38 6a ff 28 03 d1  00 20 ef f7 22 fc 38 62
f8 68 ff 28 03 d1 00 20  ef f7 0a fc f8 60 78 69
ff 28 03 d1 00 20 ef f7  f2 fb 78 61 f8 69 ff 28
03 d1 00 20 ef f7 0d fc  f8 61 00 20 84 f8 44 00
01 20 84 f8 48 00 28 46  04 95 52 e1 0a 98 47 e1
38 8c 3b e1 38 8b 30 e1  38 8a 25 e1 00 20 84 f8
46 00 84 f8 47 00 84 f8  45 00 04 98 c4 e9 04 09
sending write buffer, mode=0xd, mspec=0, id=0,  offset=1859584, len=4096
    Write buffer cdb: [3b 0d 00 1c 60 00 00 10 00 00]
    Write buffer parameter list (first 256 bytes):
4d 45 ea d9 00 20 05 b0  bd e8 f0 8f 78 6a 40 1c
78 62 60 69 40 45 0d d3  b0 42 0b d8 94 f8 20 10
04 aa 5b 46 e8 f6 dd fa  10 b1 4f f4 88 30 ea e7
e8 f6 9c fd bd f8 02 00  40 1c ad f8 02 00 d6 e7
70 b5 04 46 0d 46 ed f7  3b fc ed f6 69 ff 29 46
20 46 ed f6 e5 fd bd e8  70 40 00 20 01 46 ed f6
df be 70 b5 05 46 00 78  0e 46 81 07 20 d0 30 70
68 68 70 60 28 78 41 07  1c d5 30 20 70 80 00 24
28 78 c0 07 07 d0 05 eb  44 01 20 46 08 31 f6 f7
87 f9 00 28 0b d1 06 eb  44 01 20 46 08 31 f6 f7
79 f9 00 28 03 d1 71 88  64 1c a1 42 e8 d8 4a e4
00 20 48 e4 c0 07 06 d0  68 68 05 f1 08 01 f6 f7
6f f9 00 28 f3 d1 68 68  06 f1 08 01 bd e8 70 40
f6 f7 60 b9 70 b5 05 46  00 78 0e 46 81 07 0c d0
30 70 68 68 70 60 28 78  41 07 20 d5 b0 1c f6 f7
5d f9 00 28 02 d1 00 24  15 e0 00 20 23 e4 28 78
sending write buffer, mode=0xd, mspec=0, id=0,  offset=1863680, len=4096
    Write buffer cdb: [3b 0d 00 1c 70 00 00 10 00 00]
    Write buffer parameter list (first 256 bytes):
28 03 03 00 5b 0d 3f 00  10 00 00 00 84 e1 03 00
2b 03 03 00 63 9b 3e 00  68 0d 00 00 84 e1 03 00
2c 03 03 00 9f 9b 3e 00  e8 00 00 00 84 e1 03 00
29 03 03 00 c5 c4 3e 00  14 00 00 00 84 e1 03 00
9b 01 03 00 37 30 28 00  68 98 04 00 00 00 00 00
30 03 03 00 a1 ae 3e 00  10 00 00 00 84 e1 03 00
00 02 03 00 99 ac 3e 00  14 00 00 00 00 00 00 00
35 03 03 00 6b b3 3e 00  10 00 00 00 84 e1 03 00
f5 00 03 00 21 a1 3e 00  18 40 00 00 00 00 00 00
f6 00 03 00 6d 99 3e 00  14 40 00 00 00 00 00 00
f7 00 03 00 e3 ac 3e 00  10 00 00 00 00 00 00 00
3b 03 03 00 a5 b3 3e 00  10 00 00 00 84 e1 03 00
0e 03 03 00 39 a2 3e 00  10 00 10 00 84 e1 03 00
0f 03 03 00 cf 8b 3e 00  f0 00 00 00 84 e1 03 00
01 02 03 00 3f 96 3e 00  38 00 00 00 84 e1 03 00
03 02 03 00 1d 98 3e 00  10 00 00 00 84 e1 03 00
sending write buffer, mode=0xd, mspec=0, id=0,  offset=1867776, len=4096
    Write buffer cdb: [3b 0d 00 1c 80 00 00 10 00 00]
    Write buffer parameter list (first 256 bytes):
00 00 00 00 00 00 00 00  00 00 00 00 00 00 00 00
00 00 00 00 00 00 00 00  00 00 00 00 00 00 00 00
00 00 00 00 00 00 00 00  00 00 00 00 00 00 00 00
00 00 00 00 00 00 00 00  00 00 00 00 00 00 00 00
00 00 00 00 00 00 00 00  00 00 00 00 00 00 00 00
00 00 00 00 00 00 00 00  00 00 00 00 00 00 00 00
00 00 00 00 00 00 00 00  00 00 00 00 00 00 00 00
00 00 00 00 00 00 00 00  00 00 00 00 00 00 00 00
00 00 00 00 00 00 00 00  00 00 00 00 00 00 00 00
00 00 00 00 00 00 00 00  00 00 00 00 00 00 00 00
00 00 00 00 00 00 00 00  00 00 00 00 00 00 00 00
00 00 00 00 00 00 00 00  00 00 00 00 00 00 00 00
00 00 00 00 00 00 00 00  00 00 00 00 00 00 00 00
00 00 00 00 00 00 00 00  00 00 00 00 00 00 00 00
00 00 00 00 00 00 00 00  00 00 00 00 00 00 00 00
00 00 00 00 00 00 00 00  00 00 00 00 00 00 00 00
sending write buffer, mode=0xd, mspec=0, id=0,  offset=1871872, len=4096
    Write buffer cdb: [3b 0d 00 1c 90 00 00 10 00 00]
    Write buffer parameter list (first 256 bytes):
00 00 00 00 00 00 00 00  00 00 00 00 00 00 00 00
00 00 00 00 00 00 00 00  00 00 00 00 00 00 00 00
00 00 00 00 00 00 00 00  00 00 00 00 00 00 00 00
00 00 00 00 00 00 00 00  00 00 00 00 00 00 00 00
00 00 00 00 00 00 00 00  00 00 00 00 00 00 00 00
00 00 00 00 00 00 00 00  00 00 00 00 00 00 00 00
00 00 00 00 00 00 00 00  00 00 00 00 00 00 00 00
00 00 00 00 00 00 00 00  00 00 00 00 00 00 00 00
00 00 00 00 00 00 00 00  00 00 00 00 00 00 00 00
00 00 00 00 00 00 00 00  00 00 00 00 00 00 00 00
00 00 00 00 00 00 00 00  00 00 00 00 00 00 00 00
00 00 00 00 00 00 00 00  00 00 00 00 00 00 00 00
00 00 00 00 00 00 00 00  00 00 00 00 00 00 00 00
00 00 00 00 00 00 00 00  00 00 00 00 00 00 00 00
00 00 00 00 00 00 00 00  00 00 00 00 00 00 00 00
00 00 00 00 00 00 00 00  00 00 00 00 00 00 00 00
sending write buffer, mode=0xd, mspec=0, id=0,  offset=1875968, len=4096
    Write buffer cdb: [3b 0d 00 1c a0 00 00 10 00 00]
    Write buffer parameter list (first 256 bytes):
00 00 00 00 00 00 00 00  00 00 00 00 00 00 00 00
00 00 00 00 00 00 00 00  00 00 00 00 00 00 00 00
00 00 00 00 00 00 00 00  00 00 00 00 00 00 00 00
00 00 00 00 00 00 00 00  00 00 00 00 00 00 00 00
00 00 00 00 00 00 00 00  00 00 00 00 00 00 00 00
00 00 00 00 00 00 00 00  00 00 00 00 00 00 00 00
00 00 00 00 00 00 00 00  00 00 00 00 00 00 00 00
00 00 00 00 00 00 00 00  00 00 00 00 00 00 00 00
00 00 00 00 00 00 00 00  00 00 00 00 00 00 00 00
00 00 00 00 00 00 00 00  00 00 00 00 00 00 00 00
00 00 00 00 00 00 00 00  00 00 00 00 00 00 00 00
00 00 00 00 00 00 00 00  00 00 00 00 00 00 00 00
00 00 00 00 00 00 00 00  00 00 00 00 00 00 00 00
00 00 00 00 00 00 00 00  00 00 00 00 00 00 00 00
00 00 00 00 00 00 00 00  00 00 00 00 00 00 00 00
00 00 00 00 00 00 00 00  00 00 00 00 00 00 00 00
sending write buffer, mode=0xd, mspec=0, id=0,  offset=1880064, len=4096
    Write buffer cdb: [3b 0d 00 1c b0 00 00 10 00 00]
    Write buffer parameter list (first 256 bytes):
00 00 00 00 00 00 00 00  00 00 00 00 00 00 00 00
00 00 00 00 00 00 00 00  00 00 00 00 00 00 00 00
00 00 00 00 00 00 00 00  00 00 00 00 00 00 00 00
00 00 00 00 00 00 00 00  00 00 00 00 00 00 00 00
00 00 00 00 00 00 00 00  00 00 00 00 00 00 00 00
00 00 00 00 00 00 00 00  00 00 00 00 00 00 00 00
00 00 00 00 00 00 00 00  00 00 00 00 00 00 00 00
00 00 00 00 00 00 00 00  00 00 00 00 00 00 00 00
00 00 00 00 00 00 00 00  00 00 00 00 00 00 00 00
00 00 00 00 00 00 00 00  00 00 00 00 00 00 00 00
00 00 00 00 00 00 00 00  00 00 00 00 00 00 00 00
00 00 00 00 00 00 00 00  00 00 00 00 00 00 00 00
00 00 00 00 00 00 00 00  00 00 00 00 00 00 00 00
00 00 00 00 00 00 00 00  00 00 00 00 00 00 00 00
00 00 00 00 00 00 00 00  00 00 00 00 00 00 00 00
00 00 00 00 00 00 00 00  00 00 00 00 00 00 00 00
sending write buffer, mode=0xd, mspec=0, id=0,  offset=1884160, len=4096
    Write buffer cdb: [3b 0d 00 1c c0 00 00 10 00 00]
    Write buffer parameter list (first 256 bytes):
00 00 00 00 00 00 00 00  00 00 00 00 00 00 00 00
00 00 00 00 00 00 00 00  00 00 00 00 00 00 00 00
00 00 00 00 00 00 00 00  00 00 00 00 00 00 00 00
00 00 00 00 00 00 00 00  00 00 00 00 00 00 00 00
00 00 00 00 00 00 00 00  00 00 00 00 00 00 00 00
00 00 00 00 00 00 00 00  00 00 00 00 00 00 00 00
00 00 00 00 00 00 00 00  00 00 00 00 00 00 00 00
00 00 00 00 00 00 00 00  00 00 00 00 00 00 00 00
00 00 00 00 00 00 00 00  00 00 00 00 00 00 00 00
00 00 00 00 00 00 00 00  00 00 00 00 00 00 00 00
00 00 00 00 00 00 00 00  00 00 00 00 00 00 00 00
00 00 00 00 00 00 00 00  00 00 00 00 00 00 00 00
00 00 00 00 00 00 00 00  00 00 00 00 00 00 00 00
00 00 00 00 00 00 00 00  00 00 00 00 00 00 00 00
00 00 00 00 00 00 00 00  00 00 00 00 00 00 00 00
00 00 00 00 00 00 00 00  00 00 00 00 00 00 00 00
sending write buffer, mode=0xd, mspec=0, id=0,  offset=1888256, len=4096
    Write buffer cdb: [3b 0d 00 1c d0 00 00 10 00 00]
    Write buffer parameter list (first 256 bytes):
00 00 00 00 00 00 00 00  00 00 00 00 00 00 00 00
00 00 00 00 00 00 00 00  00 00 00 00 00 00 00 00
00 00 00 00 00 00 00 00  00 00 00 00 00 00 00 00
00 00 00 00 00 00 00 00  00 00 00 00 00 00 00 00
00 00 00 00 00 00 00 00  00 00 00 00 00 00 00 00
00 00 00 00 00 00 00 00  00 00 00 00 00 00 00 00
00 00 00 00 00 00 00 00  00 00 00 00 00 00 00 00
00 00 00 00 00 00 00 00  00 00 00 00 00 00 00 00
00 00 00 00 00 00 00 00  00 00 00 00 00 00 00 00
00 00 00 00 00 00 00 00  00 00 00 00 00 00 00 00
00 00 00 00 00 00 00 00  00 00 00 00 00 00 00 00
00 00 00 00 00 00 00 00  00 00 00 00 00 00 00 00
00 00 00 00 00 00 00 00  00 00 00 00 00 00 00 00
00 00 00 00 00 00 00 00  00 00 00 00 00 00 00 00
00 00 00 00 00 00 00 00  00 00 00 00 00 00 00 00
00 00 00 00 00 00 00 00  00 00 00 00 00 00 00 00
sending write buffer, mode=0xd, mspec=0, id=0,  offset=1892352, len=4096
    Write buffer cdb: [3b 0d 00 1c e0 00 00 10 00 00]
    Write buffer parameter list (first 256 bytes):
00 00 00 00 00 00 00 00  00 00 00 00 00 00 00 00
00 00 00 00 00 00 00 00  00 00 00 00 00 00 00 00
00 00 00 00 00 00 00 00  00 00 00 00 00 00 00 00
00 00 00 00 00 00 00 00  00 00 00 00 00 00 00 00
00 00 00 00 00 00 00 00  00 00 00 00 00 00 00 00
00 00 00 00 00 00 00 00  00 00 00 00 00 00 00 00
00 00 00 00 00 00 00 00  00 00 00 00 00 00 00 00
00 00 00 00 00 00 00 00  00 00 00 00 00 00 00 00
00 00 00 00 00 00 00 00  00 00 00 00 00 00 00 00
00 00 00 00 00 00 00 00  00 00 00 00 00 00 00 00
00 00 00 00 00 00 00 00  00 00 00 00 00 00 00 00
00 00 00 00 00 00 00 00  00 00 00 00 00 00 00 00
00 00 00 00 00 00 00 00  00 00 00 00 00 00 00 00
00 00 00 00 00 00 00 00  00 00 00 00 00 00 00 00
00 00 00 00 00 00 00 00  00 00 00 00 00 00 00 00
00 00 00 00 00 00 00 00  00 00 00 00 00 00 00 00
sending write buffer, mode=0xd, mspec=0, id=0,  offset=1896448, len=4096
    Write buffer cdb: [3b 0d 00 1c f0 00 00 10 00 00]
    Write buffer parameter list (first 256 bytes):
00 00 00 00 00 00 00 00  00 00 00 00 00 00 00 00
00 00 00 00 00 00 00 00  00 00 00 00 00 00 00 00
00 00 00 00 00 00 00 00  00 00 00 00 00 00 00 00
00 00 00 00 00 00 00 00  00 00 00 00 00 00 00 00
00 00 00 00 00 00 00 00  00 00 00 00 00 00 00 00
00 00 00 00 00 00 00 00  00 00 00 00 00 00 00 00
00 00 00 00 00 00 00 00  00 00 00 00 00 00 00 00
00 00 00 00 00 00 00 00  00 00 00 00 00 00 00 00
00 00 00 00 00 00 00 00  00 00 00 00 00 00 00 00
00 00 00 00 00 00 00 00  00 00 00 00 00 00 00 00
00 00 00 00 00 00 00 00  00 00 00 00 00 00 00 00
00 00 00 00 00 00 00 00  00 00 00 00 00 00 00 00
00 00 00 00 00 00 00 00  00 00 00 00 00 00 00 00
00 00 00 00 00 00 00 00  00 00 00 00 00 00 00 00
00 00 00 00 00 00 00 00  00 00 00 00 00 00 00 00
00 00 00 00 00 00 00 00  00 00 00 00 00 00 00 00
sending write buffer, mode=0xd, mspec=0, id=0,  offset=1900544, len=4096
    Write buffer cdb: [3b 0d 00 1d 00 00 00 10 00 00]
    Write buffer parameter list (first 256 bytes):
00 00 00 00 00 00 00 00  00 00 00 00 00 00 00 00
00 00 00 00 00 00 00 00  00 00 00 00 00 00 00 00
00 00 00 00 00 00 00 00  00 00 00 00 00 00 00 00
00 00 00 00 00 00 00 00  00 00 00 00 00 00 00 00
00 00 00 00 00 00 00 00  00 00 00 00 00 00 00 00
00 00 00 00 00 00 00 00  00 00 00 00 00 00 00 00
00 00 00 00 00 00 00 00  00 00 00 00 00 00 00 00
00 00 00 00 00 00 00 00  00 00 00 00 00 00 00 00
00 00 00 00 00 00 00 00  00 00 00 00 00 00 00 00
00 00 00 00 00 00 00 00  00 00 00 00 00 00 00 00
00 00 00 00 00 00 00 00  00 00 00 00 00 00 00 00
00 00 00 00 00 00 00 00  00 00 00 00 00 00 00 00
00 00 00 00 00 00 00 00  00 00 00 00 00 00 00 00
00 00 00 00 00 00 00 00  00 00 00 00 00 00 00 00
00 00 00 00 00 00 00 00  00 00 00 00 00 00 00 00
00 00 00 00 00 00 00 00  00 00 00 00 00 00 00 00
sending write buffer, mode=0xd, mspec=0, id=0,  offset=1904640, len=4096
    Write buffer cdb: [3b 0d 00 1d 10 00 00 10 00 00]
    Write buffer parameter list (first 256 bytes):
00 00 00 00 00 00 00 00  00 00 00 00 00 00 00 00
00 00 00 00 00 00 00 00  00 00 00 00 00 00 00 00
00 00 00 00 00 00 00 00  00 00 00 00 00 00 00 00
00 00 00 00 00 00 00 00  00 00 00 00 00 00 00 00
00 00 00 00 00 00 00 00  00 00 00 00 00 00 00 00
00 00 00 00 00 00 00 00  00 00 00 00 00 00 00 00
00 00 00 00 00 00 00 00  00 00 00 00 00 00 00 00
00 00 00 00 00 00 00 00  00 00 00 00 00 00 00 00
00 00 00 00 00 00 00 00  00 00 00 00 00 00 00 00
00 00 00 00 00 00 00 00  00 00 00 00 00 00 00 00
00 00 00 00 00 00 00 00  00 00 00 00 00 00 00 00
00 00 00 00 00 00 00 00  00 00 00 00 00 00 00 00
00 00 00 00 00 00 00 00  00 00 00 00 00 00 00 00
00 00 00 00 00 00 00 00  00 00 00 00 00 00 00 00
00 00 00 00 00 00 00 00  00 00 00 00 00 00 00 00
00 00 00 00 00 00 00 00  00 00 00 00 00 00 00 00
sending write buffer, mode=0xd, mspec=0, id=0,  offset=1908736, len=4096
    Write buffer cdb: [3b 0d 00 1d 20 00 00 10 00 00]
    Write buffer parameter list (first 256 bytes):
00 00 00 00 00 00 00 00  00 00 00 00 00 00 00 00
00 00 00 00 00 00 00 00  00 00 00 00 00 00 00 00
00 00 00 00 00 00 00 00  00 00 00 00 00 00 00 00
00 00 00 00 00 00 00 00  00 00 00 00 00 00 00 00
00 00 00 00 00 00 00 00  00 00 00 00 00 00 00 00
00 00 00 00 00 00 00 00  00 00 00 00 00 00 00 00
00 00 00 00 00 00 00 00  00 00 00 00 00 00 00 00
00 00 00 00 00 00 00 00  00 00 00 00 00 00 00 00
00 00 00 00 00 00 00 00  00 00 00 00 00 00 00 00
00 00 00 00 00 00 00 00  00 00 00 00 00 00 00 00
00 00 00 00 00 00 00 00  00 00 00 00 00 00 00 00
00 00 00 00 00 00 00 00  00 00 00 00 00 00 00 00
00 00 00 00 00 00 00 00  00 00 00 00 00 00 00 00
00 00 00 00 00 00 00 00  00 00 00 00 00 00 00 00
00 00 00 00 00 00 00 00  00 00 00 00 00 00 00 00
00 00 00 00 00 00 00 00  00 00 00 00 00 00 00 00
sending write buffer, mode=0xd, mspec=0, id=0,  offset=1912832, len=4096
    Write buffer cdb: [3b 0d 00 1d 30 00 00 10 00 00]
    Write buffer parameter list (first 256 bytes):
00 00 00 00 00 00 00 00  00 00 00 00 00 00 00 00
00 00 00 00 00 00 00 00  00 00 00 00 00 00 00 00
00 00 00 00 00 00 00 00  00 00 00 00 00 00 00 00
00 00 00 00 00 00 00 00  00 00 00 00 00 00 00 00
00 00 00 00 00 00 00 00  00 00 00 00 00 00 00 00
00 00 00 00 00 00 00 00  00 00 00 00 00 00 00 00
00 00 00 00 00 00 00 00  00 00 00 00 00 00 00 00
00 00 00 00 00 00 00 00  00 00 00 00 00 00 00 00
00 00 00 00 00 00 00 00  00 00 00 00 00 00 00 00
00 00 00 00 00 00 00 00  00 00 00 00 00 00 00 00
00 00 00 00 00 00 00 00  00 00 00 00 00 00 00 00
00 00 00 00 00 00 00 00  00 00 00 00 00 00 00 00
00 00 00 00 00 00 00 00  00 00 00 00 00 00 00 00
00 00 00 00 00 00 00 00  00 00 00 00 00 00 00 00
00 00 00 00 00 00 00 00  00 00 00 00 00 00 00 00
00 00 00 00 00 00 00 00  00 00 00 00 00 00 00 00
sending write buffer, mode=0xd, mspec=0, id=0,  offset=1916928, len=4096
    Write buffer cdb: [3b 0d 00 1d 40 00 00 10 00 00]
    Write buffer parameter list (first 256 bytes):
02 d5 42 f0 80 02 01 e0  22 f0 80 02 0a 60 03 06
02 d5 42 f0 20 02 01 e0  22 f0 20 02 0a 60 c3 05
02 d5 42 f0 40 02 01 e0  22 f0 40 02 0a 60 03 04
02 d5 42 f4 80 72 01 e0  22 f4 80 72 0a 60 80 05
02 d5 42 f4 00 70 01 e0  22 f4 00 70 08 60 70 47
2d e9 f0 41 f7 4e 00 24  c5 68 80 46 37 78 04 e0
20 46 26 f7 d3 fe 28 55  64 1c 20 46 26 f7 b1 fe
00 28 f5 d1 68 88 07 28  09 d0 00 20 30 70 40 46
25 f7 96 f9 ec a0 25 f7  13 fb 00 24 10 e0 02 20
30 70 40 46 25 f7 8c f9  0e e0 20 07 03 d1 ea a0
21 46 25 f7 05 fb 29 5d  e9 a0 24 f7 ad ff 64 1c
68 68 08 30 a0 42 f0 d8  01 20 37 70 7b e5 f0 b5
91 b0 12 20 05 a9 24 f7  b1 fb e3 48 00 21 10 aa
26 f7 52 fe 01 28 2a d0  bd f8 16 00 c1 00 df a0
32 f7 32 f8 07 00 22 d0  e0 48 00 22 08 a9 e2 f6
a2 ff bd f8 16 10 0a 98  c9 00 56 f4 32 ea bd f8
sending write buffer, mode=0xd, mspec=0, id=0,  offset=1921024, len=4096
    Write buffer cdb: [3b 0d 00 1d 50 00 00 10 00 00]
    Write buffer parameter list (first 256 bytes):
65 63 00 00 49 74 65 72  66 6f 72 55 43 20 25 64
20 55 43 43 6f 64 65 77  6f 72 64 73 20 25 64 20
20 43 6f 64 77 6f 72 64  43 6f 75 74 20 25 64 20
61 6c 6c 20 64 65 63 0a  00 00 00 00 4d 61 78 20
69 74 65 72 61 74 69 6f  6e 73 3a 20 25 64 20 55
43 20 43 57 20 25 64 20  20 43 57 20 43 6e 74 20
25 64 20 49 74 65 72 20  66 6f 72 20 55 43 3a 20
25 64 20 61 6c 6c 20 64  65 63 00 00 42 49 45 3a
20 25 36 2e 32 65 00 00  49 74 65 72 61 74 69 6f
6e 73 3a 20 25 36 2e 32  65 00 00 00 55 6e 63 6f
72 72 65 63 74 61 62 6c  65 20 43 57 3a 20 25 64
20 64 65 63 00 00 00 00  54 6f 74 61 6c 20 43 57
3a 20 25 64 20 64 65 63  00 00 00 00 42 49 45 20
20 43 6f 75 6e 74 00 00  25 33 58 20 20 25 58 00
f0 fa 33 00 49 74 65 72  20 43 6f 75 6e 74 00 00
46 61 69 6c 65 64 20 74  6f 20 6f 70 65 6e 20 68
sending write buffer, mode=0xd, mspec=0, id=0,  offset=1925120, len=4096
    Write buffer cdb: [3b 0d 00 1d 60 00 00 10 00 00]
    Write buffer parameter list (first 256 bytes):
1b e0 24 f7 10 f8 04 00  17 d1 ae a0 23 f7 50 fb
28 7c 06 28 13 d2 df e8  00 f0 03 05 07 09 0b 0d
ac a0 08 e0 ac a0 06 e0  b0 a0 04 e0 b6 a0 02 e0
b8 a0 00 e0 bc a0 23 f7  05 fe 20 46 70 bd c1 a0
f9 e7 10 b5 c1 68 07 22  4a 80 04 22 4a 60 06 22
0a 81 01 22 4a 81 23 f7  ab f9 01 20 10 bd 10 b5
c1 68 07 22 4a 80 04 22  4a 60 40 f2 20 32 0a 81
01 22 4a 81 23 f7 9c f9  01 20 10 bd 38 b5 00 25
2c 46 28 46 23 f7 34 fb  00 b1 05 78 01 20 23 f7
2f fb 00 b1 04 78 85 b3  7c b3 28 46 23 f7 19 fa
05 00 28 d0 68 68 a9 49  00 90 88 42 0f d1 a4 f1
61 00 19 28 03 d8 20 46  4f f5 a3 fb 04 46 a4 f1
41 00 19 28 12 d8 24 f0  40 00 69 46 10 e0 69 46
20 46 23 f7 27 f8 88 b1  a8 68 00 90 58 b1 96 f6
52 fe 18 b1 9a a0 22 f7  a0 ff 3d e0 69 46 20 46
23 f7 18 f8 10 b1 00 20  39 e4 04 e0 00 99 28 46
sending write buffer, mode=0xd, mspec=0, id=0,  offset=1929216, len=4096
    Write buffer cdb: [3b 0d 00 1d 70 00 00 10 00 00]
    Write buffer parameter list (first 256 bytes):
08 b1 22 f7 1f fe e0 68  08 b1 22 f7 1b fe 1e 20
00 e0 40 1e 20 60 28 46  bd e8 70 40 22 f7 37 bd
70 b5 00 f5 80 54 0d 46  06 46 b4 f8 f8 15 69 60
00 69 28 60 30 46 22 f7  f6 ff 08 bb 68 7e f8 b1
e8 68 48 b1 b4 f8 04 16  11 b1 af f2 d4 11 01 e0
af f2 d8 11 22 f7 f6 fd  28 69 38 b1 b4 f8 00 36
b4 f8 fc 25 b4 f8 f8 15  22 f7 ec fd 68 69 38 b1
b4 f8 02 26 b4 f8 fe 15  d4 f8 08 36 22 f7 e2 fd
30 46 bd e8 70 40 22 f7  02 bd 2d e9 f0 4f c4 68
8d b0 80 46 4f f0 00 09  07 20 49 46 cd f8 00 90
0c aa 60 80 18 20 60 60  01 20 60 81 f5 48 23 f7
63 fe 01 28 3b d0 f3 48  01 21 04 f1 10 02 23 f7
5b fe 01 28 f6 d0 ef 48  02 21 04 f1 14 02 23 f7
53 fe 01 28 ee d0 eb 48  03 21 04 f1 18 02 23 f7
4b fe 01 28 e6 d0 60 69  10 b1 a0 69 00 28 e1 d0
e4 48 05 21 04 f1 0e 02  23 f7 3e fe 01 28 d9 d0
sending write buffer, mode=0xd, mspec=0, id=0,  offset=1933312, len=4096
    Write buffer cdb: [3b 0d 00 1d 80 00 00 10 00 00]
    Write buffer parameter list (first 256 bytes):
1e 00 01 6b 04 91 d0 e9  06 12 cd e9 02 12 d0 e9
04 12 cd e9 00 12 d0 e9  01 23 41 88 ab 48 21 f7
11 fe 0e b0 10 bd 41 88  42 68 a9 a0 21 f7 0a be
10 b5 c2 8a 01 8a a9 a0  20 f7 f7 ff bd e8 10 40
ab 48 21 f7 ff bd 2d e9  f8 4f 0d 46 82 46 00 21
00 91 41 89 02 29 03 d0  22 f7 06 f8 00 90 5a e0
ba f8 16 40 0a f1 18 09  4f f0 00 08 c4 eb c4 01
09 eb c1 06 ff f7 dc ff  00 21 4a 46 ff 23 13 e0
28 78 18 b1 68 68 57 68  b8 42 09 d1 13 70 50 78
01 28 08 d1 92 f8 24 00  40 45 04 d9 80 46 02 e0
64 1e 11 70 a4 b2 38 32  b2 42 e9 d3 4d 46 8b 46
0b e0 28 78 40 b1 68 78  30 b9 28 46 ff f7 b3 ff
64 1e 85 f8 00 b0 a4 b2  38 35 0c b1 b5 42 f0 d3
00 27 14 e0 4d 46 0d e0  28 78 50 b1 95 f8 24 00
b8 42 06 d1 28 46 ff f7  73 ff 64 1e 85 f8 00 b0
a4 b2 38 35 0c b1 b5 42  ee d3 7f 1c ff b2 0c b1
sending write buffer, mode=0xd, mspec=0, id=0,  offset=1937408, len=4096
    Write buffer cdb: [3b 0d 00 1d 90 00 00 10 00 00]
    Write buffer parameter list (first 256 bytes):
b6 a0 20 f7 55 fb 08 27  00 25 60 19 90 f8 24 10
78 48 7e 38 1f f7 f8 ff  6d 1c bd 42 f5 d3 d9 e0
02 22 94 f8 2c 30 07 21  b2 a0 df e7 02 22 94 f8
2d 30 08 21 b8 a0 d9 e7  09 21 c2 a0 20 f7 38 fb
06 21 04 f1 2e 00 c1 e7  0a 21 c6 a0 20 f7 30 fb
8c 27 00 25 28 07 05 d1  c8 48 1f f7 d5 ff 0c 20
20 f7 07 fe 60 19 90 f8  34 10 62 48 7e 38 1f f7
cb ff 6d 1c bd 42 ed d3  ac e0 aa e0 0b 21 c0 a0
20 f7 16 fb 0e 27 00 25  60 19 90 f8 c0 10 59 48
7e 38 1f f7 b9 ff 6d 1c  bd 42 f5 d3 9a e0 04 22
b4 f8 ce 30 0c 21 bd a0  a0 e7 0d 21 c5 a0 20 f7
ff fa 08 21 04 f1 d0 00  88 e7 02 22 94 f8 d8 30
0e 21 c9 a0 92 e7 0f 21  d2 a0 20 f7 f1 fa 04 21
04 f1 d9 00 7a e7 10 21  d5 a0 20 f7 e9 fa 04 22
68 46 04 f1 dd 01 4c f4  e1 fb 00 99 48 1c 03 d0
d6 a0 1f f7 89 ff 6d e0  d5 a0 1f f7 85 ff 69 e0
sending write buffer, mode=0xd, mspec=0, id=0,  offset=1941504, len=4096
    Write buffer cdb: [3b 0d 00 1d a0 00 00 10 00 00]
    Write buffer parameter list (first 256 bytes):
34 58 20 25 30 34 58 20  25 30 34 58 20 25 30 34
58 20 25 30 34 58 20 25  30 34 58 20 25 30 32 58
20 25 30 32 58 00 00 00  0a 43 61 63 68 65 20 53
65 61 72 63 68 20 48 61  72 64 77 61 72 65 20 49
6e 66 6f 00 54 61 72 67  65 74 20 4c 42 41 20 25
30 31 32 71 58 20 43 6f  75 6e 74 20 25 30 34 58
00 00 00 00 43 6f 6e 66  69 67 20 25 30 34 58 20
53 74 61 74 75 73 20 25  30 34 58 00 53 74 61 72
74 20 45 6e 74 72 79 20  25 30 32 58 20 45 6e 64
20 45 6e 74 72 79 20 25  30 32 58 00 d2 a0 1f f7
07 fb d4 e9 0c 23 a1 8d  d7 a0 1f f7 01 fb de a0
1f f7 fe fa 00 25 60 19  90 f8 5c 10 af f2 a0 00
1e f7 a2 ff 6d 1c 10 2d  f5 d3 b4 f8 70 20 d9 a0
b4 f8 6c 10 1f f7 ec fa  20 7c 03 28 1c d1 e0 a0
1f f7 e6 fa a3 8b e8 a0  62 8b 21 8b 1f f7 e0 fa
00 25 0e e0 15 b1 f4 a0  1e f7 86 ff 28 07 02 d1
sending write buffer, mode=0xd, mspec=0, id=0,  offset=1945600, len=4096
    Write buffer cdb: [3b 0d 00 1d b0 00 00 10 00 00]
    Write buffer parameter list (first 256 bytes):
70 e1 33 00 57 61 72 6e  69 6e 67 3a 20 50 61 63
6b 61 67 65 20 49 6e 66  6f 20 74 72 75 6e 63 61
74 69 6f 6e 20 6f 63 63  75 72 72 65 64 2e 00 00
d4 46 1c 80 a5 48 1c 80  54 43 47 20 49 56 20 56
65 72 73 69 6f 6e 3a 20  6e 2f 61 00 50 61 63 6b
61 67 65 20 42 50 4e 3a  20 25 64 00 41 63 74 69
76 65 20 42 46 57 20 43  6f 6e 74 61 69 6e 65 72
3a 20 25 31 64 00 00 00  f5 3b 1c 80 2d 20 4c 54
54 43 2d 55 44 52 32 00  20 63 6f 6d 70 69 6c 65
64 20 6f 66 66 20 00 00  20 25 64 2e 25 64 00 00
20 64 69 73 61 62 6c 65  64 20 00 00 20 65 6e 61
62 6c 65 64 20 00 00 00  2d 20 54 6f 72 6e 20 57
72 69 74 65 20 50 72 6f  74 65 63 74 69 6f 6e 00
2d 20 53 75 62 52 65 6c  65 61 73 65 3a 25 58 00
2d 20 45 57 50 3a 25 58  00 00 00 00 2d 20 44 52
41 4d 4d 69 72 72 6f 72  3a 25 58 00 0c d0 f9 48
sending write buffer, mode=0xd, mspec=0, id=0,  offset=1949696, len=4096
    Write buffer cdb: [3b 0d 00 1d c0 00 00 10 00 00]
    Write buffer parameter list (first 256 bytes):
1e f7 ba fe 01 28 7b d0  8d 48 02 21 04 f1 14 02
50 30 1e f7 b1 fe 01 28  72 d0 20 7b 99 28 4c d0
87 48 03 21 04 f1 1c 02  50 30 1e f7 a5 fe 01 28
66 d0 08 28 53 d0 00 20  20 76 81 48 04 21 04 f1
1e 02 50 30 1e f7 98 fe  01 28 59 d0 08 28 48 d0
00 20 60 76 7a 48 05 21  04 f1 20 02 50 30 1e f7
8b fe 01 28 4c d0 08 28  3d d0 00 20 a0 76 74 48
06 21 04 f1 24 02 50 30  1e f7 7e fe 01 28 3f d0
08 28 32 d0 00 20 84 f8  22 00 6d 48 08 21 04 f1
28 02 50 30 1e f7 70 fe  01 28 31 d0 68 48 07 21
6a 46 50 30 1e f7 68 fe  01 28 29 d0 20 7b 04 28
26 d2 e0 b1 01 28 1f d0  24 e0 01 20 c1 f6 ca fc
08 b1 70 a1 00 e0 70 49  70 a0 1d f7 bb fd 01 20
c1 f6 66 fe 73 a0 1d f7  b5 fd 16 e0 10 e0 01 20
aa e7 01 20 b5 e7 01 20  c0 e7 01 20 cb e7 9d f8
00 00 22 28 04 d1 05 e0  9d f8 00 00 dd 28 01 d0
sending write buffer, mode=0xd, mspec=0, id=0,  offset=1953792, len=4096
    Write buffer cdb: [3b 0d 00 1d d0 00 00 10 00 00]
    Write buffer parameter list (first 256 bytes):
9d 48 03 21 04 f1 18 02  28 30 1d f7 b5 fe 01 28
1e d0 99 48 04 21 6a 46  28 30 1d f7 ad fe 08 28
13 d0 01 20 20 77 94 48  05 21 04 f1 20 02 28 30
1d f7 a2 fe 01 28 0b d0  a4 20 20 81 30 46 1c f7
b7 f9 93 48 c0 68 18 b9  01 e0 00 20 ea e7 01 25
28 46 f8 bd 3e b5 41 89  04 46 01 29 03 d0 1d f7
03 f8 05 46 0e e0 1c f7  de ff 05 00 0a d1 04 f1
20 00 07 c8 8d e8 07 00  22 7c 86 a0 e3 69 61 69
1b f7 c2 ff 28 46 3e bd  70 b5 41 89 04 46 01 29
03 d0 1c f7 e9 ff 05 46  08 e0 1c f7 c4 ff 05 00
04 d1 a1 69 84 a0 0a 46  1b f7 ae ff 28 46 70 bd
70 b5 02 89 00 26 04 46  83 2a 02 d1 62 89 01 2a
04 d0 1c f7 e4 fc 06 46  30 46 70 bd 08 78 c0 07
fa d0 69 48 22 7e 61 69  68 30 1b f7 95 ff 66 48
b4 f9 1c 10 76 30 1b f7  8f ff 20 8a 00 04 02 d5
7b a0 1b f7 89 ff 20 7c  c0 07 04 d0 5e 48 e1 8b
sending write buffer, mode=0xd, mspec=0, id=0,  offset=1957888, len=4096
    Write buffer cdb: [3b 0d 00 1d e0 00 00 10 00 00]
    Write buffer parameter list (first 256 bytes):
04 f1 0c 02 75 48 66 81  28 30 1c f7 b5 fe 01 28
54 d0 72 48 01 21 04 f1  10 02 28 30 1c f7 ac fe
01 28 4b d0 6d 48 06 21  6a 46 28 30 1c f7 a4 fe
01 28 43 d0 00 98 03 28  40 d2 60 74 02 21 67 48
6a 46 28 30 1c f7 98 fe  01 28 37 d0 60 7c 02 28
00 98 35 d0 a0 82 03 21  60 48 04 f1 20 02 28 30
1c f7 8a fe 01 28 29 d0  5c 48 04 21 04 f1 1c 02
28 30 1c f7 81 fe 01 28  20 d0 e0 69 02 28 1d d9
56 48 05 21 04 f1 18 02  28 30 1c f7 75 fe 01 28
14 d0 52 48 07 21 6a 46  28 30 1c f7 6d fe 01 28
0c d0 00 98 01 28 0d d0  02 28 0d d0 84 f8 24 60
a1 20 20 81 38 46 1b f7  7b f9 01 25 28 46 f8 bd
60 61 c8 e7 00 20 00 e0  01 20 84 f8 24 00 ef e7
10 b5 c1 68 07 22 4a 80  04 22 4a 60 c9 22 0a 81
01 22 4a 81 1b f7 64 f9  01 20 10 bd 2d e9 f0 4f
b3 49 97 b0 00 f1 10 08  44 18 b2 49 00 f1 90 09
sending write buffer, mode=0xd, mspec=0, id=0,  offset=1961984, len=4096
    Write buffer cdb: [3b 0d 00 1d f0 00 00 10 00 00]
    Write buffer parameter list (first 256 bytes):
25 38 6c 58 2c 25 38 6c  58 2c 25 34 64 2c 25 34
64 2c 25 31 32 71 58 2c  25 31 32 71 58 2c 25 34
64 2c 25 34 64 2c 25 34  64 2c 25 38 64 2c 25 38
6c 64 00 00 5a 6f 6e 65  2c 46 72 6f 6d 2c 20 20
54 6f 2c 20 20 20 20 42  65 73 74 2c 20 20 20 20
42 65 73 74 00 00 00 00  20 69 6e 74 2c 48 65 61
64 2c 48 65 61 64 2c 20  57 72 74 54 69 6d 65 2c
4d 69 6e 69 5a 6f 6e 65  00 00 00 00 20 20 20 20
2c 20 69 6e 74 2c 20 69  6e 74 2c 20 20 20 55 53
65 63 73 2c 20 20 20 20  53 6b 65 77 00 00 00 00
25 34 64 2c 25 34 64 2c  25 34 64 2c 25 38 6c 64
2c 25 38 64 00 00 00 00  46 6f 72 20 41 6c 6c 20
54 65 73 74 20 5a 6f 6e  65 73 20 41 6c 6c 20 4d
69 6e 69 5a 6f 6e 65 20  53 6b 65 77 20 54 65 73
74 73 3a 00 a4 cd 33 00  dc cf 33 00 2a 2a 2a 4d
65 61 73 75 72 65 20 4f  70 74 69 6d 75 6d 20 53
sending write buffer, mode=0xd, mspec=0, id=0,  offset=1966080, len=4096
    Write buffer cdb: [3b 0d 00 1e 00 00 00 10 00 00]
    Write buffer parameter list (first 256 bytes):
77 65 64 67 65 20 20 6c  6f 67 20 28 70 68 79 29
20 00 00 00 25 58 00 00  25 35 58 20 25 30 34 58
28 25 30 34 58 29 20 00  20 25 34 68 58 20 25 34
68 58 20 25 34 68 58 0a  00 00 00 00 41 76 65 72
61 67 65 20 25 34 68 58  20 25 34 68 58 20 25 34
68 58 0a 00 dc 07 34 00  0a e0 01 0b c0 f3 0b 02
fe 48 19 f7 25 fb fd 48  61 6a 25 30 19 f7 20 fb
28 46 70 bd 2d e9 f0 4f  0c 46 01 89 8b b0 05 46
8e 29 04 d0 0b b0 bd e8  f0 4f 19 f7 00 bd 69 89
01 29 03 d0 19 f7 e8 ff  20 60 3f e1 19 f7 c3 ff
00 28 20 60 f9 d1 e0 68  00 28 22 d1 a8 69 21 69
40 1a a1 69 88 42 00 d2  a0 61 e9 a0 a1 88 19 f7
f7 fa e1 88 ea a0 19 f7  f3 fa 21 89 ec a0 19 f7
ef fa 69 69 f0 a0 19 f7  eb fa a9 69 f4 a0 19 f7
e7 fa 21 69 f6 a0 19 f7  e3 fa a1 69 f9 a0 18 f7
9c ff e8 69 60 61 20 7f  01 28 06 d0 60 7f 01 28
sending write buffer, mode=0xd, mspec=0, id=0,  offset=1970176, len=4096
    Write buffer cdb: [3b 0d 00 1e 10 00 00 10 00 00]
    Write buffer parameter list (first 256 bytes):
96 a0 18 f7 01 f8 c5 e7  70 b5 95 4c 05 46 60 68
c0 02 0a d5 18 f7 2b fa  28 46 19 f7 d0 fe 60 68
20 f4 80 10 60 60 01 20  70 bd 00 20 70 bd 8d a0
10 b5 18 f7 3d fb 17 f7  ae ff 95 48 17 f7 e4 ff
01 20 10 bd f8 b5 06 46  91 48 0c 46 80 1c 17 f7
db ff 90 a0 31 46 17 f7  e8 ff 8d 48 40 1d 17 f7
d3 ff 7f 4d 52 e0 e1 07  1d d0 87 68 88 48 17 f7
cb ff 38 78 41 1e 19 29  06 d9 1c 28 04 d0 1d 28
02 d0 18 f7 f8 fa 08 e0  40 f0 40 01 88 48 17 f7
bb ff 05 e0 18 f7 e3 fd  7f 1c 38 78 0a 28 f9 d1
7b 48 17 f7 b1 ff 83 48  00 90 e8 69 80 68 69 46
00 78 18 f7 37 f8 18 b1  18 f7 46 fb 28 b1 08 e0
29 6b 00 98 17 f7 c2 ff  f8 e7 68 68 40 f0 20 00
68 60 79 49 e8 68 48 62  e9 69 02 e0 88 68 40 1c
88 60 88 68 00 78 0a 28  03 d0 88 68 00 78 7c 28
f4 d1 88 68 00 78 7c 28  02 d0 88 68 40 1c 88 60
sending write buffer, mode=0xd, mspec=0, id=0,  offset=1974272, len=4096
    Write buffer cdb: [3b 0d 00 1e 20 00 00 10 00 00]
    Write buffer parameter list (first 256 bytes):
00 00 00 00 25 30 33 58  20 25 30 34 58 20 25 30
34 58 20 25 30 34 58 20  20 00 00 00 33 20 73 69
67 6d 61 20 52 52 4f 20  20 3d 20 25 35 2e 32 65
20 25 25 20 74 72 61 63  6b 00 00 00 33 20 73 69
67 6d 61 20 4e 52 52 4f  20 3d 20 25 35 2e 32 65
20 25 25 20 74 72 61 63  6b 00 00 00 2a 2a 45 6e
64 00 00 00 70 b5 c4 68  05 46 07 20 00 21 04 f1
0c 02 60 80 24 20 60 60  b0 20 20 81 01 20 60 81
fc 48 18 f7 79 fe 01 28  48 d0 20 7b 05 28 45 d2
f8 48 01 21 04 f1 0e 02  18 f7 6e fe 01 28 3d d0
f4 48 02 21 04 f1 10 02  18 f7 66 fe 01 28 35 d0
20 69 0a 28 32 d3 ef 48  03 21 04 f1 14 02 18 f7
5b fe 01 28 2a d0 60 69  0a 28 27 d3 21 69 81 42
24 d2 e8 48 04 21 04 f1  18 02 18 f7 4d fe 01 28
1c d0 20 8b b0 f5 80 6f  18 d8 e2 48 05 21 04 f1
1c 02 18 f7 41 fe 01 28  10 d0 e0 69 b0 f5 00 4f
sending write buffer, mode=0xd, mspec=0, id=0,  offset=1978368, len=4096
    Write buffer cdb: [3b 0d 00 1e 30 00 00 10 00 00]
    Write buffer parameter list (first 256 bytes):
01 20 38 bd 00 20 38 bd  2d e9 f0 41 c4 68 05 46
4f f0 07 08 20 20 01 26  a4 f8 02 80 05 21 60 60
25 20 20 81 03 20 60 81  04 f1 0c 02 a1 48 66 73
40 30 17 f7 a1 fe 02 28  1a d0 06 20 20 73 9d 48
00 21 04 f1 10 02 40 30  17 f7 96 fe 01 28 07 46
45 d0 05 20 a0 73 97 48  01 21 04 f1 20 02 40 30
17 f7 8a fe 01 28 3a d0  04 28 26 76 02 d0 07 e0
26 73 e4 e7 08 2f 03 d1  01 20 00 21 c4 e9 08 01
28 46 16 f7 95 f9 8c 48  c0 68 40 bb ec 68 18 20
02 21 04 f1 10 02 a4 f8  02 80 60 60 aa 20 20 81
84 48 66 81 40 30 17 f7  67 fe 01 28 17 d0 81 48
03 21 04 f1 18 02 40 30  17 f7 5e fe 01 28 0e d0
7c 48 04 21 04 f1 1a 02  40 30 17 f7 55 fe 01 28
05 d0 28 46 16 f7 6c f9  01 20 bd e8 f0 81 00 20
fb e7 76 49 80 b2 51 f8  20 00 70 47 74 4a b0 f5
80 3f 08 d2 91 88 01 eb  01 21 13 31 89 b2 91 80
sending write buffer, mode=0xd, mspec=0, id=0,  offset=1982464, len=4096
    Write buffer cdb: [3b 0d 00 1e 40 00 00 10 00 00]
    Write buffer parameter list (first 256 bytes):
4d 6e 5a 6e 20 20 54 68  72 6f 75 67 68 70 75 74
20 20 43 61 6c 54 68 72  75 70 75 74 0a 00 00 00
ac c9 33 00 70 d8 33 00  20 77 72 69 74 65 20 65
72 72 6f 72 00 00 00 00  20 72 65 61 64 20 65 72
72 6f 72 00 20 73 6b 69  70 70 65 64 20 7a 6f 6e
65 20 00 00 20 69 6e 76  61 6c 69 64 20 61 64 64
72 65 73 73 00 00 00 00  65 6e 00 00 8c 10 3b 00
45 44 41 43 20 25 73 61  62 6c 65 64 00 00 00 00
44 65 62 75 67 20 44 69  73 70 6c 61 79 20 64 69
73 61 62 6c 65 64 00 00  44 65 62 75 67 20 44 69
73 70 6c 61 79 20 65 6e  61 62 6c 65 64 00 00 00
53 20 54 20 52 20 3d 20  25 64 20 25 64 20 25 64
00 00 00 00 65 20 63 20  72 20 3d 20 25 64 20 25
64 20 25 64 00 00 00 00  5d 94 2d 00 dc 07 34 00
16 f7 4a fe 01 28 17 d0  fe 48 01 21 03 aa 16 f7
43 fe 01 28 10 d0 03 98  70 b1 01 20 8d f8 10 00
sending write buffer, mode=0xd, mspec=0, id=0,  offset=1986560, len=4096
    Write buffer cdb: [3b 0d 00 1e 50 00 00 10 00 00]
    Write buffer parameter list (first 256 bytes):
74 48 66 81 18 30 15 f7  b7 fe 01 28 0f d0 bd f8
00 00 01 a9 ee f7 d8 ff  02 20 20 73 01 98 20 61
28 46 27 75 14 f7 c4 f9  01 20 bd e8 fc 81 00 20
fb e7 f8 b5 c4 68 06 46  07 20 6a 46 02 25 00 21
60 80 08 20 60 60 98 20  20 81 82 48 65 81 15 f7
93 fe 01 28 0a d0 02 28  0a d0 00 98 00 b1 01 20
20 73 30 46 14 f7 a4 f9  01 20 f8 bd 00 20 f8 bd
25 73 f6 e7 70 b5 41 89  04 46 01 29 03 d0 14 f7
f3 ff 05 46 0f e0 14 f7  ce ff 05 46 20 7c 03 28
02 d1 71 a0 13 f7 c9 ff  2d b9 20 7c 01 28 04 d0
75 a0 13 f7 c2 ff 28 46  70 bd 79 a0 f9 e7 2d e9
fc 47 05 46 47 48 03 21  6a 46 40 30 15 f7 5c fe
01 28 42 d0 bd f8 00 00  4f f0 03 02 ec 68 4f f0
07 01 03 06 1f d5 61 80  18 20 60 60 40 f2 30 30
20 81 00 21 3b 48 62 81  04 f1 10 02 40 30 15 f7
43 fe 06 46 37 48 01 21  40 30 04 f1 18 02 15 f7
sending write buffer, mode=0xd, mspec=0, id=0,  offset=1990656, len=4096
    Write buffer cdb: [3b 0d 00 1e 60 00 00 10 00 00]
    Write buffer parameter list (first 256 bytes):
52 2f 57 20 53 74 61 74  75 73 20 25 58 20 52 2f
57 20 45 72 72 6f 72 20  25 30 38 58 00 00 00 00
53 70 69 6e 20 55 70 20  68 65 6c 64 20 70 72 69
6f 72 20 74 6f 20 44 65  6d 6f 64 20 53 79 6e 63
00 00 00 00 0c e0 f2 a0  7b e7 fa 48 13 f7 fa fd
f9 48 76 e7 f7 48 74 e7  f8 a0 72 e7 fa a0 70 e7
00 7a 00 06 03 d5 05 f1  20 00 f4 f7 cb fb 20 46
bd e8 f0 81 38 b5 41 89  04 46 04 29 03 d0 13 f7
f3 ff 05 46 23 e0 13 f7  ce ff 05 00 1f d1 20 7c
01 28 1e d0 02 28 20 d0  b4 f9 16 30 00 93 b4 f9
14 20 b4 f9 12 10 ed 48  13 f7 cc fd 20 8b 0a 21
b0 fb f1 f2 01 fb 12 02  b0 fb f1 f1 e8 a0 13 f7
c1 fd b4 f9 1a 10 f2 a0  0a 46 13 f7 bb fd 28 46
38 bd 61 8a f9 a0 0a 46  f7 e7 61 8a fd a0 0a 46
f3 e7 7f b5 41 89 04 46  01 29 03 d0 13 f7 bc ff
05 46 1e e0 13 f7 97 ff  a0 f5 a0 41 05 46 08 39
sending write buffer, mode=0xd, mspec=0, id=0,  offset=1994752, len=4096
    Write buffer cdb: [3b 0d 00 1e 70 00 00 10 00 00]
    Write buffer parameter list (first 256 bytes):
83 48 12 f7 12 f8 0d e0  00 20 ae e4 f7 69 41 46
20 46 f5 61 fa f7 16 f8  28 68 c0 68 00 1d 68 61
a8 60 f7 61 01 20 a0 e4  90 fb f1 f0 6f f0 1f 01
00 b2 88 42 01 da 08 46  02 e0 20 28 00 dd 20 20
20 30 00 b2 70 47 00 00  dc 07 34 00 9c 48 3b 00
e6 3d 1c 80 80 96 98 00  4f 55 54 00 45 52 41 53
55 52 45 20 25 73 50 55  54 20 42 55 46 46 45 52
20 2d 20 42 75 66 66 65  72 20 25 64 00 00 00 00
41 64 64 72 20 56 61 6c  75 00 00 00 49 4e 00 00
25 30 34 58 20 25 30 34  58 00 00 00 45 4e 00 00
25 73 43 4f 44 45 52 20  4d 49 43 52 4f 43 4f 44
45 20 4d 45 4d 4f 52 59  00 00 00 00 18 d3 33 00
0a 25 30 34 58 3a 00 00  20 25 30 35 58 00 00 00
44 45 00 00 41 64 61 70  74 69 76 65 20 50 61 72
61 6d 65 74 65 72 20 47  72 6f 75 70 73 20 54 61
62 6c 65 20 6f 66 20 43  6f 6e 74 65 6e 74 73 3a
sending write buffer, mode=0xd, mspec=0, id=0,  offset=1998848, len=4096
    Write buffer cdb: [3b 0d 00 1e 80 00 00 10 00 00]
    Write buffer parameter list (first 256 bytes):
65 72 20 5a 6f 6e 65 20  25 30 32 58 3a 20 20 20
00 25 30 32 58 20 20 20  20 20 20 20 25 30 32 58
20 20 20 20 20 20 20 20  20 20 25 30 32 58 20 20
20 20 20 20 20 20 20 20  25 30 32 58 00 25 30 32
58 20 20 20 20 20 20 20  20 20 20 25 30 32 58 20
20 20 20 20 20 20 20 20  20 20 20 20 25 30 32 58
20 20 20 20 20 20 20 20  20 20 20 20 20 20 25 30
32 58 20 20 20 20 20 20  20 20 20 20 20 20 20 20
25 30 32 58 20 20 20 20  20 20 20 20 20 20 25 30
32 58 20 20 20 20 20 20  20 20 20 20 20 20 25 30
32 58 00 57 72 6b 49 57  20 20 20 20 57 72 6b 49
57 44 61 6d 70 20 20 20  57 72 6b 49 57 44 75 72
20 20 20 20 57 72 6b 54  77 65 61 6b 54 65 6d 70
00 00 00 00 00 04 00 00  00 00 00 00 00 04 00 00
00 00 00 00 00 04 00 01  00 00 00 00 00 04 00 00
00 00 00 00 00 04 00 01  00 00 00 00 00 04 00 01
sending write buffer, mode=0xd, mspec=0, id=0,  offset=2002944, len=4096
    Write buffer cdb: [3b 0d 00 1e 90 00 00 10 00 00]
    Write buffer parameter list (first 256 bytes):
00 00 00 00 00 02 00 01  03 00 00 00 00 02 00 01
00 00 00 00 00 04 00 01  00 00 00 00 00 04 00 01
ff ff ff ff 00 02 00 01  01 00 00 00 00 08 00 00
00 00 00 00 00 08 00 01  00 00 00 00 00 02 00 00
00 00 00 00 00 02 00 01  00 00 00 00 00 02 00 00
00 00 00 00 00 04 00 00  00 00 00 00 00 08 00 01
00 00 00 00 00 02 00 00  00 00 00 00 00 02 00 01
00 00 00 00 00 02 00 01  00 00 00 00 00 01 00 01
01 00 00 00 00 02 00 01  00 00 00 00 00 02 00 01
01 00 00 00 00 02 00 01  ff ff 00 00 00 02 00 01
00 00 00 00 00 02 00 00  00 00 00 00 00 01 00 01
02 00 00 00 00 04 00 01  00 00 00 00 00 01 00 00
00 00 00 00 00 04 00 00  00 00 00 00 00 04 00 00
00 00 00 00 00 04 00 00  00 00 00 00 00 02 00 01
00 00 00 00 00 08 00 01  00 00 00 00 00 02 00 01
00 00 00 00 44 44 52 20  62 75 66 66 65 72 20 69
sending write buffer, mode=0xd, mspec=0, id=0,  offset=2007040, len=4096
    Write buffer cdb: [3b 0d 00 1e a0 00 00 10 00 00]
    Write buffer parameter list (first 256 bytes):
00 04 00 01 00 00 00 00  00 01 00 01 00 00 00 00
00 02 00 01 00 00 00 00  00 02 00 00 00 00 00 00
00 04 00 01 01 00 00 00  00 02 00 01 00 00 00 00
00 04 00 01 01 00 00 00  00 04 00 01 00 00 00 00
00 01 00 01 00 00 00 00  00 02 00 01 00 00 00 00
00 02 00 00 00 00 00 00  00 08 00 01 00 00 00 00
00 02 00 00 00 00 00 00  00 04 00 01 01 00 00 00
00 02 00 01 00 00 00 00  00 04 00 01 01 00 00 00
00 04 00 01 00 00 00 00  00 01 00 01 00 00 00 00
00 02 00 01 00 00 00 00  00 04 00 01 01 00 00 00
00 04 00 01 00 00 00 00  00 01 00 01 00 00 00 00
00 02 00 01 00 00 00 00  00 04 00 01 01 00 00 00
00 04 00 01 00 00 00 00  00 01 00 01 00 00 00 00
00 04 00 01 00 00 00 00  00 04 00 01 01 00 00 00
00 02 00 01 00 00 00 00  00 04 00 01 01 00 00 00
00 01 00 00 00 00 00 00  00 01 00 01 00 00 00 00
sending write buffer, mode=0xd, mspec=0, id=0,  offset=2011136, len=4096
    Write buffer cdb: [3b 0d 00 1e b0 00 00 10 00 00]
    Write buffer parameter list (first 256 bytes):
57 00 00 00 27 15 3c 00  58 00 00 00 f9 7a 3b 00
59 00 00 00 bb e9 3b 00  5a 00 00 00 6f 00 3c 00
61 00 00 00 91 a6 3b 00  62 00 00 00 5f 7c 2d 00
63 00 00 00 b7 13 3b 00  65 00 00 00 7d 1c 3b 00
68 00 00 00 2f 08 3c 00  69 00 00 00 2d 44 3b 00
6a 00 00 00 fb d2 3b 00  6b 00 00 00 97 14 3c 00
6c 00 00 00 7f 05 3c 00  6f 00 00 00 85 1f 3b 00
72 00 00 00 a5 cb 3b 00  73 00 00 00 0f dd 3b 00
74 00 00 00 61 0a 3c 00  75 00 00 00 19 7d 3b 00
76 00 00 00 2d 1e 3b 00  77 00 00 00 db 18 3c 00
79 00 00 00 09 ec 3b 00  7a 00 00 00 e1 22 3c 00
37 00 00 00 f7 21 3c 00  00 00 00 00 00 00 00 00
42 00 00 00 03 8a 1c 80  0b 00 00 00 43 00 00 00
d8 89 1c 80 0b 00 00 00  44 00 00 00 0f a1 1c 80
02 00 00 00 45 00 00 00  75 93 1c 80 0f 00 00 00
46 00 00 00 c3 a3 1c 80  0d 00 00 00 48 00 00 00
sending write buffer, mode=0xd, mspec=0, id=0,  offset=2015232, len=4096
    Write buffer cdb: [3b 0d 00 1e c0 00 00 10 00 00]
    Write buffer parameter list (first 256 bytes):
00 00 00 00 00 00 00 00  42 00 00 00 ed 18 3b 00
50 00 00 00 e5 19 3b 00  53 00 00 00 77 db 3b 00
00 00 00 00 00 00 00 00  42 00 00 00 03 8a 1c 80
0b 00 00 00 50 00 00 00  45 8a 1c 80 0b 00 00 00
53 00 00 00 e2 aa 1c 80  0b 00 00 00 00 00 00 00
00 00 00 00 00 00 00 00  43 00 00 00 f3 1e 3b 00
44 00 00 00 a7 4a 3b 00  45 00 00 00 af 7d 3b 00
49 00 00 00 01 4b 3b 00  52 00 00 00 b7 cf 3b 00
57 00 00 00 33 21 3c 00  63 00 00 00 cb 20 3b 00
64 00 00 00 51 22 3b 00  69 00 00 00 71 9b 3b 00
00 00 00 00 00 00 00 00  43 00 00 00 6a 8d 1c 80
0b 00 00 00 44 00 00 00  bb 93 1c 80 0d 00 00 00
45 00 00 00 5a 99 1c 80  0b 00 01 00 49 00 00 00
de 93 1c 80 0b 00 00 00  52 00 00 00 b5 a7 1c 80
01 00 00 00 57 00 00 00  09 ba 1c 80 01 00 00 00
63 00 00 00 f3 8d 1c 80  0b 00 00 00 64 00 00 00
sending write buffer, mode=0xd, mspec=0, id=0,  offset=2019328, len=4096
    Write buffer cdb: [3b 0d 00 1e d0 00 00 10 00 00]
    Write buffer parameter list (first 256 bytes):
44 69 73 70 6c 61 79 20  52 65 61 64 2f 57 72 69
74 65 20 53 74 61 74 69  73 74 69 63 73 00 44 69
73 70 6c 61 79 20 52 65  61 64 2f 57 72 69 74 65
20 53 74 61 74 69 73 74  69 63 73 20 42 79 20 5a
6f 6e 65 00 51 4d 4f 4e  20 53 74 61 74 73 00 51
4d 4f 4e 20 43 6f 75 6e  74 65 72 73 00 44 69 73
70 6c 61 79 20 53 65 6c  65 63 74 20 43 68 61 6e
6e 65 6c 20 52 65 67 69  73 74 65 72 2c 20 43 5b
43 68 61 6e 6e 65 6c 52  65 67 41 73 63 69 69 53
74 72 69 6e 67 5d 00 44  69 73 70 6c 61 79 20 53
65 72 76 6f 20 45 76 65  6e 74 20 4c 6f 67 2c 20
71 00 44 69 73 70 6c 61  79 20 53 65 72 76 6f 20
53 65 63 74 6f 72 20 45  72 72 6f 72 20 43 6f 75
6e 74 2c 20 73 00 44 69  73 70 6c 61 79 20 53 65
72 76 6f 20 53 65 63 74  6f 72 20 45 72 72 6f 72
20 4c 6f 67 2c 20 67 00  44 69 73 70 6c 61 79 20
sending write buffer, mode=0xd, mspec=0, id=0,  offset=2023424, len=4096
    Write buffer cdb: [3b 0d 00 1e e0 00 00 10 00 00]
    Write buffer parameter list (first 256 bytes):
68 5d 2c 5b 4f 75 74 70  75 74 46 6d 74 5d 00 52
65 61 64 20 4c 42 41 2c  20 52 5b 4c 62 61 5d 2c
5b 4e 75 6d 4c 62 61 73  5d 2c 2c 5b 4f 70 74 73
5d 00 52 65 61 64 20 4c  6f 6e 67 20 43 48 53 20
6f 72 20 52 65 61 64 20  53 79 73 74 65 6d 20 43
48 53 2c 20 72 5b 4c 6f  6e 67 53 65 63 5d 2c 5b
4c 6f 6e 67 53 65 63 73  4f 72 53 79 73 53 65 63
5d 2c 5b 53 79 73 53 65  63 73 5d 2c 5b 4c 6f 6e
67 50 68 79 53 65 63 4f  70 74 5d 2c 5b 4c 6f 6e
67 4f 70 74 73 5d 2c 5b  53 79 73 4f 70 74 73 5d
00 52 65 61 64 20 4e 6f  6e 2d 56 6f 6c 61 74 69
6c 65 20 41 64 61 70 74  69 76 65 20 50 61 72 61
6d 65 74 65 72 73 2c 20  72 5b 4f 70 74 73 5d 00
52 65 61 64 20 4e 6f 6e  2d 56 6f 6c 61 74 69 6c
65 20 41 64 61 70 74 69  76 65 20 50 61 72 61 6d
65 74 65 72 73 2c 20 52  5b 4f 70 74 73 5d 00 52
sending write buffer, mode=0xd, mspec=0, id=0,  offset=2027520, len=4096
    Write buffer cdb: [3b 0d 00 1e f0 00 00 10 00 00]
    Write buffer parameter list (first 256 bytes):
64 67 73 5d 00 54 72 61  6e 73 6c 61 74 65 20 53
79 6d 62 6f 6c 73 20 46  72 6f 6d 20 49 6e 64 65
78 2c 20 44 5b 50 68 79  43 79 6c 5d 2c 5b 48 64
5d 2c 5b 53 66 69 5d 2c  5b 4e 75 6d 53 66 69 73
5d 00 54 72 61 6e 73 6c  61 74 65 20 57 65 64 67
65 2c 20 74 5b 57 64 67  5d 2c 5b 4e 75 6d 57 64
67 73 5d 00 50 72 65 61  6d 70 20 54 65 6d 70 65
72 61 74 75 72 65 20 41  64 6a 75 73 74 2c 20 55
5b 54 77 65 61 6b 54 65  6d 70 65 72 61 74 75 72
65 5d 2c 5b 50 61 72 74  69 74 69 6f 6e 5d 2c 5b
48 64 5d 2c 5b 5a 6f 6e  65 5d 2c 5b 4f 70 74 73
5d 2c 5b 57 72 50 72 65  68 74 5d 2c 5b 57 72 57
72 74 48 74 5d 2c 5b 57  72 52 64 48 74 5d 2c 5b
52 64 50 72 65 68 74 5d  2c 5b 52 64 57 72 74 48
74 5d 2c 5b 52 64 52 64  48 74 5d 2c 5b 52 65 6c
48 75 6d 5d 00 53 65 74  20 55 73 65 72 20 43 79
sending write buffer, mode=0xd, mspec=0, id=0,  offset=2031616, len=4096
    Write buffer cdb: [3b 0d 00 1f 00 00 00 10 00 00]
    Write buffer parameter list (first 256 bytes):
0a 2f 4c 69 46 46 46 43  0a 2f 43 51 54 0a 2f 0a
45 0a 42 31 0a 56 31 44  46 0a 56 34 2c 2c 2c 2c
39 39 0a 56 34 0a 69 34  2c 30 2c 32 32 0a 56 34
0a 69 34 2c 32 2c 32 32  0a 56 34 0a 5b 41 0a 2e
0a 2e 0a 5b 44 0a 5b 42  0a 2e 0a 5b 44 0a 4f 30
0a 41 30 0a 2f 32 53 32  30 30 2c 30 0a 2e 0a 57
0a 2f 54 4f 32 0a 41 30  0a 2f 32 53 32 30 30 2c
30 0a 2e 0a 57 0a 2f 54  4f 34 0a 41 30 0a 2f 32
53 32 30 30 2c 30 0a 2e  0a 57 0a 2f 54 4f 35 0a
41 30 0a 2f 32 53 32 30  30 2c 30 0a 2e 0a 57 0a
2f 54 4f 33 0a 41 30 0a  2f 32 53 32 30 30 2c 30
0a 2e 0a 57 0a 2f 0a 2a  41 2c 37 30 30 30 2c 30
2c 32 0a 52 34 0a 52 32  0a 52 31 0a 2a 42 0a 7c
00 2f 43 0a 51 5e 2c 43  0a 51 5e 2c 54 0a 51 31
2c 47 0a 51 31 2c 65 0a  51 32 2c 4e 0a 51 32 2c
56 0a 51 32 2c 37 0a 51  33 2c 66 0a 51 34 2c 55
sending write buffer, mode=0xd, mspec=0, id=0,  offset=2035712, len=4096
    Write buffer cdb: [3b 0d 00 1f 10 00 00 10 00 00]
    Write buffer parameter list (first 256 bytes):
00 00 00 00 00 00 00 00  00 00 00 00 00 00 00 00
00 00 00 00 00 00 00 00  00 00 00 00 00 00 00 00
00 00 00 00 00 00 00 00  00 00 00 00 00 00 00 00
00 00 00 00 00 00 00 00  00 00 00 00 00 00 00 00
00 00 00 00 00 00 00 00  00 00 00 00 00 00 00 00
00 00 00 00 00 00 00 00  00 00 00 00 00 00 00 00
00 00 00 00 00 00 00 00  00 00 00 00 00 00 00 00
00 00 00 00 00 00 00 00  00 00 00 00 00 00 00 00
00 00 00 00 00 00 00 00  00 00 00 00 00 00 00 00
00 00 00 00 00 00 00 00  00 00 00 00 00 00 00 00
00 00 00 00 00 00 00 00  00 00 00 00 00 00 00 00
00 00 00 00 00 00 00 00  00 00 00 00 00 00 00 00
00 00 00 00 00 00 00 00  00 00 00 00 00 00 00 00
00 00 00 00 00 00 00 00  00 00 00 00 00 00 00 00
00 00 00 00 00 00 00 00  00 00 00 00 00 00 00 00
00 00 00 00 00 00 00 00  00 00 00 00 00 00 00 00
sending write buffer, mode=0xd, mspec=0, id=0,  offset=2039808, len=4096
    Write buffer cdb: [3b 0d 00 1f 20 00 00 10 00 00]
    Write buffer parameter list (first 256 bytes):
00 00 00 00 00 00 00 00  00 00 00 00 00 00 00 00
00 00 00 00 00 00 00 00  00 00 00 00 00 00 00 00
00 00 00 00 00 00 00 00  00 00 00 00 00 00 00 00
00 00 00 00 00 00 00 00  00 00 00 00 00 00 00 00
00 00 00 00 00 00 00 00  00 00 00 00 00 00 00 00
00 00 00 00 00 00 00 00  00 00 00 00 00 00 00 00
00 00 00 00 00 00 00 00  00 00 00 00 00 00 00 00
00 00 00 00 00 00 00 00  00 00 00 00 00 00 00 00
00 00 00 00 00 00 00 00  00 00 00 00 00 00 00 00
00 00 00 00 00 00 00 00  00 00 00 00 00 00 00 00
00 00 00 00 00 00 00 00  00 00 00 00 00 00 00 00
00 00 00 00 00 00 00 00  00 00 00 00 00 00 00 00
00 00 00 00 00 00 00 00  00 00 00 00 00 00 00 00
00 00 00 00 00 00 00 00  00 00 00 00 00 00 00 00
00 00 00 00 00 00 00 00  00 00 00 00 00 00 00 00
00 00 00 00 00 00 00 00  00 00 00 00 00 00 00 00
sending write buffer, mode=0xd, mspec=0, id=0,  offset=2043904, len=4096
    Write buffer cdb: [3b 0d 00 1f 30 00 00 10 00 00]
    Write buffer parameter list (first 256 bytes):
00 00 00 00 00 00 00 00  00 00 00 00 00 00 00 00
00 00 00 00 00 00 00 00  00 00 00 00 00 00 00 00
00 00 00 00 00 00 00 00  00 00 00 00 00 00 00 00
00 00 00 00 00 00 00 00  00 00 00 00 00 00 00 00
00 00 00 00 00 00 00 00  00 00 00 00 00 00 00 00
00 00 00 00 00 00 00 00  00 00 00 00 00 00 00 00
00 00 00 00 00 00 00 00  00 00 00 00 00 00 00 00
00 00 00 00 00 00 00 00  00 00 00 00 00 00 00 00
00 00 00 00 00 00 00 00  00 00 00 00 00 00 00 00
00 00 00 00 00 00 00 00  00 00 00 00 00 00 00 00
00 00 00 00 00 00 00 00  00 00 00 00 00 00 00 00
00 00 00 00 00 00 00 00  00 00 00 00 00 00 00 00
00 00 00 00 00 00 00 00  00 00 00 00 00 00 00 00
00 00 00 00 00 00 00 00  00 00 00 00 00 00 00 00
00 00 00 00 00 00 00 00  00 00 00 00 00 00 00 00
00 00 00 00 00 00 00 00  00 00 00 00 00 00 00 00
sending write buffer, mode=0xd, mspec=0, id=0,  offset=2048000, len=4096
    Write buffer cdb: [3b 0d 00 1f 40 00 00 10 00 00]
    Write buffer parameter list (first 256 bytes):
00 00 00 00 00 00 00 00  00 00 00 00 00 00 00 00
00 00 00 00 00 00 00 00  00 00 00 00 00 00 00 00
00 00 00 00 00 00 00 00  00 00 00 00 00 00 00 00
00 00 00 00 00 00 00 00  00 00 00 00 00 00 00 00
00 00 00 00 00 00 00 00  00 00 00 00 00 00 00 00
00 00 00 00 00 00 00 00  00 00 00 00 00 00 00 00
00 00 00 00 00 00 00 00  00 00 00 00 00 00 00 00
00 00 00 00 00 00 00 00  00 00 00 00 00 00 00 00
00 00 00 00 00 00 00 00  00 00 00 00 00 00 00 00
00 00 00 00 00 00 00 00  00 00 00 00 00 00 00 00
00 00 00 00 00 00 00 00  00 00 00 00 00 00 00 00
00 00 00 00 00 00 00 00  00 00 00 00 00 00 00 00
00 00 00 00 00 00 00 00  00 00 00 00 00 00 00 00
00 00 00 00 00 00 00 00  00 00 00 00 00 00 00 00
00 00 00 00 00 00 00 00  00 00 00 00 00 00 00 00
00 00 00 00 00 00 00 00  00 00 00 00 00 00 00 00
sending write buffer, mode=0xd, mspec=0, id=0,  offset=2052096, len=4096
    Write buffer cdb: [3b 0d 00 1f 50 00 00 10 00 00]
    Write buffer parameter list (first 256 bytes):
00 00 00 00 00 00 00 00  00 00 00 00 00 00 00 00
00 00 00 00 00 00 00 00  00 00 00 00 00 00 00 00
00 00 00 00 00 00 00 00  00 00 00 00 00 00 00 00
00 00 00 00 00 00 00 00  00 00 00 00 00 00 00 00
00 00 00 00 00 00 00 00  00 00 00 00 00 00 00 00
00 00 00 00 00 00 00 00  00 00 00 00 00 00 00 00
00 00 00 00 00 00 00 00  00 00 00 00 00 00 00 00
00 00 00 00 00 00 00 00  00 00 00 00 00 00 00 00
00 00 00 00 00 00 00 00  00 00 00 00 00 00 00 00
00 00 00 00 00 00 00 00  00 00 00 00 00 00 00 00
00 00 00 00 00 00 00 00  00 00 00 00 00 00 00 00
00 00 00 00 00 00 00 00  00 00 00 00 00 00 00 00
00 00 00 00 00 00 00 00  00 00 00 00 00 00 00 00
00 00 00 00 00 00 00 00  00 00 00 00 00 00 00 00
00 00 00 00 00 00 00 00  00 00 00 00 00 00 00 00
00 00 00 00 00 00 00 00  00 00 00 00 00 00 00 00
sending write buffer, mode=0xd, mspec=0, id=0,  offset=2056192, len=4096
    Write buffer cdb: [3b 0d 00 1f 60 00 00 10 00 00]
    Write buffer parameter list (first 256 bytes):
00 00 00 00 00 00 00 00  00 00 00 00 00 00 00 00
00 00 00 00 00 00 00 00  00 00 00 00 00 00 00 00
00 00 00 00 00 00 00 00  00 00 00 00 00 00 00 00
00 00 00 00 00 00 00 00  00 00 00 00 00 00 00 00
00 00 00 00 00 00 00 00  00 00 00 00 00 00 00 00
00 00 00 00 00 00 00 00  00 00 00 00 00 00 00 00
00 00 00 00 00 00 00 00  00 00 00 00 00 00 00 00
00 00 00 00 00 00 00 00  00 00 00 00 00 00 00 00
00 00 00 00 00 00 00 00  00 00 00 00 00 00 00 00
00 00 00 00 00 00 00 00  00 00 00 00 00 00 00 00
00 00 00 00 00 00 00 00  00 00 00 00 00 00 00 00
00 00 00 00 00 00 00 00  00 00 00 00 00 00 00 00
00 00 00 00 00 00 00 00  00 00 00 00 00 00 00 00
00 00 00 00 00 00 00 00  00 00 00 00 00 00 00 00
00 00 00 00 00 00 00 00  00 00 00 00 00 00 00 00
00 00 00 00 00 00 00 00  00 00 00 00 00 00 00 00
sending write buffer, mode=0xd, mspec=0, id=0,  offset=2060288, len=4096
    Write buffer cdb: [3b 0d 00 1f 70 00 00 10 00 00]
    Write buffer parameter list (first 256 bytes):
00 00 00 00 00 00 00 00  00 00 00 00 00 00 00 00
00 00 00 00 00 00 00 00  00 00 00 00 00 00 00 00
00 00 00 00 00 00 00 00  00 00 00 00 00 00 00 00
00 00 00 00 00 00 00 00  00 00 00 00 00 00 00 00
00 00 00 00 00 00 00 00  00 00 00 00 00 00 00 00
00 00 00 00 00 00 00 00  00 00 00 00 00 00 00 00
00 00 00 00 00 00 00 00  00 00 00 00 00 00 00 00
00 00 00 00 00 00 00 00  00 00 00 00 00 00 00 00
00 00 00 00 00 00 00 00  00 00 00 00 00 00 00 00
00 00 00 00 00 00 00 00  00 00 00 00 00 00 00 00
00 00 00 00 00 00 00 00  00 00 00 00 00 00 00 00
00 00 00 00 00 00 00 00  00 00 00 00 00 00 00 00
00 00 00 00 00 00 00 00  00 00 00 00 00 00 00 00
00 00 00 00 00 00 00 00  00 00 00 00 00 00 00 00
00 00 00 00 00 00 00 00  00 00 00 00 00 00 00 00
00 00 00 00 00 00 00 00  00 00 00 00 00 00 00 00
sending write buffer, mode=0xd, mspec=0, id=0,  offset=2064384, len=4096
    Write buffer cdb: [3b 0d 00 1f 80 00 00 10 00 00]
    Write buffer parameter list (first 256 bytes):
00 00 00 00 00 00 00 00  00 00 00 00 00 00 00 00
00 00 00 00 00 00 00 00  00 00 00 00 00 00 00 00
00 00 00 00 00 00 00 00  00 00 00 00 00 00 00 00
00 00 00 00 00 00 00 00  00 00 00 00 00 00 00 00
00 00 00 00 00 00 00 00  00 00 00 00 00 00 00 00
00 00 00 00 00 00 00 00  00 00 00 00 00 00 00 00
00 00 00 00 00 00 00 00  00 00 00 00 00 00 00 00
00 00 00 00 00 00 00 00  00 00 00 00 00 00 00 00
00 00 00 00 00 00 00 00  00 00 00 00 00 00 00 00
00 00 00 00 00 00 00 00  00 00 00 00 00 00 00 00
00 00 00 00 00 00 00 00  00 00 00 00 00 00 00 00
00 00 00 00 00 00 00 00  00 00 00 00 00 00 00 00
00 00 00 00 00 00 00 00  00 00 00 00 00 00 00 00
00 00 00 00 00 00 00 00  00 00 00 00 00 00 00 00
00 00 00 00 00 00 00 00  00 00 00 00 00 00 00 00
00 00 00 00 00 00 00 00  00 00 00 00 00 00 00 00
sending write buffer, mode=0xd, mspec=0, id=0,  offset=2068480, len=4096
    Write buffer cdb: [3b 0d 00 1f 90 00 00 10 00 00]
    Write buffer parameter list (first 256 bytes):
00 00 00 00 00 00 00 00  00 00 00 00 00 00 00 00
00 00 00 00 00 00 00 00  00 00 00 00 00 00 00 00
00 00 00 00 00 00 00 00  00 00 00 00 00 00 00 00
00 00 00 00 00 00 00 00  00 00 00 00 00 00 00 00
00 00 00 00 00 00 00 00  00 00 00 00 00 00 00 00
00 00 00 00 00 00 00 00  00 00 00 00 00 00 00 00
00 00 00 00 00 00 00 00  00 00 00 00 00 00 00 00
00 00 00 00 00 00 00 00  00 00 00 00 00 00 00 00
00 00 00 00 00 00 00 00  00 00 00 00 00 00 00 00
00 00 00 00 00 00 00 00  00 00 00 00 00 00 00 00
00 00 00 00 00 00 00 00  00 00 00 00 00 00 00 00
00 00 00 00 00 00 00 00  00 00 00 00 00 00 00 00
00 00 00 00 00 00 00 00  00 00 00 00 00 00 00 00
00 00 00 00 00 00 00 00  00 00 00 00 00 00 00 00
00 00 00 00 00 00 00 00  00 00 00 00 00 00 00 00
00 00 00 00 00 00 00 00  00 00 00 00 00 00 00 00
sending write buffer, mode=0xd, mspec=0, id=0,  offset=2072576, len=4096
    Write buffer cdb: [3b 0d 00 1f a0 00 00 10 00 00]
    Write buffer parameter list (first 256 bytes):
00 00 00 00 00 00 00 00  00 00 00 00 00 00 00 00
00 00 00 00 00 00 00 00  00 00 00 00 00 00 00 00
00 00 00 00 00 00 00 00  00 00 00 00 00 00 00 00
00 00 00 00 00 00 00 00  00 00 00 00 00 00 00 00
00 00 00 00 00 00 00 00  00 00 00 00 00 00 00 00
00 00 00 00 00 00 00 00  00 00 00 00 00 00 00 00
00 00 00 00 00 00 00 00  00 00 00 00 00 00 00 00
00 00 00 00 00 00 00 00  00 00 00 00 00 00 00 00
00 00 00 00 00 00 00 00  00 00 00 00 00 00 00 00
00 00 00 00 00 00 00 00  00 00 00 00 00 00 00 00
00 00 00 00 00 00 00 00  00 00 00 00 00 00 00 00
00 00 00 00 00 00 00 00  00 00 00 00 00 00 00 00
00 00 00 00 00 00 00 00  00 00 00 00 00 00 00 00
00 00 00 00 00 00 00 00  00 00 00 00 00 00 00 00
00 00 00 00 00 00 00 00  00 00 00 00 00 00 00 00
00 00 00 00 00 00 00 00  00 00 00 00 00 00 00 00
sending write buffer, mode=0xd, mspec=0, id=0,  offset=2076672, len=4096
    Write buffer cdb: [3b 0d 00 1f b0 00 00 10 00 00]
    Write buffer parameter list (first 256 bytes):
00 00 00 00 00 00 00 00  00 00 00 00 00 00 00 00
00 00 00 00 00 00 00 00  00 00 00 00 00 00 00 00
00 00 00 00 00 00 00 00  00 00 00 00 00 00 00 00
00 00 00 00 00 00 00 00  00 00 00 00 00 00 00 00
00 00 00 00 00 00 00 00  00 00 00 00 00 00 00 00
00 00 00 00 00 00 00 00  00 00 00 00 00 00 00 00
00 00 00 00 00 00 00 00  00 00 00 00 00 00 00 00
00 00 00 00 00 00 00 00  00 00 00 00 00 00 00 00
00 00 00 00 00 00 00 00  00 00 00 00 00 00 00 00
00 00 00 00 00 00 00 00  00 00 00 00 00 00 00 00
00 00 00 00 00 00 00 00  00 00 00 00 00 00 00 00
00 00 00 00 00 00 00 00  00 00 00 00 00 00 00 00
00 00 00 00 00 00 00 00  00 00 00 00 00 00 00 00
00 00 00 00 00 00 00 00  00 00 00 00 00 00 00 00
00 00 00 00 00 00 00 00  00 00 00 00 00 00 00 00
00 00 00 00 00 00 00 00  00 00 00 00 00 00 00 00
sending write buffer, mode=0xd, mspec=0, id=0,  offset=2080768, len=4096
    Write buffer cdb: [3b 0d 00 1f c0 00 00 10 00 00]
    Write buffer parameter list (first 256 bytes):
00 00 00 00 00 00 00 00  00 00 00 00 00 00 00 00
00 00 00 00 00 00 00 00  00 00 00 00 00 00 00 00
00 00 00 00 00 00 00 00  00 00 00 00 00 00 00 00
00 00 00 00 00 00 00 00  00 00 00 00 00 00 00 00
00 00 00 00 00 00 00 00  00 00 00 00 00 00 00 00
00 00 00 00 00 00 00 00  00 00 00 00 00 00 00 00
00 00 00 00 00 00 00 00  00 00 00 00 00 00 00 00
00 00 00 00 00 00 00 00  00 00 00 00 00 00 00 00
00 00 00 00 00 00 00 00  00 00 00 00 00 00 00 00
00 00 00 00 00 00 00 00  00 00 00 00 00 00 00 00
00 00 00 00 00 00 00 00  00 00 00 00 00 00 00 00
00 00 00 00 00 00 00 00  00 00 00 00 00 00 00 00
00 00 00 00 00 00 00 00  00 00 00 00 00 00 00 00
00 00 00 00 00 00 00 00  00 00 00 00 00 00 00 00
00 00 00 00 00 00 00 00  00 00 00 00 00 00 00 00
00 00 00 00 00 00 00 00  00 00 00 00 00 00 00 00
sending write buffer, mode=0xd, mspec=0, id=0,  offset=2084864, len=4096
    Write buffer cdb: [3b 0d 00 1f d0 00 00 10 00 00]
    Write buffer parameter list (first 256 bytes):
00 00 00 00 00 00 00 00  00 00 00 00 00 00 00 00
00 00 00 00 00 00 00 00  00 00 00 00 00 00 00 00
00 00 00 00 00 00 00 00  00 00 00 00 00 00 00 00
00 00 00 00 00 00 00 00  00 00 00 00 00 00 00 00
00 00 00 00 00 00 00 00  00 00 00 00 00 00 00 00
00 00 00 00 00 00 00 00  00 00 00 00 00 00 00 00
00 00 00 00 00 00 00 00  00 00 00 00 00 00 00 00
00 00 00 00 00 00 00 00  00 00 00 00 00 00 00 00
00 00 00 00 00 00 00 00  00 00 00 00 00 00 00 00
00 00 00 00 00 00 00 00  00 00 00 00 00 00 00 00
00 00 00 00 00 00 00 00  00 00 00 00 00 00 00 00
00 00 00 00 00 00 00 00  00 00 00 00 00 00 00 00
00 00 00 00 00 00 00 00  00 00 00 00 00 00 00 00
00 00 00 00 00 00 00 00  00 00 00 00 00 00 00 00
00 00 00 00 00 00 00 00  00 00 00 00 00 00 00 00
00 00 00 00 00 00 00 00  00 00 00 00 00 00 00 00
sending write buffer, mode=0xd, mspec=0, id=0,  offset=2088960, len=4096
    Write buffer cdb: [3b 0d 00 1f e0 00 00 10 00 00]
    Write buffer parameter list (first 256 bytes):
00 00 00 00 00 00 00 00  00 00 00 00 00 00 00 00
00 00 00 00 00 00 00 00  00 00 00 00 00 00 00 00
00 00 00 00 00 00 00 00  00 00 00 00 00 00 00 00
00 00 00 00 00 00 00 00  00 00 00 00 00 00 00 00
00 00 00 00 00 00 00 00  00 00 00 00 00 00 00 00
00 00 00 00 00 00 00 00  00 00 00 00 00 00 00 00
00 00 00 00 00 00 00 00  00 00 00 00 00 00 00 00
00 00 00 00 00 00 00 00  00 00 00 00 00 00 00 00
00 00 00 00 00 00 00 00  00 00 00 00 00 00 00 00
00 00 00 00 00 00 00 00  00 00 00 00 00 00 00 00
00 00 00 00 00 00 00 00  00 00 00 00 00 00 00 00
00 00 00 00 00 00 00 00  00 00 00 00 00 00 00 00
00 00 00 00 00 00 00 00  00 00 00 00 00 00 00 00
00 00 00 00 00 00 00 00  00 00 00 00 00 00 00 00
00 00 00 00 00 00 00 00  00 00 00 00 00 00 00 00
00 00 00 00 00 00 00 00  00 00 00 00 00 00 00 00
sending write buffer, mode=0xd, mspec=0, id=0,  offset=2093056, len=4096
    Write buffer cdb: [3b 0d 00 1f f0 00 00 10 00 00]
    Write buffer parameter list (first 256 bytes):
00 00 00 00 00 00 00 00  00 00 00 00 00 00 00 00
00 00 00 00 00 00 00 00  00 00 00 00 00 00 00 00
00 00 00 00 00 00 00 00  00 00 00 00 00 00 00 00
00 00 00 00 00 00 00 00  00 00 00 00 00 00 00 00
00 00 00 00 00 00 00 00  00 00 00 00 00 00 00 00
00 00 00 00 00 00 00 00  00 00 00 00 00 00 00 00
00 00 00 00 00 00 00 00  00 00 00 00 00 00 00 00
00 00 00 00 00 00 00 00  00 00 00 00 00 00 00 00
00 00 00 00 00 00 00 00  00 00 00 00 00 00 00 00
00 00 00 00 00 00 00 00  00 00 00 00 00 00 00 00
00 00 00 00 00 00 00 00  00 00 00 00 00 00 00 00
00 00 00 00 00 00 00 00  00 00 00 00 00 00 00 00
00 00 00 00 00 00 00 00  00 00 00 00 00 00 00 00
00 00 00 00 00 00 00 00  00 00 00 00 00 00 00 00
00 00 00 00 00 00 00 00  00 00 00 00 00 00 00 00
00 00 00 00 00 00 00 00  00 00 00 00 00 00 00 00
sending write buffer, mode=0xd, mspec=0, id=0,  offset=2097152, len=4096
    Write buffer cdb: [3b 0d 00 20 00 00 00 10 00 00]
    Write buffer parameter list (first 256 bytes):
00 00 00 00 00 00 00 00  00 00 00 00 00 00 00 00
00 00 00 00 00 00 00 00  00 00 00 00 00 00 00 00
00 00 00 00 00 00 00 00  00 00 00 00 00 00 00 00
00 00 00 00 00 00 00 00  00 00 00 00 00 00 00 00
00 00 00 00 00 00 00 00  00 00 00 00 00 00 00 00
00 00 00 00 00 00 00 00  00 00 00 00 00 00 00 00
00 00 00 00 00 00 00 00  00 00 00 00 00 00 00 00
00 00 00 00 00 00 00 00  00 00 00 00 00 00 00 00
00 00 00 00 00 00 00 00  00 00 00 00 00 00 00 00
00 00 00 00 00 00 00 00  00 00 00 00 00 00 00 00
00 00 00 00 00 00 00 00  00 00 00 00 00 00 00 00
00 00 00 00 00 00 00 00  00 00 00 00 00 00 00 00
00 00 00 00 00 00 00 00  00 00 00 00 00 00 00 00
00 00 00 00 00 00 00 00  00 00 00 00 00 00 00 00
00 00 00 00 00 00 00 00  00 00 00 00 00 00 00 00
00 00 00 00 00 00 00 00  00 00 00 00 00 00 00 00
sending write buffer, mode=0xd, mspec=0, id=0,  offset=2101248, len=4096
    Write buffer cdb: [3b 0d 00 20 10 00 00 10 00 00]
    Write buffer parameter list (first 256 bytes):
00 00 00 00 00 00 00 00  00 00 00 00 00 00 00 00
00 00 00 00 00 00 00 00  00 00 00 00 00 00 00 00
00 00 00 00 00 00 00 00  00 00 00 00 00 00 00 00
00 00 00 00 00 00 00 00  00 00 00 00 00 00 00 00
00 00 00 00 00 00 00 00  00 00 00 00 00 00 00 00
00 00 00 00 00 00 00 00  00 00 00 00 00 00 00 00
00 00 00 00 00 00 00 00  00 00 00 00 00 00 00 00
00 00 00 00 00 00 00 00  00 00 00 00 00 00 00 00
00 00 00 00 00 00 00 00  00 00 00 00 00 00 00 00
00 00 00 00 00 00 00 00  00 00 00 00 00 00 00 00
00 00 00 00 00 00 00 00  00 00 00 00 00 00 00 00
00 00 00 00 00 00 00 00  00 00 00 00 00 00 00 00
00 00 00 00 00 00 00 00  00 00 00 00 00 00 00 00
00 00 00 00 00 00 00 00  00 00 00 00 00 00 00 00
00 00 00 00 00 00 00 00  00 00 00 00 00 00 00 00
00 00 00 00 00 00 00 00  00 00 00 00 00 00 00 00
sending write buffer, mode=0xd, mspec=0, id=0,  offset=2105344, len=4096
    Write buffer cdb: [3b 0d 00 20 20 00 00 10 00 00]
    Write buffer parameter list (first 256 bytes):
00 00 00 00 00 00 00 00  00 00 00 00 00 00 00 00
00 00 00 00 00 00 00 00  00 00 00 00 00 00 00 00
00 00 00 00 00 00 00 00  00 00 00 00 00 00 00 00
00 00 00 00 00 00 00 00  00 00 00 00 00 00 00 00
00 00 00 00 00 00 00 00  00 00 00 00 00 00 00 00
00 00 00 00 00 00 00 00  00 00 00 00 00 00 00 00
00 00 00 00 00 00 00 00  00 00 00 00 00 00 00 00
00 00 00 00 00 00 00 00  00 00 00 00 00 00 00 00
00 00 00 00 00 00 00 00  00 00 00 00 00 00 00 00
00 00 00 00 00 00 00 00  00 00 00 00 00 00 00 00
00 00 00 00 00 00 00 00  00 00 00 00 00 00 00 00
00 00 00 00 00 00 00 00  00 00 00 00 00 00 00 00
00 00 00 00 00 00 00 00  00 00 00 00 00 00 00 00
00 00 00 00 00 00 00 00  00 00 00 00 00 00 00 00
00 00 00 00 00 00 00 00  00 00 00 00 00 00 00 00
00 00 00 00 00 00 00 00  00 00 00 00 00 00 00 00
sending write buffer, mode=0xd, mspec=0, id=0,  offset=2109440, len=4096
    Write buffer cdb: [3b 0d 00 20 30 00 00 10 00 00]
    Write buffer parameter list (first 256 bytes):
00 00 00 00 00 00 00 00  00 00 00 00 00 00 00 00
00 00 00 00 00 00 00 00  00 00 00 00 00 00 00 00
00 00 00 00 00 00 00 00  00 00 00 00 00 00 00 00
00 00 00 00 00 00 00 00  00 00 00 00 00 00 00 00
00 00 00 00 00 00 00 00  00 00 00 00 00 00 00 00
00 00 00 00 00 00 00 00  00 00 00 00 00 00 00 00
00 00 00 00 00 00 00 00  00 00 00 00 00 00 00 00
00 00 00 00 00 00 00 00  00 00 00 00 00 00 00 00
00 00 00 00 00 00 00 00  00 00 00 00 00 00 00 00
00 00 00 00 00 00 00 00  00 00 00 00 00 00 00 00
00 00 00 00 00 00 00 00  00 00 00 00 00 00 00 00
00 00 00 00 00 00 00 00  00 00 00 00 00 00 00 00
00 00 00 00 00 00 00 00  00 00 00 00 00 00 00 00
00 00 00 00 00 00 00 00  00 00 00 00 00 00 00 00
00 00 00 00 00 00 00 00  00 00 00 00 00 00 00 00
00 00 00 00 00 00 00 00  00 00 00 00 00 00 00 00
Write buffer:
Descriptor format, current; Sense key: Illegal Request
ASC=26, vendor specific qualification ASCQ=99 (hex)
  Descriptor type: Field replaceable unit code: 0x5
  Descriptor type: Vendor specific [0x80]
    00 00 00 00 00 00 00 00 00 00 00 00 00 00 
 Raw sense data (in hex), sb_len=28, calculated_len=28
        72 05 26 99 00 00 00 14  03 02 00 05 80 0e 00 00
        00 00 00 00 00 00 00 00  00 00 00 00
Write buffer failed: Illegal request, type: sense key, apart from Invalid opcode
