<13>May 14 15:22:56 udhcpc: Got IP 192.168.39.135 (using eno1np0) and routing through 192.168.39.1
<15>May 14 15:22:59 netcfg[6691]: DEBUG: Reading domain name returned via DHCP
<15>May 14 15:22:59 netcfg[6691]: DEBUG: DHCP domain name is 'lan'
<15>May 14 15:22:59 netcfg[6691]: DEBUG: Reading nameservers from /etc/resolv.conf
<15>May 14 15:22:59 netcfg[6691]: DEBUG: Read nameserver 192.168.39.1
<15>May 14 15:22:59 netcfg[6691]: DEBUG: State is now 1
<15>May 14 15:22:59 netcfg[6691]: DEBUG: State is now 2
<15>May 14 15:22:59 netcfg[6691]: DEBUG: State is now 5
<15>May 14 15:22:59 netcfg[6691]: DEBUG: Using DNS to try and obtain default hostname
<15>May 14 15:22:59 netcfg[6691]: DEBUG: Getting default hostname from rDNS lookup of autoconfigured address 192.168.39.135
<15>May 14 15:22:59 netcfg[6691]: DEBUG: getnameinfo() returned -2 (Name or service not known)
<15>May 14 15:22:59 netcfg[6691]: DEBUG: Getting default hostname from rDNS lookup of autoconfigured address fe80::ae1f:6bff:fe0b:b678
<15>May 14 15:22:59 netcfg[6691]: DEBUG: getnameinfo() returned -2 (Name or service not known)
<15>May 14 15:22:59 netcfg[6691]: DEBUG: State is now 6
<15>May 14 15:22:59 netcfg[6691]: DEBUG: Network config complete
<15>May 14 15:22:59 netcfg[6691]: DEBUG: No interface given; clearing /etc/network/interfaces
<15>May 14 15:22:59 netcfg[6691]: DEBUG: Writing informative header
<15>May 14 15:22:59 netcfg[6691]: DEBUG: Success!
<15>May 14 15:22:59 netcfg[6691]: DEBUG: Writing loopback interface
<15>May 14 15:22:59 netcfg[6691]: DEBUG: Success!
<15>May 14 15:22:59 netcfg[6691]: DEBUG: Writing DHCP stanza for eno1np0
<14>May 14 15:22:59 netcfg[6691]: INFO: Detected eno1np0 as a hotpluggable device
<15>May 14 15:22:59 netcfg[6691]: DEBUG: Success!
<14>May 14 15:23:00 netcfg[6691]: INFO: Detected eno1np0 as a hotpluggable device
<15>May 14 15:23:00 netcfg[6691]: DEBUG: Writing DHCP stanza for eno1np0
<13>May 14 15:23:00 depthcharge-tools-installer: Not installing to non-ChromeOS board.
<13>May 14 15:23:01 depthcharge-tools-installer: Not installing to non-ChromeOS board.
<13>May 14 15:23:01 clock-setup: rdate called using NTP server 0.debian.pool.ntp.org.
<13>May 14 15:23:00 clock-setup: Thu May 14 15:23:00 UTC 2026
<13>May 14 15:23:00 clock-setup: rdate: adjust local clock by -0.299253 seconds
<13>May 14 15:23:01 depthcharge-tools-installer: Not installing to non-ChromeOS board.
<13>May 14 15:23:03 net/hw-detect.hotplug: Detected hotpluggable network interface eno2np1
<13>May 14 15:23:03 net/hw-detect.hotplug: Detected hotpluggable network interface eno3np2
<13>May 14 15:23:03 net/hw-detect.hotplug: Detected hotpluggable network interface eno4np3
<13>May 14 15:23:03 net/hw-detect.hotplug: Detected hotpluggable network interface eno1np0
<13>May 14 15:23:03 net/hw-detect.hotplug: Detected hotpluggable network interface ens1f2
<13>May 14 15:23:03 net/hw-detect.hotplug: Detected hotpluggable network interface ens1f0
<13>May 14 15:23:03 net/hw-detect.hotplug: Detected hotpluggable network interface ens1f3
<13>May 14 15:23:03 net/hw-detect.hotplug: Detected hotpluggable network interface ens1f1
<13>May 14 15:23:03 net/hw-detect.hotplug: Detected hotpluggable network interface lo
<13>May 14 15:23:05 check-missing-firmware: looking at dmesg again, restarting from timestamp: [   44.671921]
<13>May 14 15:23:05 check-missing-firmware: timestamp found, truncating dmesg accordingly
<13>May 14 15:23:05 check-missing-firmware: keeping timestamp (no new lines): [   44.671921]
<13>May 14 15:23:05 check-missing-firmware: no missing firmware in loaded kernel modules
<13>May 14 15:23:06 check-missing-firmware: looking at dmesg again, restarting from timestamp: [   44.671921]
<13>May 14 15:23:06 check-missing-firmware: timestamp found, truncating dmesg accordingly
<13>May 14 15:23:06 check-missing-firmware: saving timestamp for a later use: [   67.769038]
<13>May 14 15:23:06 check-missing-firmware: no missing firmware in loaded kernel modules
<13>May 14 15:23:06 depthcharge-tools-installer: Not installing to non-ChromeOS board.
<13>May 14 15:23:06 anna-install: Installing partman-auto-lvm
<15>May 14 15:23:06 anna[7333]: DEBUG: resolver (cdebconf-udeb): package doesn't exist (ignored)
<15>May 14 15:23:06 anna[7333]: DEBUG: resolver (di-utils): package doesn't exist (ignored)
<15>May 14 15:23:06 anna[7333]: DEBUG: resolver (kernel-image-6.12.63+deb13-amd64-di): package doesn't exist (ignored)
<15>May 14 15:23:06 anna[7333]: DEBUG: resolver (fat-modules): package doesn't exist (ignored)
<15>May 14 15:23:06 anna[7333]: DEBUG: resolver (libdebian-installer4-udeb): package doesn't exist (ignored)
<15>May 14 15:23:06 anna[7333]: DEBUG: resolver (archdetect): package doesn't exist (ignored)
<15>May 14 15:23:06 anna[7333]: DEBUG: resolver (hw-detect): package doesn't exist (ignored)
<15>May 14 15:23:06 anna[7333]: DEBUG: retrieving libaio1-udeb 0.3.113-8+b1
<15>May 14 15:23:06 anna[7333]: DEBUG: retrieving lvm2-udeb 2.03.31-2
<15>May 14 15:23:07 anna[7333]: DEBUG: retrieving partman-auto-lvm 103
<15>May 14 15:23:07 anna[7333]: DEBUG: retrieving partman-lvm 156
<13>May 14 15:23:08 anna-install: Installing partman-auto-crypto
<15>May 14 15:23:08 anna[7427]: DEBUG: resolver (cdebconf-udeb): package doesn't exist (ignored)
<15>May 14 15:23:08 anna[7427]: DEBUG: resolver (di-utils): package doesn't exist (ignored)
<15>May 14 15:23:08 anna[7427]: DEBUG: resolver (kernel-image-6.12.63+deb13-amd64-di): package doesn't exist (ignored)
<15>May 14 15:23:08 anna[7427]: DEBUG: resolver (fat-modules): package doesn't exist (ignored)
<15>May 14 15:23:08 anna[7427]: DEBUG: resolver (libdebian-installer4-udeb): package doesn't exist (ignored)
<15>May 14 15:23:08 anna[7427]: DEBUG: resolver (archdetect): package doesn't exist (ignored)
<15>May 14 15:23:08 anna[7427]: DEBUG: resolver (hw-detect): package doesn't exist (ignored)
<15>May 14 15:23:08 anna[7427]: DEBUG: retrieving partman-auto-crypto 38
<15>May 14 15:23:08 anna[7427]: DEBUG: retrieving partman-crypto 134
<13>May 14 15:23:14 md-devices: mdadm: --auto is deprecated and will be removed in future releases.
<13>May 14 15:23:14 md-devices: mdadm: No arrays found in config file or automatically
<13>May 14 15:23:17 partman:   PV /dev/nvme0n1p3   VG ayase-web-service-5-vg   lvm2 [117.33 GiB / 0    free]
<13>May 14 15:23:17 partman:   Total: 1 [117.33 GiB] / in use: 1 [117.33 GiB] / in no VG: 0 [0   ]
<13>May 14 15:23:17 partman:   Found volume group "ayase-web-service-5-vg" using metadata type lvm2
<13>May 14 15:23:17 partman-lvm:   2 logical volume(s) in volume group "ayase-web-service-5-vg" now active
<13>May 14 15:23:24 partman-lvm:   Logical volume "root" successfully removed.
<13>May 14 15:23:25 partman-lvm:   Logical volume "swap_1" successfully removed.
<13>May 14 15:23:25 partman-lvm:   0 logical volume(s) in volume group "ayase-web-service-5-vg" now active
<13>May 14 15:23:25 partman-lvm:   Volume group "ayase-web-service-5-vg" successfully removed
<13>May 14 15:23:25 partman-lvm:   Labels on physical volume "/dev/nvme0n1p3" successfully wiped.
<13>May 14 15:23:31 net/hw-detect.hotplug: Detected hotpluggable network interface eno1np0
<13>May 14 15:23:31 net/hw-detect.hotplug: Detected hotpluggable network interface eno2np1
<13>May 14 15:23:31 net/hw-detect.hotplug: Detected hotpluggable network interface eno3np2
<13>May 14 15:23:31 net/hw-detect.hotplug: Detected hotpluggable network interface eno4np3
<13>May 14 15:23:31 net/hw-detect.hotplug: Detected hotpluggable network interface ens1f1
<13>May 14 15:23:31 net/hw-detect.hotplug: Detected hotpluggable network interface ens1f2
<13>May 14 15:23:31 net/hw-detect.hotplug: Detected hotpluggable network interface ens1f3
<13>May 14 15:23:31 net/hw-detect.hotplug: Detected hotpluggable network interface ens1f0
<13>May 14 15:23:31 net/hw-detect.hotplug: Detected hotpluggable network interface lo
<13>May 14 15:23:35 partman-lvm:   Physical volume "/dev/nvme0n1p3" successfully created.
<13>May 14 15:23:36 partman-lvm:   Volume group "ayase-web-service-5-vg" successfully created
<13>May 14 15:23:36 partman-lvm:   Logical volume "root" created.
<13>May 14 15:23:36 partman-lvm:   Logical volume "swap_1" created.
<13>May 14 15:23:46 net/hw-detect.hotplug: Detected hotpluggable network interface eno2np1
<13>May 14 15:23:46 net/hw-detect.hotplug: Detected hotpluggable network interface eno4np3
<13>May 14 15:23:46 net/hw-detect.hotplug: Detected hotpluggable network interface eno1np0
<13>May 14 15:23:46 net/hw-detect.hotplug: Detected hotpluggable network interface eno3np2
<13>May 14 15:23:46 net/hw-detect.hotplug: Detected hotpluggable network interface ens1f0
<13>May 14 15:23:46 net/hw-detect.hotplug: Detected hotpluggable network interface ens1f2
<13>May 14 15:23:46 net/hw-detect.hotplug: Detected hotpluggable network interface ens1f3
<13>May 14 15:23:46 net/hw-detect.hotplug: Detected hotpluggable network interface ens1f1
<13>May 14 15:23:46 net/hw-detect.hotplug: Detected hotpluggable network interface lo
<13>May 14 15:23:46 partman: mke2fs 1.47.2 (1-Jan-2025)
<13>May 14 15:23:47 partman: mke2fs 1.47.2 (1-Jan-2025)
<13>May 14 15:23:49 apt-install: Queueing package dosfstools for later installation
<13>May 14 15:23:49 apt-install: Queueing package e2fsprogs for later installation
<13>May 14 15:23:49 apt-install: Queueing package lvm2 for later installation
<13>May 14 15:23:49 depthcharge-tools-installer: Not installing to non-ChromeOS board.
<13>May 14 15:23:49 debootstrap: /usr/sbin/debootstrap --components=main --debian-installer --resolve-deps --no-check-gpg trixie /target file:///cdrom/
<13>May 14 15:24:08 debootstrap: dpkg: warning: parsing file '/var/lib/dpkg/status' near line 5 package 'dpkg':
<13>May 14 15:24:08 debootstrap:  missing 'Description' field
<13>May 14 15:24:08 debootstrap: dpkg: warning: parsing file '/var/lib/dpkg/status' near line 5 package 'dpkg':
<13>May 14 15:24:08 debootstrap:  missing 'Architecture' field
<13>May 14 15:24:08 debootstrap: Selecting previously unselected package base-passwd.
<13>May 14 15:24:08 debootstrap: (Reading database ... 0 files and directories currently installed.)
<13>May 14 15:24:08 debootstrap: Preparing to unpack .../base-passwd_3.6.7_amd64.deb ...
<13>May 14 15:24:08 debootstrap: Unpacking base-passwd (3.6.7) ...
<13>May 14 15:24:08 debootstrap: Setting up base-passwd (3.6.7) ...
<13>May 14 15:24:08 debootstrap: dpkg: base-passwd: dependency problems, but configuring anyway as you requested:
<13>May 14 15:24:08 debootstrap:  base-passwd depends on libc6 (>= 2.34); however:
<13>May 14 15:24:08 debootstrap:   Package libc6 is not installed.
<13>May 14 15:24:08 debootstrap:  base-passwd depends on libdebconfclient0 (>= 0.145); however:
<13>May 14 15:24:08 debootstrap:   Package libdebconfclient0 is not installed.
<13>May 14 15:24:08 debootstrap:  base-passwd depends on libselinux1 (>= 3.1~); however:
<13>May 14 15:24:08 debootstrap:   Package libselinux1 is not installed.
<13>May 14 15:24:08 debootstrap: 
<13>May 14 15:24:08 debootstrap: dpkg: warning: parsing file '/var/lib/dpkg/status' near line 24 package 'dpkg':
<13>May 14 15:24:08 debootstrap:  missing 'Description' field
<13>May 14 15:24:08 debootstrap: dpkg: warning: parsing file '/var/lib/dpkg/status' near line 24 package 'dpkg':
<13>May 14 15:24:08 debootstrap:  missing 'Architecture' field
<13>May 14 15:24:08 debootstrap: Selecting previously unselected package base-files.
<13>May 14 15:24:08 debootstrap: dpkg: regarding .../base-files_13.8+deb13u3_amd64.deb containing base-files, pre-dependency problem:
<13>May 14 15:24:08 debootstrap:  base-files pre-depends on awk
<13>May 14 15:24:08 debootstrap:   awk is not installed.
<13>May 14 15:24:08 debootstrap: 
<13>May 14 15:24:08 debootstrap: dpkg: warning: ignoring pre-dependency problem!
<13>May 14 15:24:08 debootstrap: (Reading database ... 44 files and directories currently installed.)
<13>May 14 15:24:08 debootstrap: Preparing to unpack .../base-files_13.8+deb13u3_amd64.deb ...
<13>May 14 15:24:08 debootstrap: dpkg-divert: warning: parsing file '/var/lib/dpkg/status' near line 24 package 'dpkg':
<13>May 14 15:24:08 debootstrap:  missing 'Description' field
<13>May 14 15:24:08 debootstrap: dpkg-divert: warning: parsing file '/var/lib/dpkg/status' near line 24 package 'dpkg':
<13>May 14 15:24:08 debootstrap:  missing 'Architecture' field
<13>May 14 15:24:08 debootstrap: dpkg-divert: warning: parsing file '/var/lib/dpkg/status' near line 24 package 'dpkg':
<13>May 14 15:24:08 debootstrap:  missing 'Description' field
<13>May 14 15:24:08 debootstrap: dpkg-divert: warning: parsing file '/var/lib/dpkg/status' near line 24 package 'dpkg':
<13>May 14 15:24:08 debootstrap:  missing 'Architecture' field
<13>May 14 15:24:08 debootstrap: dpkg-divert: warning: parsing file '/var/lib/dpkg/status' near line 24 package 'dpkg':
<13>May 14 15:24:08 debootstrap:  missing 'Description' field
<13>May 14 15:24:08 debootstrap: dpkg-divert: warning: parsing file '/var/lib/dpkg/status' near line 24 package 'dpkg':
<13>May 14 15:24:08 debootstrap:  missing 'Architecture' field
<13>May 14 15:24:08 debootstrap: Unpacking base-files (13.8+deb13u3) ...
<13>May 14 15:24:09 debootstrap: Setting up base-files (13.8+deb13u3) ...
<13>May 14 15:24:09 debootstrap: dpkg: base-files: dependency problems, but configuring anyway as you requested:
<13>May 14 15:24:09 debootstrap:  base-files depends on awk; however:
<13>May 14 15:24:09 debootstrap:   Package awk is not installed.
<13>May 14 15:24:09 debootstrap: 
<13>May 14 15:24:09 debootstrap: dpkg-divert: warning: parsing file '/var/lib/dpkg/status' near line 24 package 'dpkg':
<13>May 14 15:24:09 debootstrap:  missing 'Description' field
<13>May 14 15:24:09 debootstrap: dpkg-divert: warning: parsing file '/var/lib/dpkg/status' near line 24 package 'dpkg':
<13>May 14 15:24:09 debootstrap:  missing 'Architecture' field
<13>May 14 15:24:09 debootstrap: dpkg: warning: parsing file '/var/lib/dpkg/status' near line 51 package 'dpkg':
<13>May 14 15:24:09 debootstrap:  missing 'Description' field
<13>May 14 15:24:09 debootstrap: dpkg: warning: parsing file '/var/lib/dpkg/status' near line 51 package 'dpkg':
<13>May 14 15:24:09 debootstrap:  missing 'Architecture' field
<13>May 14 15:24:09 debootstrap: dpkg: regarding .../dpkg_1.22.21_amd64.deb containing dpkg, pre-dependency problem:
<13>May 14 15:24:09 debootstrap:  dpkg pre-depends on libbz2-1.0
<13>May 14 15:24:09 debootstrap:   libbz2-1.0 is not installed.
<13>May 14 15:24:09 debootstrap: 
<13>May 14 15:24:09 debootstrap: dpkg: warning: ignoring pre-dependency problem!
<13>May 14 15:24:09 debootstrap: dpkg: regarding .../dpkg_1.22.21_amd64.deb containing dpkg, pre-dependency problem:
<13>May 14 15:24:09 debootstrap:  dpkg pre-depends on libc6 (>= 2.38)
<13>May 14 15:24:09 debootstrap:   libc6 is not installed.
<13>May 14 15:24:09 debootstrap: 
<13>May 14 15:24:09 debootstrap: dpkg: warning: ignoring pre-dependency problem!
<13>May 14 15:24:09 debootstrap: dpkg: regarding .../dpkg_1.22.21_amd64.deb containing dpkg, pre-dependency problem:
<13>May 14 15:24:09 debootstrap:  dpkg pre-depends on liblzma5 (>= 5.4.0)
<13>May 14 15:24:09 debootstrap:   liblzma5 is not installed.
<13>May 14 15:24:09 debootstrap: 
<13>May 14 15:24:09 debootstrap: dpkg: warning: ignoring pre-dependency problem!
<13>May 14 15:24:09 debootstrap: dpkg: regarding .../dpkg_1.22.21_amd64.deb containing dpkg, pre-dependency problem:
<13>May 14 15:24:09 debootstrap:  dpkg pre-depends on libmd0 (>= 0.0.0)
<13>May 14 15:24:09 debootstrap:   libmd0 is not installed.
<13>May 14 15:24:09 debootstrap: 
<13>May 14 15:24:09 debootstrap: dpkg: warning: ignoring pre-dependency problem!
<13>May 14 15:24:09 debootstrap: dpkg: regarding .../dpkg_1.22.21_amd64.deb containing dpkg, pre-dependency problem:
<13>May 14 15:24:09 debootstrap:  dpkg pre-depends on libselinux1 (>= 3.1~)
<13>May 14 15:24:09 debootstrap:   libselinux1 is not installed.
<13>May 14 15:24:09 debootstrap: 
<13>May 14 15:24:09 debootstrap: dpkg: warning: ignoring pre-dependency problem!
<13>May 14 15:24:09 debootstrap: dpkg: regarding .../dpkg_1.22.21_amd64.deb containing dpkg, pre-dependency problem:
<13>May 14 15:24:09 debootstrap:  dpkg pre-depends on libzstd1 (>= 1.5.5)
<13>May 14 15:24:09 debootstrap:   libzstd1 is not installed.
<13>May 14 15:24:09 debootstrap: 
<13>May 14 15:24:09 debootstrap: dpkg: warning: ignoring pre-dependency problem!
<13>May 14 15:24:09 debootstrap: dpkg: regarding .../dpkg_1.22.21_amd64.deb containing dpkg, pre-dependency problem:
<13>May 14 15:24:09 debootstrap:  dpkg pre-depends on zlib1g (>= 1:1.1.4)
<13>May 14 15:24:09 debootstrap:   zlib1g is not installed.
<13>May 14 15:24:09 debootstrap: 
<13>May 14 15:24:09 debootstrap: dpkg: warning: ignoring pre-dependency problem!
<13>May 14 15:24:09 debootstrap: (Reading database ... 136 files and directories currently installed.)
<13>May 14 15:24:09 debootstrap: Preparing to unpack .../dpkg_1.22.21_amd64.deb ...
<13>May 14 15:24:09 debootstrap: Unpacking dpkg (1.22.21) over (1.22.21) ...
<13>May 14 15:24:09 debootstrap: Setting up dpkg (1.22.21) ...
<13>May 14 15:24:09 debootstrap: dpkg: dpkg: dependency problems, but configuring anyway as you requested:
<13>May 14 15:24:09 debootstrap:  dpkg depends on libbz2-1.0; however:
<13>May 14 15:24:09 debootstrap:   Package libbz2-1.0 is not installed.
<13>May 14 15:24:09 debootstrap:  dpkg depends on libc6 (>= 2.38); however:
<13>May 14 15:24:09 debootstrap:   Package libc6 is not installed.
<13>May 14 15:24:09 debootstrap:  dpkg depends on liblzma5 (>= 5.4.0); however:
<13>May 14 15:24:09 debootstrap:   Package liblzma5 is not installed.
<13>May 14 15:24:09 debootstrap:  dpkg depends on libmd0 (>= 0.0.0); however:
<13>May 14 15:24:09 debootstrap:   Package libmd0 is not installed.
<13>May 14 15:24:09 debootstrap:  dpkg depends on libselinux1 (>= 3.1~); however:
<13>May 14 15:24:09 debootstrap:   Package libselinux1 is not installed.
<13>May 14 15:24:09 debootstrap:  dpkg depends on libzstd1 (>= 1.5.5); however:
<13>May 14 15:24:09 debootstrap:   Package libzstd1 is not installed.
<13>May 14 15:24:09 debootstrap:  dpkg depends on zlib1g (>= 1:1.1.4); however:
<13>May 14 15:24:09 debootstrap:   Package zlib1g is not installed.
<13>May 14 15:24:09 debootstrap:  dpkg depends on tar (>= 1.28-1); however:
<13>May 14 15:24:09 debootstrap:   Package tar is not installed.
<13>May 14 15:24:09 debootstrap: 
<13>May 14 15:24:09 debootstrap: Selecting previously unselected package libc6:amd64.
<13>May 14 15:24:09 debootstrap: (Reading database ... 413 files and directories currently installed.)
<13>May 14 15:24:09 debootstrap: Preparing to unpack .../libc6_2.41-12+deb13u1_amd64.deb ...
<13>May 14 15:24:09 debootstrap: Unpacking libc6:amd64 (2.41-12+deb13u1) ...
<13>May 14 15:24:10 debootstrap: Setting up libc6:amd64 (2.41-12+deb13u1) ...
<13>May 14 15:24:10 debootstrap: dpkg: libc6:amd64: dependency problems, but configuring anyway as you requested:
<13>May 14 15:24:10 debootstrap:  libc6:amd64 depends on libgcc-s1; however:
<13>May 14 15:24:10 debootstrap:   Package libgcc-s1 is not installed.
<13>May 14 15:24:10 debootstrap: 
<13>May 14 15:24:10 debootstrap: Selecting previously unselected package perl-base.
<13>May 14 15:24:10 debootstrap: dpkg: regarding .../perl-base_5.40.1-6_amd64.deb containing perl-base, pre-dependency problem:
<13>May 14 15:24:10 debootstrap:  perl-base pre-depends on libcrypt1 (>= 1:4.1.0)
<13>May 14 15:24:10 debootstrap:   libcrypt1 is not installed.
<13>May 14 15:24:10 debootstrap: 
<13>May 14 15:24:10 debootstrap: dpkg: warning: ignoring pre-dependency problem!
<13>May 14 15:24:10 debootstrap: (Reading database ... 706 files and directories currently installed.)
<13>May 14 15:24:10 debootstrap: Preparing to unpack .../perl-base_5.40.1-6_amd64.deb ...
<13>May 14 15:24:10 debootstrap: Unpacking perl-base (5.40.1-6) ...
<13>May 14 15:24:10 debootstrap: Setting up perl-base (5.40.1-6) ...
<13>May 14 15:24:10 debootstrap: dpkg: perl-base: dependency problems, but configuring anyway as you requested:
<13>May 14 15:24:10 debootstrap:  perl-base depends on libcrypt1 (>= 1:4.1.0); however:
<13>May 14 15:24:10 debootstrap:   Package libcrypt1 is not installed.
<13>May 14 15:24:10 debootstrap: 
<13>May 14 15:24:10 debootstrap: Selecting previously unselected package mawk.
<13>May 14 15:24:10 debootstrap: (Reading database ... 1439 files and directories currently installed.)
<13>May 14 15:24:10 debootstrap: Preparing to unpack .../mawk_1.3.4.20250131-1_amd64.deb ...
<13>May 14 15:24:10 debootstrap: Unpacking mawk (1.3.4.20250131-1) ...
<13>May 14 15:24:10 debootstrap: Setting up mawk (1.3.4.20250131-1) ...
<13>May 14 15:24:10 debootstrap: update-alternatives: using /usr/bin/mawk to provide /usr/bin/awk (awk) in auto mode
<13>May 14 15:24:10 debootstrap: Selecting previously unselected package debconf.
<13>May 14 15:24:10 debootstrap: (Reading database ... 1461 files and directories currently installed.)
<13>May 14 15:24:10 debootstrap: Preparing to unpack .../debconf_1.5.91_all.deb ...
<13>May 14 15:24:10 debootstrap: Unpacking debconf (1.5.91) ...
<13>May 14 15:24:11 debootstrap: Setting up debconf (1.5.91) ...
<13>May 14 15:24:11 debootstrap: Selecting previously unselected package gcc-14-base:amd64.
<13>May 14 15:24:11 debootstrap: (Reading database ... 1620 files and directories currently installed.)
<13>May 14 15:24:11 debootstrap: Preparing to unpack .../gcc-14-base_14.2.0-19_amd64.deb ...
<13>May 14 15:24:11 debootstrap: Unpacking gcc-14-base:amd64 (14.2.0-19) ...
<13>May 14 15:24:11 debootstrap: Selecting previously unselected package libgcc-s1:amd64.
<13>May 14 15:24:11 debootstrap: Preparing to unpack .../libgcc-s1_14.2.0-19_amd64.deb ...
<13>May 14 15:24:11 debootstrap: Unpacking libgcc-s1:amd64 (14.2.0-19) ...
<13>May 14 15:24:11 debootstrap: Preparing to unpack .../libc6_2.41-12+deb13u1_amd64.deb ...
<13>May 14 15:24:11 debootstrap: Unpacking libc6:amd64 (2.41-12+deb13u1) over (2.41-12+deb13u1) ...
<13>May 14 15:24:11 debootstrap: Selecting previously unselected package libdebconfclient0:amd64.
<13>May 14 15:24:11 debootstrap: Preparing to unpack .../libdebconfclient0_0.280_amd64.deb ...
<13>May 14 15:24:11 debootstrap: Unpacking libdebconfclient0:amd64 (0.280) ...
<13>May 14 15:24:12 debootstrap: Selecting previously unselected package libpcre2-8-0:amd64.
<13>May 14 15:24:12 debootstrap: Preparing to unpack .../libpcre2-8-0_10.46-1~deb13u1_amd64.deb ...
<13>May 14 15:24:12 debootstrap: Unpacking libpcre2-8-0:amd64 (10.46-1~deb13u1) ...
<13>May 14 15:24:12 debootstrap: Selecting previously unselected package libselinux1:amd64.
<13>May 14 15:24:12 debootstrap: Preparing to unpack .../libselinux1_3.8.1-1_amd64.deb ...
<13>May 14 15:24:12 debootstrap: Unpacking libselinux1:amd64 (3.8.1-1) ...
<13>May 14 15:24:12 debootstrap: Selecting previously unselected package libgmp10:amd64.
<13>May 14 15:24:12 debootstrap: Preparing to unpack .../libgmp10_2%3a6.3.0+dfsg-3_amd64.deb ...
<13>May 14 15:24:12 debootstrap: Unpacking libgmp10:amd64 (2:6.3.0+dfsg-3) ...
<13>May 14 15:24:12 debootstrap: Selecting previously unselected package libnettle8t64:amd64.
<13>May 14 15:24:12 debootstrap: Preparing to unpack .../libnettle8t64_3.10.1-1_amd64.deb ...
<13>May 14 15:24:12 debootstrap: Unpacking libnettle8t64:amd64 (3.10.1-1) ...
<13>May 14 15:24:12 debootstrap: Selecting previously unselected package libhogweed6t64:amd64.
<13>May 14 15:24:12 debootstrap: Preparing to unpack .../libhogweed6t64_3.10.1-1_amd64.deb ...
<13>May 14 15:24:12 debootstrap: Unpacking libhogweed6t64:amd64 (3.10.1-1) ...
<13>May 14 15:24:12 debootstrap: Selecting previously unselected package libbz2-1.0:amd64.
<13>May 14 15:24:12 debootstrap: Preparing to unpack .../libbz2-1.0_1.0.8-6_amd64.deb ...
<13>May 14 15:24:12 debootstrap: Unpacking libbz2-1.0:amd64 (1.0.8-6) ...
<13>May 14 15:24:12 debootstrap: Selecting previously unselected package liblz4-1:amd64.
<13>May 14 15:24:12 debootstrap: Preparing to unpack .../liblz4-1_1.10.0-4_amd64.deb ...
<13>May 14 15:24:12 debootstrap: Unpacking liblz4-1:amd64 (1.10.0-4) ...
<13>May 14 15:24:12 debootstrap: Selecting previously unselected package liblzma5:amd64.
<13>May 14 15:24:12 debootstrap: Preparing to unpack .../liblzma5_5.8.1-1_amd64.deb ...
<13>May 14 15:24:12 debootstrap: Unpacking liblzma5:amd64 (5.8.1-1) ...
<13>May 14 15:24:12 debootstrap: Selecting previously unselected package libssl3t64:amd64.
<13>May 14 15:24:12 debootstrap: Preparing to unpack .../libssl3t64_3.5.4-1~deb13u1_amd64.deb ...
<13>May 14 15:24:12 debootstrap: Unpacking libssl3t64:amd64 (3.5.4-1~deb13u1) ...
<13>May 14 15:24:12 debootstrap: Selecting previously unselected package libstdc++6:amd64.
<13>May 14 15:24:12 debootstrap: Preparing to unpack .../libstdc++6_14.2.0-19_amd64.deb ...
<13>May 14 15:24:12 debootstrap: Unpacking libstdc++6:amd64 (14.2.0-19) ...
<13>May 14 15:24:12 debootstrap: Selecting previously unselected package libcap2:amd64.
<13>May 14 15:24:12 debootstrap: Preparing to unpack .../libcap2_1%3a2.75-10+b3_amd64.deb ...
<13>May 14 15:24:12 debootstrap: Unpacking libcap2:amd64 (1:2.75-10+b3) ...
<13>May 14 15:24:12 debootstrap: Selecting previously unselected package libapt-pkg7.0:amd64.
<13>May 14 15:24:12 debootstrap: Preparing to unpack .../libapt-pkg7.0_3.0.3_amd64.deb ...
<13>May 14 15:24:12 debootstrap: Unpacking libapt-pkg7.0:amd64 (3.0.3) ...
<13>May 14 15:24:12 debootstrap: Selecting previously unselected package debian-archive-keyring.
<13>May 14 15:24:12 debootstrap: Preparing to unpack .../debian-archive-keyring_2025.1_all.deb ...
<13>May 14 15:24:12 debootstrap: Unpacking debian-archive-keyring (2025.1) ...
<13>May 14 15:24:12 debootstrap: Selecting previously unselected package libseccomp2:amd64.
<13>May 14 15:24:12 debootstrap: Preparing to unpack .../libseccomp2_2.6.0-2_amd64.deb ...
<13>May 14 15:24:12 debootstrap: Unpacking libseccomp2:amd64 (2.6.0-2) ...
<13>May 14 15:24:13 debootstrap: Selecting previously unselected package libcrypt1:amd64.
<13>May 14 15:24:13 debootstrap: Preparing to unpack .../libcrypt1_1%3a4.4.38-1_amd64.deb ...
<13>May 14 15:24:13 debootstrap: Unpacking libcrypt1:amd64 (1:4.4.38-1) ...
<13>May 14 15:24:13 debootstrap: Preparing to unpack .../debconf_1.5.91_all.deb ...
<13>May 14 15:24:13 debootstrap: Unpacking debconf (1.5.91) over (1.5.91) ...
<13>May 14 15:24:13 debootstrap: Preparing to unpack .../base-passwd_3.6.7_amd64.deb ...
<13>May 14 15:24:13 debootstrap: Unpacking base-passwd (3.6.7) over (3.6.7) ...
<13>May 14 15:24:13 debootstrap: Selecting previously unselected package apt.
<13>May 14 15:24:13 debootstrap: Preparing to unpack .../archives/apt_3.0.3_amd64.deb ...
<13>May 14 15:24:13 debootstrap: Unpacking apt (3.0.3) ...
<13>May 14 15:24:13 debootstrap: Preparing to unpack .../base-files_13.8+deb13u3_amd64.deb ...
<13>May 14 15:24:13 debootstrap: Unpacking base-files (13.8+deb13u3) over (13.8+deb13u3) ...
<13>May 14 15:24:13 debootstrap: Selecting previously unselected package debianutils.
<13>May 14 15:24:13 debootstrap: Preparing to unpack .../debianutils_5.23.2_amd64.deb ...
<13>May 14 15:24:13 debootstrap: Unpacking debianutils (5.23.2) ...
<13>May 14 15:24:13 debootstrap: Selecting previously unselected package bash.
<13>May 14 15:24:13 debootstrap: dpkg: regarding .../bash_5.2.37-2+b7_amd64.deb containing bash, pre-dependency problem:
<13>May 14 15:24:13 debootstrap:  bash pre-depends on libtinfo6 (>= 6)
<13>May 14 15:24:13 debootstrap:   libtinfo6 is not installed.
<13>May 14 15:24:13 debootstrap: 
<13>May 14 15:24:13 debootstrap: dpkg: warning: ignoring pre-dependency problem!
<13>May 14 15:24:13 debootstrap: Preparing to unpack .../bash_5.2.37-2+b7_amd64.deb ...
<13>May 14 15:24:13 debootstrap: Unpacking bash (5.2.37-2+b7) ...
<13>May 14 15:24:13 debootstrap: Selecting previously unselected package libsmartcols1:amd64.
<13>May 14 15:24:13 debootstrap: Preparing to unpack .../libsmartcols1_2.41-5_amd64.deb ...
<13>May 14 15:24:13 debootstrap: Unpacking libsmartcols1:amd64 (2.41-5) ...
<13>May 14 15:24:13 debootstrap: Selecting previously unselected package bsdutils.
<13>May 14 15:24:13 debootstrap: dpkg: regarding .../bsdutils_1%3a2.41-5_amd64.deb containing bsdutils, pre-dependency problem:
<13>May 14 15:24:13 debootstrap:  bsdutils pre-depends on libsystemd0 (>= 254)
<13>May 14 15:24:13 debootstrap:   libsystemd0 is not installed.
<13>May 14 15:24:13 debootstrap: 
<13>May 14 15:24:13 debootstrap: dpkg: warning: ignoring pre-dependency problem!
<13>May 14 15:24:13 debootstrap: Preparing to unpack .../bsdutils_1%3a2.41-5_amd64.deb ...
<13>May 14 15:24:13 debootstrap: Unpacking bsdutils (1:2.41-5) ...
<13>May 14 15:24:13 debootstrap: Selecting previously unselected package libacl1:amd64.
<13>May 14 15:24:13 debootstrap: Preparing to unpack .../libacl1_2.3.2-2+b1_amd64.deb ...
<13>May 14 15:24:13 debootstrap: Unpacking libacl1:amd64 (2.3.2-2+b1) ...
<13>May 14 15:24:13 debootstrap: Selecting previously unselected package libattr1:amd64.
<13>May 14 15:24:13 debootstrap: Preparing to unpack .../libattr1_1%3a2.5.2-3_amd64.deb ...
<13>May 14 15:24:13 debootstrap: Unpacking libattr1:amd64 (1:2.5.2-3) ...
<13>May 14 15:24:13 debootstrap: Selecting previously unselected package coreutils.
<13>May 14 15:24:13 debootstrap: dpkg: regarding .../coreutils_9.7-3_amd64.deb containing coreutils, pre-dependency problem:
<13>May 14 15:24:13 debootstrap:  coreutils pre-depends on libacl1 (>= 2.2.23)
<13>May 14 15:24:13 debootstrap:   libacl1:amd64 is unpacked, but has never been configured.
<13>May 14 15:24:13 debootstrap: 
<13>May 14 15:24:13 debootstrap: dpkg: warning: ignoring pre-dependency problem!
<13>May 14 15:24:13 debootstrap: dpkg: regarding .../coreutils_9.7-3_amd64.deb containing coreutils, pre-dependency problem:
<13>May 14 15:24:13 debootstrap:  coreutils pre-depends on libattr1 (>= 1:2.4.48)
<13>May 14 15:24:13 debootstrap:   libattr1:amd64 is unpacked, but has never been configured.
<13>May 14 15:24:13 debootstrap: 
<13>May 14 15:24:13 debootstrap: dpkg: warning: ignoring pre-dependency problem!
<13>May 14 15:24:13 debootstrap: dpkg: regarding .../coreutils_9.7-3_amd64.deb containing coreutils, pre-dependency problem:
<13>May 14 15:24:13 debootstrap:  coreutils pre-depends on libcap2 (>= 1:2.10)
<13>May 14 15:24:13 debootstrap:   libcap2:amd64 is unpacked, but has never been configured.
<13>May 14 15:24:13 debootstrap: 
<13>May 14 15:24:13 debootstrap: dpkg: warning: ignoring pre-dependency problem!
<13>May 14 15:24:13 debootstrap: dpkg: regarding .../coreutils_9.7-3_amd64.deb containing coreutils, pre-dependency problem:
<13>May 14 15:24:13 debootstrap:  coreutils pre-depends on libgmp10 (>= 2:6.3.0+dfsg)
<13>May 14 15:24:13 debootstrap:   libgmp10:amd64 is unpacked, but has never been configured.
<13>May 14 15:24:13 debootstrap: 
<13>May 14 15:24:13 debootstrap: dpkg: warning: ignoring pre-dependency problem!
<13>May 14 15:24:13 debootstrap: dpkg: regarding .../coreutils_9.7-3_amd64.deb containing coreutils, pre-dependency problem:
<13>May 14 15:24:13 debootstrap:  coreutils pre-depends on libselinux1 (>= 3.1~)
<13>May 14 15:24:13 debootstrap:   libselinux1:amd64 is unpacked, but has never been configured.
<13>May 14 15:24:13 debootstrap: 
<13>May 14 15:24:13 debootstrap: dpkg: warning: ignoring pre-dependency problem!
<13>May 14 15:24:13 debootstrap: dpkg: regarding .../coreutils_9.7-3_amd64.deb containing coreutils, pre-dependency problem:
<13>May 14 15:24:13 debootstrap:  coreutils pre-depends on libssl3t64 (>= 3.0.0)
<13>May 14 15:24:13 debootstrap:   libssl3t64:amd64 is unpacked, but has never been configured.
<13>May 14 15:24:13 debootstrap: 
<13>May 14 15:24:13 debootstrap: dpkg: warning: ignoring pre-dependency problem!
<13>May 14 15:24:13 debootstrap: dpkg: regarding .../coreutils_9.7-3_amd64.deb containing coreutils, pre-dependency problem:
<13>May 14 15:24:13 debootstrap:  coreutils pre-depends on libsystemd0 (>= 254)
<13>May 14 15:24:13 debootstrap:   libsystemd0 is not installed.
<13>May 14 15:24:13 debootstrap: 
<13>May 14 15:24:13 debootstrap: dpkg: warning: ignoring pre-dependency problem!
<13>May 14 15:24:13 debootstrap: Preparing to unpack .../coreutils_9.7-3_amd64.deb ...
<13>May 14 15:24:13 debootstrap: Unpacking coreutils (9.7-3) ...
<13>May 14 15:24:14 debootstrap: Selecting previously unselected package dash.
<13>May 14 15:24:14 debootstrap: Preparing to unpack .../dash_0.5.12-12_amd64.deb ...
<13>May 14 15:24:14 debootstrap: Unpacking dash (0.5.12-12) ...
<13>May 14 15:24:14 debootstrap: Selecting previously unselected package diffutils.
<13>May 14 15:24:14 debootstrap: Preparing to unpack .../diffutils_1%3a3.10-4_amd64.deb ...
<13>May 14 15:24:14 debootstrap: Unpacking diffutils (1:3.10-4) ...
<13>May 14 15:24:14 debootstrap: Selecting previously unselected package libmd0:amd64.
<13>May 14 15:24:14 debootstrap: Preparing to unpack .../libmd0_1.1.0-2+b1_amd64.deb ...
<13>May 14 15:24:14 debootstrap: Unpacking libmd0:amd64 (1.1.0-2+b1) ...
<13>May 14 15:24:14 debootstrap: dpkg: regarding .../dpkg_1.22.21_amd64.deb containing dpkg, pre-dependency problem:
<13>May 14 15:24:14 debootstrap:  dpkg pre-depends on libbz2-1.0
<13>May 14 15:24:14 debootstrap:   libbz2-1.0:amd64 is unpacked, but has never been configured.
<13>May 14 15:24:14 debootstrap: 
<13>May 14 15:24:14 debootstrap: dpkg: warning: ignoring pre-dependency problem!
<13>May 14 15:24:14 debootstrap: dpkg: regarding .../dpkg_1.22.21_amd64.deb containing dpkg, pre-dependency problem:
<13>May 14 15:24:14 debootstrap:  dpkg pre-depends on liblzma5 (>= 5.4.0)
<13>May 14 15:24:14 debootstrap:   liblzma5:amd64 is unpacked, but has never been configured.
<13>May 14 15:24:14 debootstrap: 
<13>May 14 15:24:14 debootstrap: dpkg: warning: ignoring pre-dependency problem!
<13>May 14 15:24:14 debootstrap: dpkg: regarding .../dpkg_1.22.21_amd64.deb containing dpkg, pre-dependency problem:
<13>May 14 15:24:14 debootstrap:  dpkg pre-depends on libmd0 (>= 0.0.0)
<13>May 14 15:24:14 debootstrap:   libmd0:amd64 is unpacked, but has never been configured.
<13>May 14 15:24:14 debootstrap: 
<13>May 14 15:24:14 debootstrap: dpkg: warning: ignoring pre-dependency problem!
<13>May 14 15:24:14 debootstrap: dpkg: regarding .../dpkg_1.22.21_amd64.deb containing dpkg, pre-dependency problem:
<13>May 14 15:24:14 debootstrap:  dpkg pre-depends on libselinux1 (>= 3.1~)
<13>May 14 15:24:14 debootstrap:   libselinux1:amd64 is unpacked, but has never been configured.
<13>May 14 15:24:14 debootstrap: 
<13>May 14 15:24:14 debootstrap: dpkg: warning: ignoring pre-dependency problem!
<13>May 14 15:24:14 debootstrap: dpkg: regarding .../dpkg_1.22.21_amd64.deb containing dpkg, pre-dependency problem:
<13>May 14 15:24:14 debootstrap:  dpkg pre-depends on libzstd1 (>= 1.5.5)
<13>May 14 15:24:14 debootstrap:   libzstd1 is not installed.
<13>May 14 15:24:14 debootstrap: 
<13>May 14 15:24:14 debootstrap: dpkg: warning: ignoring pre-dependency problem!
<13>May 14 15:24:14 debootstrap: dpkg: regarding .../dpkg_1.22.21_amd64.deb containing dpkg, pre-dependency problem:
<13>May 14 15:24:14 debootstrap:  dpkg pre-depends on zlib1g (>= 1:1.1.4)
<13>May 14 15:24:14 debootstrap:   zlib1g is not installed.
<13>May 14 15:24:14 debootstrap: 
<13>May 14 15:24:14 debootstrap: dpkg: warning: ignoring pre-dependency problem!
<13>May 14 15:24:14 debootstrap: Preparing to unpack .../dpkg_1.22.21_amd64.deb ...
<13>May 14 15:24:14 debootstrap: Unpacking dpkg (1.22.21) over (1.22.21) ...
<13>May 14 15:24:14 debootstrap: Selecting previously unselected package findutils.
<13>May 14 15:24:14 debootstrap: dpkg: regarding .../findutils_4.10.0-3_amd64.deb containing findutils, pre-dependency problem:
<13>May 14 15:24:14 debootstrap:  findutils pre-depends on libselinux1 (>= 3.1~)
<13>May 14 15:24:14 debootstrap:   libselinux1:amd64 is unpacked, but has never been configured.
<13>May 14 15:24:14 debootstrap: 
<13>May 14 15:24:14 debootstrap: dpkg: warning: ignoring pre-dependency problem!
<13>May 14 15:24:14 debootstrap: Preparing to unpack .../findutils_4.10.0-3_amd64.deb ...
<13>May 14 15:24:14 debootstrap: Unpacking findutils (4.10.0-3) ...
<13>May 14 15:24:14 debootstrap: Selecting previously unselected package grep.
<13>May 14 15:24:14 debootstrap: dpkg: regarding .../archives/grep_3.11-4_amd64.deb containing grep, pre-dependency problem:
<13>May 14 15:24:14 debootstrap:  grep pre-depends on libpcre2-8-0 (>= 10.32)
<13>May 14 15:24:14 debootstrap:   libpcre2-8-0:amd64 is unpacked, but has never been configured.
<13>May 14 15:24:14 debootstrap: 
<13>May 14 15:24:14 debootstrap: dpkg: warning: ignoring pre-dependency problem!
<13>May 14 15:24:14 debootstrap: Preparing to unpack .../archives/grep_3.11-4_amd64.deb ...
<13>May 14 15:24:14 debootstrap: Unpacking grep (3.11-4) ...
<13>May 14 15:24:14 debootstrap: Selecting previously unselected package gzip.
<13>May 14 15:24:14 debootstrap: Preparing to unpack .../archives/gzip_1.13-1_amd64.deb ...
<13>May 14 15:24:14 debootstrap: Unpacking gzip (1.13-1) ...
<13>May 14 15:24:14 debootstrap: Selecting previously unselected package hostname.
<13>May 14 15:24:14 debootstrap: Preparing to unpack .../hostname_3.25_amd64.deb ...
<13>May 14 15:24:14 debootstrap: Unpacking hostname (3.25) ...
<13>May 14 15:24:14 debootstrap: Selecting previously unselected package init-system-helpers.
<13>May 14 15:24:14 debootstrap: Preparing to unpack .../init-system-helpers_1.69~deb13u1_all.deb ...
<13>May 14 15:24:14 debootstrap: Unpacking init-system-helpers (1.69~deb13u1) ...
<13>May 14 15:24:14 debootstrap: Selecting previously unselected package libaudit-common.
<13>May 14 15:24:14 debootstrap: Preparing to unpack .../libaudit-common_1%3a4.0.2-2_all.deb ...
<13>May 14 15:24:14 debootstrap: Unpacking libaudit-common (1:4.0.2-2) ...
<13>May 14 15:24:14 debootstrap: Selecting previously unselected package libcap-ng0:amd64.
<13>May 14 15:24:14 debootstrap: Preparing to unpack .../libcap-ng0_0.8.5-4+b1_amd64.deb ...
<13>May 14 15:24:14 debootstrap: Unpacking libcap-ng0:amd64 (0.8.5-4+b1) ...
<13>May 14 15:24:14 debootstrap: Selecting previously unselected package libaudit1:amd64.
<13>May 14 15:24:14 debootstrap: Preparing to unpack .../libaudit1_1%3a4.0.2-2+b2_amd64.deb ...
<13>May 14 15:24:14 debootstrap: Unpacking libaudit1:amd64 (1:4.0.2-2+b2) ...
<13>May 14 15:24:14 debootstrap: Selecting previously unselected package libblkid1:amd64.
<13>May 14 15:24:14 debootstrap: Preparing to unpack .../libblkid1_2.41-5_amd64.deb ...
<13>May 14 15:24:14 debootstrap: Unpacking libblkid1:amd64 (2.41-5) ...
<13>May 14 15:24:14 debootstrap: Selecting previously unselected package libbsd0:amd64.
<13>May 14 15:24:14 debootstrap: Preparing to unpack .../libbsd0_0.12.2-2_amd64.deb ...
<13>May 14 15:24:14 debootstrap: Unpacking libbsd0:amd64 (0.12.2-2) ...
<13>May 14 15:24:14 debootstrap: Selecting previously unselected package libc-bin.
<13>May 14 15:24:14 debootstrap: Preparing to unpack .../libc-bin_2.41-12+deb13u1_amd64.deb ...
<13>May 14 15:24:14 debootstrap: Unpacking libc-bin (2.41-12+deb13u1) ...
<13>May 14 15:24:15 debootstrap: Selecting previously unselected package libdb5.3t64:amd64.
<13>May 14 15:24:15 debootstrap: Preparing to unpack .../libdb5.3t64_5.3.28+dfsg2-9_amd64.deb ...
<13>May 14 15:24:15 debootstrap: Unpacking libdb5.3t64:amd64 (5.3.28+dfsg2-9) ...
<13>May 14 15:24:15 debootstrap: Selecting previously unselected package libsqlite3-0:amd64.
<13>May 14 15:24:15 debootstrap: Preparing to unpack .../libsqlite3-0_3.46.1-7_amd64.deb ...
<13>May 14 15:24:15 debootstrap: Unpacking libsqlite3-0:amd64 (3.46.1-7) ...
<13>May 14 15:24:15 debootstrap: Selecting previously unselected package liblastlog2-2:amd64.
<13>May 14 15:24:15 debootstrap: Preparing to unpack .../liblastlog2-2_2.41-5_amd64.deb ...
<13>May 14 15:24:15 debootstrap: Unpacking liblastlog2-2:amd64 (2.41-5) ...
<13>May 14 15:24:15 debootstrap: Selecting previously unselected package libmount1:amd64.
<13>May 14 15:24:15 debootstrap: Preparing to unpack .../libmount1_2.41-5_amd64.deb ...
<13>May 14 15:24:15 debootstrap: Unpacking libmount1:amd64 (2.41-5) ...
<13>May 14 15:24:15 debootstrap: Selecting previously unselected package libpam0g:amd64.
<13>May 14 15:24:15 debootstrap: Preparing to unpack .../libpam0g_1.7.0-5_amd64.deb ...
<13>May 14 15:24:15 debootstrap: Unpacking libpam0g:amd64 (1.7.0-5) ...
<13>May 14 15:24:15 debootstrap: Selecting previously unselected package libpam-modules-bin.
<13>May 14 15:24:15 debootstrap: Preparing to unpack .../libpam-modules-bin_1.7.0-5_amd64.deb ...
<13>May 14 15:24:15 debootstrap: Unpacking libpam-modules-bin (1.7.0-5) ...
<13>May 14 15:24:15 debootstrap: Selecting previously unselected package libpam-modules:amd64.
<13>May 14 15:24:15 debootstrap: dpkg: regarding .../libpam-modules_1.7.0-5_amd64.deb containing libpam-modules:amd64, pre-dependency problem:
<13>May 14 15:24:15 debootstrap:  libpam-modules pre-depends on libaudit1 (>= 1:2.2.1)
<13>May 14 15:24:15 debootstrap:   libaudit1:amd64 is unpacked, but has never been configured.
<13>May 14 15:24:15 debootstrap: 
<13>May 14 15:24:15 debootstrap: dpkg: warning: ignoring pre-dependency problem!
<13>May 14 15:24:15 debootstrap: dpkg: regarding .../libpam-modules_1.7.0-5_amd64.deb containing libpam-modules:amd64, pre-dependency problem:
<13>May 14 15:24:15 debootstrap:  libpam-modules pre-depends on libcrypt1 (>= 1:4.3.0)
<13>May 14 15:24:15 debootstrap:   libcrypt1:amd64 is unpacked, but has never been configured.
<13>May 14 15:24:15 debootstrap: 
<13>May 14 15:24:15 debootstrap: dpkg: warning: ignoring pre-dependency problem!
<13>May 14 15:24:15 debootstrap: dpkg: regarding .../libpam-modules_1.7.0-5_amd64.deb containing libpam-modules:amd64, pre-dependency problem:
<13>May 14 15:24:15 debootstrap:  libpam-modules pre-depends on libdb5.3t64
<13>May 14 15:24:15 debootstrap:   libdb5.3t64:amd64 is unpacked, but has never been configured.
<13>May 14 15:24:15 debootstrap: 
<13>May 14 15:24:15 debootstrap: dpkg: warning: ignoring pre-dependency problem!
<13>May 14 15:24:15 debootstrap: dpkg: regarding .../libpam-modules_1.7.0-5_amd64.deb containing libpam-modules:amd64, pre-dependency problem:
<13>May 14 15:24:15 debootstrap:  libpam-modules pre-depends on libpam0g (>= 1.4.1)
<13>May 14 15:24:15 debootstrap:   libpam0g:amd64 is unpacked, but has never been configured.
<13>May 14 15:24:15 debootstrap: 
<13>May 14 15:24:15 debootstrap: dpkg: warning: ignoring pre-dependency problem!
<13>May 14 15:24:15 debootstrap: dpkg: regarding .../libpam-modules_1.7.0-5_amd64.deb containing libpam-modules:amd64, pre-dependency problem:
<13>May 14 15:24:15 debootstrap:  libpam-modules pre-depends on libselinux1 (>= 3.1~)
<13>May 14 15:24:15 debootstrap:   libselinux1:amd64 is unpacked, but has never been configured.
<13>May 14 15:24:15 debootstrap: 
<13>May 14 15:24:15 debootstrap: dpkg: warning: ignoring pre-dependency problem!
<13>May 14 15:24:15 debootstrap: dpkg: regarding .../libpam-modules_1.7.0-5_amd64.deb containing libpam-modules:amd64, pre-dependency problem:
<13>May 14 15:24:15 debootstrap:  libpam-modules pre-depends on libsystemd0 (>= 254)
<13>May 14 15:24:15 debootstrap:   libsystemd0 is not installed.
<13>May 14 15:24:15 debootstrap: 
<13>May 14 15:24:15 debootstrap: dpkg: warning: ignoring pre-dependency problem!
<13>May 14 15:24:15 debootstrap: dpkg: regarding .../libpam-modules_1.7.0-5_amd64.deb containing libpam-modules:amd64, pre-dependency problem:
<13>May 14 15:24:15 debootstrap:  libpam-modules pre-depends on libpam-modules-bin (= 1.7.0-5)
<13>May 14 15:24:15 debootstrap:   libpam-modules-bin is unpacked, but has never been configured.
<13>May 14 15:24:15 debootstrap: 
<13>May 14 15:24:15 debootstrap: dpkg: warning: ignoring pre-dependency problem!
<13>May 14 15:24:15 debootstrap: Preparing to unpack .../libpam-modules_1.7.0-5_amd64.deb ...
<13>May 14 15:24:15 debootstrap: Unpacking libpam-modules:amd64 (1.7.0-5) ...
<13>May 14 15:24:15 debootstrap: Selecting previously unselected package libpam-runtime.
<13>May 14 15:24:15 debootstrap: Preparing to unpack .../libpam-runtime_1.7.0-5_all.deb ...
<13>May 14 15:24:15 debootstrap: Unpacking libpam-runtime (1.7.0-5) ...
<13>May 14 15:24:15 debootstrap: Selecting previously unselected package libsemanage-common.
<13>May 14 15:24:15 debootstrap: Preparing to unpack .../libsemanage-common_3.8.1-1_all.deb ...
<13>May 14 15:24:15 debootstrap: Unpacking libsemanage-common (3.8.1-1) ...
<13>May 14 15:24:15 debootstrap: Selecting previously unselected package libsepol2:amd64.
<13>May 14 15:24:15 debootstrap: Preparing to unpack .../libsepol2_3.8.1-1_amd64.deb ...
<13>May 14 15:24:15 debootstrap: Unpacking libsepol2:amd64 (3.8.1-1) ...
<13>May 14 15:24:15 debootstrap: Selecting previously unselected package libsemanage2:amd64.
<13>May 14 15:24:15 debootstrap: Preparing to unpack .../libsemanage2_3.8.1-1_amd64.deb ...
<13>May 14 15:24:15 debootstrap: Unpacking libsemanage2:amd64 (3.8.1-1) ...
<13>May 14 15:24:15 debootstrap: Preparing to unpack .../mawk_1.3.4.20250131-1_amd64.deb ...
<13>May 14 15:24:15 debootstrap: Unpacking mawk (1.3.4.20250131-1) over (1.3.4.20250131-1) ...
<13>May 14 15:24:15 debootstrap: Selecting previously unselected package sqv.
<13>May 14 15:24:15 debootstrap: Preparing to unpack .../sqv_1.3.0-3+b2_amd64.deb ...
<13>May 14 15:24:15 debootstrap: Unpacking sqv (1.3.0-3+b2) ...
<13>May 14 15:24:15 debootstrap: Selecting previously unselected package libxxhash0:amd64.
<13>May 14 15:24:15 debootstrap: Preparing to unpack .../libxxhash0_0.8.3-2_amd64.deb ...
<13>May 14 15:24:15 debootstrap: Unpacking libxxhash0:amd64 (0.8.3-2) ...
<13>May 14 15:24:15 debootstrap: Selecting previously unselected package libzstd1:amd64.
<13>May 14 15:24:15 debootstrap: Preparing to unpack .../libzstd1_1.5.7+dfsg-1_amd64.deb ...
<13>May 14 15:24:15 debootstrap: Unpacking libzstd1:amd64 (1.5.7+dfsg-1) ...
<13>May 14 15:24:15 debootstrap: Selecting previously unselected package zlib1g:amd64.
<13>May 14 15:24:15 debootstrap: Preparing to unpack .../zlib1g_1%3a1.3.dfsg+really1.3.1-1+b1_amd64.deb ...
<13>May 14 15:24:15 debootstrap: Unpacking zlib1g:amd64 (1:1.3.dfsg+really1.3.1-1+b1) ...
<13>May 14 15:24:15 debootstrap: Selecting previously unselected package openssl-provider-legacy.
<13>May 14 15:24:15 debootstrap: Preparing to unpack .../openssl-provider-legacy_3.5.4-1~deb13u1_amd64.deb ...
<13>May 14 15:24:15 debootstrap: Unpacking openssl-provider-legacy (3.5.4-1~deb13u1) ...
<13>May 14 15:24:16 debootstrap: Selecting previously unselected package libsystemd0:amd64.
<13>May 14 15:24:16 debootstrap: Preparing to unpack .../libsystemd0_257.9-1~deb13u1_amd64.deb ...
<13>May 14 15:24:16 debootstrap: Unpacking libsystemd0:amd64 (257.9-1~deb13u1) ...
<13>May 14 15:24:16 debootstrap: Selecting previously unselected package libudev1:amd64.
<13>May 14 15:24:16 debootstrap: Preparing to unpack .../libudev1_257.9-1~deb13u1_amd64.deb ...
<13>May 14 15:24:16 debootstrap: Unpacking libudev1:amd64 (257.9-1~deb13u1) ...
<13>May 14 15:24:16 debootstrap: dpkg: regarding .../perl-base_5.40.1-6_amd64.deb containing perl-base, pre-dependency problem:
<13>May 14 15:24:16 debootstrap:  perl-base pre-depends on libcrypt1 (>= 1:4.1.0)
<13>May 14 15:24:16 debootstrap:   libcrypt1:amd64 is unpacked, but has never been configured.
<13>May 14 15:24:16 debootstrap: 
<13>May 14 15:24:16 debootstrap: dpkg: warning: ignoring pre-dependency problem!
<13>May 14 15:24:16 debootstrap: Preparing to unpack .../perl-base_5.40.1-6_amd64.deb ...
<13>May 14 15:24:16 debootstrap: Unpacking perl-base (5.40.1-6) over (5.40.1-6) ...
<13>May 14 15:24:16 debootstrap: Selecting previously unselected package libtinfo6:amd64.
<13>May 14 15:24:16 debootstrap: Preparing to unpack .../libtinfo6_6.5+20250216-2_amd64.deb ...
<13>May 14 15:24:16 debootstrap: Unpacking libtinfo6:amd64 (6.5+20250216-2) ...
<13>May 14 15:24:16 debootstrap: Selecting previously unselected package tar.
<13>May 14 15:24:16 debootstrap: dpkg: regarding .../tar_1.35+dfsg-3.1_amd64.deb containing tar, pre-dependency problem:
<13>May 14 15:24:16 debootstrap:  tar pre-depends on libacl1 (>= 2.2.23)
<13>May 14 15:24:16 debootstrap:   libacl1:amd64 is unpacked, but has never been configured.
<13>May 14 15:24:16 debootstrap: 
<13>May 14 15:24:16 debootstrap: dpkg: warning: ignoring pre-dependency problem!
<13>May 14 15:24:16 debootstrap: dpkg: regarding .../tar_1.35+dfsg-3.1_amd64.deb containing tar, pre-dependency problem:
<13>May 14 15:24:16 debootstrap:  tar pre-depends on libselinux1 (>= 3.1~)
<13>May 14 15:24:16 debootstrap:   libselinux1:amd64 is unpacked, but has never been configured.
<13>May 14 15:24:16 debootstrap: 
<13>May 14 15:24:16 debootstrap: dpkg: warning: ignoring pre-dependency problem!
<13>May 14 15:24:16 debootstrap: Preparing to unpack .../tar_1.35+dfsg-3.1_amd64.deb ...
<13>May 14 15:24:16 debootstrap: Unpacking tar (1.35+dfsg-3.1) ...
<13>May 14 15:24:16 debootstrap: Selecting previously unselected package libuuid1:amd64.
<13>May 14 15:24:16 debootstrap: Preparing to unpack .../libuuid1_2.41-5_amd64.deb ...
<13>May 14 15:24:16 debootstrap: Unpacking libuuid1:amd64 (2.41-5) ...
<13>May 14 15:24:16 debootstrap: Selecting previously unselected package login.defs.
<13>May 14 15:24:16 debootstrap: Preparing to unpack .../login.defs_1%3a4.17.4-2_all.deb ...
<13>May 14 15:24:16 debootstrap: Unpacking login.defs (1:4.17.4-2) ...
<13>May 14 15:24:16 debootstrap: Selecting previously unselected package login.
<13>May 14 15:24:16 debootstrap: dpkg: regarding .../login_1%3a4.16.0-2+really2.41-5_amd64.deb containing login, pre-dependency problem:
<13>May 14 15:24:16 debootstrap:  login pre-depends on login.defs (>= 1:4.16.0-1~)
<13>May 14 15:24:16 debootstrap:   login.defs is unpacked, but has never been configured.
<13>May 14 15:24:16 debootstrap: 
<13>May 14 15:24:16 debootstrap: dpkg: warning: ignoring pre-dependency problem!
<13>May 14 15:24:16 debootstrap: Preparing to unpack .../login_1%3a4.16.0-2+really2.41-5_amd64.deb ...
<13>May 14 15:24:16 debootstrap: Unpacking login (1:4.16.0-2+really2.41-5) ...
<13>May 14 15:24:16 debootstrap: Selecting previously unselected package mount.
<13>May 14 15:24:16 debootstrap: dpkg: regarding .../mount_2.41-5_amd64.deb containing mount, pre-dependency problem:
<13>May 14 15:24:16 debootstrap:  mount pre-depends on libblkid1 (= 2.41-5)
<13>May 14 15:24:16 debootstrap:   libblkid1:amd64 is unpacked, but has never been configured.
<13>May 14 15:24:16 debootstrap: 
<13>May 14 15:24:16 debootstrap: dpkg: warning: ignoring pre-dependency problem!
<13>May 14 15:24:16 debootstrap: dpkg: regarding .../mount_2.41-5_amd64.deb containing mount, pre-dependency problem:
<13>May 14 15:24:16 debootstrap:  mount pre-depends on libmount1 (= 2.41-5)
<13>May 14 15:24:16 debootstrap:   libmount1:amd64 is unpacked, but has never been configured.
<13>May 14 15:24:16 debootstrap: 
<13>May 14 15:24:16 debootstrap: dpkg: warning: ignoring pre-dependency problem!
<13>May 14 15:24:16 debootstrap: dpkg: regarding .../mount_2.41-5_amd64.deb containing mount, pre-dependency problem:
<13>May 14 15:24:16 debootstrap:  mount pre-depends on libselinux1 (>= 3.1~)
<13>May 14 15:24:16 debootstrap:   libselinux1:amd64 is unpacked, but has never been configured.
<13>May 14 15:24:16 debootstrap: 
<13>May 14 15:24:16 debootstrap: dpkg: warning: ignoring pre-dependency problem!
<13>May 14 15:24:16 debootstrap: dpkg: regarding .../mount_2.41-5_amd64.deb containing mount, pre-dependency problem:
<13>May 14 15:24:16 debootstrap:  mount pre-depends on libsmartcols1 (= 2.41-5)
<13>May 14 15:24:16 debootstrap:   libsmartcols1:amd64 is unpacked, but has never been configured.
<13>May 14 15:24:16 debootstrap: 
<13>May 14 15:24:16 debootstrap: dpkg: warning: ignoring pre-dependency problem!
<13>May 14 15:24:16 debootstrap: Preparing to unpack .../mount_2.41-5_amd64.deb ...
<13>May 14 15:24:16 debootstrap: Unpacking mount (2.41-5) ...
<13>May 14 15:24:16 debootstrap: Selecting previously unselected package ncurses-base.
<13>May 14 15:24:16 debootstrap: Preparing to unpack .../ncurses-base_6.5+20250216-2_all.deb ...
<13>May 14 15:24:16 debootstrap: Unpacking ncurses-base (6.5+20250216-2) ...
<13>May 14 15:24:16 debootstrap: Selecting previously unselected package ncurses-bin.
<13>May 14 15:24:16 debootstrap: dpkg: regarding .../ncurses-bin_6.5+20250216-2_amd64.deb containing ncurses-bin, pre-dependency problem:
<13>May 14 15:24:16 debootstrap:  ncurses-bin pre-depends on libtinfo6 (>= 6.4+20230603)
<13>May 14 15:24:16 debootstrap:   libtinfo6:amd64 is unpacked, but has never been configured.
<13>May 14 15:24:16 debootstrap: 
<13>May 14 15:24:16 debootstrap: dpkg: warning: ignoring pre-dependency problem!
<13>May 14 15:24:16 debootstrap: Preparing to unpack .../ncurses-bin_6.5+20250216-2_amd64.deb ...
<13>May 14 15:24:16 debootstrap: Unpacking ncurses-bin (6.5+20250216-2) ...
<13>May 14 15:24:16 debootstrap: Selecting previously unselected package passwd.
<13>May 14 15:24:16 debootstrap: Preparing to unpack .../passwd_1%3a4.17.4-2_amd64.deb ...
<13>May 14 15:24:16 debootstrap: Unpacking passwd (1:4.17.4-2) ...
<13>May 14 15:24:17 debootstrap: Selecting previously unselected package sed.
<13>May 14 15:24:17 debootstrap: dpkg: regarding .../archives/sed_4.9-2_amd64.deb containing sed, pre-dependency problem:
<13>May 14 15:24:17 debootstrap:  sed pre-depends on libacl1 (>= 2.2.23)
<13>May 14 15:24:17 debootstrap:   libacl1:amd64 is unpacked, but has never been configured.
<13>May 14 15:24:17 debootstrap: 
<13>May 14 15:24:17 debootstrap: dpkg: warning: ignoring pre-dependency problem!
<13>May 14 15:24:17 debootstrap: dpkg: regarding .../archives/sed_4.9-2_amd64.deb containing sed, pre-dependency problem:
<13>May 14 15:24:17 debootstrap:  sed pre-depends on libselinux1 (>= 3.1~)
<13>May 14 15:24:17 debootstrap:   libselinux1:amd64 is unpacked, but has never been configured.
<13>May 14 15:24:17 debootstrap: 
<13>May 14 15:24:17 debootstrap: dpkg: warning: ignoring pre-dependency problem!
<13>May 14 15:24:17 debootstrap: Preparing to unpack .../archives/sed_4.9-2_amd64.deb ...
<13>May 14 15:24:17 debootstrap: Unpacking sed (4.9-2) ...
<13>May 14 15:24:17 debootstrap: Selecting previously unselected package sysvinit-utils.
<13>May 14 15:24:17 debootstrap: Preparing to unpack .../sysvinit-utils_3.14-4_amd64.deb ...
<13>May 14 15:24:17 debootstrap: Unpacking sysvinit-utils (3.14-4) ...
<13>May 14 15:24:17 debootstrap: Selecting previously unselected package tzdata.
<13>May 14 15:24:17 debootstrap: Preparing to unpack .../tzdata_2025b-4+deb13u1_all.deb ...
<13>May 14 15:24:17 debootstrap: Unpacking tzdata (2025b-4+deb13u1) ...
<13>May 14 15:24:17 debootstrap: Selecting previously unselected package util-linux.
<13>May 14 15:24:17 debootstrap: dpkg: regarding .../util-linux_2.41-5_amd64.deb containing util-linux, pre-dependency problem:
<13>May 14 15:24:17 debootstrap:  util-linux pre-depends on libpam-modules
<13>May 14 15:24:17 debootstrap:   libpam-modules:amd64 is unpacked, but has never been configured.
<13>May 14 15:24:17 debootstrap: 
<13>May 14 15:24:17 debootstrap: dpkg: warning: ignoring pre-dependency problem!
<13>May 14 15:24:17 debootstrap: dpkg: regarding .../util-linux_2.41-5_amd64.deb containing util-linux, pre-dependency problem:
<13>May 14 15:24:17 debootstrap:  util-linux pre-depends on libpam-runtime
<13>May 14 15:24:17 debootstrap:   libpam-runtime is unpacked, but has never been configured.
<13>May 14 15:24:17 debootstrap: 
<13>May 14 15:24:17 debootstrap: dpkg: warning: ignoring pre-dependency problem!
<13>May 14 15:24:17 debootstrap: dpkg: regarding .../util-linux_2.41-5_amd64.deb containing util-linux, pre-dependency problem:
<13>May 14 15:24:17 debootstrap:  util-linux pre-depends on libblkid1 (= 2.41-5)
<13>May 14 15:24:17 debootstrap:   libblkid1:amd64 is unpacked, but has never been configured.
<13>May 14 15:24:17 debootstrap: 
<13>May 14 15:24:17 debootstrap: dpkg: warning: ignoring pre-dependency problem!
<13>May 14 15:24:17 debootstrap: dpkg: regarding .../util-linux_2.41-5_amd64.deb containing util-linux, pre-dependency problem:
<13>May 14 15:24:17 debootstrap:  util-linux pre-depends on libcap-ng0 (>= 0.7.9)
<13>May 14 15:24:17 debootstrap:   libcap-ng0:amd64 is unpacked, but has never been configured.
<13>May 14 15:24:17 debootstrap: 
<13>May 14 15:24:17 debootstrap: dpkg: warning: ignoring pre-dependency problem!
<13>May 14 15:24:17 debootstrap: dpkg: regarding .../util-linux_2.41-5_amd64.deb containing util-linux, pre-dependency problem:
<13>May 14 15:24:17 debootstrap:  util-linux pre-depends on libcrypt1 (>= 1:4.1.0)
<13>May 14 15:24:17 debootstrap:   libcrypt1:amd64 is unpacked, but has never been configured.
<13>May 14 15:24:17 debootstrap: 
<13>May 14 15:24:17 debootstrap: dpkg: warning: ignoring pre-dependency problem!
<13>May 14 15:24:17 debootstrap: dpkg: regarding .../util-linux_2.41-5_amd64.deb containing util-linux, pre-dependency problem:
<13>May 14 15:24:17 debootstrap:  util-linux pre-depends on liblastlog2-2 (= 2.41-5)
<13>May 14 15:24:17 debootstrap:   liblastlog2-2:amd64 is unpacked, but has never been configured.
<13>May 14 15:24:17 debootstrap: 
<13>May 14 15:24:17 debootstrap: dpkg: warning: ignoring pre-dependency problem!
<13>May 14 15:24:17 debootstrap: dpkg: regarding .../util-linux_2.41-5_amd64.deb containing util-linux, pre-dependency problem:
<13>May 14 15:24:17 debootstrap:  util-linux pre-depends on libmount1 (= 2.41-5)
<13>May 14 15:24:17 debootstrap:   libmount1:amd64 is unpacked, but has never been configured.
<13>May 14 15:24:17 debootstrap: 
<13>May 14 15:24:17 debootstrap: dpkg: warning: ignoring pre-dependency problem!
<13>May 14 15:24:17 debootstrap: dpkg: regarding .../util-linux_2.41-5_amd64.deb containing util-linux, pre-dependency problem:
<13>May 14 15:24:17 debootstrap:  util-linux pre-depends on libpam0g (>= 0.99.7.1)
<13>May 14 15:24:17 debootstrap:   libpam0g:amd64 is unpacked, but has never been configured.
<13>May 14 15:24:17 debootstrap: 
<13>May 14 15:24:17 debootstrap: dpkg: warning: ignoring pre-dependency problem!
<13>May 14 15:24:17 debootstrap: dpkg: regarding .../util-linux_2.41-5_amd64.deb containing util-linux, pre-dependency problem:
<13>May 14 15:24:17 debootstrap:  util-linux pre-depends on libselinux1 (>= 3.1~)
<13>May 14 15:24:17 debootstrap:   libselinux1:amd64 is unpacked, but has never been configured.
<13>May 14 15:24:17 debootstrap: 
<13>May 14 15:24:17 debootstrap: dpkg: warning: ignoring pre-dependency problem!
<13>May 14 15:24:17 debootstrap: dpkg: regarding .../util-linux_2.41-5_amd64.deb containing util-linux, pre-dependency problem:
<13>May 14 15:24:17 debootstrap:  util-linux pre-depends on libsmartcols1 (= 2.41-5)
<13>May 14 15:24:17 debootstrap:   libsmartcols1:amd64 is unpacked, but has never been configured.
<13>May 14 15:24:17 debootstrap: 
<13>May 14 15:24:17 debootstrap: dpkg: warning: ignoring pre-dependency problem!
<13>May 14 15:24:17 debootstrap: dpkg: regarding .../util-linux_2.41-5_amd64.deb containing util-linux, pre-dependency problem:
<13>May 14 15:24:17 debootstrap:  util-linux pre-depends on libsystemd0
<13>May 14 15:24:17 debootstrap:   libsystemd0:amd64 is unpacked, but has never been configured.
<13>May 14 15:24:17 debootstrap: 
<13>May 14 15:24:17 debootstrap: dpkg: warning: ignoring pre-dependency problem!
<13>May 14 15:24:17 debootstrap: dpkg: regarding .../util-linux_2.41-5_amd64.deb containing util-linux, pre-dependency problem:
<13>May 14 15:24:17 debootstrap:  util-linux pre-depends on libtinfo6 (>= 6)
<13>May 14 15:24:17 debootstrap:   libtinfo6:amd64 is unpacked, but has never been configured.
<13>May 14 15:24:17 debootstrap: 
<13>May 14 15:24:17 debootstrap: dpkg: warning: ignoring pre-dependency problem!
<13>May 14 15:24:17 debootstrap: dpkg: regarding .../util-linux_2.41-5_amd64.deb containing util-linux, pre-dependency problem:
<13>May 14 15:24:17 debootstrap:  util-linux pre-depends on libudev1 (>= 183)
<13>May 14 15:24:17 debootstrap:   libudev1:amd64 is unpacked, but has never been configured.
<13>May 14 15:24:17 debootstrap: 
<13>May 14 15:24:17 debootstrap: dpkg: warning: ignoring pre-dependency problem!
<13>May 14 15:24:17 debootstrap: dpkg: regarding .../util-linux_2.41-5_amd64.deb containing util-linux, pre-dependency problem:
<13>May 14 15:24:17 debootstrap:  util-linux pre-depends on libuuid1 (= 2.41-5)
<13>May 14 15:24:17 debootstrap:   libuuid1:amd64 is unpacked, but has never been configured.
<13>May 14 15:24:17 debootstrap: 
<13>May 14 15:24:17 debootstrap: dpkg: warning: ignoring pre-dependency problem!
<13>May 14 15:24:17 debootstrap: Preparing to unpack .../util-linux_2.41-5_amd64.deb ...
<13>May 14 15:24:17 debootstrap: Unpacking util-linux (2.41-5) ...
<13>May 14 15:24:17 debootstrap: Setting up gcc-14-base:amd64 (14.2.0-19) ...
<13>May 14 15:24:17 debootstrap: Setting up login.defs (1:4.17.4-2) ...
<13>May 14 15:24:17 debootstrap: Setting up debian-archive-keyring (2025.1) ...
<13>May 14 15:24:17 debootstrap: Setting up libaudit-common (1:4.0.2-2) ...
<13>May 14 15:24:17 debootstrap: Setting up libsemanage-common (3.8.1-1) ...
<13>May 14 15:24:17 debootstrap: Setting up debconf (1.5.91) ...
<13>May 14 15:24:17 debootstrap: Setting up tzdata (2025b-4+deb13u1) ...
<13>May 14 15:24:17 debootstrap: 
<13>May 14 15:24:17 debootstrap: Current default time zone: 'Etc/UTC'
<13>May 14 15:24:17 debootstrap: Local time is now:      Thu May 14 15:24:17 UTC 2026.
<13>May 14 15:24:17 debootstrap: Universal Time is now:  Thu May 14 15:24:17 UTC 2026.
<13>May 14 15:24:17 debootstrap: Run 'dpkg-reconfigure tzdata' if you wish to change it.
<13>May 14 15:24:17 debootstrap: 
<13>May 14 15:24:17 debootstrap: Setting up ncurses-base (6.5+20250216-2) ...
<13>May 14 15:24:17 debootstrap: Setting up init-system-helpers (1.69~deb13u1) ...
<13>May 14 15:24:17 debootstrap: Setting up libgcc-s1:amd64 (14.2.0-19) ...
<13>May 14 15:24:17 debootstrap: Setting up libc6:amd64 (2.41-12+deb13u1) ...
<13>May 14 15:24:17 debootstrap: Setting up libdb5.3t64:amd64 (5.3.28+dfsg2-9) ...
<13>May 14 15:24:17 debootstrap: Setting up libmd0:amd64 (1.1.0-2+b1) ...
<13>May 14 15:24:18 debootstrap: Setting up libxxhash0:amd64 (0.8.3-2) ...
<13>May 14 15:24:18 debootstrap: Setting up libattr1:amd64 (1:2.5.2-3) ...
<13>May 14 15:24:18 debootstrap: Setting up sysvinit-utils (3.14-4) ...
<13>May 14 15:24:18 debootstrap: Setting up debianutils (5.23.2) ...
<13>May 14 15:24:18 debootstrap: update-alternatives: using /usr/bin/which.debianutils to provide /usr/bin/which (which) in auto mode
<13>May 14 15:24:18 debootstrap: Setting up mawk (1.3.4.20250131-1) ...
<13>May 14 15:24:18 debootstrap: Setting up libdebconfclient0:amd64 (0.280) ...
<13>May 14 15:24:18 debootstrap: Setting up base-files (13.8+deb13u3) ...
<13>May 14 15:24:18 debootstrap: Setting up libbz2-1.0:amd64 (1.0.8-6) ...
<13>May 14 15:24:18 debootstrap: Setting up libbsd0:amd64 (0.12.2-2) ...
<13>May 14 15:24:18 debootstrap: Setting up libblkid1:amd64 (2.41-5) ...
<13>May 14 15:24:18 debootstrap: Setting up libstdc++6:amd64 (14.2.0-19) ...
<13>May 14 15:24:18 debootstrap: Setting up dash (0.5.12-12) ...
<13>May 14 15:24:18 debootstrap: Setting up libtinfo6:amd64 (6.5+20250216-2) ...
<13>May 14 15:24:18 debootstrap: Setting up bash (5.2.37-2+b7) ...
<13>May 14 15:24:18 debootstrap: update-alternatives: using /usr/share/man/man7/bash-builtins.7.gz to provide /usr/share/man/man7/builtins.7.gz (builtins.7.gz) in auto mode
<13>May 14 15:24:18 debootstrap: Setting up libzstd1:amd64 (1.5.7+dfsg-1) ...
<13>May 14 15:24:18 debootstrap: Setting up liblzma5:amd64 (5.8.1-1) ...
<13>May 14 15:24:18 debootstrap: Setting up liblz4-1:amd64 (1.10.0-4) ...
<13>May 14 15:24:18 debootstrap: Setting up libc-bin (2.41-12+deb13u1) ...
<13>May 14 15:24:18 debootstrap: Setting up libsqlite3-0:amd64 (3.46.1-7) ...
<13>May 14 15:24:18 debootstrap: Setting up ncurses-bin (6.5+20250216-2) ...
<13>May 14 15:24:18 debootstrap: Setting up libacl1:amd64 (2.3.2-2+b1) ...
<13>May 14 15:24:18 debootstrap: Setting up libsmartcols1:amd64 (2.41-5) ...
<13>May 14 15:24:18 debootstrap: Setting up zlib1g:amd64 (1:1.3.dfsg+really1.3.1-1+b1) ...
<13>May 14 15:24:18 debootstrap: Setting up libcrypt1:amd64 (1:4.4.38-1) ...
<13>May 14 15:24:18 debootstrap: Setting up diffutils (1:3.10-4) ...
<13>May 14 15:24:18 debootstrap: Setting up libseccomp2:amd64 (2.6.0-2) ...
<13>May 14 15:24:18 debootstrap: Setting up libcap2:amd64 (1:2.75-10+b3) ...
<13>May 14 15:24:18 debootstrap: Setting up perl-base (5.40.1-6) ...
<13>May 14 15:24:18 debootstrap: Setting up openssl-provider-legacy (3.5.4-1~deb13u1) ...
<13>May 14 15:24:18 debootstrap: Setting up hostname (3.25) ...
<13>May 14 15:24:18 debootstrap: Setting up libcap-ng0:amd64 (0.8.5-4+b1) ...
<13>May 14 15:24:18 debootstrap: Setting up libnettle8t64:amd64 (3.10.1-1) ...
<13>May 14 15:24:18 debootstrap: Setting up libgmp10:amd64 (2:6.3.0+dfsg-3) ...
<13>May 14 15:24:18 debootstrap: Setting up libaudit1:amd64 (1:4.0.2-2+b2) ...
<13>May 14 15:24:18 debootstrap: Setting up gzip (1.13-1) ...
<13>May 14 15:24:18 debootstrap: Setting up libuuid1:amd64 (2.41-5) ...
<13>May 14 15:24:18 debootstrap: Setting up libsepol2:amd64 (3.8.1-1) ...
<13>May 14 15:24:18 debootstrap: Setting up libpcre2-8-0:amd64 (10.46-1~deb13u1) ...
<13>May 14 15:24:18 debootstrap: Setting up libudev1:amd64 (257.9-1~deb13u1) ...
<13>May 14 15:24:18 debootstrap: Setting up libhogweed6t64:amd64 (3.10.1-1) ...
<13>May 14 15:24:18 debootstrap: Setting up sqv (1.3.0-3+b2) ...
<13>May 14 15:24:18 debootstrap: Setting up grep (3.11-4) ...
<13>May 14 15:24:18 debootstrap: Setting up libssl3t64:amd64 (3.5.4-1~deb13u1) ...
<13>May 14 15:24:18 debootstrap: Setting up liblastlog2-2:amd64 (2.41-5) ...
<13>May 14 15:24:18 debootstrap: Setting up libsystemd0:amd64 (257.9-1~deb13u1) ...
<13>May 14 15:24:18 debootstrap: Setting up libselinux1:amd64 (3.8.1-1) ...
<13>May 14 15:24:18 debootstrap: Setting up libpam0g:amd64 (1.7.0-5) ...
<13>May 14 15:24:18 debootstrap: Setting up sed (4.9-2) ...
<13>May 14 15:24:18 debootstrap: Setting up findutils (4.10.0-3) ...
<13>May 14 15:24:18 debootstrap: Setting up libmount1:amd64 (2.41-5) ...
<13>May 14 15:24:18 debootstrap: Setting up libsemanage2:amd64 (3.8.1-1) ...
<13>May 14 15:24:18 debootstrap: Setting up libapt-pkg7.0:amd64 (3.0.3) ...
<13>May 14 15:24:18 debootstrap: Setting up base-passwd (3.6.7) ...
<13>May 14 15:24:18 debootstrap: Setting up apt (3.0.3) ...
<13>May 14 15:24:19 debootstrap: Setting up bsdutils (1:2.41-5) ...
<13>May 14 15:24:19 debootstrap: Setting up tar (1.35+dfsg-3.1) ...
<13>May 14 15:24:19 debootstrap: update-alternatives: using /usr/sbin/rmt-tar to provide /usr/sbin/rmt (rmt) in auto mode
<13>May 14 15:24:19 debootstrap: Setting up libpam-modules-bin (1.7.0-5) ...
<13>May 14 15:24:19 debootstrap: Setting up coreutils (9.7-3) ...
<13>May 14 15:24:19 debootstrap: Setting up dpkg (1.22.21) ...
<13>May 14 15:24:19 debootstrap: Setting up mount (2.41-5) ...
<13>May 14 15:24:19 debootstrap: Setting up libpam-modules:amd64 (1.7.0-5) ...
<13>May 14 15:24:19 debootstrap: Setting up passwd (1:4.17.4-2) ...
<13>May 14 15:24:19 debootstrap: Shadow passwords are now on.
<13>May 14 15:24:19 debootstrap: Setting up libpam-runtime (1.7.0-5) ...
<13>May 14 15:24:19 debootstrap: Setting up login (1:4.16.0-2+really2.41-5) ...
<13>May 14 15:24:19 debootstrap: Setting up util-linux (2.41-5) ...
<13>May 14 15:24:19 debootstrap: update-alternatives: using /bin/more to provide /usr/bin/pager (pager) in auto mode
<13>May 14 15:24:19 debootstrap: Processing triggers for libc-bin (2.41-12+deb13u1) ...
<13>May 14 15:24:20 debootstrap: (Reading database ... 4936 files and directories currently installed.)
<13>May 14 15:24:20 debootstrap: Preparing to unpack .../libsystemd-shared_257.9-1~deb13u1_amd64.deb ...
<13>May 14 15:24:20 debootstrap: Unpacking libsystemd-shared:amd64 (257.9-1~deb13u1) ...
<13>May 14 15:24:20 debootstrap: Setting up libsystemd-shared:amd64 (257.9-1~deb13u1) ...
<13>May 14 15:24:20 debootstrap: (Reading database ... 4944 files and directories currently installed.)
<13>May 14 15:24:20 debootstrap: Preparing to unpack .../libapparmor1_4.1.0-1_amd64.deb ...
<13>May 14 15:24:20 debootstrap: Unpacking libapparmor1:amd64 (4.1.0-1) ...
<13>May 14 15:24:20 debootstrap: Preparing to unpack .../systemd_257.9-1~deb13u1_amd64.deb ...
<13>May 14 15:24:20 debootstrap: Unpacking systemd (257.9-1~deb13u1) ...
<13>May 14 15:24:20 debootstrap: Setting up libapparmor1:amd64 (4.1.0-1) ...
<13>May 14 15:24:20 debootstrap: Setting up systemd (257.9-1~deb13u1) ...
<13>May 14 15:24:20 debootstrap: Created symlink '/etc/systemd/system/getty.target.wants/getty@tty1.service' -> '/usr/lib/systemd/system/getty@.service'.
<13>May 14 15:24:20 debootstrap: Created symlink '/etc/systemd/system/multi-user.target.wants/remote-fs.target' -> '/usr/lib/systemd/system/remote-fs.target'.
<13>May 14 15:24:20 debootstrap: Created symlink '/etc/systemd/system/sysinit.target.wants/systemd-pstore.service' -> '/usr/lib/systemd/system/systemd-pstore.service'.
<13>May 14 15:24:20 debootstrap: Initializing machine ID from random generator.
<13>May 14 15:24:20 debootstrap: Creating group 'systemd-journal' with GID 999.
<13>May 14 15:24:20 debootstrap: Creating group 'systemd-network' with GID 998.
<13>May 14 15:24:20 debootstrap: Creating user 'systemd-network' (systemd Network Management) with UID 998 and GID 998.
<13>May 14 15:24:20 debootstrap: /usr/lib/tmpfiles.d/legacy.conf:14: Duplicate line for path "/run/lock", ignoring.
<13>May 14 15:24:20 debootstrap: Processing triggers for libc-bin (2.41-12+deb13u1) ...
<13>May 14 15:24:21 debootstrap: (Reading database ... 5886 files and directories currently installed.)
<13>May 14 15:24:21 debootstrap: Preparing to unpack .../systemd-sysv_257.9-1~deb13u1_amd64.deb ...
<13>May 14 15:24:21 debootstrap: Unpacking systemd-sysv (257.9-1~deb13u1) ...
<13>May 14 15:24:21 debootstrap: Setting up systemd-sysv (257.9-1~deb13u1) ...
<13>May 14 15:24:21 debootstrap: (Reading database ... 5905 files and directories currently installed.)
<13>May 14 15:24:21 debootstrap: Preparing to unpack .../archives/adduser_3.152_all.deb ...
<13>May 14 15:24:21 debootstrap: Unpacking adduser (3.152) ...
<13>May 14 15:24:21 debootstrap: Preparing to unpack .../cron-daemon-common_3.0pl1-197_all.deb ...
<13>May 14 15:24:21 debootstrap: Unpacking cron-daemon-common (3.0pl1-197) ...
<13>May 14 15:24:21 debootstrap: Setting up adduser (3.152) ...
<13>May 14 15:24:21 debootstrap: Setting up cron-daemon-common (3.0pl1-197) ...
<13>May 14 15:24:21 debootstrap: Creating group 'crontab' with GID 997.
<13>May 14 15:24:21 debootstrap: (Reading database ... 6011 files and directories currently installed.)
<13>May 14 15:24:21 debootstrap: Preparing to unpack .../libcom-err2_1.47.2-3+b7_amd64.deb ...
<13>May 14 15:24:21 debootstrap: Unpacking libcom-err2:amd64 (1.47.2-3+b7) ...
<13>May 14 15:24:21 debootstrap: Setting up libcom-err2:amd64 (1.47.2-3+b7) ...
<13>May 14 15:24:21 debootstrap: Processing triggers for libc-bin (2.41-12+deb13u1) ...
<13>May 14 15:24:21 debootstrap: (Reading database ... 6017 files and directories currently installed.)
<13>May 14 15:24:21 debootstrap: Preparing to unpack .../libext2fs2t64_1.47.2-3+b7_amd64.deb ...
<13>May 14 15:24:21 debootstrap: Adding 'diversion of /lib/x86_64-linux-gnu/libe2p.so.2 to /lib/x86_64-linux-gnu/libe2p.so.2.usr-is-merged by libext2fs2t64'
<13>May 14 15:24:21 debootstrap: Adding 'diversion of /lib/x86_64-linux-gnu/libe2p.so.2.3 to /lib/x86_64-linux-gnu/libe2p.so.2.3.usr-is-merged by libext2fs2t64'
<13>May 14 15:24:21 debootstrap: Adding 'diversion of /lib/x86_64-linux-gnu/libext2fs.so.2 to /lib/x86_64-linux-gnu/libext2fs.so.2.usr-is-merged by libext2fs2t64'
<13>May 14 15:24:21 debootstrap: Adding 'diversion of /lib/x86_64-linux-gnu/libext2fs.so.2.4 to /lib/x86_64-linux-gnu/libext2fs.so.2.4.usr-is-merged by libext2fs2t64'
<13>May 14 15:24:21 debootstrap: Unpacking libext2fs2t64:amd64 (1.47.2-3+b7) ...
<13>May 14 15:24:21 debootstrap: Setting up libext2fs2t64:amd64 (1.47.2-3+b7) ...
<13>May 14 15:24:21 debootstrap: Processing triggers for libc-bin (2.41-12+deb13u1) ...
<13>May 14 15:24:22 debootstrap: (Reading database ... 6034 files and directories currently installed.)
<13>May 14 15:24:22 debootstrap: Preparing to unpack .../libss2_1.47.2-3+b7_amd64.deb ...
<13>May 14 15:24:22 debootstrap: Unpacking libss2:amd64 (1.47.2-3+b7) ...
<13>May 14 15:24:22 debootstrap: Setting up libss2:amd64 (1.47.2-3+b7) ...
<13>May 14 15:24:22 debootstrap: Processing triggers for libc-bin (2.41-12+deb13u1) ...
<13>May 14 15:24:22 debootstrap: (Reading database ... 6040 files and directories currently installed.)
<13>May 14 15:24:22 debootstrap: Preparing to unpack .../libidn2-0_2.3.8-2_amd64.deb ...
<13>May 14 15:24:22 debootstrap: Unpacking libidn2-0:amd64 (2.3.8-2) ...
<13>May 14 15:24:22 debootstrap: Preparing to unpack .../liblocale-gettext-perl_1.07-7+b1_amd64.deb ...
<13>May 14 15:24:22 debootstrap: Unpacking liblocale-gettext-perl (1.07-7+b1) ...
<13>May 14 15:24:22 debootstrap: Preparing to unpack .../debconf-i18n_1.5.91_all.deb ...
<13>May 14 15:24:22 debootstrap: Unpacking debconf-i18n (1.5.91) ...
<13>May 14 15:24:22 debootstrap: Preparing to unpack .../apt-utils_3.0.3_amd64.deb ...
<13>May 14 15:24:22 debootstrap: Unpacking apt-utils (3.0.3) ...
<13>May 14 15:24:22 debootstrap: Preparing to unpack .../cpio_2.15+dfsg-2_amd64.deb ...
<13>May 14 15:24:22 debootstrap: Unpacking cpio (2.15+dfsg-2) ...
<13>May 14 15:24:22 debootstrap: Preparing to unpack .../libkmod2_34.2-2_amd64.deb ...
<13>May 14 15:24:22 debootstrap: Unpacking libkmod2:amd64 (34.2-2) ...
<13>May 14 15:24:22 debootstrap: Preparing to unpack .../libkrb5support0_1.21.3-5_amd64.deb ...
<13>May 14 15:24:22 debootstrap: Unpacking libkrb5support0:amd64 (1.21.3-5) ...
<13>May 14 15:24:22 debootstrap: Preparing to unpack .../libk5crypto3_1.21.3-5_amd64.deb ...
<13>May 14 15:24:22 debootstrap: Unpacking libk5crypto3:amd64 (1.21.3-5) ...
<13>May 14 15:24:22 debootstrap: Preparing to unpack .../libkeyutils1_1.6.3-6_amd64.deb ...
<13>May 14 15:24:22 debootstrap: Unpacking libkeyutils1:amd64 (1.6.3-6) ...
<13>May 14 15:24:22 debootstrap: Preparing to unpack .../libkrb5-3_1.21.3-5_amd64.deb ...
<13>May 14 15:24:22 debootstrap: Unpacking libkrb5-3:amd64 (1.21.3-5) ...
<13>May 14 15:24:22 debootstrap: Preparing to unpack .../libgssapi-krb5-2_1.21.3-5_amd64.deb ...
<13>May 14 15:24:22 debootstrap: Unpacking libgssapi-krb5-2:amd64 (1.21.3-5) ...
<13>May 14 15:24:22 debootstrap: Preparing to unpack .../cron_3.0pl1-197_amd64.deb ...
<13>May 14 15:24:22 debootstrap: Unpacking cron (3.0pl1-197) ...
<13>May 14 15:24:22 debootstrap: Preparing to unpack .../dhcpcd-base_1%3a10.1.0-11+deb13u2_amd64.deb ...
<13>May 14 15:24:22 debootstrap: Unpacking dhcpcd-base (1:10.1.0-11+deb13u2) ...
<13>May 14 15:24:22 debootstrap: Preparing to unpack .../dmidecode_3.6-2_amd64.deb ...
<13>May 14 15:24:22 debootstrap: Unpacking dmidecode (3.6-2) ...
<13>May 14 15:24:22 debootstrap: Preparing to unpack .../e2fsprogs_1.47.2-3+b7_amd64.deb ...
<13>May 14 15:24:22 debootstrap: Unpacking e2fsprogs (1.47.2-3+b7) ...
<13>May 14 15:24:22 debootstrap: Preparing to unpack .../libfdisk1_2.41-5_amd64.deb ...
<13>May 14 15:24:22 debootstrap: Unpacking libfdisk1:amd64 (2.41-5) ...
<13>May 14 15:24:22 debootstrap: Preparing to unpack .../libncursesw6_6.5+20250216-2_amd64.deb ...
<13>May 14 15:24:22 debootstrap: Unpacking libncursesw6:amd64 (6.5+20250216-2) ...
<13>May 14 15:24:22 debootstrap: Preparing to unpack .../libreadline8t64_8.2-6_amd64.deb ...
<13>May 14 15:24:22 debootstrap: Adding 'diversion of /lib/x86_64-linux-gnu/libhistory.so.8 to /lib/x86_64-linux-gnu/libhistory.so.8.usr-is-merged by libreadline8t64'
<13>May 14 15:24:22 debootstrap: Adding 'diversion of /lib/x86_64-linux-gnu/libhistory.so.8.2 to /lib/x86_64-linux-gnu/libhistory.so.8.2.usr-is-merged by libreadline8t64'
<13>May 14 15:24:22 debootstrap: Adding 'diversion of /lib/x86_64-linux-gnu/libreadline.so.8 to /lib/x86_64-linux-gnu/libreadline.so.8.usr-is-merged by libreadline8t64'
<13>May 14 15:24:22 debootstrap: Adding 'diversion of /lib/x86_64-linux-gnu/libreadline.so.8.2 to /lib/x86_64-linux-gnu/libreadline.so.8.2.usr-is-merged by libreadline8t64'
<13>May 14 15:24:22 debootstrap: Unpacking libreadline8t64:amd64 (8.2-6) ...
<13>May 14 15:24:23 debootstrap: Preparing to unpack .../fdisk_2.41-5_amd64.deb ...
<13>May 14 15:24:23 debootstrap: Unpacking fdisk (2.41-5) ...
<13>May 14 15:24:23 debootstrap: Preparing to unpack .../libelf1t64_0.192-4_amd64.deb ...
<13>May 14 15:24:23 debootstrap: Unpacking libelf1t64:amd64 (0.192-4) ...
<13>May 14 15:24:23 debootstrap: Preparing to unpack .../libbpf1_1%3a1.5.0-3_amd64.deb ...
<13>May 14 15:24:23 debootstrap: Unpacking libbpf1:amd64 (1:1.5.0-3) ...
<13>May 14 15:24:23 debootstrap: Preparing to unpack .../libmnl0_1.0.5-3_amd64.deb ...
<13>May 14 15:24:23 debootstrap: Unpacking libmnl0:amd64 (1.0.5-3) ...
<13>May 14 15:24:23 debootstrap: Preparing to unpack .../libcap2-bin_1%3a2.75-10+b3_amd64.deb ...
<13>May 14 15:24:23 debootstrap: Unpacking libcap2-bin (1:2.75-10+b3) ...
<13>May 14 15:24:23 debootstrap: Preparing to unpack .../iproute2_6.15.0-1_amd64.deb ...
<13>May 14 15:24:23 debootstrap: Unpacking iproute2 (6.15.0-1) ...
<13>May 14 15:24:23 debootstrap: Preparing to unpack .../ifupdown_0.8.44_amd64.deb ...
<13>May 14 15:24:23 debootstrap: Unpacking ifupdown (0.8.44) ...
<13>May 14 15:24:23 debootstrap: Preparing to unpack .../init_1.69~deb13u1_amd64.deb ...
<13>May 14 15:24:23 debootstrap: Unpacking init (1.69~deb13u1) ...
<13>May 14 15:24:23 debootstrap: Preparing to unpack .../iputils-ping_3%3a20240905-3_amd64.deb ...
<13>May 14 15:24:23 debootstrap: Unpacking iputils-ping (3:20240905-3) ...
<13>May 14 15:24:23 debootstrap: Preparing to unpack .../archives/kmod_34.2-2_amd64.deb ...
<13>May 14 15:24:23 debootstrap: Unpacking kmod (34.2-2) ...
<13>May 14 15:24:23 debootstrap: Preparing to unpack .../archives/less_668-1_amd64.deb ...
<13>May 14 15:24:23 debootstrap: Unpacking less (668-1) ...
<13>May 14 15:24:23 debootstrap: Preparing to unpack .../libedit2_3.1-20250104-1_amd64.deb ...
<13>May 14 15:24:23 debootstrap: Unpacking libedit2:amd64 (3.1-20250104-1) ...
<13>May 14 15:24:23 debootstrap: Preparing to unpack .../libjansson4_2.14-2+b3_amd64.deb ...
<13>May 14 15:24:23 debootstrap: Unpacking libjansson4:amd64 (2.14-2+b3) ...
<13>May 14 15:24:23 debootstrap: Preparing to unpack .../libslang2_2.3.3-5+b2_amd64.deb ...
<13>May 14 15:24:23 debootstrap: Unpacking libslang2:amd64 (2.3.3-5+b2) ...
<13>May 14 15:24:23 debootstrap: Preparing to unpack .../libnewt0.52_0.52.25-1_amd64.deb ...
<13>May 14 15:24:23 debootstrap: Unpacking libnewt0.52:amd64 (0.52.25-1) ...
<13>May 14 15:24:23 debootstrap: Preparing to unpack .../libnftnl11_1.2.9-1_amd64.deb ...
<13>May 14 15:24:23 debootstrap: Unpacking libnftnl11:amd64 (1.2.9-1) ...
<13>May 14 15:24:23 debootstrap: Preparing to unpack .../libnftables1_1.1.3-1_amd64.deb ...
<13>May 14 15:24:23 debootstrap: Unpacking libnftables1:amd64 (1.1.3-1) ...
<13>May 14 15:24:23 debootstrap: Preparing to unpack .../libpopt0_1.19+dfsg-2_amd64.deb ...
<13>May 14 15:24:23 debootstrap: Unpacking libpopt0:amd64 (1.19+dfsg-2) ...
<13>May 14 15:24:24 debootstrap: Preparing to unpack .../libproc2-0_2%3a4.0.4-9_amd64.deb ...
<13>May 14 15:24:24 debootstrap: Unpacking libproc2-0:amd64 (2:4.0.4-9) ...
<13>May 14 15:24:24 debootstrap: Preparing to unpack .../libunistring5_1.3-2_amd64.deb ...
<13>May 14 15:24:24 debootstrap: Unpacking libunistring5:amd64 (1.3-2) ...
<13>May 14 15:24:24 debootstrap: Preparing to unpack .../libtext-charwidth-perl_0.04-11+b4_amd64.deb ...
<13>May 14 15:24:24 debootstrap: Unpacking libtext-charwidth-perl:amd64 (0.04-11+b4) ...
<13>May 14 15:24:24 debootstrap: Preparing to unpack .../libtext-iconv-perl_1.7-8+b4_amd64.deb ...
<13>May 14 15:24:24 debootstrap: Unpacking libtext-iconv-perl:amd64 (1.7-8+b4) ...
<13>May 14 15:24:24 debootstrap: Preparing to unpack .../libtext-wrapi18n-perl_0.06-10_all.deb ...
<13>May 14 15:24:24 debootstrap: Unpacking libtext-wrapi18n-perl (0.06-10) ...
<13>May 14 15:24:24 debootstrap: Preparing to unpack .../sensible-utils_0.0.25_all.deb ...
<13>May 14 15:24:24 debootstrap: Unpacking sensible-utils (0.0.25) ...
<13>May 14 15:24:24 debootstrap: Preparing to unpack .../linux-sysctl-defaults_4.12_all.deb ...
<13>May 14 15:24:24 debootstrap: Unpacking linux-sysctl-defaults (4.12) ...
<13>May 14 15:24:24 debootstrap: Preparing to unpack .../archives/netbase_6.5_all.deb ...
<13>May 14 15:24:24 debootstrap: Unpacking netbase (6.5) ...
<13>May 14 15:24:24 debootstrap: Preparing to unpack .../libtirpc-common_1.3.6+ds-1_all.deb ...
<13>May 14 15:24:24 debootstrap: Unpacking libtirpc-common (1.3.6+ds-1) ...
<13>May 14 15:24:24 debootstrap: Preparing to unpack .../libtirpc3t64_1.3.6+ds-1_amd64.deb ...
<13>May 14 15:24:24 debootstrap: Adding 'diversion of /lib/x86_64-linux-gnu/libtirpc.so.3 to /lib/x86_64-linux-gnu/libtirpc.so.3.usr-is-merged by libtirpc3t64'
<13>May 14 15:24:24 debootstrap: Adding 'diversion of /lib/x86_64-linux-gnu/libtirpc.so.3.0.0 to /lib/x86_64-linux-gnu/libtirpc.so.3.0.0.usr-is-merged by libtirpc3t64'
<13>May 14 15:24:24 debootstrap: Unpacking libtirpc3t64:amd64 (1.3.6+ds-1) ...
<13>May 14 15:24:24 debootstrap: Preparing to unpack .../logsave_1.47.2-3+b7_amd64.deb ...
<13>May 14 15:24:24 debootstrap: Unpacking logsave (1.47.2-3+b7) ...
<13>May 14 15:24:24 debootstrap: Preparing to unpack .../readline-common_8.2-6_all.deb ...
<13>May 14 15:24:24 debootstrap: Unpacking readline-common (8.2-6) ...
<13>May 14 15:24:24 debootstrap: Preparing to unpack .../libxtables12_1.8.11-2_amd64.deb ...
<13>May 14 15:24:24 debootstrap: Unpacking libxtables12:amd64 (1.8.11-2) ...
<13>May 14 15:24:24 debootstrap: Preparing to unpack .../logrotate_3.22.0-1_amd64.deb ...
<13>May 14 15:24:24 debootstrap: Unpacking logrotate (3.22.0-1) ...
<13>May 14 15:24:24 debootstrap: Preparing to unpack .../archives/nano_8.4-1_amd64.deb ...
<13>May 14 15:24:24 debootstrap: Unpacking nano (8.4-1) ...
<13>May 14 15:24:24 debootstrap: Preparing to unpack .../nftables_1.1.3-1_amd64.deb ...
<13>May 14 15:24:24 debootstrap: Unpacking nftables (1.1.3-1) ...
<13>May 14 15:24:24 debootstrap: Preparing to unpack .../procps_2%3a4.0.4-9_amd64.deb ...
<13>May 14 15:24:24 debootstrap: Unpacking procps (2:4.0.4-9) ...
<13>May 14 15:24:24 debootstrap: Preparing to unpack .../udev_257.9-1~deb13u1_amd64.deb ...
<13>May 14 15:24:24 debootstrap: Unpacking udev (257.9-1~deb13u1) ...
<13>May 14 15:24:25 debootstrap: Preparing to unpack .../vim-common_2%3a9.1.1230-2_all.deb ...
<13>May 14 15:24:25 debootstrap: Unpacking vim-common (2:9.1.1230-2) ...
<13>May 14 15:24:25 debootstrap: Preparing to unpack .../vim-tiny_2%3a9.1.1230-2_amd64.deb ...
<13>May 14 15:24:25 debootstrap: Unpacking vim-tiny (2:9.1.1230-2) ...
<13>May 14 15:24:25 debootstrap: Preparing to unpack .../whiptail_0.52.25-1_amd64.deb ...
<13>May 14 15:24:25 debootstrap: Unpacking whiptail (0.52.25-1) ...
<13>May 14 15:24:25 debootstrap: Processing triggers for libc-bin (2.41-12+deb13u1) ...
<13>May 14 15:24:25 debootstrap: Processing triggers for systemd (257.9-1~deb13u1) ...
<13>May 14 15:24:25 debootstrap: Setting up cpio (2.15+dfsg-2) ...
<13>May 14 15:24:25 debootstrap: update-alternatives: using /usr/bin/mt-gnu to provide /usr/bin/mt (mt) in auto mode
<13>May 14 15:24:25 debootstrap: Setting up libtext-iconv-perl:amd64 (1.7-8+b4) ...
<13>May 14 15:24:25 debootstrap: Setting up libtext-charwidth-perl:amd64 (0.04-11+b4) ...
<13>May 14 15:24:25 debootstrap: Setting up libkeyutils1:amd64 (1.6.3-6) ...
<13>May 14 15:24:25 debootstrap: Setting up apt-utils (3.0.3) ...
<13>May 14 15:24:25 debootstrap: Setting up init (1.69~deb13u1) ...
<13>May 14 15:24:25 debootstrap: Setting up libtirpc-common (1.3.6+ds-1) ...
<13>May 14 15:24:25 debootstrap: Setting up libedit2:amd64 (3.1-20250104-1) ...
<13>May 14 15:24:25 debootstrap: Setting up less (668-1) ...
<13>May 14 15:24:25 debootstrap: Setting up libtext-wrapi18n-perl (0.06-10) ...
<13>May 14 15:24:25 debootstrap: Setting up libelf1t64:amd64 (0.192-4) ...
<13>May 14 15:24:25 debootstrap: Setting up libjansson4:amd64 (2.14-2+b3) ...
<13>May 14 15:24:25 debootstrap: Setting up libkrb5support0:amd64 (1.21.3-5) ...
<13>May 14 15:24:25 debootstrap: Setting up libcap2-bin (1:2.75-10+b3) ...
<13>May 14 15:24:25 debootstrap: Setting up linux-sysctl-defaults (4.12) ...
<13>May 14 15:24:25 debootstrap: Setting up vim-common (2:9.1.1230-2) ...
<13>May 14 15:24:25 debootstrap: Setting up libslang2:amd64 (2.3.3-5+b2) ...
<13>May 14 15:24:25 debootstrap: Setting up libproc2-0:amd64 (2:4.0.4-9) ...
<13>May 14 15:24:25 debootstrap: Setting up libunistring5:amd64 (1.3-2) ...
<13>May 14 15:24:25 debootstrap: Setting up libmnl0:amd64 (1.0.5-3) ...
<13>May 14 15:24:25 debootstrap: Setting up dhcpcd-base (1:10.1.0-11+deb13u2) ...
<13>May 14 15:24:25 debootstrap: Setting up libncursesw6:amd64 (6.5+20250216-2) ...
<13>May 14 15:24:25 debootstrap: Setting up libk5crypto3:amd64 (1.21.3-5) ...
<13>May 14 15:24:25 debootstrap: Setting up libxtables12:amd64 (1.8.11-2) ...
<13>May 14 15:24:25 debootstrap: Setting up logsave (1.47.2-3+b7) ...
<13>May 14 15:24:25 debootstrap: Setting up libfdisk1:amd64 (2.41-5) ...
<13>May 14 15:24:25 debootstrap: Setting up nano (8.4-1) ...
<13>May 14 15:24:25 debootstrap: update-alternatives: using /bin/nano to provide /usr/bin/editor (editor) in auto mode
<13>May 14 15:24:25 debootstrap: update-alternatives: using /bin/nano to provide /usr/bin/pico (pico) in auto mode
<13>May 14 15:24:25 debootstrap: Setting up sensible-utils (0.0.25) ...
<13>May 14 15:24:25 debootstrap: Setting up procps (2:4.0.4-9) ...
<13>May 14 15:24:25 debootstrap: Setting up netbase (6.5) ...
<13>May 14 15:24:25 debootstrap: Setting up libkrb5-3:amd64 (1.21.3-5) ...
<13>May 14 15:24:25 debootstrap: Setting up dmidecode (3.6-2) ...
<13>May 14 15:24:25 debootstrap: Setting up readline-common (8.2-6) ...
<13>May 14 15:24:25 debootstrap: Setting up liblocale-gettext-perl (1.07-7+b1) ...
<13>May 14 15:24:25 debootstrap: Setting up libbpf1:amd64 (1:1.5.0-3) ...
<13>May 14 15:24:25 debootstrap: Setting up libkmod2:amd64 (34.2-2) ...
<13>May 14 15:24:25 debootstrap: Setting up libpopt0:amd64 (1.19+dfsg-2) ...
<13>May 14 15:24:25 debootstrap: Setting up logrotate (3.22.0-1) ...
<13>May 14 15:24:25 debootstrap: Created symlink '/etc/systemd/system/timers.target.wants/logrotate.timer' -> '/usr/lib/systemd/system/logrotate.timer'.
<13>May 14 15:24:25 debootstrap: Setting up libnewt0.52:amd64 (0.52.25-1) ...
<13>May 14 15:24:25 debootstrap: Setting up cron (3.0pl1-197) ...
<13>May 14 15:24:25 debootstrap: Running in chroot, ignoring request.
<13>May 14 15:24:25 debootstrap: invoke-rc.d: policy-rc.d denied execution of start.
<13>May 14 15:24:26 debootstrap: Created symlink '/etc/systemd/system/multi-user.target.wants/cron.service' -> '/usr/lib/systemd/system/cron.service'.
<13>May 14 15:24:26 debootstrap: Setting up debconf-i18n (1.5.91) ...
<13>May 14 15:24:26 debootstrap: Setting up libnftnl11:amd64 (1.2.9-1) ...
<13>May 14 15:24:26 debootstrap: Setting up e2fsprogs (1.47.2-3+b7) ...
<13>May 14 15:24:26 debootstrap: Created symlink '/etc/systemd/system/timers.target.wants/e2scrub_all.timer' -> '/usr/lib/systemd/system/e2scrub_all.timer'.
<13>May 14 15:24:26 debootstrap: Created symlink '/etc/systemd/system/multi-user.target.wants/e2scrub_reap.service' -> '/usr/lib/systemd/system/e2scrub_reap.service'.
<13>May 14 15:24:26 debootstrap: Setting up libidn2-0:amd64 (2.3.8-2) ...
<13>May 14 15:24:26 debootstrap: Setting up vim-tiny (2:9.1.1230-2) ...
<13>May 14 15:24:26 debootstrap: update-alternatives: using /usr/bin/vim.tiny to provide /usr/bin/ex (ex) in auto mode
<13>May 14 15:24:26 debootstrap: update-alternatives: using /usr/bin/vim.tiny to provide /usr/bin/rview (rview) in auto mode
<13>May 14 15:24:26 debootstrap: update-alternatives: using /usr/bin/vim.tiny to provide /usr/bin/vi (vi) in auto mode
<13>May 14 15:24:26 debootstrap: update-alternatives: using /usr/bin/vim.tiny to provide /usr/bin/view (view) in auto mode
<13>May 14 15:24:26 debootstrap: Setting up kmod (34.2-2) ...
<13>May 14 15:24:26 debootstrap: Setting up libgssapi-krb5-2:amd64 (1.21.3-5) ...
<13>May 14 15:24:26 debootstrap: Setting up udev (257.9-1~deb13u1) ...
<13>May 14 15:24:26 debootstrap: Creating group 'input' with GID 996.
<13>May 14 15:24:26 debootstrap: Creating group 'sgx' with GID 995.
<13>May 14 15:24:26 debootstrap: Creating group 'clock' with GID 994.
<13>May 14 15:24:26 debootstrap: Creating group 'kvm' with GID 993.
<13>May 14 15:24:26 debootstrap: Creating group 'render' with GID 992.
<13>May 14 15:24:26 debootstrap: Setting up libreadline8t64:amd64 (8.2-6) ...
<13>May 14 15:24:26 debootstrap: Setting up whiptail (0.52.25-1) ...
<13>May 14 15:24:26 debootstrap: Setting up iputils-ping (3:20240905-3) ...
<13>May 14 15:24:26 debootstrap: Setting up libnftables1:amd64 (1.1.3-1) ...
<13>May 14 15:24:26 debootstrap: Setting up nftables (1.1.3-1) ...
<13>May 14 15:24:27 debootstrap: Setting up libtirpc3t64:amd64 (1.3.6+ds-1) ...
<13>May 14 15:24:27 debootstrap: Setting up iproute2 (6.15.0-1) ...
<13>May 14 15:24:27 debootstrap: Setting up fdisk (2.41-5) ...
<13>May 14 15:24:27 debootstrap: Setting up ifupdown (0.8.44) ...
<13>May 14 15:24:27 debootstrap: Creating /etc/network/interfaces.
<13>May 14 15:24:27 debootstrap: Created symlink '/etc/systemd/system/multi-user.target.wants/networking.service' -> '/usr/lib/systemd/system/networking.service'.
<13>May 14 15:24:27 debootstrap: Created symlink '/etc/systemd/system/network-online.target.wants/networking.service' -> '/usr/lib/systemd/system/networking.service'.
<13>May 14 15:24:27 debootstrap: Processing triggers for libc-bin (2.41-12+deb13u1) ...
<13>May 14 15:24:28 apt-install: Queueing package keyboard-configuration for later installation
<13>May 14 15:24:28 apt-install: Queueing package console-setup for later installation
<13>May 14 15:24:28 base-installer: Using CD-ROM mount point /media/cdrom/
<13>May 14 15:24:28 base-installer: Identifying... 
<13>May 14 15:24:28 base-installer: [c3319ed21914fa33ae2db02772fc9638-2]
<13>May 14 15:24:28 base-installer: Scanning disc for index files...
<13>May 14 15:24:29 base-installer: Found 3 package indexes, 0 source indexes, 0 translation indexes and 0 signatures
<13>May 14 15:24:29 base-installer: Found label 'Debian GNU/Linux 13.3.0 _Trixie_ - Official amd64 NETINST with firmware 20260110-10:59'
<13>May 14 15:24:29 base-installer: This disc is called: 
<13>May 14 15:24:29 base-installer: 'Debian GNU/Linux 13.3.0 _Trixie_ - Official amd64 NETINST with firmware 20260110-10:59'
<13>May 14 15:24:29 base-installer: Copying package lists...
<13>May 14 15:24:29 base-installer: Reading Package Indexes... 0%Reading Package Indexes... 0%
<13>May 14 15:24:29 base-installer: Reading Package Indexes... Done
<13>May 14 15:24:29 base-installer: Writing new source list
<13>May 14 15:24:29 base-installer: Source list entries for this disc are:
<13>May 14 15:24:29 base-installer: deb cdrom:[Debian GNU/Linux 13.3.0 _Trixie_ - Official amd64 NETINST with firmware 20260110-10:59]/ trixie contrib main non-free-firmware
<13>May 14 15:24:29 base-installer: Repeat this process for the rest of the CDs in your set.
<13>May 14 15:24:29 base-installer: Ign:1 cdrom://[Debian GNU/Linux 13.3.0 _Trixie_ - Official amd64 NETINST with firmware 20260110-10:59] trixie InRelease
<13>May 14 15:24:29 base-installer: Err:2 cdrom://[Debian GNU/Linux 13.3.0 _Trixie_ - Official amd64 NETINST with firmware 20260110-10:59] trixie Release
<13>May 14 15:24:29 base-installer:   Please use apt-cdrom to make this CD-ROM recognized by APT. apt-get update cannot be used to add new CD-ROMs
<13>May 14 15:24:29 base-installer: Reading package lists...
<13>May 14 15:24:29 base-installer: 
<13>May 14 15:24:29 base-installer: E: The repository 'cdrom://[Debian GNU/Linux 13.3.0 _Trixie_ - Official amd64 NETINST with firmware 20260110-10:59] trixie Release' does not have a Release file.
<13>May 14 15:24:29 base-installer: warning: apt update failed: 100
<13>May 14 15:24:29 /bin/in-target: warning: /target/etc/mtab won't be updated since it is a symlink.
<13>May 14 15:24:30 in-target: Reading package lists...
<13>May 14 15:24:30 in-target: 
<13>May 14 15:24:30 in-target: Building dependency tree...
<13>May 14 15:24:30 in-target: 
<13>May 14 15:24:30 in-target: The following additional packages will be installed:
<13>May 14 15:24:30 in-target:   libc-l10n
<13>May 14 15:24:30 in-target: The following NEW packages will be installed:
<13>May 14 15:24:30 in-target:   libc-l10n locales
<13>May 14 15:24:30 in-target: 0 upgraded, 2 newly installed, 0 to remove and 0 not upgraded.
<13>May 14 15:24:30 in-target: Need to get 0 B/4663 kB of archives.
<13>May 14 15:24:30 in-target: After this operation, 21.0 MB of additional disk space will be used.
<13>May 14 15:24:30 in-target: Get:1 cdrom://[Debian GNU/Linux 13.3.0 _Trixie_ - Official amd64 NETINST with firmware 20260110-10:59] trixie/main amd64 libc-l10n all 2.41-12+deb13u1 [738 kB]
<13>May 14 15:24:30 in-target: Get:2 cdrom://[Debian GNU/Linux 13.3.0 _Trixie_ - Official amd64 NETINST with firmware 20260110-10:59] trixie/main amd64 locales all 2.41-12+deb13u1 [3925 kB]
<13>May 14 15:24:31 in-target: Preconfiguring packages ...
<13>May 14 15:24:31 in-target: Selecting previously unselected package libc-l10n.
<13>May 14 15:24:31 in-target: (Reading database ... 
<13>May 14 15:24:31 in-target: (Reading database ... 5%(Reading database ... 10%(Reading database ... 15%(Reading database ... 20%(Reading database ... 25%(Reading database ... 30%(Reading database ... 35%(Reading database ... 40%(Reading database ... 45%(Reading database ... 50%(Reading database ... 55%(Reading database ... 60%(Reading database ... 65%
<13>May 14 15:24:31 in-target: (Reading database ... 70%
<13>May 14 15:24:31 in-target: (Reading database ... 75%
<13>May 14 15:24:31 in-target: (Reading database ... 80%
<13>May 14 15:24:31 in-target: (Reading database ... 85%
<13>May 14 15:24:31 in-target: (Reading database ... 90%
<13>May 14 15:24:31 in-target: (Reading database ... 95%
<13>May 14 15:24:31 in-target: (Reading database ... 100%(Reading database ... 7800 files and directories currently installed.)
<13>May 14 15:24:31 in-target: Preparing to unpack .../libc-l10n_2.41-12+deb13u1_all.deb ...
<13>May 14 15:24:31 in-target: Unpacking libc-l10n (2.41-12+deb13u1) ...
<13>May 14 15:24:31 in-target: Selecting previously unselected package locales.
<13>May 14 15:24:31 in-target: Preparing to unpack .../locales_2.41-12+deb13u1_all.deb ...
<13>May 14 15:24:31 in-target: Unpacking locales (2.41-12+deb13u1) ...
<13>May 14 15:24:31 in-target: Setting up libc-l10n (2.41-12+deb13u1) ...
<13>May 14 15:24:31 in-target: Setting up locales (2.41-12+deb13u1) ...
<13>May 14 15:24:32 in-target: Generating locales (this might take a while)...
<13>May 14 15:24:32 in-target: Generation complete.
<13>May 14 15:24:32 localechooser: Adding locale 'en_US.UTF-8'
<13>May 14 15:24:32 localechooser: Generating added locales...
<13>May 14 15:24:34 base-installer: cat: can't open '/usr/lib/firmware/.embedded-firmware-debs': No such file or directory
<13>May 14 15:24:36 install-firmware: pci:v000014E4d00001657sv0000103Csd00003383bc02sc00i00
<13>May 14 15:24:36 install-firmware: pci:v000014E4d00001657sv0000103Csd00003383bc02sc00i00
<13>May 14 15:24:36 install-firmware: pci:v000014E4d00001657sv0000103Csd00003383bc02sc00i00
<13>May 14 15:24:36 install-firmware: pci:v000014E4d00001657sv0000103Csd00003383bc02sc00i00
<13>May 14 15:24:36 install-firmware: detected the need for firmware-misc-nonfree (non-free-firmware) via modalias
<13>May 14 15:24:36 install-firmware: ... added /cdrom/firmware/firmware-misc-nonfree_20250410-2_all.deb to the firmware cache
<13>May 14 15:24:37 install-firmware: queuing intel-microcode installation (GenuineIntel)
<13>May 14 15:24:37 install-firmware: pre-enabling non-free-firmware component for apt-setup
<13>May 14 15:24:37 base-installer: info: kernel linux-image-amd64 usable on amd64
<13>May 14 15:24:37 base-installer: info: kernel linux-image-6.12.63+deb13-amd64 usable on amd64
<13>May 14 15:24:37 base-installer: info: Found kernels 'linux-image-6.12.63+deb13-amd64,linux-image-amd64'
<13>May 14 15:24:37 base-installer: info: arch_kernel candidates: linux-image-amd64
<13>May 14 15:24:37 base-installer: info: arch_kernel: linux-image-amd64 (present)
<13>May 14 15:24:37 base-installer: info: Using kernel 'linux-image-amd64'
<13>May 14 15:24:37 base-installer: warning: Failed to get debconf answer 'base-installer/kernel/linux/initrd'.
<13>May 14 15:24:37 base-installer: info: Setting do_initrd='yes'.
<13>May 14 15:24:37 base-installer: info: Setting link_in_boot='no'.
<13>May 14 15:24:37 /bin/in-target: warning: /target/etc/mtab won't be updated since it is a symlink.
<13>May 14 15:24:37 in-target: Reading package lists...
<13>May 14 15:24:37 in-target: 
<13>May 14 15:24:37 in-target: Building dependency tree...
<13>May 14 15:24:37 in-target: 
<13>May 14 15:24:37 in-target: Reading state information...
<13>May 14 15:24:37 in-target: The following NEW packages will be installed:
<13>May 14 15:24:37 in-target:   busybox
<13>May 14 15:24:37 in-target: 0 upgraded, 1 newly installed, 0 to remove and 0 not upgraded.
<13>May 14 15:24:37 in-target: Need to get 0 B/485 kB of archives.
<13>May 14 15:24:37 in-target: After this operation, 896 kB of additional disk space will be used.
<13>May 14 15:24:37 in-target: Get:1 cdrom://[Debian GNU/Linux 13.3.0 _Trixie_ - Official amd64 NETINST with firmware 20260110-10:59] trixie/main amd64 busybox amd64 1:1.37.0-6+b5 [485 kB]
<13>May 14 15:24:37 in-target: Selecting previously unselected package busybox.
<13>May 14 15:24:37 in-target: (Reading database ... 
<13>May 14 15:24:37 in-target: (Reading database ... 5%(Reading database ... 10%(Reading database ... 15%(Reading database ... 20%(Reading database ... 25%
<13>May 14 15:24:37 in-target: (Reading database ... 30%(Reading database ... 35%
<13>May 14 15:24:37 in-target: (Reading database ... 40%(Reading database ... 
<13>May 14 15:24:37 in-target: 45%(Reading database ... 50%(Reading database ... 
<13>May 14 15:24:37 in-target: 55%(Reading database ... 
<13>May 14 15:24:37 in-target: 60%(Reading database ... 65%
<13>May 14 15:24:37 in-target: (Reading database ... 70%
<13>May 14 15:24:37 in-target: (Reading database ... 75%
<13>May 14 15:24:37 in-target: (Reading database ... 80%
<13>May 14 15:24:37 in-target: (Reading database ... 85%
<13>May 14 15:24:37 in-target: (Reading database ... 90%
<13>May 14 15:24:37 in-target: (Reading database ... 95%
<13>May 14 15:24:37 in-target: (Reading database ... 100%(Reading database ... 8474 files and directories currently installed.)
<13>May 14 15:24:37 in-target: Preparing to unpack .../busybox_1.37.0-6+b5_amd64.deb ...
<13>May 14 15:24:37 in-target: Unpacking busybox (1:1.37.0-6+b5) ...
<13>May 14 15:24:37 in-target: Setting up busybox (1:1.37.0-6+b5) ...
<13>May 14 15:24:38 /bin/in-target: warning: /target/etc/mtab won't be updated since it is a symlink.
<13>May 14 15:24:38 in-target: Reading package lists...
<13>May 14 15:24:38 in-target: 
<13>May 14 15:24:38 in-target: Building dependency tree...
<13>May 14 15:24:38 in-target: 
<13>May 14 15:24:38 in-target: Reading state information...
<13>May 14 15:24:38 in-target: The following NEW packages will be installed:
<13>May 14 15:24:38 in-target:   zstd
<13>May 14 15:24:38 in-target: 0 upgraded, 1 newly installed, 0 to remove and 0 not upgraded.
<13>May 14 15:24:38 in-target: Need to get 0 B/756 kB of archives.
<13>May 14 15:24:38 in-target: After this operation, 2,376 kB of additional disk space will be used.
<13>May 14 15:24:38 in-target: Get:1 cdrom://[Debian GNU/Linux 13.3.0 _Trixie_ - Official amd64 NETINST with firmware 20260110-10:59] trixie/main amd64 zstd amd64 1.5.7+dfsg-1 [756 kB]
<13>May 14 15:24:38 in-target: Selecting previously unselected package zstd.
<13>May 14 15:24:38 in-target: (Reading database ... 
<13>May 14 15:24:38 in-target: (Reading database ... 5%(Reading database ... 10%(Reading database ... 15%(Reading database ... 20%(Reading database ... 25%(Reading database ... 30%(Reading database ... 35%(Reading database ... 40%(Reading database ... 45%(Reading database ... 50%(Reading database ... 55%(Reading database ... 60%(Reading database ... 65%
<13>May 14 15:24:38 in-target: (Reading database ... 70%
<13>May 14 15:24:38 in-target: (Reading database ... 75%
<13>May 14 15:24:38 in-target: (Reading database ... 80%
<13>May 14 15:24:38 in-target: (Reading database ... 85%
<13>May 14 15:24:38 in-target: (Reading database ... 90%
<13>May 14 15:24:38 in-target: (Reading database ... 95%
<13>May 14 15:24:38 in-target: (Reading database ... 100%(Reading database ... 8486 files and directories currently installed.)
<13>May 14 15:24:38 in-target: Preparing to unpack .../zstd_1.5.7+dfsg-1_amd64.deb ...
<13>May 14 15:24:38 in-target: Unpacking zstd (1.5.7+dfsg-1) ...
<13>May 14 15:24:38 in-target: Setting up zstd (1.5.7+dfsg-1) ...
<13>May 14 15:24:38 /bin/in-target: warning: /target/etc/mtab won't be updated since it is a symlink.
<13>May 14 15:24:39 in-target: Reading package lists...
<13>May 14 15:24:39 in-target: 
<13>May 14 15:24:39 in-target: Building dependency tree...
<13>May 14 15:24:39 in-target: 
<13>May 14 15:24:39 in-target: Reading state information...
<13>May 14 15:24:39 in-target: The following additional packages will be installed:
<13>May 14 15:24:39 in-target:   dracut-install initramfs-tools-bin initramfs-tools-core klibc-utils libklibc
<13>May 14 15:24:39 in-target:   linux-base
<13>May 14 15:24:39 in-target: Suggested packages:
<13>May 14 15:24:39 in-target:   bash-completion
<13>May 14 15:24:39 in-target: The following NEW packages will be installed:
<13>May 14 15:24:39 in-target:   dracut-install initramfs-tools initramfs-tools-bin initramfs-tools-core
<13>May 14 15:24:39 in-target:   klibc-utils libklibc linux-base
<13>May 14 15:24:39 in-target: 0 upgraded, 7 newly installed, 0 to remove and 0 not upgraded.
<13>May 14 15:24:39 in-target: Need to get 0 B/288 kB of archives.
<13>May 14 15:24:39 in-target: After this operation, 1,039 kB of additional disk space will be used.
<13>May 14 15:24:39 in-target: Get:1 cdrom://[Debian GNU/Linux 13.3.0 _Trixie_ - Official amd64 NETINST with firmware 20260110-10:59] trixie/main amd64 dracut-install amd64 106-6 [37.8 kB]
<13>May 14 15:24:39 in-target: Get:2 cdrom://[Debian GNU/Linux 13.3.0 _Trixie_ - Official amd64 NETINST with firmware 20260110-10:59] trixie/main amd64 initramfs-tools-bin amd64 0.148.3 [17.3 kB]
<13>May 14 15:24:39 in-target: Get:3 cdrom://[Debian GNU/Linux 13.3.0 _Trixie_ - Official amd64 NETINST with firmware 20260110-10:59] trixie/main amd64 libklibc amd64 2.0.14-1 [44.8 kB]
<13>May 14 15:24:39 in-target: Get:4 cdrom://[Debian GNU/Linux 13.3.0 _Trixie_ - Official amd64 NETINST with firmware 20260110-10:59] trixie/main amd64 klibc-utils amd64 2.0.14-1 [95.1 kB]
<13>May 14 15:24:39 in-target: Get:5 cdrom://[Debian GNU/Linux 13.3.0 _Trixie_ - Official amd64 NETINST with firmware 20260110-10:59] trixie/main amd64 initramfs-tools-core all 0.148.3 [50.5 kB]
<13>May 14 15:24:39 in-target: Get:6 cdrom://[Debian GNU/Linux 13.3.0 _Trixie_ - Official amd64 NETINST with firmware 20260110-10:59] trixie/main amd64 linux-base all 4.12 [25.5 kB]
<13>May 14 15:24:39 in-target: Get:7 cdrom://[Debian GNU/Linux 13.3.0 _Trixie_ - Official amd64 NETINST with firmware 20260110-10:59] trixie/main amd64 initramfs-tools all 0.148.3 [17.3 kB]
<13>May 14 15:24:39 in-target: Preconfiguring packages ...
<13>May 14 15:24:39 in-target: Selecting previously unselected package dracut-install.
<13>May 14 15:24:39 in-target: (Reading database ... 
<13>May 14 15:24:39 in-target: (Reading database ... 5%(Reading database ... 10%(Reading database ... 15%(Reading database ... 20%(Reading database ... 25%(Reading database ... 30%(Reading database ... 35%(Reading database ... 40%(Reading database ... 45%(Reading database ... 50%(Reading database ... 55%(Reading database ... 60%(Reading database ... 65%
<13>May 14 15:24:39 in-target: (Reading database ... 70%
<13>May 14 15:24:39 in-target: (Reading database ... 75%
<13>May 14 15:24:39 in-target: (Reading database ... 80%
<13>May 14 15:24:39 in-target: (Reading database ... 85%
<13>May 14 15:24:39 in-target: (Reading database ... 90%
<13>May 14 15:24:39 in-target: (Reading database ... 95%
<13>May 14 15:24:39 in-target: (Reading database ... 100%(Reading database ... 8509 files and directories currently installed.)
<13>May 14 15:24:39 in-target: Preparing to unpack .../0-dracut-install_106-6_amd64.deb ...
<13>May 14 15:24:39 in-target: Unpacking dracut-install (106-6) ...
<13>May 14 15:24:39 in-target: Selecting previously unselected package initramfs-tools-bin.
<13>May 14 15:24:39 in-target: Preparing to unpack .../1-initramfs-tools-bin_0.148.3_amd64.deb ...
<13>May 14 15:24:39 in-target: Unpacking initramfs-tools-bin (0.148.3) ...
<13>May 14 15:24:39 in-target: Selecting previously unselected package libklibc:amd64.
<13>May 14 15:24:39 in-target: Preparing to unpack .../2-libklibc_2.0.14-1_amd64.deb ...
<13>May 14 15:24:39 in-target: Unpacking libklibc:amd64 (2.0.14-1) ...
<13>May 14 15:24:39 in-target: Selecting previously unselected package klibc-utils.
<13>May 14 15:24:39 in-target: Preparing to unpack .../3-klibc-utils_2.0.14-1_amd64.deb ...
<13>May 14 15:24:39 in-target: Unpacking klibc-utils (2.0.14-1) ...
<13>May 14 15:24:39 in-target: Selecting previously unselected package initramfs-tools-core.
<13>May 14 15:24:39 in-target: Preparing to unpack .../4-initramfs-tools-core_0.148.3_all.deb ...
<13>May 14 15:24:39 in-target: Unpacking initramfs-tools-core (0.148.3) ...
<13>May 14 15:24:39 in-target: Selecting previously unselected package linux-base.
<13>May 14 15:24:39 in-target: Preparing to unpack .../5-linux-base_4.12_all.deb ...
<13>May 14 15:24:39 in-target: Unpacking linux-base (4.12) ...
<13>May 14 15:24:39 in-target: Selecting previously unselected package initramfs-tools.
<13>May 14 15:24:39 in-target: Preparing to unpack .../6-initramfs-tools_0.148.3_all.deb ...
<13>May 14 15:24:39 in-target: Unpacking initramfs-tools (0.148.3) ...
<13>May 14 15:24:39 in-target: Setting up linux-base (4.12) ...
<13>May 14 15:24:39 in-target: Setting up libklibc:amd64 (2.0.14-1) ...
<13>May 14 15:24:39 in-target: Setting up dracut-install (106-6) ...
<13>May 14 15:24:39 in-target: Setting up klibc-utils (2.0.14-1) ...
<13>May 14 15:24:39 in-target: No diversion 'diversion of /usr/share/initramfs-tools/hooks/klibc to /usr/share/initramfs-tools/hooks/klibc^i-t by klibc-utils', none removed.
<13>May 14 15:24:39 in-target: Setting up initramfs-tools-bin (0.148.3) ...
<13>May 14 15:24:39 in-target: Setting up initramfs-tools-core (0.148.3) ...
<13>May 14 15:24:39 in-target: Setting up initramfs-tools (0.148.3) ...
<13>May 14 15:24:39 in-target: update-initramfs: deferring update (trigger activated)
<13>May 14 15:24:39 in-target: Processing triggers for initramfs-tools (0.148.3) ...
<13>May 14 15:24:40 /bin/in-target: warning: /target/etc/mtab won't be updated since it is a symlink.
<13>May 14 15:24:40 in-target: Reading package lists...
<13>May 14 15:24:40 in-target: 
<13>May 14 15:24:40 in-target: Building dependency tree...
<13>May 14 15:24:40 in-target: 
<13>May 14 15:24:40 in-target: Reading state information...
<13>May 14 15:24:40 in-target: The following additional packages will be installed:
<13>May 14 15:24:40 in-target:   apparmor linux-image-6.12.63+deb13-amd64
<13>May 14 15:24:40 in-target: Suggested packages:
<13>May 14 15:24:40 in-target:   apparmor-profiles-extra apparmor-utils firmware-linux-free linux-doc-6.12
<13>May 14 15:24:40 in-target:   debian-kernel-handbook grub-pc | grub-efi-amd64 | extlinux
<13>May 14 15:24:40 in-target: The following NEW packages will be installed:
<13>May 14 15:24:40 in-target:   apparmor linux-image-6.12.63+deb13-amd64 linux-image-amd64
<13>May 14 15:24:40 in-target: 0 upgraded, 3 newly installed, 0 to remove and 0 not upgraded.
<13>May 14 15:24:40 in-target: Need to get 0 B/108 MB of archives.
<13>May 14 15:24:40 in-target: After this operation, 114 MB of additional disk space will be used.
<13>May 14 15:24:40 in-target: Get:1 cdrom://[Debian GNU/Linux 13.3.0 _Trixie_ - Official amd64 NETINST with firmware 20260110-10:59] trixie/main amd64 linux-image-6.12.63+deb13-amd64 amd64 6.12.63-1 [108 MB]
<13>May 14 15:24:59 in-target: Get:2 cdrom://[Debian GNU/Linux 13.3.0 _Trixie_ - Official amd64 NETINST with firmware 20260110-10:59] trixie/main amd64 apparmor amd64 4.1.0-1 [710 kB]
<13>May 14 15:24:59 in-target: Get:3 cdrom://[Debian GNU/Linux 13.3.0 _Trixie_ - Official amd64 NETINST with firmware 20260110-10:59] trixie/main amd64 linux-image-amd64 amd64 6.12.63-1 [1,476 B]
<13>May 14 15:24:59 in-target: Preconfiguring packages ...
<13>May 14 15:24:59 in-target: Selecting previously unselected package linux-image-6.12.63+deb13-amd64.
<13>May 14 15:24:59 in-target: (Reading database ... 
<13>May 14 15:24:59 in-target: (Reading database ... 5%(Reading database ... 10%(Reading database ... 15%(Reading database ... 20%(Reading database ... 25%(Reading database ... 30%(Reading database ... 35%(Reading database ... 40%(Reading database ... 45%(Reading database ... 50%(Reading database ... 55%(Reading database ... 60%(Reading database ... 65%
<13>May 14 15:24:59 in-target: (Reading database ... 70%
<13>May 14 15:24:59 in-target: (Reading database ... 75%
<13>May 14 15:24:59 in-target: (Reading database ... 80%
<13>May 14 15:24:59 in-target: (Reading database ... 85%
<13>May 14 15:24:59 in-target: (Reading database ... 90%
<13>May 14 15:24:59 in-target: (Reading database ... 95%
<13>May 14 15:24:59 in-target: (Reading database ... 100%(Reading database ... 8650 files and directories currently installed.)
<13>May 14 15:24:59 in-target: Preparing to unpack .../linux-image-6.12.63+deb13-amd64_6.12.63-1_amd64.deb ...
<13>May 14 15:24:59 in-target: Unpacking linux-image-6.12.63+deb13-amd64 (6.12.63-1) ...
<13>May 14 15:25:01 in-target: Selecting previously unselected package apparmor.
<13>May 14 15:25:01 in-target: Preparing to unpack .../apparmor_4.1.0-1_amd64.deb ...
<13>May 14 15:25:01 in-target: Unpacking apparmor (4.1.0-1) ...
<13>May 14 15:25:01 in-target: Selecting previously unselected package linux-image-amd64.
<13>May 14 15:25:01 in-target: Preparing to unpack .../linux-image-amd64_6.12.63-1_amd64.deb ...
<13>May 14 15:25:01 in-target: Unpacking linux-image-amd64 (6.12.63-1) ...
<13>May 14 15:25:01 in-target: Setting up linux-image-6.12.63+deb13-amd64 (6.12.63-1) ...
<13>May 14 15:25:06 in-target: I: /vmlinuz.old is now a symlink to boot/vmlinuz-6.12.63+deb13-amd64
<13>May 14 15:25:06 in-target: I: /initrd.img.old is now a symlink to boot/initrd.img-6.12.63+deb13-amd64
<13>May 14 15:25:06 in-target: I: /vmlinuz is now a symlink to boot/vmlinuz-6.12.63+deb13-amd64
<13>May 14 15:25:06 in-target: I: /initrd.img is now a symlink to boot/initrd.img-6.12.63+deb13-amd64
<13>May 14 15:25:06 in-target: /etc/kernel/postinst.d/initramfs-tools:
<13>May 14 15:25:06 in-target: update-initramfs: Generating /boot/initrd.img-6.12.63+deb13-amd64
<13>May 14 15:25:17 in-target: Setting up linux-image-amd64 (6.12.63-1) ...
<13>May 14 15:25:17 in-target: Setting up apparmor (4.1.0-1) ...
<13>May 14 15:25:18 in-target: Created symlink '/etc/systemd/system/sysinit.target.wants/apparmor.service' → '/usr/lib/systemd/system/apparmor.service'.
<13>May 14 15:25:18 base-installer: info: Installing queued packages into /target/.
<13>May 14 15:25:18 /bin/in-target: warning: /target/etc/mtab won't be updated since it is a symlink.
<13>May 14 15:25:18 in-target: Reading package lists...
<13>May 14 15:25:18 in-target: 
<13>May 14 15:25:18 in-target: Building dependency tree...
<13>May 14 15:25:18 in-target: 
<13>May 14 15:25:18 in-target: Reading state information...
<13>May 14 15:25:18 in-target: udev is already the newest version (257.9-1~deb13u1).
<13>May 14 15:25:18 in-target: 0 upgraded, 0 newly installed, 0 to remove and 0 not upgraded.
<13>May 14 15:25:18 /bin/in-target: warning: /target/etc/mtab won't be updated since it is a symlink.
<13>May 14 15:25:18 in-target: Reading package lists...
<13>May 14 15:25:18 in-target: 
<13>May 14 15:25:18 in-target: Building dependency tree...
<13>May 14 15:25:18 in-target: 
<13>May 14 15:25:18 in-target: Reading state information...
<13>May 14 15:25:18 in-target: The following additional packages will be installed:
<13>May 14 15:25:18 in-target:   libpci3 pci.ids
<13>May 14 15:25:18 in-target: Suggested packages:
<13>May 14 15:25:18 in-target:   bzip2 wget | curl | lynx
<13>May 14 15:25:18 in-target: The following NEW packages will be installed:
<13>May 14 15:25:18 in-target:   libpci3 pci.ids pciutils
<13>May 14 15:25:18 in-target: 0 upgraded, 3 newly installed, 0 to remove and 0 not upgraded.
<13>May 14 15:25:18 in-target: Need to get 0 B/473 kB of archives.
<13>May 14 15:25:18 in-target: After this operation, 1,964 kB of additional disk space will be used.
<13>May 14 15:25:18 in-target: Get:1 cdrom://[Debian GNU/Linux 13.3.0 _Trixie_ - Official amd64 NETINST with firmware 20260110-10:59] trixie/main amd64 pci.ids all 0.0~2025.06.09-1 [269 kB]
<13>May 14 15:25:18 in-target: Get:2 cdrom://[Debian GNU/Linux 13.3.0 _Trixie_ - Official amd64 NETINST with firmware 20260110-10:59] trixie/main amd64 libpci3 amd64 1:3.13.0-2 [75.6 kB]
<13>May 14 15:25:18 in-target: Get:3 cdrom://[Debian GNU/Linux 13.3.0 _Trixie_ - Official amd64 NETINST with firmware 20260110-10:59] trixie/main amd64 pciutils amd64 1:3.13.0-2 [129 kB]
<13>May 14 15:25:19 in-target: Selecting previously unselected package pci.ids.
<13>May 14 15:25:19 in-target: (Reading database ... 
<13>May 14 15:25:19 in-target: (Reading database ... 5%(Reading database ... 10%(Reading database ... 15%(Reading database ... 20%(Reading database ... 25%(Reading database ... 30%(Reading database ... 35%(Reading database ... 40%(Reading database ... 45%(Reading database ... 50%(Reading database ... 55%(Reading database ... 60%(Reading database ... 65%
<13>May 14 15:25:19 in-target: (Reading database ... 70%
<13>May 14 15:25:19 in-target: (Reading database ... 75%
<13>May 14 15:25:19 in-target: (Reading database ... 80%
<13>May 14 15:25:19 in-target: (Reading database ... 85%
<13>May 14 15:25:19 in-target: (Reading database ... 90%
<13>May 14 15:25:19 in-target: (Reading database ... 95%
<13>May 14 15:25:19 in-target: (Reading database ... 100%(Reading database ... 14268 files and directories currently installed.)
<13>May 14 15:25:19 in-target: Preparing to unpack .../pci.ids_0.0~2025.06.09-1_all.deb ...
<13>May 14 15:25:19 in-target: Unpacking pci.ids (0.0~2025.06.09-1) ...
<13>May 14 15:25:19 in-target: Selecting previously unselected package libpci3:amd64.
<13>May 14 15:25:19 in-target: Preparing to unpack .../libpci3_3.13.0-2_amd64.deb ...
<13>May 14 15:25:19 in-target: Unpacking libpci3:amd64 (1:3.13.0-2) ...
<13>May 14 15:25:19 in-target: Selecting previously unselected package pciutils.
<13>May 14 15:25:19 in-target: Preparing to unpack .../pciutils_3.13.0-2_amd64.deb ...
<13>May 14 15:25:19 in-target: Unpacking pciutils (1:3.13.0-2) ...
<13>May 14 15:25:19 in-target: Setting up pci.ids (0.0~2025.06.09-1) ...
<13>May 14 15:25:19 in-target: Setting up libpci3:amd64 (1:3.13.0-2) ...
<13>May 14 15:25:19 in-target: Setting up pciutils (1:3.13.0-2) ...
<13>May 14 15:25:19 in-target: Processing triggers for libc-bin (2.41-12+deb13u1) ...
<13>May 14 15:25:19 /bin/in-target: warning: /target/etc/mtab won't be updated since it is a symlink.
<13>May 14 15:25:19 in-target: Reading package lists...
<13>May 14 15:25:19 in-target: 
<13>May 14 15:25:19 in-target: Building dependency tree...
<13>May 14 15:25:19 in-target: 
<13>May 14 15:25:19 in-target: Reading state information...
<13>May 14 15:25:19 in-target: 
<13>May 14 15:25:19 in-target: The following additional packages will be installed:
<13>May 14 15:25:19 in-target:   libusb-1.0-0
<13>May 14 15:25:19 in-target: Suggested packages:
<13>May 14 15:25:19 in-target:   usbutils-py
<13>May 14 15:25:19 in-target: The following NEW packages will be installed:
<13>May 14 15:25:19 in-target:   libusb-1.0-0 usbutils
<13>May 14 15:25:19 in-target: 0 upgraded, 2 newly installed, 0 to remove and 0 not upgraded.
<13>May 14 15:25:19 in-target: Need to get 0 B/138 kB of archives.
<13>May 14 15:25:19 in-target: After this operation, 495 kB of additional disk space will be used.
<13>May 14 15:25:19 in-target: Get:1 cdrom://[Debian GNU/Linux 13.3.0 _Trixie_ - Official amd64 NETINST with firmware 20260110-10:59] trixie/main amd64 libusb-1.0-0 amd64 2:1.0.28-1 [59.6 kB]
<13>May 14 15:25:19 in-target: Get:2 cdrom://[Debian GNU/Linux 13.3.0 _Trixie_ - Official amd64 NETINST with firmware 20260110-10:59] trixie/main amd64 usbutils amd64 1:018-2 [78.9 kB]
<13>May 14 15:25:20 in-target: Selecting previously unselected package libusb-1.0-0:amd64.
<13>May 14 15:25:20 in-target: (Reading database ... 
<13>May 14 15:25:20 in-target: (Reading database ... 5%(Reading database ... 10%(Reading database ... 15%(Reading database ... 20%(Reading database ... 25%(Reading database ... 30%(Reading database ... 35%(Reading database ... 40%(Reading database ... 45%(Reading database ... 50%(Reading database ... 55%(Reading database ... 60%(Reading database ... 65%
<13>May 14 15:25:20 in-target: (Reading database ... 70%
<13>May 14 15:25:20 in-target: (Reading database ... 75%
<13>May 14 15:25:20 in-target: (Reading database ... 80%
<13>May 14 15:25:20 in-target: (Reading database ... 85%
<13>May 14 15:25:20 in-target: (Reading database ... 90%
<13>May 14 15:25:20 in-target: (Reading database ... 95%
<13>May 14 15:25:20 in-target: (Reading database ... 100%(Reading database ... 14294 files and directories currently installed.)
<13>May 14 15:25:20 in-target: Preparing to unpack .../libusb-1.0-0_1.0.28-1_amd64.deb ...
<13>May 14 15:25:20 in-target: Unpacking libusb-1.0-0:amd64 (2:1.0.28-1) ...
<13>May 14 15:25:20 in-target: Selecting previously unselected package usbutils.
<13>May 14 15:25:20 in-target: Preparing to unpack .../usbutils_018-2_amd64.deb ...
<13>May 14 15:25:20 in-target: Unpacking usbutils (1:018-2) ...
<13>May 14 15:25:20 in-target: Setting up libusb-1.0-0:amd64 (2:1.0.28-1) ...
<13>May 14 15:25:20 in-target: Setting up usbutils (1:018-2) ...
<13>May 14 15:25:20 in-target: Processing triggers for libc-bin (2.41-12+deb13u1) ...
<13>May 14 15:25:20 /bin/in-target: warning: /target/etc/mtab won't be updated since it is a symlink.
<13>May 14 15:25:20 in-target: Reading package lists...
<13>May 14 15:25:20 in-target: 
<13>May 14 15:25:20 in-target: Building dependency tree...
<13>May 14 15:25:20 in-target: 
<13>May 14 15:25:20 in-target: Reading state information...
<13>May 14 15:25:20 in-target: The following NEW packages will be installed:
<13>May 14 15:25:20 in-target:   eject
<13>May 14 15:25:20 in-target: 0 upgraded, 1 newly installed, 0 to remove and 0 not upgraded.
<13>May 14 15:25:20 in-target: Need to get 0 B/60.9 kB of archives.
<13>May 14 15:25:20 in-target: After this operation, 162 kB of additional disk space will be used.
<13>May 14 15:25:20 in-target: Get:1 cdrom://[Debian GNU/Linux 13.3.0 _Trixie_ - Official amd64 NETINST with firmware 20260110-10:59] trixie/main amd64 eject amd64 2.41-5 [60.9 kB]
<13>May 14 15:25:20 in-target: Selecting previously unselected package eject.
<13>May 14 15:25:20 in-target: (Reading database ... 
<13>May 14 15:25:20 in-target: (Reading database ... 5%(Reading database ... 10%(Reading database ... 15%(Reading database ... 20%(Reading database ... 25%(Reading database ... 30%(Reading database ... 35%(Reading database ... 40%(Reading database ... 45%(Reading database ... 50%(Reading database ... 55%(Reading database ... 60%(Reading database ... 65%
<13>May 14 15:25:20 in-target: (Reading database ... 70%
<13>May 14 15:25:20 in-target: (Reading database ... 75%
<13>May 14 15:25:20 in-target: (Reading database ... 80%
<13>May 14 15:25:20 in-target: (Reading database ... 85%
<13>May 14 15:25:20 in-target: (Reading database ... 90%
<13>May 14 15:25:20 in-target: (Reading database ... 95%
<13>May 14 15:25:20 in-target: (Reading database ... 100%(Reading database ... 14314 files and directories currently installed.)
<13>May 14 15:25:20 in-target: Preparing to unpack .../eject_2.41-5_amd64.deb ...
<13>May 14 15:25:20 in-target: Unpacking eject (2.41-5) ...
<13>May 14 15:25:20 in-target: Setting up eject (2.41-5) ...
<13>May 14 15:25:20 /bin/in-target: warning: /target/etc/mtab won't be updated since it is a symlink.
<13>May 14 15:25:21 in-target: Reading package lists...
<13>May 14 15:25:21 in-target: 
<13>May 14 15:25:21 in-target: Building dependency tree...
<13>May 14 15:25:21 in-target: 
<13>May 14 15:25:21 in-target: Reading state information...
<13>May 14 15:25:21 in-target: 
<13>May 14 15:25:21 in-target: The following NEW packages will be installed:
<13>May 14 15:25:21 in-target:   dosfstools
<13>May 14 15:25:21 in-target: 0 upgraded, 1 newly installed, 0 to remove and 0 not upgraded.
<13>May 14 15:25:21 in-target: Need to get 0 B/133 kB of archives.
<13>May 14 15:25:21 in-target: After this operation, 317 kB of additional disk space will be used.
<13>May 14 15:25:21 in-target: Get:1 cdrom://[Debian GNU/Linux 13.3.0 _Trixie_ - Official amd64 NETINST with firmware 20260110-10:59] trixie/main amd64 dosfstools amd64 4.2-1.2 [133 kB]
<13>May 14 15:25:21 in-target: Selecting previously unselected package dosfstools.
<13>May 14 15:25:21 in-target: (Reading database ... 
<13>May 14 15:25:21 in-target: (Reading database ... 5%(Reading database ... 10%(Reading database ... 15%(Reading database ... 20%(Reading database ... 25%(Reading database ... 30%(Reading database ... 35%(Reading database ... 40%(Reading database ... 45%(Reading database ... 50%(Reading database ... 55%(Reading database ... 60%(Reading database ... 65%
<13>May 14 15:25:21 in-target: (Reading database ... 70%
<13>May 14 15:25:21 in-target: (Reading database ... 75%
<13>May 14 15:25:21 in-target: (Reading database ... 80%
<13>May 14 15:25:21 in-target: (Reading database ... 85%
<13>May 14 15:25:21 in-target: (Reading database ... 90%
<13>May 14 15:25:21 in-target: (Reading database ... 95%
<13>May 14 15:25:21 in-target: (Reading database ... 100%(Reading database ... 14322 files and directories currently installed.)
<13>May 14 15:25:21 in-target: Preparing to unpack .../dosfstools_4.2-1.2_amd64.deb ...
<13>May 14 15:25:21 in-target: Unpacking dosfstools (4.2-1.2) ...
<13>May 14 15:25:21 in-target: Setting up dosfstools (4.2-1.2) ...
<13>May 14 15:25:21 /bin/in-target: warning: /target/etc/mtab won't be updated since it is a symlink.
<13>May 14 15:25:21 in-target: Reading package lists...
<13>May 14 15:25:21 in-target: 
<13>May 14 15:25:21 in-target: Building dependency tree...
<13>May 14 15:25:21 in-target: 
<13>May 14 15:25:21 in-target: Reading state information...
<13>May 14 15:25:21 in-target: e2fsprogs is already the newest version (1.47.2-3+b7).
<13>May 14 15:25:21 in-target: 0 upgraded, 0 newly installed, 0 to remove and 0 not upgraded.
<13>May 14 15:25:22 /bin/in-target: warning: /target/etc/mtab won't be updated since it is a symlink.
<13>May 14 15:25:22 in-target: Reading package lists...
<13>May 14 15:25:22 in-target: 
<13>May 14 15:25:22 in-target: Building dependency tree...
<13>May 14 15:25:22 in-target: 
<13>May 14 15:25:22 in-target: Reading state information...
<13>May 14 15:25:22 in-target: The following additional packages will be installed:
<13>May 14 15:25:22 in-target:   dmeventd dmsetup libaio1t64 libdevmapper-event1.02.1 libdevmapper1.02.1
<13>May 14 15:25:22 in-target:   liblvm2cmd2.03
<13>May 14 15:25:22 in-target: Recommended packages:
<13>May 14 15:25:22 in-target:   thin-provisioning-tools
<13>May 14 15:25:22 in-target: The following NEW packages will be installed:
<13>May 14 15:25:22 in-target:   dmeventd dmsetup libaio1t64 libdevmapper-event1.02.1 libdevmapper1.02.1
<13>May 14 15:25:22 in-target:   liblvm2cmd2.03 lvm2
<13>May 14 15:25:22 in-target: 0 upgraded, 7 newly installed, 0 to remove and 0 not upgraded.
<13>May 14 15:25:22 in-target: Need to get 0 B/2,380 kB of archives.
<13>May 14 15:25:22 in-target: After this operation, 8,289 kB of additional disk space will be used.
<13>May 14 15:25:22 in-target: Get:1 cdrom://[Debian GNU/Linux 13.3.0 _Trixie_ - Official amd64 NETINST with firmware 20260110-10:59] trixie/main amd64 dmsetup amd64 2:1.02.205-2 [82.3 kB]
<13>May 14 15:25:22 in-target: Get:2 cdrom://[Debian GNU/Linux 13.3.0 _Trixie_ - Official amd64 NETINST with firmware 20260110-10:59] trixie/main amd64 libdevmapper1.02.1 amd64 2:1.02.205-2 [135 kB]
<13>May 14 15:25:22 in-target: Get:3 cdrom://[Debian GNU/Linux 13.3.0 _Trixie_ - Official amd64 NETINST with firmware 20260110-10:59] trixie/main amd64 libdevmapper-event1.02.1 amd64 2:1.02.205-2 [13.6 kB]
<13>May 14 15:25:22 in-target: Get:4 cdrom://[Debian GNU/Linux 13.3.0 _Trixie_ - Official amd64 NETINST with firmware 20260110-10:59] trixie/main amd64 libaio1t64 amd64 0.3.113-8+b1 [14.9 kB]
<13>May 14 15:25:22 in-target: Get:5 cdrom://[Debian GNU/Linux 13.3.0 _Trixie_ - Official amd64 NETINST with firmware 20260110-10:59] trixie/main amd64 liblvm2cmd2.03 amd64 2.03.31-2 [785 kB]
<13>May 14 15:25:22 in-target: Get:6 cdrom://[Debian GNU/Linux 13.3.0 _Trixie_ - Official amd64 NETINST with firmware 20260110-10:59] trixie/main amd64 dmeventd amd64 2:1.02.205-2 [62.4 kB]
<13>May 14 15:25:22 in-target: Get:7 cdrom://[Debian GNU/Linux 13.3.0 _Trixie_ - Official amd64 NETINST with firmware 20260110-10:59] trixie/main amd64 lvm2 amd64 2.03.31-2 [1,287 kB]
<13>May 14 15:25:22 in-target: Selecting previously unselected package dmsetup.
<13>May 14 15:25:22 in-target: (Reading database ... 
<13>May 14 15:25:22 in-target: (Reading database ... 5%(Reading database ... 10%(Reading database ... 15%(Reading database ... 20%(Reading database ... 25%(Reading database ... 30%(Reading database ... 35%(Reading database ... 40%(Reading database ... 45%(Reading database ... 50%(Reading database ... 55%(Reading database ... 60%(Reading database ... 65%
<13>May 14 15:25:22 in-target: (Reading database ... 70%
<13>May 14 15:25:22 in-target: (Reading database ... 75%
<13>May 14 15:25:22 in-target: (Reading database ... 80%
<13>May 14 15:25:22 in-target: (Reading database ... 85%
<13>May 14 15:25:22 in-target: (Reading database ... 90%
<13>May 14 15:25:22 in-target: (Reading database ... 95%
<13>May 14 15:25:22 in-target: (Reading database ... 100%(Reading database ... 14356 files and directories currently installed.)
<13>May 14 15:25:22 in-target: Preparing to unpack .../0-dmsetup_1.02.205-2_amd64.deb ...
<13>May 14 15:25:22 in-target: Unpacking dmsetup (2:1.02.205-2) ...
<13>May 14 15:25:22 in-target: Selecting previously unselected package libdevmapper1.02.1:amd64.
<13>May 14 15:25:23 in-target: Preparing to unpack .../1-libdevmapper1.02.1_1.02.205-2_amd64.deb ...
<13>May 14 15:25:23 in-target: Unpacking libdevmapper1.02.1:amd64 (2:1.02.205-2) ...
<13>May 14 15:25:23 in-target: Selecting previously unselected package libdevmapper-event1.02.1:amd64.
<13>May 14 15:25:23 in-target: Preparing to unpack .../2-libdevmapper-event1.02.1_1.02.205-2_amd64.deb ...
<13>May 14 15:25:23 in-target: Unpacking libdevmapper-event1.02.1:amd64 (2:1.02.205-2) ...
<13>May 14 15:25:23 in-target: Selecting previously unselected package libaio1t64:amd64.
<13>May 14 15:25:23 in-target: Preparing to unpack .../3-libaio1t64_0.3.113-8+b1_amd64.deb ...
<13>May 14 15:25:23 in-target: Unpacking libaio1t64:amd64 (0.3.113-8+b1) ...
<13>May 14 15:25:23 in-target: Selecting previously unselected package liblvm2cmd2.03:amd64.
<13>May 14 15:25:23 in-target: Preparing to unpack .../4-liblvm2cmd2.03_2.03.31-2_amd64.deb ...
<13>May 14 15:25:23 in-target: Unpacking liblvm2cmd2.03:amd64 (2.03.31-2) ...
<13>May 14 15:25:23 in-target: Selecting previously unselected package dmeventd.
<13>May 14 15:25:23 in-target: Preparing to unpack .../5-dmeventd_1.02.205-2_amd64.deb ...
<13>May 14 15:25:23 in-target: Unpacking dmeventd (2:1.02.205-2) ...
<13>May 14 15:25:23 in-target: Selecting previously unselected package lvm2.
<13>May 14 15:25:23 in-target: Preparing to unpack .../6-lvm2_2.03.31-2_amd64.deb ...
<13>May 14 15:25:23 in-target: Unpacking lvm2 (2.03.31-2) ...
<13>May 14 15:25:23 in-target: Setting up libaio1t64:amd64 (0.3.113-8+b1) ...
<13>May 14 15:25:23 in-target: Setting up dmsetup (2:1.02.205-2) ...
<13>May 14 15:25:23 in-target: Setting up libdevmapper1.02.1:amd64 (2:1.02.205-2) ...
<13>May 14 15:25:23 in-target: Setting up libdevmapper-event1.02.1:amd64 (2:1.02.205-2) ...
<13>May 14 15:25:23 in-target: Setting up liblvm2cmd2.03:amd64 (2.03.31-2) ...
<13>May 14 15:25:23 in-target: Setting up dmeventd (2:1.02.205-2) ...
<13>May 14 15:25:23 in-target: Created symlink '/etc/systemd/system/sockets.target.wants/dm-event.socket' → '/usr/lib/systemd/system/dm-event.socket'.
<13>May 14 15:25:23 in-target: Setting up lvm2 (2.03.31-2) ...
<13>May 14 15:25:24 in-target: Created symlink '/etc/systemd/system/sysinit.target.wants/blk-availability.service' → '/usr/lib/systemd/system/blk-availability.service'.
<13>May 14 15:25:24 in-target: Created symlink '/etc/systemd/system/sysinit.target.wants/lvm2-monitor.service' → '/usr/lib/systemd/system/lvm2-monitor.service'.
<13>May 14 15:25:24 in-target: Created symlink '/etc/systemd/system/sysinit.target.wants/lvm2-lvmpolld.socket' → '/usr/lib/systemd/system/lvm2-lvmpolld.socket'.
<13>May 14 15:25:24 in-target: Processing triggers for initramfs-tools (0.148.3) ...
<13>May 14 15:25:24 in-target: update-initramfs: Generating /boot/initrd.img-6.12.63+deb13-amd64
<13>May 14 15:25:35 in-target: Processing triggers for libc-bin (2.41-12+deb13u1) ...
<13>May 14 15:25:35 /bin/in-target: warning: /target/etc/mtab won't be updated since it is a symlink.
<13>May 14 15:25:35 in-target: Reading package lists...
<13>May 14 15:25:35 in-target: 
<13>May 14 15:25:35 in-target: Building dependency tree...
<13>May 14 15:25:35 in-target: 
<13>May 14 15:25:35 in-target: Reading state information...
<13>May 14 15:25:35 in-target: 
<13>May 14 15:25:35 in-target: The following additional packages will be installed:
<13>May 14 15:25:35 in-target:   xkb-data
<13>May 14 15:25:35 in-target: The following NEW packages will be installed:
<13>May 14 15:25:35 in-target:   keyboard-configuration xkb-data
<13>May 14 15:25:35 in-target: 0 upgraded, 2 newly installed, 0 to remove and 0 not upgraded.
<13>May 14 15:25:35 in-target: Need to get 0 B/1,219 kB of archives.
<13>May 14 15:25:35 in-target: After this operation, 10.0 MB of additional disk space will be used.
<13>May 14 15:25:35 in-target: Get:1 cdrom://[Debian GNU/Linux 13.3.0 _Trixie_ - Official amd64 NETINST with firmware 20260110-10:59] trixie/main amd64 xkb-data all 2.42-1 [790 kB]
<13>May 14 15:25:35 in-target: Get:2 cdrom://[Debian GNU/Linux 13.3.0 _Trixie_ - Official amd64 NETINST with firmware 20260110-10:59] trixie/main amd64 keyboard-configuration all 1.242~deb13u1 [429 kB]
<13>May 14 15:25:36 in-target: Preconfiguring packages ...
<13>May 14 15:25:36 in-target: Selecting previously unselected package xkb-data.
<13>May 14 15:25:36 in-target: (Reading database ... 
<13>May 14 15:25:36 in-target: (Reading database ... 5%(Reading database ... 10%(Reading database ... 15%(Reading database ... 20%(Reading database ... 25%(Reading database ... 30%(Reading database ... 35%(Reading database ... 40%(Reading database ... 45%(Reading database ... 50%(Reading database ... 55%(Reading database ... 60%(Reading database ... 65%
<13>May 14 15:25:36 in-target: (Reading database ... 70%
<13>May 14 15:25:36 in-target: (Reading database ... 75%
<13>May 14 15:25:36 in-target: (Reading database ... 80%
<13>May 14 15:25:36 in-target: (Reading database ... 85%
<13>May 14 15:25:36 in-target: (Reading database ... 90%
<13>May 14 15:25:36 in-target: (Reading database ... 95%
<13>May 14 15:25:36 in-target: (Reading database ... 100%(Reading database ... 14553 files and directories currently installed.)
<13>May 14 15:25:36 in-target: Preparing to unpack .../xkb-data_2.42-1_all.deb ...
<13>May 14 15:25:36 in-target: Unpacking xkb-data (2.42-1) ...
<13>May 14 15:25:36 in-target: Selecting previously unselected package keyboard-configuration.
<13>May 14 15:25:36 in-target: Preparing to unpack .../keyboard-configuration_1.242~deb13u1_all.deb ...
<13>May 14 15:25:36 in-target: Unpacking keyboard-configuration (1.242~deb13u1) ...
<13>May 14 15:25:36 in-target: Setting up xkb-data (2.42-1) ...
<13>May 14 15:25:36 in-target: Setting up keyboard-configuration (1.242~deb13u1) ...
<13>May 14 15:25:37 /bin/in-target: warning: /target/etc/mtab won't be updated since it is a symlink.
<13>May 14 15:25:38 in-target: Reading package lists...
<13>May 14 15:25:38 in-target: 
<13>May 14 15:25:38 in-target: Building dependency tree...
<13>May 14 15:25:38 in-target: 
<13>May 14 15:25:38 in-target: Reading state information...
<13>May 14 15:25:38 in-target: 
<13>May 14 15:25:38 in-target: The following additional packages will be installed:
<13>May 14 15:25:38 in-target:   console-setup-linux kbd
<13>May 14 15:25:38 in-target: The following NEW packages will be installed:
<13>May 14 15:25:38 in-target:   console-setup console-setup-linux kbd
<13>May 14 15:25:38 in-target: 0 upgraded, 3 newly installed, 0 to remove and 0 not upgraded.
<13>May 14 15:25:38 in-target: Need to get 0 B/6,650 kB of archives.
<13>May 14 15:25:38 in-target: After this operation, 9,798 kB of additional disk space will be used.
<13>May 14 15:25:38 in-target: Get:1 cdrom://[Debian GNU/Linux 13.3.0 _Trixie_ - Official amd64 NETINST with firmware 20260110-10:59] trixie/main amd64 kbd amd64 2.7.1-2 [346 kB]
<13>May 14 15:25:38 in-target: Get:2 cdrom://[Debian GNU/Linux 13.3.0 _Trixie_ - Official amd64 NETINST with firmware 20260110-10:59] trixie/main amd64 console-setup-linux all 1.242~deb13u1 [6,207 kB]
<13>May 14 15:25:39 in-target: Get:3 cdrom://[Debian GNU/Linux 13.3.0 _Trixie_ - Official amd64 NETINST with firmware 20260110-10:59] trixie/main amd64 console-setup all 1.242~deb13u1 [97.5 kB]
<13>May 14 15:25:39 in-target: Preconfiguring packages ...
<13>May 14 15:25:39 in-target: Selecting previously unselected package kbd.
<13>May 14 15:25:39 in-target: (Reading database ... 
<13>May 14 15:25:39 in-target: (Reading database ... 5%(Reading database ... 10%(Reading database ... 15%(Reading database ... 20%(Reading database ... 25%(Reading database ... 30%(Reading database ... 35%(Reading database ... 40%(Reading database ... 45%(Reading database ... 50%(Reading database ... 55%(Reading database ... 60%(Reading database ... 65%
<13>May 14 15:25:39 in-target: (Reading database ... 70%
<13>May 14 15:25:39 in-target: (Reading database ... 75%
<13>May 14 15:25:39 in-target: (Reading database ... 80%
<13>May 14 15:25:39 in-target: (Reading database ... 85%
<13>May 14 15:25:39 in-target: (Reading database ... 90%
<13>May 14 15:25:39 in-target: (Reading database ... 95%
<13>May 14 15:25:39 in-target: (Reading database ... 100%(Reading database ... 14944 files and directories currently installed.)
<13>May 14 15:25:39 in-target: Preparing to unpack .../k/kbd/kbd_2.7.1-2_amd64.deb ...
<13>May 14 15:25:39 in-target: Unpacking kbd (2.7.1-2) ...
<13>May 14 15:25:39 in-target: Selecting previously unselected package console-setup-linux.
<13>May 14 15:25:39 in-target: Preparing to unpack .../console-setup-linux_1.242~deb13u1_all.deb ...
<13>May 14 15:25:39 in-target: Unpacking console-setup-linux (1.242~deb13u1) ...
<13>May 14 15:25:39 in-target: Selecting previously unselected package console-setup.
<13>May 14 15:25:39 in-target: Preparing to unpack .../console-setup_1.242~deb13u1_all.deb ...
<13>May 14 15:25:39 in-target: Unpacking console-setup (1.242~deb13u1) ...
<13>May 14 15:25:39 in-target: Setting up kbd (2.7.1-2) ...
<13>May 14 15:25:39 in-target: Setting up console-setup-linux (1.242~deb13u1) ...
<13>May 14 15:25:40 in-target: Created symlink '/etc/systemd/system/sysinit.target.wants/keyboard-setup.service' → '/usr/lib/systemd/system/keyboard-setup.service'.
<13>May 14 15:25:40 in-target: Created symlink '/etc/systemd/system/multi-user.target.wants/console-setup.service' → '/usr/lib/systemd/system/console-setup.service'.
<13>May 14 15:25:40 in-target: Setting up console-setup (1.242~deb13u1) ...
<13>May 14 15:25:41 depthcharge-tools-installer: Not installing to non-ChromeOS board.
<13>May 14 15:25:41 apt-setup: umount: can't unmount /target/media/cdrom0: Invalid argument
<13>May 14 15:25:42 /usr/lib/apt-setup/generators/40cdrom: warning: /target/etc/mtab won't be updated since it is a symlink.
<13>May 14 15:25:42 apt-setup: Using CD-ROM mount point /media/cdrom/
<13>May 14 15:25:42 apt-setup: Identifying... 
<13>May 14 15:25:42 apt-setup: [c3319ed21914fa33ae2db02772fc9638-2]
<13>May 14 15:25:42 apt-setup: Scanning disc for index files...
<13>May 14 15:25:44 apt-setup: Found 3 package indexes, 0 source indexes, 0 translation indexes and 0 signatures
<13>May 14 15:25:44 apt-setup: This disc is called: 
<13>May 14 15:25:44 apt-setup: 'Debian GNU/Linux 13.3.0 _Trixie_ - Official amd64 NETINST with firmware 20260110-10:59'
<13>May 14 15:25:44 apt-setup: Copying package lists...
<13>May 14 15:25:44 apt-setup: Reading Package Indexes... 0%Reading Package Indexes... 0%
<13>May 14 15:25:44 apt-setup: Reading Package Indexes... Done
<13>May 14 15:25:44 apt-setup: Writing new source list
<13>May 14 15:25:44 apt-setup: Source list entries for this disc are:
<13>May 14 15:25:44 apt-setup: deb cdrom:[Debian GNU/Linux 13.3.0 _Trixie_ - Official amd64 NETINST with firmware 20260110-10:59]/ trixie contrib main non-free-firmware
<13>May 14 15:25:44 apt-setup: Repeat this process for the rest of the CDs in your set.
<13>May 14 15:25:45 /usr/lib/apt-setup/generators/41cdset: warning: /target/etc/mtab won't be updated since it is a symlink.
<15>May 14 15:25:46 choose-mirror[38252]: DEBUG: command: wget --no-verbose http://deb.debian.org/debian/dists/trixie/Release -O - | grep -E '^(Suite|Codename|Architectures):'
<15>May 14 15:25:46 choose-mirror[38252]: DEBUG: command: wget --no-verbose http://deb.debian.org/debian/dists/stable/Release -O - | grep -E '^(Suite|Codename|Architectures):'
<14>May 14 15:25:46 choose-mirror[38252]: INFO: suite/codename set to: stable/trixie
<15>May 14 15:25:46 choose-mirror[38252]: DEBUG: command: wget --no-verbose http://deb.debian.org/debian/dists/trixie/main/binary-amd64/Release -O - | grep ^Architecture:
<13>May 14 15:25:46 /bin/in-target: warning: /target/etc/mtab won't be updated since it is a symlink.
<13>May 14 15:25:47 in-target: Get:1 http://deb.debian.org/debian trixie InRelease [140 kB]
<13>May 14 15:25:47 in-target: Get:2 http://deb.debian.org/debian trixie/main amd64 Packages [9,671 kB]
<13>May 14 15:25:47 in-target: Get:3 http://deb.debian.org/debian trixie/main Translation-en [6,484 kB]
<13>May 14 15:25:47 in-target: Get:4 http://deb.debian.org/debian trixie/non-free-firmware amd64 Packages [6,884 B]
<13>May 14 15:25:47 in-target: Get:5 http://deb.debian.org/debian trixie/non-free-firmware Translation-en [4,704 B]
<13>May 14 15:25:48 in-target: Fetched 16.3 MB in 1s (11.6 MB/s)
<13>May 14 15:25:48 in-target: Reading package lists...
<13>May 14 15:25:49 in-target: 
<13>May 14 15:25:49 /bin/in-target: warning: /target/etc/mtab won't be updated since it is a symlink.
<13>May 14 15:25:49 in-target: Hit:1 http://deb.debian.org/debian trixie InRelease
<13>May 14 15:25:49 in-target: Reading package lists...
<13>May 14 15:25:50 in-target: 
<13>May 14 15:25:50 /bin/in-target: warning: /target/etc/mtab won't be updated since it is a symlink.
<13>May 14 15:25:50 in-target: Hit:1 http://deb.debian.org/debian trixie InRelease
<13>May 14 15:25:51 in-target: Get:2 http://deb.debian.org/debian trixie/main Sources [10.5 MB]
<13>May 14 15:25:51 in-target: Get:3 http://deb.debian.org/debian trixie/non-free-firmware Sources [6,552 B]
<13>May 14 15:25:52 in-target: Fetched 10.5 MB in 1s (9,919 kB/s)
<13>May 14 15:25:52 in-target: Reading package lists...
<13>May 14 15:25:52 in-target: 
<13>May 14 15:25:52 /bin/in-target: warning: /target/etc/mtab won't be updated since it is a symlink.
<13>May 14 15:25:52 in-target: Get:1 http://security.debian.org/debian-security trixie-security InRelease [43.4 kB]
<13>May 14 15:25:52 in-target: Get:2 http://security.debian.org/debian-security trixie-security/main amd64 Packages [161 kB]
<13>May 14 15:25:52 in-target: Get:3 http://security.debian.org/debian-security trixie-security/main Translation-en [100 kB]
<13>May 14 15:25:52 in-target: Get:4 http://security.debian.org/debian-security trixie-security/non-free-firmware amd64 Packages [544 B]
<13>May 14 15:25:52 in-target: Get:5 http://security.debian.org/debian-security trixie-security/non-free-firmware Translation-en [352 B]
<13>May 14 15:25:52 in-target: Fetched 306 kB in 0s (2,730 kB/s)
<13>May 14 15:25:52 in-target: Reading package lists...
<13>May 14 15:25:52 in-target: 
<13>May 14 15:25:52 /bin/in-target: warning: /target/etc/mtab won't be updated since it is a symlink.
<13>May 14 15:25:53 in-target: Hit:1 http://security.debian.org/debian-security trixie-security InRelease
<13>May 14 15:25:53 in-target: Reading package lists...
<13>May 14 15:25:53 in-target: 
<13>May 14 15:25:53 /bin/in-target: warning: /target/etc/mtab won't be updated since it is a symlink.
<13>May 14 15:25:53 in-target: Hit:1 http://security.debian.org/debian-security trixie-security InRelease
<13>May 14 15:25:53 in-target: Get:2 http://security.debian.org/debian-security trixie-security/non-free-firmware Sources [696 B]
<13>May 14 15:25:53 in-target: Get:3 http://security.debian.org/debian-security trixie-security/main Sources [150 kB]
<13>May 14 15:25:53 in-target: Fetched 151 kB in 0s (1,457 kB/s)
<13>May 14 15:25:53 in-target: Reading package lists...
<13>May 14 15:25:53 in-target: 
<13>May 14 15:25:53 /bin/in-target: warning: /target/etc/mtab won't be updated since it is a symlink.
<13>May 14 15:25:54 in-target: Get:1 http://deb.debian.org/debian trixie-updates InRelease [47.3 kB]
<13>May 14 15:25:54 in-target: Get:2 http://deb.debian.org/debian trixie-updates/main amd64 Packages [5,412 B]
<13>May 14 15:25:54 in-target: Get:3 http://deb.debian.org/debian trixie-updates/main Translation-en [4,096 B]
<13>May 14 15:25:54 in-target: Fetched 56.8 kB in 0s (718 kB/s)
<13>May 14 15:25:54 in-target: Reading package lists...
<13>May 14 15:25:54 in-target: 
<13>May 14 15:25:54 /bin/in-target: warning: /target/etc/mtab won't be updated since it is a symlink.
<13>May 14 15:25:54 in-target: Hit:1 http://deb.debian.org/debian trixie-updates InRelease
<13>May 14 15:25:54 in-target: Reading package lists...
<13>May 14 15:25:54 in-target: 
<13>May 14 15:25:54 /bin/in-target: warning: /target/etc/mtab won't be updated since it is a symlink.
<13>May 14 15:25:55 in-target: Hit:1 http://deb.debian.org/debian trixie-updates InRelease
<13>May 14 15:25:55 in-target: Get:2 http://deb.debian.org/debian trixie-updates/main Sources [2,788 B]
<13>May 14 15:25:55 in-target: Fetched 2,788 B in 0s (39.3 kB/s)
<13>May 14 15:25:55 in-target: Reading package lists...
<13>May 14 15:25:55 in-target: 
<13>May 14 15:25:55 depthcharge-tools-installer: Not installing to non-ChromeOS board.
<13>May 14 15:25:56 net/hw-detect.hotplug: Detected hotpluggable network interface eno2np1
<13>May 14 15:25:56 net/hw-detect.hotplug: Detected hotpluggable network interface eno4np3
<13>May 14 15:25:56 net/hw-detect.hotplug: Detected hotpluggable network interface eno1np0
<13>May 14 15:25:56 net/hw-detect.hotplug: Detected hotpluggable network interface eno3np2
<13>May 14 15:25:56 net/hw-detect.hotplug: Detected hotpluggable network interface ens1f0
<13>May 14 15:25:56 net/hw-detect.hotplug: Detected hotpluggable network interface ens1f1
<13>May 14 15:25:56 net/hw-detect.hotplug: Detected hotpluggable network interface ens1f2
<13>May 14 15:25:56 net/hw-detect.hotplug: Detected hotpluggable network interface ens1f3
<13>May 14 15:25:56 net/hw-detect.hotplug: Detected hotpluggable network interface lo
<13>May 14 15:25:56 pkgsel: running pre-pkgsel hook scripts
<13>May 14 15:25:56 /bin/in-target: warning: /target/etc/mtab won't be updated since it is a symlink.
<13>May 14 15:25:56 in-target: Reading package lists...
<13>May 14 15:25:57 in-target: 
<13>May 14 15:25:57 in-target: Building dependency tree...
<13>May 14 15:25:57 in-target: 
<13>May 14 15:25:57 in-target: Reading state information...
<13>May 14 15:25:57 in-target: The following NEW packages will be installed:
<13>May 14 15:25:57 in-target:   laptop-detect
<13>May 14 15:25:58 in-target: 0 upgraded, 1 newly installed, 0 to remove and 23 not upgraded.
<13>May 14 15:25:58 in-target: Need to get 0 B/5,044 B of archives.
<13>May 14 15:25:58 in-target: After this operation, 18.4 kB of additional disk space will be used.
<13>May 14 15:25:58 in-target: Get:1 cdrom://[Debian GNU/Linux 13.3.0 _Trixie_ - Official amd64 NETINST with firmware 20260110-10:59] trixie/main amd64 laptop-detect all 0.16+nmu1 [5,044 B]
<13>May 14 15:25:58 in-target: Selecting previously unselected package laptop-detect.
<13>May 14 15:25:58 in-target: (Reading database ... 
<13>May 14 15:25:58 in-target: (Reading database ... 5%(Reading database ... 10%(Reading database ... 15%(Reading database ... 20%(Reading database ... 25%(Reading database ... 30%(Reading database ... 35%(Reading database ... 40%(Reading database ... 45%(Reading database ... 50%(Reading database ... 55%(Reading database ... 60%(Reading database ... 65%
<13>May 14 15:25:58 in-target: 
<13>May 14 15:25:58 in-target: (Reading database ... 70%
<13>May 14 15:25:58 in-target: (Reading database ... 75%
<13>May 14 15:25:58 in-target: (Reading database ... 80%
<13>May 14 15:25:58 in-target: (Reading database ... 85%
<13>May 14 15:25:58 in-target: (Reading database ... 90%
<13>May 14 15:25:58 in-target: (Reading database ... 95%
<13>May 14 15:25:58 in-target: (Reading database ... 100%(Reading database ... 15894 files and directories currently installed.)
<13>May 14 15:25:58 in-target: Preparing to unpack .../laptop-detect_0.16+nmu1_all.deb ...
<13>May 14 15:25:58 in-target: Unpacking laptop-detect (0.16+nmu1) ...
<13>May 14 15:25:58 in-target: Setting up laptop-detect (0.16+nmu1) ...
<13>May 14 15:25:59 /bin/in-target: warning: /target/etc/mtab won't be updated since it is a symlink.
<13>May 14 15:25:59 in-target: Selecting previously unselected package firmware-misc-nonfree.
<13>May 14 15:25:59 in-target: (Reading database ... 15899 files and directories currently installed.)
<13>May 14 15:25:59 in-target: Preparing to unpack .../firmware-misc-nonfree_20250410-2_all.deb ...
<13>May 14 15:25:59 in-target: Unpacking firmware-misc-nonfree (20250410-2) ...
<13>May 14 15:25:59 in-target: Setting up firmware-misc-nonfree (20250410-2) ...
<13>May 14 15:25:59 install-firmware: processing triggers (after 1 installations)
<13>May 14 15:25:59 /bin/in-target: warning: /target/etc/mtab won't be updated since it is a symlink.
<13>May 14 15:25:59 in-target: Processing triggers for initramfs-tools (0.148.3) ...
<13>May 14 15:25:59 in-target: update-initramfs: Generating /boot/initrd.img-6.12.63+deb13-amd64
<13>May 14 15:26:10 /bin/in-target: warning: /target/etc/mtab won't be updated since it is a symlink.
<13>May 14 15:26:10 in-target: Reading package lists...
<13>May 14 15:26:11 in-target: 
<13>May 14 15:26:11 in-target: Building dependency tree...
<13>May 14 15:26:11 in-target: 
<13>May 14 15:26:11 in-target: Reading state information...
<13>May 14 15:26:11 in-target: Recommended packages:
<13>May 14 15:26:11 in-target:   reportbug
<13>May 14 15:26:11 in-target: The following NEW packages will be installed:
<13>May 14 15:26:11 in-target:   installation-report
<13>May 14 15:26:11 in-target: 0 upgraded, 1 newly installed, 0 to remove and 23 not upgraded.
<13>May 14 15:26:11 in-target: Need to get 0 B/8,732 B of archives.
<13>May 14 15:26:11 in-target: After this operation, 34.8 kB of additional disk space will be used.
<13>May 14 15:26:11 in-target: Get:1 cdrom://[Debian GNU/Linux 13.3.0 _Trixie_ - Official amd64 NETINST with firmware 20260110-10:59] trixie/main amd64 installation-report all 2.97 [8,732 B]
<13>May 14 15:26:12 in-target: Selecting previously unselected package installation-report.
<13>May 14 15:26:12 in-target: (Reading database ... 
<13>May 14 15:26:12 in-target: (Reading database ... 5%
<13>May 14 15:26:12 in-target: (Reading database ... 10%(Reading database ... 15%
<13>May 14 15:26:12 in-target: (Reading database ... 20%
<13>May 14 15:26:12 in-target: (Reading database ... 25%(Reading database ... 30%
<13>May 14 15:26:12 in-target: (Reading database ... 
<13>May 14 15:26:12 in-target: 35%(Reading database ... 
<13>May 14 15:26:12 in-target: 40%
<13>May 14 15:26:12 in-target: (Reading database ... 45%(Reading database ... 50%
<13>May 14 15:26:12 in-target: (Reading database ... 55%(Reading database ... 60%(Reading database ... 
<13>May 14 15:26:12 in-target: 65%
<13>May 14 15:26:12 in-target: (Reading database ... 70%
<13>May 14 15:26:12 in-target: (Reading database ... 75%
<13>May 14 15:26:12 in-target: (Reading database ... 80%
<13>May 14 15:26:12 in-target: (Reading database ... 85%
<13>May 14 15:26:12 in-target: (Reading database ... 90%
<13>May 14 15:26:12 in-target: (Reading database ... 95%
<13>May 14 15:26:12 in-target: (Reading database ... 100%(Reading database ... 16270 files and directories currently installed.)
<13>May 14 15:26:12 in-target: Preparing to unpack .../installation-report_2.97_all.deb ...
<13>May 14 15:26:12 in-target: Unpacking installation-report (2.97) ...
<13>May 14 15:26:12 in-target: Setting up installation-report (2.97) ...
<13>May 14 15:26:12 /bin/in-target: warning: /target/etc/mtab won't be updated since it is a symlink.
<13>May 14 15:26:12 in-target: Reading package lists...
<13>May 14 15:26:12 in-target: 
<13>May 14 15:26:12 in-target: Building dependency tree...
<13>May 14 15:26:13 in-target: 
<13>May 14 15:26:13 in-target: Reading state information...
<13>May 14 15:26:13 in-target: Suggested packages:
<13>May 14 15:26:13 in-target:   anacron tor torsocks
<13>May 14 15:26:13 in-target: Recommended packages:
<13>May 14 15:26:13 in-target:   gpg default-mta | mail-transport-agent
<13>May 14 15:26:13 in-target: The following NEW packages will be installed:
<13>May 14 15:26:13 in-target:   popularity-contest
<13>May 14 15:26:13 in-target: 0 upgraded, 1 newly installed, 0 to remove and 23 not upgraded.
<13>May 14 15:26:13 in-target: Need to get 0 B/54.1 kB of archives.
<13>May 14 15:26:13 in-target: After this operation, 178 kB of additional disk space will be used.
<13>May 14 15:26:13 in-target: Get:1 cdrom://[Debian GNU/Linux 13.3.0 _Trixie_ - Official amd64 NETINST with firmware 20260110-10:59] trixie/main amd64 popularity-contest all 1.78 [54.1 kB]
<13>May 14 15:26:14 in-target: Preconfiguring packages ...
<13>May 14 15:26:14 in-target: Selecting previously unselected package popularity-contest.
<13>May 14 15:26:14 in-target: (Reading database ... 
<13>May 14 15:26:14 in-target: (Reading database ... 5%(Reading database ... 10%(Reading database ... 15%(Reading database ... 20%(Reading database ... 25%(Reading database ... 30%(Reading database ... 35%(Reading database ... 40%(Reading database ... 45%
<13>May 14 15:26:14 in-target: (Reading database ... 50%(Reading database ... 55%(Reading database ... 60%(Reading database ... 
<13>May 14 15:26:14 in-target: 65%
<13>May 14 15:26:14 in-target: (Reading database ... 70%
<13>May 14 15:26:14 in-target: (Reading database ... 75%
<13>May 14 15:26:14 in-target: (Reading database ... 80%
<13>May 14 15:26:14 in-target: (Reading database ... 85%
<13>May 14 15:26:14 in-target: (Reading database ... 90%
<13>May 14 15:26:14 in-target: (Reading database ... 95%
<13>May 14 15:26:14 in-target: (Reading database ... 100%(Reading database ... 16284 files and directories currently installed.)
<13>May 14 15:26:14 in-target: Preparing to unpack .../popularity-contest_1.78_all.deb ...
<13>May 14 15:26:14 in-target: Unpacking popularity-contest (1.78) ...
<13>May 14 15:26:14 in-target: Setting up popularity-contest (1.78) ...
<13>May 14 15:26:14 /bin/in-target: warning: /target/etc/mtab won't be updated since it is a symlink.
<13>May 14 15:26:14 in-target: (Reading database ... 16310 files and directories currently installed.)
<13>May 14 15:26:14 in-target: Removing popularity-contest (1.78) ...
<13>May 14 15:26:14 in-target: Purging configuration files for popularity-contest (1.78) ...
<13>May 14 15:26:15 pkgsel: starting tasksel
<13>May 14 15:26:15 /bin/in-target: warning: /target/etc/mtab won't be updated since it is a symlink.
<13>May 14 15:26:15 in-target: Reading package lists...
<13>May 14 15:26:15 in-target: 
<13>May 14 15:26:15 in-target: Building dependency tree...
<13>May 14 15:26:15 in-target: 
<13>May 14 15:26:15 in-target: Reading state information...
<13>May 14 15:26:15 in-target: The following additional packages will be installed:
<13>May 14 15:26:15 in-target:   tasksel-data
<13>May 14 15:26:15 in-target: The following NEW packages will be installed:
<13>May 14 15:26:15 in-target:   tasksel tasksel-data
<13>May 14 15:26:16 in-target: 0 upgraded, 2 newly installed, 0 to remove and 23 not upgraded.
<13>May 14 15:26:16 in-target: Need to get 0 B/69.9 kB of archives.
<13>May 14 15:26:16 in-target: After this operation, 572 kB of additional disk space will be used.
<13>May 14 15:26:16 in-target: Get:1 cdrom://[Debian GNU/Linux 13.3.0 _Trixie_ - Official amd64 NETINST with firmware 20260110-10:59] trixie/main amd64 tasksel-data all 3.81 [18.0 kB]
<13>May 14 15:26:16 in-target: Get:2 cdrom://[Debian GNU/Linux 13.3.0 _Trixie_ - Official amd64 NETINST with firmware 20260110-10:59] trixie/main amd64 tasksel all 3.81 [51.9 kB]
<13>May 14 15:26:16 in-target: Preconfiguring packages ...
<13>May 14 15:26:16 in-target: Selecting previously unselected package tasksel-data.
<13>May 14 15:26:16 in-target: (Reading database ... 
<13>May 14 15:26:16 in-target: (Reading database ... 5%(Reading database ... 10%(Reading database ... 15%(Reading database ... 20%(Reading database ... 25%(Reading database ... 30%(Reading database ... 35%
<13>May 14 15:26:16 in-target: (Reading database ... 40%(Reading database ... 45%(Reading database ... 50%(Reading database ... 
<13>May 14 15:26:16 in-target: 55%(Reading database ... 60%(Reading database ... 65%
<13>May 14 15:26:16 in-target: 
<13>May 14 15:26:16 in-target: (Reading database ... 70%
<13>May 14 15:26:16 in-target: (Reading database ... 75%
<13>May 14 15:26:16 in-target: (Reading database ... 80%
<13>May 14 15:26:16 in-target: (Reading database ... 85%
<13>May 14 15:26:16 in-target: (Reading database ... 90%
<13>May 14 15:26:16 in-target: (Reading database ... 95%
<13>May 14 15:26:16 in-target: (Reading database ... 100%
<13>May 14 15:26:16 in-target: (Reading database ... 16284 files and directories currently installed.)
<13>May 14 15:26:16 in-target: Preparing to unpack .../tasksel-data_3.81_all.deb ...
<13>May 14 15:26:16 in-target: Unpacking tasksel-data (3.81) ...
<13>May 14 15:26:16 in-target: Selecting previously unselected package tasksel.
<13>May 14 15:26:16 in-target: Preparing to unpack .../t/tasksel/tasksel_3.81_all.deb ...
<13>May 14 15:26:16 in-target: Unpacking tasksel (3.81) ...
<13>May 14 15:26:16 in-target: Setting up tasksel (3.81) ...
<13>May 14 15:26:16 in-target: Setting up tasksel-data (3.81) ...
<13>May 14 15:26:17 /bin/in-target: warning: /target/etc/mtab won't be updated since it is a symlink.
<13>May 14 15:26:20 in-target: Reading package lists...
<13>May 14 15:26:20 in-target: 
<13>May 14 15:26:20 in-target: Building dependency tree...
<13>May 14 15:26:20 in-target: 
<13>May 14 15:26:20 in-target: Reading state information...
<13>May 14 15:26:20 in-target: The following additional packages will be installed:
<13>May 14 15:26:20 in-target:   bind9-libs bsdextrautils dbus-bin dbus-daemon dbus-session-bus-common
<13>May 14 15:26:20 in-target:   dbus-system-bus-common dbus-user-session dictionaries-common
<13>May 14 15:26:20 in-target:   distro-info-data emacsen-common iamerican ibritish ienglish-common iso-codes
<13>May 14 15:26:20 in-target:   ispell libcbor0.10 libdbus-1-3 libexpat1 libffi8 libfido2-1 libfstrm0
<13>May 14 15:26:20 in-target:   libgdbm-compat4t64 libgdbm6t64 libgnutls30t64 libjemalloc2 libjson-c5
<13>May 14 15:26:20 in-target:   liblmdb0 liblsof0 libmagic-mgc libmagic1t64 libmaxminddb0 libnghttp2-14
<13>May 14 15:26:20 in-target:   libp11-kit0 libpam-wtmpdb libperl5.40 libpipeline1 libprotobuf-c1 libpsl5t64
<13>May 14 15:26:20 in-target:   libpython3-stdlib libpython3.13-minimal libpython3.13-stdlib libssl3t64
<13>May 14 15:26:20 in-target:   libtasn1-6 libuchardet0 liburcu8t64 libuv1t64 libwtmpdb0 libx11-6
<13>May 14 15:26:20 in-target:   libx11-data libxau6 libxcb1 libxdmcp6 libxext6 libxml2 libxmuu1 lsb-release
<13>May 14 15:26:20 in-target:   openssl openssl-provider-legacy perl-modules-5.40 publicsuffix
<13>May 14 15:26:20 in-target:   python-apt-common python3 python3-apt python3-certifi python3-chardet
<13>May 14 15:26:20 in-target:   python3-charset-normalizer python3-debconf python3-debian python3-debianbts
<13>May 14 15:26:20 in-target:   python3-idna python3-minimal python3-reportbug python3-requests
<13>May 14 15:26:20 in-target:   python3-urllib3 python3.13 python3.13-minimal util-linux-locales xauth
<13>May 14 15:26:20 in-target: Suggested packages:
<13>May 14 15:26:20 in-target:   default-mta | mail-transport-agent python3-gi www-browser
<13>May 14 15:26:20 in-target:   x-terminal-emulator bzip2-doc pdf-viewer postscript-viewer groff wbritish
<13>May 14 15:26:20 in-target:   isoquery spell gdbm-l10n gnutls-bin mmdb-bin libcryptsetup12 libtss2-rc0t64
<13>May 14 15:26:20 in-target:   keychain libpam-ssh monkeysphere ssh-askpass perl-doc
<13>May 14 15:26:20 in-target:   libterm-readline-gnu-perl | libterm-readline-perl-perl make
<13>May 14 15:26:20 in-target:   libtap-harness-archive-perl python3-doc python3-tk python3-venv
<13>May 14 15:26:20 in-target:   python-apt-doc python-charset-normalizer-doc gpgv python3-cryptography
<13>May 14 15:26:20 in-target:   python3-openssl python3-socks python-requests-doc python3-brotli
<13>May 14 15:26:20 in-target:   python3.13-venv python3.13-doc binutils binfmt-support claws-mail debsums
<13>May 14 15:26:20 in-target:   default-mta | postfix | exim4 | mail-transport-agent dlocate
<13>May 14 15:26:20 in-target:   emacs-bin-common gnupg | pgp python3-urwid reportbug-gtk xdg-utils
<13>May 14 15:26:20 in-target: The following NEW packages will be installed:
<13>May 14 15:26:20 in-target:   apt-listchanges bash-completion bind9-dnsutils bind9-host bind9-libs
<13>May 14 15:26:20 in-target:   bsdextrautils bzip2 ca-certificates dbus dbus-bin dbus-daemon
<13>May 14 15:26:20 in-target:   dbus-session-bus-common dbus-system-bus-common dbus-user-session debian-faq
<13>May 14 15:26:20 in-target:   dictionaries-common distro-info-data doc-debian emacsen-common file
<13>May 14 15:26:20 in-target:   gettext-base groff-base iamerican ibritish ienglish-common inetutils-telnet
<13>May 14 15:26:20 in-target:   iso-codes ispell krb5-locales libcbor0.10 libdbus-1-3 libexpat1 libffi8
<13>May 14 15:26:20 in-target:   libfido2-1 libfstrm0 libgdbm-compat4t64 libgdbm6t64 libgnutls30t64
<13>May 14 15:26:20 in-target:   libjemalloc2 libjson-c5 liblmdb0 liblockfile-bin liblsof0 libmagic-mgc
<13>May 14 15:26:20 in-target:   libmagic1t64 libmaxminddb0 libnghttp2-14 libnss-systemd libp11-kit0
<13>May 14 15:26:20 in-target:   libpam-systemd libpam-wtmpdb libperl5.40 libpipeline1 libprotobuf-c1
<13>May 14 15:26:20 in-target:   libpsl5t64 libpython3-stdlib libpython3.13-minimal libpython3.13-stdlib
<13>May 14 15:26:20 in-target:   libtasn1-6 libuchardet0 liburcu8t64 libuv1t64 libwtmpdb0 libx11-6
<13>May 14 15:26:20 in-target:   libx11-data libxau6 libxcb1 libxdmcp6 libxext6 libxml2 libxmuu1 lsb-release
<13>May 14 15:26:20 in-target:   lsof man-db manpages media-types ncurses-term netcat-traditional
<13>May 14 15:26:20 in-target:   openssh-client openssl perl perl-modules-5.40 publicsuffix python-apt-common
<13>May 14 15:26:20 in-target:   python3 python3-apt python3-certifi python3-chardet
<13>May 14 15:26:20 in-target:   python3-charset-normalizer python3-debconf python3-debian python3-debianbts
<13>May 14 15:26:20 in-target:   python3-idna python3-minimal python3-reportbug python3-requests
<13>May 14 15:26:20 in-target:   python3-urllib3 python3.13 python3.13-minimal reportbug systemd-timesyncd
<13>May 14 15:26:20 in-target:   task-english traceroute ucf util-linux-extra util-linux-locales wamerican
<13>May 14 15:26:20 in-target:   wget wtmpdb xauth xz-utils
<13>May 14 15:26:20 in-target: The following packages will be upgraded:
<13>May 14 15:26:20 in-target:   libssl3t64 openssl-provider-legacy
<13>May 14 15:26:20 in-target: 2 upgraded, 111 newly installed, 0 to remove and 21 not upgraded.
<13>May 14 15:26:20 in-target: Need to get 18.8 MB/45.4 MB of archives.
<13>May 14 15:26:20 in-target: After this operation, 189 MB of additional disk space will be used.
<13>May 14 15:26:20 in-target: Get:1 http://security.debian.org/debian-security trixie-security/main amd64 openssl-provider-legacy amd64 3.5.5-1~deb13u2 [311 kB]
<13>May 14 15:26:20 in-target: Get:2 http://deb.debian.org/debian trixie/main amd64 python3-debconf all 1.5.91 [4,236 B]
<13>May 14 15:26:20 in-target: Get:3 http://deb.debian.org/debian trixie/main amd64 apt-listchanges all 4.8 [155 kB]
<13>May 14 15:26:20 in-target: Get:4 http://security.debian.org/debian-security trixie-security/main amd64 libssl3t64 amd64 3.5.5-1~deb13u2 [2,445 kB]
<13>May 14 15:26:20 in-target: Get:5 http://deb.debian.org/debian trixie/main amd64 libfstrm0 amd64 0.6.1-1+b3 [21.9 kB]
<13>May 14 15:26:20 in-target: Get:6 http://deb.debian.org/debian trixie/main amd64 libjemalloc2 amd64 5.3.0-3 [274 kB]
<13>May 14 15:26:20 in-target: Get:7 http://deb.debian.org/debian trixie/main amd64 liblmdb0 amd64 0.9.31-1+b2 [45.2 kB]
<13>May 14 15:26:20 in-target: Get:8 http://deb.debian.org/debian trixie/main amd64 libmaxminddb0 amd64 1.12.2-1 [25.8 kB]
<13>May 14 15:26:20 in-target: Get:9 http://deb.debian.org/debian trixie/main amd64 libprotobuf-c1 amd64 1.5.1-1 [20.5 kB]
<13>May 14 15:26:20 in-target: Get:10 http://security.debian.org/debian-security trixie-security/main amd64 libnghttp2-14 amd64 1.64.0-1.1+deb13u1 [76.2 kB]
<13>May 14 15:26:20 in-target: Get:11 http://security.debian.org/debian-security trixie-security/main amd64 bind9-libs amd64 1:9.20.21-1~deb13u1 [1,243 kB]
<13>May 14 15:26:20 in-target: Get:12 http://deb.debian.org/debian trixie/main amd64 libuv1t64 amd64 1.50.0-2 [154 kB]
<13>May 14 15:26:20 in-target: Get:13 http://deb.debian.org/debian trixie/main amd64 debian-faq all 12.2 [499 kB]
<13>May 14 15:26:20 in-target: Get:14 http://security.debian.org/debian-security trixie-security/main amd64 bind9-host amd64 1:9.20.21-1~deb13u1 [55.6 kB]
<13>May 14 15:26:20 in-target: Get:15 http://security.debian.org/debian-security trixie-security/main amd64 bind9-dnsutils amd64 1:9.20.21-1~deb13u1 [166 kB]
<13>May 14 15:26:20 in-target: Get:16 http://security.debian.org/debian-security trixie-security/main amd64 openssl amd64 3.5.5-1~deb13u2 [1,500 kB]
<13>May 14 15:26:20 in-target: Get:17 http://security.debian.org/debian-security trixie-security/main amd64 inetutils-telnet amd64 2:2.6-3+deb13u3 [131 kB]
<13>May 14 15:26:20 in-target: Get:18 http://security.debian.org/debian-security trixie-security/main amd64 openssh-client amd64 1:10.0p1-7+deb13u2 [986 kB]
<13>May 14 15:26:20 in-target: Get:19 http://deb.debian.org/debian trixie/main amd64 doc-debian all 11.3+nmu1 [156 kB]
<13>May 14 15:26:20 in-target: Get:20 http://deb.debian.org/debian trixie/main amd64 libuchardet0 amd64 0.0.8-1+b2 [68.9 kB]
<13>May 14 15:26:20 in-target: Get:21 http://deb.debian.org/debian trixie/main amd64 groff-base amd64 1.23.0-9 [1,187 kB]
<13>May 14 15:26:20 in-target: Get:22 http://deb.debian.org/debian trixie/main amd64 libpam-wtmpdb amd64 0.73.0-3+deb13u1 [10.8 kB]
<13>May 14 15:26:20 in-target: Get:23 http://deb.debian.org/debian trixie/main amd64 liblsof0 amd64 4.99.4+dfsg-2 [134 kB]
<13>May 14 15:26:20 in-target: Get:24 http://deb.debian.org/debian trixie/main amd64 lsof amd64 4.99.4+dfsg-2 [316 kB]
<13>May 14 15:26:20 in-target: Get:25 http://deb.debian.org/debian trixie/main amd64 libpipeline1 amd64 1.5.8-1 [42.0 kB]
<13>May 14 15:26:20 in-target: Get:26 http://deb.debian.org/debian trixie/main amd64 man-db amd64 2.13.1-1 [1,469 kB]
<13>May 14 15:26:20 in-target: Get:27 http://deb.debian.org/debian trixie/main amd64 netcat-traditional amd64 1.10-50 [63.2 kB]
<13>May 14 15:26:20 in-target: Get:28 http://deb.debian.org/debian trixie/main amd64 python3-urllib3 all 2.3.0-3+deb13u1 [115 kB]
<13>May 14 15:26:20 in-target: Get:29 http://deb.debian.org/debian trixie/main amd64 python3-requests all 2.32.3+dfsg-5+deb13u1 [72.2 kB]
<13>May 14 15:26:20 in-target: Get:30 http://deb.debian.org/debian trixie/main amd64 traceroute amd64 1:2.1.6-1 [54.6 kB]
<13>May 14 15:26:20 in-target: Get:31 http://deb.debian.org/debian trixie/main amd64 util-linux-extra amd64 2.41-5 [300 kB]
<13>May 14 15:26:20 in-target: Get:32 http://deb.debian.org/debian trixie/main amd64 wamerican all 2020.12.07-4 [224 kB]
<13>May 14 15:26:20 in-target: Get:33 http://deb.debian.org/debian trixie/main amd64 libgnutls30t64 amd64 3.8.9-3+deb13u2 [1,468 kB]
<13>May 14 15:26:20 in-target: Get:34 http://deb.debian.org/debian trixie/main amd64 wtmpdb amd64 0.73.0-3+deb13u1 [21.8 kB]
<13>May 14 15:26:20 in-target: Get:35 http://deb.debian.org/debian trixie/main amd64 xz-utils amd64 5.8.1-1 [660 kB]
<13>May 14 15:26:20 in-target: Get:36 http://deb.debian.org/debian trixie/main amd64 emacsen-common all 3.0.8 [13.6 kB]
<13>May 14 15:26:20 in-target: Get:37 http://deb.debian.org/debian trixie/main amd64 dictionaries-common all 1.30.10 [174 kB]
<13>May 14 15:26:20 in-target: Get:38 http://deb.debian.org/debian trixie/main amd64 ispell amd64 3.4.06-1 [131 kB]
<13>May 14 15:26:20 in-target: Get:39 http://deb.debian.org/debian trixie/main amd64 ienglish-common all 3.4.06-1 [13.7 kB]
<13>May 14 15:26:20 in-target: Get:40 http://deb.debian.org/debian trixie/main amd64 iamerican all 3.4.06-1 [195 kB]
<13>May 14 15:26:20 in-target: Get:41 http://deb.debian.org/debian trixie/main amd64 ibritish all 3.4.06-1 [195 kB]
<13>May 14 15:26:20 in-target: Get:42 http://deb.debian.org/debian trixie/main amd64 task-english all 3.81 [952 B]
<13>May 14 15:26:20 in-target: Get:43 http://deb.debian.org/debian trixie/main amd64 util-linux-locales all 2.41-5 [3,629 kB]
<13>May 14 15:26:21 in-target: Get:44 cdrom://[Debian GNU/Linux 13.3.0 _Trixie_ - Official amd64 NETINST with firmware 20260110-10:59] trixie/main amd64 libdbus-1-3 amd64 1.16.2-2 [178 kB]
<13>May 14 15:26:21 in-target: Get:45 cdrom://[Debian GNU/Linux 13.3.0 _Trixie_ - Official amd64 NETINST with firmware 20260110-10:59] trixie/main amd64 dbus-bin amd64 1.16.2-2 [80.0 kB]
<13>May 14 15:26:21 in-target: Get:46 cdrom://[Debian GNU/Linux 13.3.0 _Trixie_ - Official amd64 NETINST with firmware 20260110-10:59] trixie/main amd64 dbus-session-bus-common all 1.16.2-2 [52.3 kB]
<13>May 14 15:26:21 in-target: Get:47 cdrom://[Debian GNU/Linux 13.3.0 _Trixie_ - Official amd64 NETINST with firmware 20260110-10:59] trixie/main amd64 libexpat1 amd64 2.7.1-2 [108 kB]
<13>May 14 15:26:21 in-target: Get:48 cdrom://[Debian GNU/Linux 13.3.0 _Trixie_ - Official amd64 NETINST with firmware 20260110-10:59] trixie/main amd64 dbus-daemon amd64 1.16.2-2 [159 kB]
<13>May 14 15:26:21 in-target: Get:49 cdrom://[Debian GNU/Linux 13.3.0 _Trixie_ - Official amd64 NETINST with firmware 20260110-10:59] trixie/main amd64 dbus-system-bus-common all 1.16.2-2 [53.5 kB]
<13>May 14 15:26:21 in-target: Get:50 cdrom://[Debian GNU/Linux 13.3.0 _Trixie_ - Official amd64 NETINST with firmware 20260110-10:59] trixie/main amd64 dbus amd64 1.16.2-2 [71.6 kB]
<13>May 14 15:26:21 in-target: Get:51 cdrom://[Debian GNU/Linux 13.3.0 _Trixie_ - Official amd64 NETINST with firmware 20260110-10:59] trixie/main amd64 libpython3.13-minimal amd64 3.13.5-2 [862 kB]
<13>May 14 15:26:21 in-target: Get:52 cdrom://[Debian GNU/Linux 13.3.0 _Trixie_ - Official amd64 NETINST with firmware 20260110-10:59] trixie/main amd64 python3.13-minimal amd64 3.13.5-2 [2,224 kB]
<13>May 14 15:26:22 in-target: Get:53 cdrom://[Debian GNU/Linux 13.3.0 _Trixie_ - Official amd64 NETINST with firmware 20260110-10:59] trixie/main amd64 python3-minimal amd64 3.13.5-1 [27.2 kB]
<13>May 14 15:26:22 in-target: Get:54 cdrom://[Debian GNU/Linux 13.3.0 _Trixie_ - Official amd64 NETINST with firmware 20260110-10:59] trixie/main amd64 media-types all 13.0.0 [29.3 kB]
<13>May 14 15:26:22 in-target: Get:55 cdrom://[Debian GNU/Linux 13.3.0 _Trixie_ - Official amd64 NETINST with firmware 20260110-10:59] trixie/main amd64 libffi8 amd64 3.4.8-2 [24.1 kB]
<13>May 14 15:26:22 in-target: Get:56 cdrom://[Debian GNU/Linux 13.3.0 _Trixie_ - Official amd64 NETINST with firmware 20260110-10:59] trixie/main amd64 libpython3.13-stdlib amd64 3.13.5-2 [1,956 kB]
<13>May 14 15:26:22 in-target: Get:57 cdrom://[Debian GNU/Linux 13.3.0 _Trixie_ - Official amd64 NETINST with firmware 20260110-10:59] trixie/main amd64 python3.13 amd64 3.13.5-2 [757 kB]
<13>May 14 15:26:22 in-target: Get:58 cdrom://[Debian GNU/Linux 13.3.0 _Trixie_ - Official amd64 NETINST with firmware 20260110-10:59] trixie/main amd64 libpython3-stdlib amd64 3.13.5-1 [10.2 kB]
<13>May 14 15:26:22 in-target: Get:59 cdrom://[Debian GNU/Linux 13.3.0 _Trixie_ - Official amd64 NETINST with firmware 20260110-10:59] trixie/main amd64 python3 amd64 3.13.5-1 [28.2 kB]
<13>May 14 15:26:22 in-target: Get:60 cdrom://[Debian GNU/Linux 13.3.0 _Trixie_ - Official amd64 NETINST with firmware 20260110-10:59] trixie/main amd64 python-apt-common all 3.0.0 [68.2 kB]
<13>May 14 15:26:22 in-target: Get:61 cdrom://[Debian GNU/Linux 13.3.0 _Trixie_ - Official amd64 NETINST with firmware 20260110-10:59] trixie/main amd64 distro-info-data all 0.66+deb13u1 [6,724 B]
<13>May 14 15:26:22 in-target: Get:62 cdrom://[Debian GNU/Linux 13.3.0 _Trixie_ - Official amd64 NETINST with firmware 20260110-10:59] trixie/main amd64 python3-apt amd64 3.0.0 [164 kB]
<13>May 14 15:26:22 in-target: Get:63 cdrom://[Debian GNU/Linux 13.3.0 _Trixie_ - Official amd64 NETINST with firmware 20260110-10:59] trixie/main amd64 ucf all 3.0052 [43.3 kB]
<13>May 14 15:26:22 in-target: Get:64 cdrom://[Debian GNU/Linux 13.3.0 _Trixie_ - Official amd64 NETINST with firmware 20260110-10:59] trixie/main amd64 bash-completion all 1:2.16.0-7 [319 kB]
<13>May 14 15:26:22 in-target: Get:65 cdrom://[Debian GNU/Linux 13.3.0 _Trixie_ - Official amd64 NETINST with firmware 20260110-10:59] trixie/main amd64 libjson-c5 amd64 0.18+ds-1 [46.0 kB]
<13>May 14 15:26:22 in-target: Get:66 cdrom://[Debian GNU/Linux 13.3.0 _Trixie_ - Official amd64 NETINST with firmware 20260110-10:59] trixie/main amd64 liburcu8t64 amd64 0.15.2-2 [76.3 kB]
<13>May 14 15:26:22 in-target: Get:67 cdrom://[Debian GNU/Linux 13.3.0 _Trixie_ - Official amd64 NETINST with firmware 20260110-10:59] trixie/main amd64 libxml2 amd64 2.12.7+dfsg+really2.9.14-2.1+deb13u2 [698 kB]
<13>May 14 15:26:22 in-target: Get:68 cdrom://[Debian GNU/Linux 13.3.0 _Trixie_ - Official amd64 NETINST with firmware 20260110-10:59] trixie/main amd64 bzip2 amd64 1.0.8-6 [40.5 kB]
<13>May 14 15:26:22 in-target: Get:69 cdrom://[Debian GNU/Linux 13.3.0 _Trixie_ - Official amd64 NETINST with firmware 20260110-10:59] trixie/main amd64 ca-certificates all 20250419 [162 kB]
<13>May 14 15:26:23 in-target: Get:70 cdrom://[Debian GNU/Linux 13.3.0 _Trixie_ - Official amd64 NETINST with firmware 20260110-10:59] trixie/main amd64 libmagic-mgc amd64 1:5.46-5 [338 kB]
<13>May 14 15:26:23 in-target: Get:71 cdrom://[Debian GNU/Linux 13.3.0 _Trixie_ - Official amd64 NETINST with firmware 20260110-10:59] trixie/main amd64 libmagic1t64 amd64 1:5.46-5 [109 kB]
<13>May 14 15:26:23 in-target: Get:72 cdrom://[Debian GNU/Linux 13.3.0 _Trixie_ - Official amd64 NETINST with firmware 20260110-10:59] trixie/main amd64 file amd64 1:5.46-5 [43.6 kB]
<13>May 14 15:26:23 in-target: Get:73 cdrom://[Debian GNU/Linux 13.3.0 _Trixie_ - Official amd64 NETINST with firmware 20260110-10:59] trixie/main amd64 gettext-base amd64 0.23.1-2 [243 kB]
<13>May 14 15:26:23 in-target: Get:74 cdrom://[Debian GNU/Linux 13.3.0 _Trixie_ - Official amd64 NETINST with firmware 20260110-10:59] trixie/main amd64 krb5-locales all 1.21.3-5 [101 kB]
<13>May 14 15:26:23 in-target: Get:75 cdrom://[Debian GNU/Linux 13.3.0 _Trixie_ - Official amd64 NETINST with firmware 20260110-10:59] trixie/main amd64 liblockfile-bin amd64 1.17-2 [15.8 kB]
<13>May 14 15:26:23 in-target: Get:76 cdrom://[Debian GNU/Linux 13.3.0 _Trixie_ - Official amd64 NETINST with firmware 20260110-10:59] trixie/main amd64 libnss-systemd amd64 257.9-1~deb13u1 [218 kB]
<13>May 14 15:26:23 in-target: Get:77 cdrom://[Debian GNU/Linux 13.3.0 _Trixie_ - Official amd64 NETINST with firmware 20260110-10:59] trixie/main amd64 libpam-systemd amd64 257.9-1~deb13u1 [297 kB]
<13>May 14 15:26:23 in-target: Get:78 cdrom://[Debian GNU/Linux 13.3.0 _Trixie_ - Official amd64 NETINST with firmware 20260110-10:59] trixie/main amd64 libwtmpdb0 amd64 0.73.0-3+deb13u1 [13.1 kB]
<13>May 14 15:26:23 in-target: Get:79 cdrom://[Debian GNU/Linux 13.3.0 _Trixie_ - Official amd64 NETINST with firmware 20260110-10:59] trixie/main amd64 bsdextrautils amd64 2.41-5 [94.6 kB]
<13>May 14 15:26:23 in-target: Get:80 cdrom://[Debian GNU/Linux 13.3.0 _Trixie_ - Official amd64 NETINST with firmware 20260110-10:59] trixie/main amd64 libgdbm6t64 amd64 1.24-2 [75.2 kB]
<13>May 14 15:26:23 in-target: Get:81 cdrom://[Debian GNU/Linux 13.3.0 _Trixie_ - Official amd64 NETINST with firmware 20260110-10:59] trixie/main amd64 manpages all 6.9.1-1 [1,393 kB]
<13>May 14 15:26:23 in-target: Get:82 cdrom://[Debian GNU/Linux 13.3.0 _Trixie_ - Official amd64 NETINST with firmware 20260110-10:59] trixie/main amd64 ncurses-term all 6.5+20250216-2 [518 kB]
<13>May 14 15:26:23 in-target: Get:83 cdrom://[Debian GNU/Linux 13.3.0 _Trixie_ - Official amd64 NETINST with firmware 20260110-10:59] trixie/main amd64 libcbor0.10 amd64 0.10.2-2 [28.3 kB]
<13>May 14 15:26:23 in-target: Get:84 cdrom://[Debian GNU/Linux 13.3.0 _Trixie_ - Official amd64 NETINST with firmware 20260110-10:59] trixie/main amd64 libfido2-1 amd64 1.15.0-1+b1 [78.7 kB]
<13>May 14 15:26:23 in-target: Get:85 cdrom://[Debian GNU/Linux 13.3.0 _Trixie_ - Official amd64 NETINST with firmware 20260110-10:59] trixie/main amd64 perl-modules-5.40 all 5.40.1-6 [3,019 kB]
<13>May 14 15:26:24 in-target: Get:86 cdrom://[Debian GNU/Linux 13.3.0 _Trixie_ - Official amd64 NETINST with firmware 20260110-10:59] trixie/main amd64 libgdbm-compat4t64 amd64 1.24-2 [50.3 kB]
<13>May 14 15:26:24 in-target: Get:87 cdrom://[Debian GNU/Linux 13.3.0 _Trixie_ - Official amd64 NETINST with firmware 20260110-10:59] trixie/main amd64 libperl5.40 amd64 5.40.1-6 [4,341 kB]
<13>May 14 15:26:24 in-target: Get:88 cdrom://[Debian GNU/Linux 13.3.0 _Trixie_ - Official amd64 NETINST with firmware 20260110-10:59] trixie/main amd64 perl amd64 5.40.1-6 [267 kB]
<13>May 14 15:26:24 in-target: Get:89 cdrom://[Debian GNU/Linux 13.3.0 _Trixie_ - Official amd64 NETINST with firmware 20260110-10:59] trixie/main amd64 python3-charset-normalizer amd64 3.4.2-1 [128 kB]
<13>May 14 15:26:24 in-target: Get:90 cdrom://[Debian GNU/Linux 13.3.0 _Trixie_ - Official amd64 NETINST with firmware 20260110-10:59] trixie/main amd64 python3-debian all 1.0.1 [120 kB]
<13>May 14 15:26:25 in-target: Get:91 cdrom://[Debian GNU/Linux 13.3.0 _Trixie_ - Official amd64 NETINST with firmware 20260110-10:59] trixie/main amd64 python3-debianbts all 4.1.1 [12.4 kB]
<13>May 14 15:26:25 in-target: Get:92 cdrom://[Debian GNU/Linux 13.3.0 _Trixie_ - Official amd64 NETINST with firmware 20260110-10:59] trixie/main amd64 python3-certifi all 2025.1.31+ds-1 [9,652 B]
<13>May 14 15:26:25 in-target: Get:93 cdrom://[Debian GNU/Linux 13.3.0 _Trixie_ - Official amd64 NETINST with firmware 20260110-10:59] trixie/main amd64 python3-idna all 3.10-1 [42.0 kB]
<13>May 14 15:26:25 in-target: Get:94 cdrom://[Debian GNU/Linux 13.3.0 _Trixie_ - Official amd64 NETINST with firmware 20260110-10:59] trixie/main amd64 python3-chardet all 5.2.0+dfsg-2 [108 kB]
<13>May 14 15:26:25 in-target: Get:95 cdrom://[Debian GNU/Linux 13.3.0 _Trixie_ - Official amd64 NETINST with firmware 20260110-10:59] trixie/main amd64 python3-reportbug all 13.2.0 [82.7 kB]
<13>May 14 15:26:25 in-target: Get:96 cdrom://[Debian GNU/Linux 13.3.0 _Trixie_ - Official amd64 NETINST with firmware 20260110-10:59] trixie/main amd64 reportbug all 13.2.0 [64.6 kB]
<13>May 14 15:26:25 in-target: Get:97 cdrom://[Debian GNU/Linux 13.3.0 _Trixie_ - Official amd64 NETINST with firmware 20260110-10:59] trixie/main amd64 systemd-timesyncd amd64 257.9-1~deb13u1 [93.0 kB]
<13>May 14 15:26:25 in-target: Get:98 cdrom://[Debian GNU/Linux 13.3.0 _Trixie_ - Official amd64 NETINST with firmware 20260110-10:59] trixie/main amd64 libp11-kit0 amd64 0.25.5-3 [425 kB]
<13>May 14 15:26:25 in-target: Get:99 cdrom://[Debian GNU/Linux 13.3.0 _Trixie_ - Official amd64 NETINST with firmware 20260110-10:59] trixie/main amd64 libtasn1-6 amd64 4.20.0-2 [49.9 kB]
<13>May 14 15:26:25 in-target: Get:100 cdrom://[Debian GNU/Linux 13.3.0 _Trixie_ - Official amd64 NETINST with firmware 20260110-10:59] trixie/main amd64 libpsl5t64 amd64 0.21.2-1.1+b1 [57.2 kB]
<13>May 14 15:26:25 in-target: Get:101 cdrom://[Debian GNU/Linux 13.3.0 _Trixie_ - Official amd64 NETINST with firmware 20260110-10:59] trixie/main amd64 wget amd64 1.25.0-2 [984 kB]
<13>May 14 15:26:25 in-target: Get:102 cdrom://[Debian GNU/Linux 13.3.0 _Trixie_ - Official amd64 NETINST with firmware 20260110-10:59] trixie/main amd64 dbus-user-session amd64 1.16.2-2 [52.1 kB]
<13>May 14 15:26:25 in-target: Get:103 cdrom://[Debian GNU/Linux 13.3.0 _Trixie_ - Official amd64 NETINST with firmware 20260110-10:59] trixie/main amd64 iso-codes all 4.18.0-1 [3,125 kB]
<13>May 14 15:26:26 in-target: Get:104 cdrom://[Debian GNU/Linux 13.3.0 _Trixie_ - Official amd64 NETINST with firmware 20260110-10:59] trixie/main amd64 libxau6 amd64 1:1.0.11-1 [20.4 kB]
<13>May 14 15:26:26 in-target: Get:105 cdrom://[Debian GNU/Linux 13.3.0 _Trixie_ - Official amd64 NETINST with firmware 20260110-10:59] trixie/main amd64 libxdmcp6 amd64 1:1.1.5-1 [27.8 kB]
<13>May 14 15:26:26 in-target: Get:106 cdrom://[Debian GNU/Linux 13.3.0 _Trixie_ - Official amd64 NETINST with firmware 20260110-10:59] trixie/main amd64 libxcb1 amd64 1.17.0-2+b1 [144 kB]
<13>May 14 15:26:26 in-target: Get:107 cdrom://[Debian GNU/Linux 13.3.0 _Trixie_ - Official amd64 NETINST with firmware 20260110-10:59] trixie/main amd64 libx11-data all 2:1.8.12-1 [343 kB]
<13>May 14 15:26:26 in-target: Get:108 cdrom://[Debian GNU/Linux 13.3.0 _Trixie_ - Official amd64 NETINST with firmware 20260110-10:59] trixie/main amd64 libx11-6 amd64 2:1.8.12-1 [815 kB]
<13>May 14 15:26:26 in-target: Get:109 cdrom://[Debian GNU/Linux 13.3.0 _Trixie_ - Official amd64 NETINST with firmware 20260110-10:59] trixie/main amd64 libxext6 amd64 2:1.3.4-1+b3 [50.4 kB]
<13>May 14 15:26:26 in-target: Get:110 cdrom://[Debian GNU/Linux 13.3.0 _Trixie_ - Official amd64 NETINST with firmware 20260110-10:59] trixie/main amd64 libxmuu1 amd64 2:1.1.3-3+b4 [21.9 kB]
<13>May 14 15:26:26 in-target: Get:111 cdrom://[Debian GNU/Linux 13.3.0 _Trixie_ - Official amd64 NETINST with firmware 20260110-10:59] trixie/main amd64 lsb-release all 12.1-1 [5,912 B]
<13>May 14 15:26:26 in-target: Get:112 cdrom://[Debian GNU/Linux 13.3.0 _Trixie_ - Official amd64 NETINST with firmware 20260110-10:59] trixie/main amd64 publicsuffix all 20250328.1952-0.1 [296 kB]
<13>May 14 15:26:26 in-target: Get:113 cdrom://[Debian GNU/Linux 13.3.0 _Trixie_ - Official amd64 NETINST with firmware 20260110-10:59] trixie/main amd64 xauth amd64 1:1.1.2-1.1 [35.9 kB]
<13>May 14 15:26:27 in-target: Preconfiguring packages ...
<13>May 14 15:26:27 in-target: Deferring configuration of apt-listchanges until /usr/bin/python3
<13>May 14 15:26:27 in-target: and python's debconf module are available
<13>May 14 15:26:27 in-target: Fetched 18.8 MB in 6s (3,301 kB/s)
<13>May 14 15:26:27 in-target: Selecting previously unselected package libdbus-1-3:amd64.
<13>May 14 15:26:27 in-target: (Reading database ... 
<13>May 14 15:26:27 in-target: (Reading database ... 5%(Reading database ... 10%(Reading database ... 15%(Reading database ... 20%(Reading database ... 25%(Reading database ... 30%(Reading database ... 35%(Reading database ... 40%(Reading database ... 45%(Reading database ... 50%(Reading database ... 55%(Reading database ... 60%(Reading database ... 65%
<13>May 14 15:26:27 in-target: (Reading database ... 70%
<13>May 14 15:26:27 in-target: (Reading database ... 75%
<13>May 14 15:26:27 in-target: (Reading database ... 80%
<13>May 14 15:26:27 in-target: (Reading database ... 85%
<13>May 14 15:26:27 in-target: (Reading database ... 90%
<13>May 14 15:26:27 in-target: (Reading database ... 95%
<13>May 14 15:26:27 in-target: (Reading database ... 100%(Reading database ... 16425 files and directories currently installed.)
<13>May 14 15:26:27 in-target: Preparing to unpack .../0-libdbus-1-3_1.16.2-2_amd64.deb ...
<13>May 14 15:26:27 in-target: Unpacking libdbus-1-3:amd64 (1.16.2-2) ...
<13>May 14 15:26:27 in-target: Selecting previously unselected package dbus-bin.
<13>May 14 15:26:27 in-target: Preparing to unpack .../1-dbus-bin_1.16.2-2_amd64.deb ...
<13>May 14 15:26:27 in-target: Unpacking dbus-bin (1.16.2-2) ...
<13>May 14 15:26:27 in-target: Selecting previously unselected package dbus-session-bus-common.
<13>May 14 15:26:27 in-target: Preparing to unpack .../2-dbus-session-bus-common_1.16.2-2_all.deb ...
<13>May 14 15:26:27 in-target: Unpacking dbus-session-bus-common (1.16.2-2) ...
<13>May 14 15:26:27 in-target: Selecting previously unselected package libexpat1:amd64.
<13>May 14 15:26:27 in-target: Preparing to unpack .../3-libexpat1_2.7.1-2_amd64.deb ...
<13>May 14 15:26:27 in-target: Unpacking libexpat1:amd64 (2.7.1-2) ...
<13>May 14 15:26:27 in-target: Selecting previously unselected package dbus-daemon.
<13>May 14 15:26:27 in-target: Preparing to unpack .../4-dbus-daemon_1.16.2-2_amd64.deb ...
<13>May 14 15:26:27 in-target: Unpacking dbus-daemon (1.16.2-2) ...
<13>May 14 15:26:27 in-target: Selecting previously unselected package dbus-system-bus-common.
<13>May 14 15:26:27 in-target: Preparing to unpack .../5-dbus-system-bus-common_1.16.2-2_all.deb ...
<13>May 14 15:26:27 in-target: Unpacking dbus-system-bus-common (1.16.2-2) ...
<13>May 14 15:26:27 in-target: Selecting previously unselected package dbus.
<13>May 14 15:26:27 in-target: Preparing to unpack .../6-dbus_1.16.2-2_amd64.deb ...
<13>May 14 15:26:27 in-target: Unpacking dbus (1.16.2-2) ...
<13>May 14 15:26:27 in-target: Preparing to unpack .../7-openssl-provider-legacy_3.5.5-1~deb13u2_amd64.deb ...
<13>May 14 15:26:27 in-target: Unpacking openssl-provider-legacy (3.5.5-1~deb13u2) over (3.5.4-1~deb13u1) ...
<13>May 14 15:26:27 in-target: Setting up openssl-provider-legacy (3.5.5-1~deb13u2) ...
<13>May 14 15:26:27 in-target: (Reading database ... 
<13>May 14 15:26:27 in-target: (Reading database ... 5%(Reading database ... 10%(Reading database ... 15%(Reading database ... 20%(Reading database ... 25%(Reading database ... 30%(Reading database ... 35%(Reading database ... 40%(Reading database ... 45%(Reading database ... 50%(Reading database ... 55%(Reading database ... 60%
<13>May 14 15:26:27 in-target: (Reading database ... 65%
<13>May 14 15:26:27 in-target: (Reading database ... 70%
<13>May 14 15:26:27 in-target: (Reading database ... 75%
<13>May 14 15:26:27 in-target: (Reading database ... 80%
<13>May 14 15:26:27 in-target: (Reading database ... 85%
<13>May 14 15:26:27 in-target: (Reading database ... 90%
<13>May 14 15:26:27 in-target: (Reading database ... 95%
<13>May 14 15:26:27 in-target: (Reading database ... 100%(Reading database ... 16508 files and directories currently installed.)
<13>May 14 15:26:27 in-target: Preparing to unpack .../libssl3t64_3.5.5-1~deb13u2_amd64.deb ...
<13>May 14 15:26:27 in-target: Unpacking libssl3t64:amd64 (3.5.5-1~deb13u2) over (3.5.4-1~deb13u1) ...
<13>May 14 15:26:28 in-target: Setting up libssl3t64:amd64 (3.5.5-1~deb13u2) ...
<13>May 14 15:26:28 in-target: Selecting previously unselected package libpython3.13-minimal:amd64.
<13>May 14 15:26:28 in-target: (Reading database ... 
<13>May 14 15:26:28 in-target: (Reading database ... 5%(Reading database ... 10%(Reading database ... 15%(Reading database ... 20%(Reading database ... 25%(Reading database ... 30%(Reading database ... 35%(Reading database ... 40%(Reading database ... 45%(Reading database ... 50%(Reading database ... 55%(Reading database ... 60%(Reading database ... 65%
<13>May 14 15:26:28 in-target: (Reading database ... 70%
<13>May 14 15:26:28 in-target: (Reading database ... 75%
<13>May 14 15:26:28 in-target: (Reading database ... 80%
<13>May 14 15:26:28 in-target: (Reading database ... 85%
<13>May 14 15:26:28 in-target: (Reading database ... 90%
<13>May 14 15:26:28 in-target: (Reading database ... 95%
<13>May 14 15:26:28 in-target: (Reading database ... 100%(Reading database ... 16508 files and directories currently installed.)
<13>May 14 15:26:28 in-target: Preparing to unpack .../libpython3.13-minimal_3.13.5-2_amd64.deb ...
<13>May 14 15:26:28 in-target: Unpacking libpython3.13-minimal:amd64 (3.13.5-2) ...
<13>May 14 15:26:28 in-target: Selecting previously unselected package python3.13-minimal.
<13>May 14 15:26:28 in-target: Preparing to unpack .../python3.13-minimal_3.13.5-2_amd64.deb ...
<13>May 14 15:26:28 in-target: Unpacking python3.13-minimal (3.13.5-2) ...
<13>May 14 15:26:28 in-target: Setting up libpython3.13-minimal:amd64 (3.13.5-2) ...
<13>May 14 15:26:28 in-target: Setting up libexpat1:amd64 (2.7.1-2) ...
<13>May 14 15:26:28 in-target: Setting up python3.13-minimal (3.13.5-2) ...
<13>May 14 15:26:29 in-target: Selecting previously unselected package python3-minimal.
<13>May 14 15:26:29 in-target: (Reading database ... 
<13>May 14 15:26:29 in-target: (Reading database ... 5%(Reading database ... 10%(Reading database ... 15%(Reading database ... 20%(Reading database ... 25%(Reading database ... 30%(Reading database ... 35%(Reading database ... 40%(Reading database ... 45%(Reading database ... 50%(Reading database ... 55%(Reading database ... 60%
<13>May 14 15:26:29 in-target: (Reading database ... 65%
<13>May 14 15:26:29 in-target: (Reading database ... 70%
<13>May 14 15:26:29 in-target: (Reading database ... 75%
<13>May 14 15:26:29 in-target: (Reading database ... 80%
<13>May 14 15:26:29 in-target: (Reading database ... 85%
<13>May 14 15:26:29 in-target: (Reading database ... 90%
<13>May 14 15:26:29 in-target: (Reading database ... 95%
<13>May 14 15:26:29 in-target: (Reading database ... 100%(Reading database ... 16832 files and directories currently installed.)
<13>May 14 15:26:29 in-target: Preparing to unpack .../0-python3-minimal_3.13.5-1_amd64.deb ...
<13>May 14 15:26:29 in-target: Unpacking python3-minimal (3.13.5-1) ...
<13>May 14 15:26:29 in-target: Selecting previously unselected package media-types.
<13>May 14 15:26:29 in-target: Preparing to unpack .../1-media-types_13.0.0_all.deb ...
<13>May 14 15:26:29 in-target: Unpacking media-types (13.0.0) ...
<13>May 14 15:26:29 in-target: Selecting previously unselected package libffi8:amd64.
<13>May 14 15:26:29 in-target: Preparing to unpack .../2-libffi8_3.4.8-2_amd64.deb ...
<13>May 14 15:26:29 in-target: Unpacking libffi8:amd64 (3.4.8-2) ...
<13>May 14 15:26:29 in-target: Selecting previously unselected package libpython3.13-stdlib:amd64.
<13>May 14 15:26:29 in-target: Preparing to unpack .../3-libpython3.13-stdlib_3.13.5-2_amd64.deb ...
<13>May 14 15:26:29 in-target: Unpacking libpython3.13-stdlib:amd64 (3.13.5-2) ...
<13>May 14 15:26:29 in-target: Selecting previously unselected package python3.13.
<13>May 14 15:26:29 in-target: Preparing to unpack .../4-python3.13_3.13.5-2_amd64.deb ...
<13>May 14 15:26:29 in-target: Unpacking python3.13 (3.13.5-2) ...
<13>May 14 15:26:29 in-target: Selecting previously unselected package libpython3-stdlib:amd64.
<13>May 14 15:26:29 in-target: Preparing to unpack .../5-libpython3-stdlib_3.13.5-1_amd64.deb ...
<13>May 14 15:26:29 in-target: Unpacking libpython3-stdlib:amd64 (3.13.5-1) ...
<13>May 14 15:26:29 in-target: Setting up python3-minimal (3.13.5-1) ...
<13>May 14 15:26:29 in-target: Selecting previously unselected package python3.
<13>May 14 15:26:29 in-target: (Reading database ... 
<13>May 14 15:26:29 in-target: (Reading database ... 5%(Reading database ... 10%(Reading database ... 15%(Reading database ... 20%(Reading database ... 25%(Reading database ... 30%(Reading database ... 35%(Reading database ... 40%(Reading database ... 45%(Reading database ... 50%(Reading database ... 55%(Reading database ... 60%(Reading database ... 65%
<13>May 14 15:26:29 in-target: (Reading database ... 70%
<13>May 14 15:26:29 in-target: (Reading database ... 75%
<13>May 14 15:26:29 in-target: (Reading database ... 80%
<13>May 14 15:26:29 in-target: (Reading database ... 85%
<13>May 14 15:26:29 in-target: (Reading database ... 90%
<13>May 14 15:26:29 in-target: (Reading database ... 95%
<13>May 14 15:26:29 in-target: (Reading database ... 100%(Reading database ... 17290 files and directories currently installed.)
<13>May 14 15:26:29 in-target: Preparing to unpack .../00-python3_3.13.5-1_amd64.deb ...
<13>May 14 15:26:29 in-target: Unpacking python3 (3.13.5-1) ...
<13>May 14 15:26:29 in-target: Selecting previously unselected package python-apt-common.
<13>May 14 15:26:29 in-target: Preparing to unpack .../01-python-apt-common_3.0.0_all.deb ...
<13>May 14 15:26:29 in-target: Unpacking python-apt-common (3.0.0) ...
<13>May 14 15:26:29 in-target: Selecting previously unselected package distro-info-data.
<13>May 14 15:26:29 in-target: Preparing to unpack .../02-distro-info-data_0.66+deb13u1_all.deb ...
<13>May 14 15:26:29 in-target: Unpacking distro-info-data (0.66+deb13u1) ...
<13>May 14 15:26:30 in-target: Selecting previously unselected package python3-apt.
<13>May 14 15:26:30 in-target: Preparing to unpack .../03-python3-apt_3.0.0_amd64.deb ...
<13>May 14 15:26:30 in-target: Unpacking python3-apt (3.0.0) ...
<13>May 14 15:26:30 in-target: Selecting previously unselected package python3-debconf.
<13>May 14 15:26:30 in-target: Preparing to unpack .../04-python3-debconf_1.5.91_all.deb ...
<13>May 14 15:26:30 in-target: Unpacking python3-debconf (1.5.91) ...
<13>May 14 15:26:30 in-target: Selecting previously unselected package ucf.
<13>May 14 15:26:30 in-target: Preparing to unpack .../05-ucf_3.0052_all.deb ...
<13>May 14 15:26:30 in-target: Moving old data out of the way
<13>May 14 15:26:30 in-target: Unpacking ucf (3.0052) ...
<13>May 14 15:26:30 in-target: Selecting previously unselected package apt-listchanges.
<13>May 14 15:26:30 in-target: Preparing to unpack .../06-apt-listchanges_4.8_all.deb ...
<13>May 14 15:26:30 in-target: Unpacking apt-listchanges (4.8) ...
<13>May 14 15:26:30 in-target: Selecting previously unselected package bash-completion.
<13>May 14 15:26:30 in-target: Preparing to unpack .../07-bash-completion_2.16.0-7_all.deb ...
<13>May 14 15:26:30 in-target: Unpacking bash-completion (1:2.16.0-7) ...
<13>May 14 15:26:30 in-target: Selecting previously unselected package libfstrm0:amd64.
<13>May 14 15:26:30 in-target: Preparing to unpack .../08-libfstrm0_0.6.1-1+b3_amd64.deb ...
<13>May 14 15:26:30 in-target: Unpacking libfstrm0:amd64 (0.6.1-1+b3) ...
<13>May 14 15:26:30 in-target: Selecting previously unselected package libjemalloc2:amd64.
<13>May 14 15:26:30 in-target: Preparing to unpack .../09-libjemalloc2_5.3.0-3_amd64.deb ...
<13>May 14 15:26:30 in-target: Unpacking libjemalloc2:amd64 (5.3.0-3) ...
<13>May 14 15:26:30 in-target: Selecting previously unselected package libjson-c5:amd64.
<13>May 14 15:26:30 in-target: Preparing to unpack .../10-libjson-c5_0.18+ds-1_amd64.deb ...
<13>May 14 15:26:30 in-target: Unpacking libjson-c5:amd64 (0.18+ds-1) ...
<13>May 14 15:26:30 in-target: Selecting previously unselected package liblmdb0:amd64.
<13>May 14 15:26:30 in-target: Preparing to unpack .../11-liblmdb0_0.9.31-1+b2_amd64.deb ...
<13>May 14 15:26:30 in-target: Unpacking liblmdb0:amd64 (0.9.31-1+b2) ...
<13>May 14 15:26:30 in-target: Selecting previously unselected package libmaxminddb0:amd64.
<13>May 14 15:26:30 in-target: Preparing to unpack .../12-libmaxminddb0_1.12.2-1_amd64.deb ...
<13>May 14 15:26:30 in-target: Unpacking libmaxminddb0:amd64 (1.12.2-1) ...
<13>May 14 15:26:30 in-target: Selecting previously unselected package libnghttp2-14:amd64.
<13>May 14 15:26:30 in-target: Preparing to unpack .../13-libnghttp2-14_1.64.0-1.1+deb13u1_amd64.deb ...
<13>May 14 15:26:30 in-target: Unpacking libnghttp2-14:amd64 (1.64.0-1.1+deb13u1) ...
<13>May 14 15:26:30 in-target: Selecting previously unselected package libprotobuf-c1:amd64.
<13>May 14 15:26:30 in-target: Preparing to unpack .../14-libprotobuf-c1_1.5.1-1_amd64.deb ...
<13>May 14 15:26:30 in-target: Unpacking libprotobuf-c1:amd64 (1.5.1-1) ...
<13>May 14 15:26:30 in-target: Selecting previously unselected package liburcu8t64:amd64.
<13>May 14 15:26:30 in-target: Preparing to unpack .../15-liburcu8t64_0.15.2-2_amd64.deb ...
<13>May 14 15:26:30 in-target: Unpacking liburcu8t64:amd64 (0.15.2-2) ...
<13>May 14 15:26:30 in-target: Selecting previously unselected package libuv1t64:amd64.
<13>May 14 15:26:30 in-target: Preparing to unpack .../16-libuv1t64_1.50.0-2_amd64.deb ...
<13>May 14 15:26:30 in-target: Unpacking libuv1t64:amd64 (1.50.0-2) ...
<13>May 14 15:26:30 in-target: Selecting previously unselected package libxml2:amd64.
<13>May 14 15:26:30 in-target: Preparing to unpack .../17-libxml2_2.12.7+dfsg+really2.9.14-2.1+deb13u2_amd64.deb ...
<13>May 14 15:26:30 in-target: Unpacking libxml2:amd64 (2.12.7+dfsg+really2.9.14-2.1+deb13u2) ...
<13>May 14 15:26:30 in-target: Selecting previously unselected package bind9-libs:amd64.
<13>May 14 15:26:30 in-target: Preparing to unpack .../18-bind9-libs_1%3a9.20.21-1~deb13u1_amd64.deb ...
<13>May 14 15:26:30 in-target: Unpacking bind9-libs:amd64 (1:9.20.21-1~deb13u1) ...
<13>May 14 15:26:31 in-target: Selecting previously unselected package bind9-host.
<13>May 14 15:26:31 in-target: Preparing to unpack .../19-bind9-host_1%3a9.20.21-1~deb13u1_amd64.deb ...
<13>May 14 15:26:31 in-target: Unpacking bind9-host (1:9.20.21-1~deb13u1) ...
<13>May 14 15:26:31 in-target: Selecting previously unselected package bind9-dnsutils.
<13>May 14 15:26:31 in-target: Preparing to unpack .../20-bind9-dnsutils_1%3a9.20.21-1~deb13u1_amd64.deb ...
<13>May 14 15:26:31 in-target: Unpacking bind9-dnsutils (1:9.20.21-1~deb13u1) ...
<13>May 14 15:26:31 in-target: Selecting previously unselected package bzip2.
<13>May 14 15:26:31 in-target: Preparing to unpack .../21-bzip2_1.0.8-6_amd64.deb ...
<13>May 14 15:26:31 in-target: Unpacking bzip2 (1.0.8-6) ...
<13>May 14 15:26:31 in-target: Selecting previously unselected package openssl.
<13>May 14 15:26:31 in-target: Preparing to unpack .../22-openssl_3.5.5-1~deb13u2_amd64.deb ...
<13>May 14 15:26:31 in-target: Unpacking openssl (3.5.5-1~deb13u2) ...
<13>May 14 15:26:31 in-target: Selecting previously unselected package ca-certificates.
<13>May 14 15:26:31 in-target: Preparing to unpack .../23-ca-certificates_20250419_all.deb ...
<13>May 14 15:26:31 in-target: Unpacking ca-certificates (20250419) ...
<13>May 14 15:26:31 in-target: Selecting previously unselected package debian-faq.
<13>May 14 15:26:31 in-target: Preparing to unpack .../24-debian-faq_12.2_all.deb ...
<13>May 14 15:26:31 in-target: Unpacking debian-faq (12.2) ...
<13>May 14 15:26:31 in-target: Selecting previously unselected package doc-debian.
<13>May 14 15:26:31 in-target: Preparing to unpack .../25-doc-debian_11.3+nmu1_all.deb ...
<13>May 14 15:26:31 in-target: Unpacking doc-debian (11.3+nmu1) ...
<13>May 14 15:26:31 in-target: Selecting previously unselected package libmagic-mgc.
<13>May 14 15:26:31 in-target: Preparing to unpack .../26-libmagic-mgc_5.46-5_amd64.deb ...
<13>May 14 15:26:31 in-target: Unpacking libmagic-mgc (1:5.46-5) ...
<13>May 14 15:26:31 in-target: Selecting previously unselected package libmagic1t64:amd64.
<13>May 14 15:26:31 in-target: Preparing to unpack .../27-libmagic1t64_5.46-5_amd64.deb ...
<13>May 14 15:26:31 in-target: Unpacking libmagic1t64:amd64 (1:5.46-5) ...
<13>May 14 15:26:31 in-target: Selecting previously unselected package file.
<13>May 14 15:26:31 in-target: Preparing to unpack .../28-file_5.46-5_amd64.deb ...
<13>May 14 15:26:31 in-target: Unpacking file (1:5.46-5) ...
<13>May 14 15:26:31 in-target: Selecting previously unselected package gettext-base.
<13>May 14 15:26:31 in-target: Preparing to unpack .../29-gettext-base_0.23.1-2_amd64.deb ...
<13>May 14 15:26:31 in-target: Unpacking gettext-base (0.23.1-2) ...
<13>May 14 15:26:31 in-target: Selecting previously unselected package libuchardet0:amd64.
<13>May 14 15:26:31 in-target: Preparing to unpack .../30-libuchardet0_0.0.8-1+b2_amd64.deb ...
<13>May 14 15:26:31 in-target: Unpacking libuchardet0:amd64 (0.0.8-1+b2) ...
<13>May 14 15:26:31 in-target: Selecting previously unselected package groff-base.
<13>May 14 15:26:31 in-target: Preparing to unpack .../31-groff-base_1.23.0-9_amd64.deb ...
<13>May 14 15:26:31 in-target: Unpacking groff-base (1.23.0-9) ...
<13>May 14 15:26:31 in-target: Selecting previously unselected package inetutils-telnet.
<13>May 14 15:26:31 in-target: Preparing to unpack .../32-inetutils-telnet_2%3a2.6-3+deb13u3_amd64.deb ...
<13>May 14 15:26:31 in-target: Unpacking inetutils-telnet (2:2.6-3+deb13u3) ...
<13>May 14 15:26:31 in-target: Selecting previously unselected package krb5-locales.
<13>May 14 15:26:31 in-target: Preparing to unpack .../33-krb5-locales_1.21.3-5_all.deb ...
<13>May 14 15:26:31 in-target: Unpacking krb5-locales (1.21.3-5) ...
<13>May 14 15:26:32 in-target: Selecting previously unselected package liblockfile-bin.
<13>May 14 15:26:32 in-target: Preparing to unpack .../34-liblockfile-bin_1.17-2_amd64.deb ...
<13>May 14 15:26:32 in-target: Unpacking liblockfile-bin (1.17-2) ...
<13>May 14 15:26:32 in-target: Selecting previously unselected package libnss-systemd:amd64.
<13>May 14 15:26:32 in-target: Preparing to unpack .../35-libnss-systemd_257.9-1~deb13u1_amd64.deb ...
<13>May 14 15:26:32 in-target: Unpacking libnss-systemd:amd64 (257.9-1~deb13u1) ...
<13>May 14 15:26:32 in-target: Selecting previously unselected package libpam-systemd:amd64.
<13>May 14 15:26:32 in-target: Preparing to unpack .../36-libpam-systemd_257.9-1~deb13u1_amd64.deb ...
<13>May 14 15:26:32 in-target: Unpacking libpam-systemd:amd64 (257.9-1~deb13u1) ...
<13>May 14 15:26:32 in-target: Selecting previously unselected package libwtmpdb0:amd64.
<13>May 14 15:26:32 in-target: Preparing to unpack .../37-libwtmpdb0_0.73.0-3+deb13u1_amd64.deb ...
<13>May 14 15:26:32 in-target: Unpacking libwtmpdb0:amd64 (0.73.0-3+deb13u1) ...
<13>May 14 15:26:32 in-target: Selecting previously unselected package libpam-wtmpdb:amd64.
<13>May 14 15:26:32 in-target: Preparing to unpack .../38-libpam-wtmpdb_0.73.0-3+deb13u1_amd64.deb ...
<13>May 14 15:26:32 in-target: Unpacking libpam-wtmpdb:amd64 (0.73.0-3+deb13u1) ...
<13>May 14 15:26:32 in-target: Selecting previously unselected package liblsof0.
<13>May 14 15:26:32 in-target: Preparing to unpack .../39-liblsof0_4.99.4+dfsg-2_amd64.deb ...
<13>May 14 15:26:32 in-target: Unpacking liblsof0 (4.99.4+dfsg-2) ...
<13>May 14 15:26:32 in-target: Selecting previously unselected package lsof.
<13>May 14 15:26:32 in-target: Preparing to unpack .../40-lsof_4.99.4+dfsg-2_amd64.deb ...
<13>May 14 15:26:32 in-target: Unpacking lsof (4.99.4+dfsg-2) ...
<13>May 14 15:26:32 in-target: Selecting previously unselected package bsdextrautils.
<13>May 14 15:26:32 in-target: Preparing to unpack .../41-bsdextrautils_2.41-5_amd64.deb ...
<13>May 14 15:26:32 in-target: Unpacking bsdextrautils (2.41-5) ...
<13>May 14 15:26:32 in-target: Selecting previously unselected package libgdbm6t64:amd64.
<13>May 14 15:26:32 in-target: Preparing to unpack .../42-libgdbm6t64_1.24-2_amd64.deb ...
<13>May 14 15:26:32 in-target: Unpacking libgdbm6t64:amd64 (1.24-2) ...
<13>May 14 15:26:32 in-target: Selecting previously unselected package libpipeline1:amd64.
<13>May 14 15:26:32 in-target: Preparing to unpack .../43-libpipeline1_1.5.8-1_amd64.deb ...
<13>May 14 15:26:32 in-target: Unpacking libpipeline1:amd64 (1.5.8-1) ...
<13>May 14 15:26:32 in-target: Selecting previously unselected package man-db.
<13>May 14 15:26:32 in-target: Preparing to unpack .../44-man-db_2.13.1-1_amd64.deb ...
<13>May 14 15:26:32 in-target: Unpacking man-db (2.13.1-1) ...
<13>May 14 15:26:32 in-target: Selecting previously unselected package manpages.
<13>May 14 15:26:32 in-target: Preparing to unpack .../45-manpages_6.9.1-1_all.deb ...
<13>May 14 15:26:32 in-target: Unpacking manpages (6.9.1-1) ...
<13>May 14 15:26:32 in-target: Selecting previously unselected package ncurses-term.
<13>May 14 15:26:32 in-target: Preparing to unpack .../46-ncurses-term_6.5+20250216-2_all.deb ...
<13>May 14 15:26:32 in-target: Unpacking ncurses-term (6.5+20250216-2) ...
<13>May 14 15:26:33 in-target: Selecting previously unselected package netcat-traditional.
<13>May 14 15:26:33 in-target: Preparing to unpack .../47-netcat-traditional_1.10-50_amd64.deb ...
<13>May 14 15:26:33 in-target: Unpacking netcat-traditional (1.10-50) ...
<13>May 14 15:26:33 in-target: Selecting previously unselected package libcbor0.10:amd64.
<13>May 14 15:26:33 in-target: Preparing to unpack .../48-libcbor0.10_0.10.2-2_amd64.deb ...
<13>May 14 15:26:33 in-target: Unpacking libcbor0.10:amd64 (0.10.2-2) ...
<13>May 14 15:26:33 in-target: Selecting previously unselected package libfido2-1:amd64.
<13>May 14 15:26:33 in-target: Preparing to unpack .../49-libfido2-1_1.15.0-1+b1_amd64.deb ...
<13>May 14 15:26:33 in-target: Unpacking libfido2-1:amd64 (1.15.0-1+b1) ...
<13>May 14 15:26:33 in-target: Selecting previously unselected package openssh-client.
<13>May 14 15:26:33 in-target: Preparing to unpack .../50-openssh-client_1%3a10.0p1-7+deb13u2_amd64.deb ...
<13>May 14 15:26:33 in-target: Unpacking openssh-client (1:10.0p1-7+deb13u2) ...
<13>May 14 15:26:33 in-target: Selecting previously unselected package perl-modules-5.40.
<13>May 14 15:26:33 in-target: Preparing to unpack .../51-perl-modules-5.40_5.40.1-6_all.deb ...
<13>May 14 15:26:33 in-target: Unpacking perl-modules-5.40 (5.40.1-6) ...
<13>May 14 15:26:33 in-target: Selecting previously unselected package libgdbm-compat4t64:amd64.
<13>May 14 15:26:33 in-target: Preparing to unpack .../52-libgdbm-compat4t64_1.24-2_amd64.deb ...
<13>May 14 15:26:33 in-target: Unpacking libgdbm-compat4t64:amd64 (1.24-2) ...
<13>May 14 15:26:33 in-target: Selecting previously unselected package libperl5.40:amd64.
<13>May 14 15:26:33 in-target: Preparing to unpack .../53-libperl5.40_5.40.1-6_amd64.deb ...
<13>May 14 15:26:33 in-target: Unpacking libperl5.40:amd64 (5.40.1-6) ...
<13>May 14 15:26:34 in-target: Selecting previously unselected package perl.
<13>May 14 15:26:34 in-target: Preparing to unpack .../54-perl_5.40.1-6_amd64.deb ...
<13>May 14 15:26:34 in-target: Unpacking perl (5.40.1-6) ...
<13>May 14 15:26:34 in-target: Selecting previously unselected package python3-charset-normalizer.
<13>May 14 15:26:34 in-target: Preparing to unpack .../55-python3-charset-normalizer_3.4.2-1_amd64.deb ...
<13>May 14 15:26:34 in-target: Unpacking python3-charset-normalizer (3.4.2-1) ...
<13>May 14 15:26:34 in-target: Selecting previously unselected package python3-debian.
<13>May 14 15:26:34 in-target: Preparing to unpack .../56-python3-debian_1.0.1_all.deb ...
<13>May 14 15:26:34 in-target: Unpacking python3-debian (1.0.1) ...
<13>May 14 15:26:34 in-target: Selecting previously unselected package python3-debianbts.
<13>May 14 15:26:34 in-target: Preparing to unpack .../57-python3-debianbts_4.1.1_all.deb ...
<13>May 14 15:26:34 in-target: Unpacking python3-debianbts (4.1.1) ...
<13>May 14 15:26:34 in-target: Selecting previously unselected package python3-certifi.
<13>May 14 15:26:34 in-target: Preparing to unpack .../58-python3-certifi_2025.1.31+ds-1_all.deb ...
<13>May 14 15:26:34 in-target: Unpacking python3-certifi (2025.1.31+ds-1) ...
<13>May 14 15:26:34 in-target: Selecting previously unselected package python3-idna.
<13>May 14 15:26:34 in-target: Preparing to unpack .../59-python3-idna_3.10-1_all.deb ...
<13>May 14 15:26:34 in-target: Unpacking python3-idna (3.10-1) ...
<13>May 14 15:26:34 in-target: Selecting previously unselected package python3-urllib3.
<13>May 14 15:26:34 in-target: Preparing to unpack .../60-python3-urllib3_2.3.0-3+deb13u1_all.deb ...
<13>May 14 15:26:34 in-target: Unpacking python3-urllib3 (2.3.0-3+deb13u1) ...
<13>May 14 15:26:34 in-target: Selecting previously unselected package python3-chardet.
<13>May 14 15:26:34 in-target: Preparing to unpack .../61-python3-chardet_5.2.0+dfsg-2_all.deb ...
<13>May 14 15:26:34 in-target: Unpacking python3-chardet (5.2.0+dfsg-2) ...
<13>May 14 15:26:34 in-target: Selecting previously unselected package python3-requests.
<13>May 14 15:26:34 in-target: Preparing to unpack .../62-python3-requests_2.32.3+dfsg-5+deb13u1_all.deb ...
<13>May 14 15:26:34 in-target: Unpacking python3-requests (2.32.3+dfsg-5+deb13u1) ...
<13>May 14 15:26:34 in-target: Selecting previously unselected package python3-reportbug.
<13>May 14 15:26:34 in-target: Preparing to unpack .../63-python3-reportbug_13.2.0_all.deb ...
<13>May 14 15:26:34 in-target: Unpacking python3-reportbug (13.2.0) ...
<13>May 14 15:26:34 in-target: Selecting previously unselected package reportbug.
<13>May 14 15:26:34 in-target: Preparing to unpack .../64-reportbug_13.2.0_all.deb ...
<13>May 14 15:26:34 in-target: Unpacking reportbug (13.2.0) ...
<13>May 14 15:26:34 in-target: Selecting previously unselected package systemd-timesyncd.
<13>May 14 15:26:34 in-target: Preparing to unpack .../65-systemd-timesyncd_257.9-1~deb13u1_amd64.deb ...
<13>May 14 15:26:34 in-target: Unpacking systemd-timesyncd (257.9-1~deb13u1) ...
<13>May 14 15:26:34 in-target: Selecting previously unselected package traceroute.
<13>May 14 15:26:34 in-target: Preparing to unpack .../66-traceroute_1%3a2.1.6-1_amd64.deb ...
<13>May 14 15:26:34 in-target: Unpacking traceroute (1:2.1.6-1) ...
<13>May 14 15:26:34 in-target: Selecting previously unselected package util-linux-extra.
<13>May 14 15:26:34 in-target: Preparing to unpack .../67-util-linux-extra_2.41-5_amd64.deb ...
<13>May 14 15:26:34 in-target: Adding 'diversion of /sbin/ctrlaltdel to /sbin/ctrlaltdel.usr-is-merged by util-linux-extra'
<13>May 14 15:26:34 in-target: Adding 'diversion of /sbin/fsck.cramfs to /sbin/fsck.cramfs.usr-is-merged by util-linux-extra'
<13>May 14 15:26:34 in-target: Adding 'diversion of /sbin/fsck.minix to /sbin/fsck.minix.usr-is-merged by util-linux-extra'
<13>May 14 15:26:34 in-target: Adding 'diversion of /sbin/mkfs.bfs to /sbin/mkfs.bfs.usr-is-merged by util-linux-extra'
<13>May 14 15:26:34 in-target: Adding 'diversion of /sbin/mkfs.cramfs to /sbin/mkfs.cramfs.usr-is-merged by util-linux-extra'
<13>May 14 15:26:34 in-target: Adding 'diversion of /sbin/mkfs.minix to /sbin/mkfs.minix.usr-is-merged by util-linux-extra'
<13>May 14 15:26:34 in-target: Unpacking util-linux-extra (2.41-5) ...
<13>May 14 15:26:34 in-target: Selecting previously unselected package wamerican.
<13>May 14 15:26:34 in-target: Preparing to unpack .../68-wamerican_2020.12.07-4_all.deb ...
<13>May 14 15:26:34 in-target: Unpacking wamerican (2020.12.07-4) ...
<13>May 14 15:26:35 in-target: Selecting previously unselected package libp11-kit0:amd64.
<13>May 14 15:26:35 in-target: Preparing to unpack .../69-libp11-kit0_0.25.5-3_amd64.deb ...
<13>May 14 15:26:35 in-target: Unpacking libp11-kit0:amd64 (0.25.5-3) ...
<13>May 14 15:26:35 in-target: Selecting previously unselected package libtasn1-6:amd64.
<13>May 14 15:26:35 in-target: Preparing to unpack .../70-libtasn1-6_4.20.0-2_amd64.deb ...
<13>May 14 15:26:35 in-target: Unpacking libtasn1-6:amd64 (4.20.0-2) ...
<13>May 14 15:26:35 in-target: Selecting previously unselected package libgnutls30t64:amd64.
<13>May 14 15:26:35 in-target: Preparing to unpack .../71-libgnutls30t64_3.8.9-3+deb13u2_amd64.deb ...
<13>May 14 15:26:35 in-target: Unpacking libgnutls30t64:amd64 (3.8.9-3+deb13u2) ...
<13>May 14 15:26:35 in-target: Selecting previously unselected package libpsl5t64:amd64.
<13>May 14 15:26:35 in-target: Preparing to unpack .../72-libpsl5t64_0.21.2-1.1+b1_amd64.deb ...
<13>May 14 15:26:35 in-target: Unpacking libpsl5t64:amd64 (0.21.2-1.1+b1) ...
<13>May 14 15:26:35 in-target: Selecting previously unselected package wget.
<13>May 14 15:26:35 in-target: Preparing to unpack .../73-wget_1.25.0-2_amd64.deb ...
<13>May 14 15:26:35 in-target: Unpacking wget (1.25.0-2) ...
<13>May 14 15:26:35 in-target: Selecting previously unselected package wtmpdb.
<13>May 14 15:26:35 in-target: Preparing to unpack .../74-wtmpdb_0.73.0-3+deb13u1_amd64.deb ...
<13>May 14 15:26:35 in-target: Unpacking wtmpdb (0.73.0-3+deb13u1) ...
<13>May 14 15:26:35 in-target: Selecting previously unselected package xz-utils.
<13>May 14 15:26:35 in-target: Preparing to unpack .../75-xz-utils_5.8.1-1_amd64.deb ...
<13>May 14 15:26:35 in-target: Unpacking xz-utils (5.8.1-1) ...
<13>May 14 15:26:35 in-target: Selecting previously unselected package dbus-user-session.
<13>May 14 15:26:35 in-target: Preparing to unpack .../76-dbus-user-session_1.16.2-2_amd64.deb ...
<13>May 14 15:26:35 in-target: Unpacking dbus-user-session (1.16.2-2) ...
<13>May 14 15:26:35 in-target: Selecting previously unselected package emacsen-common.
<13>May 14 15:26:35 in-target: Preparing to unpack .../77-emacsen-common_3.0.8_all.deb ...
<13>May 14 15:26:35 in-target: Unpacking emacsen-common (3.0.8) ...
<13>May 14 15:26:35 in-target: Selecting previously unselected package dictionaries-common.
<13>May 14 15:26:35 in-target: Preparing to unpack .../78-dictionaries-common_1.30.10_all.deb ...
<13>May 14 15:26:35 in-target: Adding 'diversion of /usr/share/dict/words to /usr/share/dict/words.pre-dictionaries-common by dictionaries-common'
<13>May 14 15:26:35 in-target: Unpacking dictionaries-common (1.30.10) ...
<13>May 14 15:26:35 in-target: Selecting previously unselected package ispell.
<13>May 14 15:26:35 in-target: Preparing to unpack .../79-ispell_3.4.06-1_amd64.deb ...
<13>May 14 15:26:35 in-target: Unpacking ispell (3.4.06-1) ...
<13>May 14 15:26:35 in-target: Selecting previously unselected package ienglish-common.
<13>May 14 15:26:35 in-target: Preparing to unpack .../80-ienglish-common_3.4.06-1_all.deb ...
<13>May 14 15:26:35 in-target: Unpacking ienglish-common (3.4.06-1) ...
<13>May 14 15:26:35 in-target: Selecting previously unselected package iamerican.
<13>May 14 15:26:35 in-target: Preparing to unpack .../81-iamerican_3.4.06-1_all.deb ...
<13>May 14 15:26:35 in-target: Unpacking iamerican (3.4.06-1) ...
<13>May 14 15:26:35 in-target: Selecting previously unselected package ibritish.
<13>May 14 15:26:35 in-target: Preparing to unpack .../82-ibritish_3.4.06-1_all.deb ...
<13>May 14 15:26:35 in-target: Unpacking ibritish (3.4.06-1) ...
<13>May 14 15:26:35 in-target: Selecting previously unselected package iso-codes.
<13>May 14 15:26:36 in-target: Preparing to unpack .../83-iso-codes_4.18.0-1_all.deb ...
<13>May 14 15:26:36 in-target: Unpacking iso-codes (4.18.0-1) ...
<13>May 14 15:26:36 in-target: Selecting previously unselected package libxau6:amd64.
<13>May 14 15:26:36 in-target: Preparing to unpack .../84-libxau6_1.0.11-1_amd64.deb ...
<13>May 14 15:26:36 in-target: Unpacking libxau6:amd64 (1:1.0.11-1) ...
<13>May 14 15:26:36 in-target: Selecting previously unselected package libxdmcp6:amd64.
<13>May 14 15:26:36 in-target: Preparing to unpack .../85-libxdmcp6_1.1.5-1_amd64.deb ...
<13>May 14 15:26:36 in-target: Unpacking libxdmcp6:amd64 (1:1.1.5-1) ...
<13>May 14 15:26:36 in-target: Selecting previously unselected package libxcb1:amd64.
<13>May 14 15:26:36 in-target: Preparing to unpack .../86-libxcb1_1.17.0-2+b1_amd64.deb ...
<13>May 14 15:26:36 in-target: Unpacking libxcb1:amd64 (1.17.0-2+b1) ...
<13>May 14 15:26:36 in-target: Selecting previously unselected package libx11-data.
<13>May 14 15:26:36 in-target: Preparing to unpack .../87-libx11-data_1.8.12-1_all.deb ...
<13>May 14 15:26:36 in-target: Unpacking libx11-data (2:1.8.12-1) ...
<13>May 14 15:26:36 in-target: Selecting previously unselected package libx11-6:amd64.
<13>May 14 15:26:36 in-target: Preparing to unpack .../88-libx11-6_1.8.12-1_amd64.deb ...
<13>May 14 15:26:36 in-target: Unpacking libx11-6:amd64 (2:1.8.12-1) ...
<13>May 14 15:26:36 in-target: Selecting previously unselected package libxext6:amd64.
<13>May 14 15:26:36 in-target: Preparing to unpack .../89-libxext6_1.3.4-1+b3_amd64.deb ...
<13>May 14 15:26:36 in-target: Unpacking libxext6:amd64 (2:1.3.4-1+b3) ...
<13>May 14 15:26:36 in-target: Selecting previously unselected package libxmuu1:amd64.
<13>May 14 15:26:36 in-target: Preparing to unpack .../90-libxmuu1_1.1.3-3+b4_amd64.deb ...
<13>May 14 15:26:36 in-target: Unpacking libxmuu1:amd64 (2:1.1.3-3+b4) ...
<13>May 14 15:26:36 in-target: Selecting previously unselected package lsb-release.
<13>May 14 15:26:36 in-target: Preparing to unpack .../91-lsb-release_12.1-1_all.deb ...
<13>May 14 15:26:36 in-target: Unpacking lsb-release (12.1-1) ...
<13>May 14 15:26:36 in-target: Selecting previously unselected package publicsuffix.
<13>May 14 15:26:36 in-target: Preparing to unpack .../92-publicsuffix_20250328.1952-0.1_all.deb ...
<13>May 14 15:26:36 in-target: Unpacking publicsuffix (20250328.1952-0.1) ...
<13>May 14 15:26:36 in-target: Selecting previously unselected package task-english.
<13>May 14 15:26:36 in-target: Preparing to unpack .../93-task-english_3.81_all.deb ...
<13>May 14 15:26:36 in-target: Unpacking task-english (3.81) ...
<13>May 14 15:26:36 in-target: Selecting previously unselected package util-linux-locales.
<13>May 14 15:26:36 in-target: Preparing to unpack .../94-util-linux-locales_2.41-5_all.deb ...
<13>May 14 15:26:36 in-target: Unpacking util-linux-locales (2.41-5) ...
<13>May 14 15:26:37 in-target: Selecting previously unselected package xauth.
<13>May 14 15:26:37 in-target: Preparing to unpack .../95-xauth_1.1.2-1.1_amd64.deb ...
<13>May 14 15:26:37 in-target: Unpacking xauth (1:1.1.2-1.1) ...
<13>May 14 15:26:37 in-target: Setting up media-types (13.0.0) ...
<13>May 14 15:26:37 in-target: Setting up libpipeline1:amd64 (1.5.8-1) ...
<13>May 14 15:26:37 in-target: Setting up liblmdb0:amd64 (0.9.31-1+b2) ...
<13>May 14 15:26:37 in-target: Setting up liburcu8t64:amd64 (0.15.2-2) ...
<13>May 14 15:26:37 in-target: Setting up libxau6:amd64 (1:1.0.11-1) ...
<13>May 14 15:26:37 in-target: Setting up libxdmcp6:amd64 (1:1.1.5-1) ...
<13>May 14 15:26:37 in-target: Setting up libxcb1:amd64 (1.17.0-2+b1) ...
<13>May 14 15:26:37 in-target: Setting up liblockfile-bin (1.17-2) ...
<13>May 14 15:26:37 in-target: Setting up libgdbm6t64:amd64 (1.24-2) ...
<13>May 14 15:26:37 in-target: Setting up bsdextrautils (2.41-5) ...
<13>May 14 15:26:37 in-target: Setting up netcat-traditional (1.10-50) ...
<13>May 14 15:26:37 in-target: update-alternatives: using /bin/nc.traditional to provide /bin/nc (nc) in auto mode
<13>May 14 15:26:37 in-target: Setting up libgdbm-compat4t64:amd64 (1.24-2) ...
<13>May 14 15:26:37 in-target: Setting up traceroute (1:2.1.6-1) ...
<13>May 14 15:26:37 in-target: update-alternatives: using /usr/bin/traceroute.db to provide /usr/bin/traceroute (traceroute) in auto mode
<13>May 14 15:26:37 in-target: update-alternatives: using /usr/bin/traceroute6.db to provide /usr/bin/traceroute6 (traceroute6) in auto mode
<13>May 14 15:26:37 in-target: update-alternatives: using /usr/bin/lft.db to provide /usr/bin/lft (lft) in auto mode
<13>May 14 15:26:37 in-target: update-alternatives: using /usr/bin/traceproto.db to provide /usr/bin/traceproto (traceproto) in auto mode
<13>May 14 15:26:37 in-target: update-alternatives: using /usr/sbin/tcptraceroute.db to provide /usr/sbin/tcptraceroute (tcptraceroute) in auto mode
<13>May 14 15:26:37 in-target: Setting up libmagic-mgc (1:5.46-5) ...
<13>May 14 15:26:37 in-target: Setting up libcbor0.10:amd64 (0.10.2-2) ...
<13>May 14 15:26:37 in-target: Setting up liblsof0 (4.99.4+dfsg-2) ...
<13>May 14 15:26:37 in-target: Setting up distro-info-data (0.66+deb13u1) ...
<13>May 14 15:26:37 in-target: Setting up manpages (6.9.1-1) ...
<13>May 14 15:26:37 in-target: Setting up libmaxminddb0:amd64 (1.12.2-1) ...
<13>May 14 15:26:37 in-target: Setting up libfstrm0:amd64 (0.6.1-1+b3) ...
<13>May 14 15:26:37 in-target: Setting up libuv1t64:amd64 (1.50.0-2) ...
<13>May 14 15:26:37 in-target: Setting up libmagic1t64:amd64 (1:5.46-5) ...
<13>May 14 15:26:37 in-target: Setting up task-english (3.81) ...
<13>May 14 15:26:37 in-target: Setting up libpsl5t64:amd64 (0.21.2-1.1+b1) ...
<13>May 14 15:26:37 in-target: Setting up libnghttp2-14:amd64 (1.64.0-1.1+deb13u1) ...
<13>May 14 15:26:37 in-target: Setting up inetutils-telnet (2:2.6-3+deb13u3) ...
<13>May 14 15:26:37 in-target: update-alternatives: using /usr/bin/inetutils-telnet to provide /usr/bin/telnet (telnet) in auto mode
<13>May 14 15:26:37 in-target: Setting up gettext-base (0.23.1-2) ...
<13>May 14 15:26:37 in-target: Setting up libnss-systemd:amd64 (257.9-1~deb13u1) ...
<13>May 14 15:26:37 in-target: Setting up krb5-locales (1.21.3-5) ...
<13>May 14 15:26:37 in-target: Setting up file (1:5.46-5) ...
<13>May 14 15:26:37 in-target: Setting up libjemalloc2:amd64 (5.3.0-3) ...
<13>May 14 15:26:37 in-target: Setting up ispell (3.4.06-1) ...
<13>May 14 15:26:37 in-target: Setting up bzip2 (1.0.8-6) ...
<13>May 14 15:26:37 in-target: Setting up doc-debian (11.3+nmu1) ...
<13>May 14 15:26:37 in-target: Setting up libprotobuf-c1:amd64 (1.5.1-1) ...
<13>May 14 15:26:37 in-target: Setting up debian-faq (12.2) ...
<13>May 14 15:26:37 in-target: Setting up emacsen-common (3.0.8) ...
<13>May 14 15:26:37 in-target: Setting up libx11-data (2:1.8.12-1) ...
<13>May 14 15:26:37 in-target: Setting up bash-completion (1:2.16.0-7) ...
<13>May 14 15:26:37 in-target: Setting up wamerican (2020.12.07-4) ...
<13>May 14 15:26:37 in-target: Setting up libdbus-1-3:amd64 (1.16.2-2) ...
<13>May 14 15:26:37 in-target: Setting up xz-utils (5.8.1-1) ...
<13>May 14 15:26:37 in-target: update-alternatives: using /usr/bin/xz to provide /usr/bin/lzma (lzma) in auto mode
<13>May 14 15:26:37 in-target: Setting up systemd-timesyncd (257.9-1~deb13u1) ...
<13>May 14 15:26:37 in-target: Creating group 'systemd-timesync' with GID 991.
<13>May 14 15:26:37 in-target: Creating user 'systemd-timesync' (systemd Time Synchronization) with UID 991 and GID 991.
<13>May 14 15:26:38 in-target: Created symlink '/etc/systemd/system/dbus-org.freedesktop.timesync1.service' → '/usr/lib/systemd/system/systemd-timesyncd.service'.
<13>May 14 15:26:38 in-target: Created symlink '/etc/systemd/system/sysinit.target.wants/systemd-timesyncd.service' → '/usr/lib/systemd/system/systemd-timesyncd.service'.
<13>May 14 15:26:38 in-target: Setting up ucf (3.0052) ...
<13>May 14 15:26:38 in-target: Setting up lsof (4.99.4+dfsg-2) ...
<13>May 14 15:26:38 in-target: Setting up libffi8:amd64 (3.4.8-2) ...
<13>May 14 15:26:38 in-target: Setting up python-apt-common (3.0.0) ...
<13>May 14 15:26:38 in-target: Setting up perl-modules-5.40 (5.40.1-6) ...
<13>May 14 15:26:38 in-target: Setting up dbus-session-bus-common (1.16.2-2) ...
<13>May 14 15:26:38 in-target: Setting up libuchardet0:amd64 (0.0.8-1+b2) ...
<13>May 14 15:26:38 in-target: Setting up ienglish-common (3.4.06-1) ...
<13>May 14 15:26:38 in-target: Setting up libtasn1-6:amd64 (4.20.0-2) ...
<13>May 14 15:26:38 in-target: Setting up libx11-6:amd64 (2:1.8.12-1) ...
<13>May 14 15:26:38 in-target: Setting up libwtmpdb0:amd64 (0.73.0-3+deb13u1) ...
<13>May 14 15:26:38 in-target: Setting up util-linux-locales (2.41-5) ...
<13>May 14 15:26:38 in-target: Setting up lsb-release (12.1-1) ...
<13>May 14 15:26:38 in-target: Setting up dbus-system-bus-common (1.16.2-2) ...
<13>May 14 15:26:38 in-target: Creating group 'messagebus' with GID 990.
<13>May 14 15:26:38 in-target: Creating user 'messagebus' (System Message Bus) with UID 990 and GID 990.
<13>May 14 15:26:38 in-target: Setting up libfido2-1:amd64 (1.15.0-1+b1) ...
<13>May 14 15:26:38 in-target: Setting up openssl (3.5.5-1~deb13u2) ...
<13>May 14 15:26:38 in-target: Setting up libpython3.13-stdlib:amd64 (3.13.5-2) ...
<13>May 14 15:26:38 in-target: Setting up libjson-c5:amd64 (0.18+ds-1) ...
<13>May 14 15:26:38 in-target: Setting up publicsuffix (20250328.1952-0.1) ...
<13>May 14 15:26:38 in-target: Setting up libxml2:amd64 (2.12.7+dfsg+really2.9.14-2.1+deb13u2) ...
<13>May 14 15:26:38 in-target: Setting up iso-codes (4.18.0-1) ...
<13>May 14 15:26:38 in-target: Setting up libxmuu1:amd64 (2:1.1.3-3+b4) ...
<13>May 14 15:26:38 in-target: Setting up dbus-bin (1.16.2-2) ...
<13>May 14 15:26:38 in-target: Setting up util-linux-extra (2.41-5) ...
<13>May 14 15:26:38 in-target: Setting up libpython3-stdlib:amd64 (3.13.5-1) ...
<13>May 14 15:26:38 in-target: Setting up ncurses-term (6.5+20250216-2) ...
<13>May 14 15:26:38 in-target: Setting up bind9-libs:amd64 (1:9.20.21-1~deb13u1) ...
<13>May 14 15:26:38 in-target: Setting up dictionaries-common (1.30.10) ...
<13>May 14 15:26:38 in-target: Setting up python3.13 (3.13.5-2) ...
<13>May 14 15:26:39 in-target: Setting up libpam-wtmpdb:amd64 (0.73.0-3+deb13u1) ...
<13>May 14 15:26:39 in-target: Setting up openssh-client (1:10.0p1-7+deb13u2) ...
<14>May 15 00:26:39 addgroup[44960]: Selecting GID from range 100 to 999 ...
<86>May 15 00:26:39 groupadd[44963]: group added to /etc/group: name=_ssh, GID=102
<86>May 15 00:26:39 groupadd[44963]: group added to /etc/gshadow: name=_ssh
<86>May 15 00:26:39 groupadd[44963]: new group: name=_ssh, GID=102
<13>May 14 15:26:40 in-target: Created symlink '/etc/systemd/user/sockets.target.wants/ssh-agent.socket' → '/usr/lib/systemd/user/ssh-agent.socket'.
<13>May 14 15:26:40 in-target: Setting up libxext6:amd64 (2:1.3.4-1+b3) ...
<13>May 14 15:26:40 in-target: Setting up python3 (3.13.5-1) ...
<13>May 14 15:26:40 in-target: running python rtupdate hooks for python3.13...
<13>May 14 15:26:40 in-target: running python post-rtupdate hooks for python3.13...
<13>May 14 15:26:40 in-target: Setting up dbus-daemon (1.16.2-2) ...
<13>May 14 15:26:40 in-target: Setting up libperl5.40:amd64 (5.40.1-6) ...
<13>May 14 15:26:40 in-target: Setting up ca-certificates (20250419) ...
<13>May 14 15:26:41 in-target: Updating certificates in /etc/ssl/certs...
<13>May 14 15:26:42 in-target: 150 added, 0 removed; done.
<13>May 14 15:26:42 in-target: Setting up perl (5.40.1-6) ...
<13>May 14 15:26:42 in-target: Setting up python3-chardet (5.2.0+dfsg-2) ...
<13>May 14 15:26:42 in-target: Setting up python3-certifi (2025.1.31+ds-1) ...
<13>May 14 15:26:42 in-target: Setting up dbus (1.16.2-2) ...
<13>May 14 15:26:43 in-target: Running in chroot, ignoring request.
<13>May 14 15:26:43 in-target: invoke-rc.d: policy-rc.d denied execution of start.
<13>May 14 15:26:43 in-target: Setting up wtmpdb (0.73.0-3+deb13u1) ...
<13>May 14 15:26:43 in-target: Created symlink '/etc/systemd/system/default.target.wants/wtmpdb-update-boot.service' → '/usr/lib/systemd/system/wtmpdb-update-boot.service'.
<13>May 14 15:26:43 in-target: Setting up libp11-kit0:amd64 (0.25.5-3) ...
<13>May 14 15:26:43 in-target: Setting up python3-idna (3.10-1) ...
<13>May 14 15:26:43 in-target: Setting up python3-urllib3 (2.3.0-3+deb13u1) ...
<13>May 14 15:26:43 in-target: Setting up xauth (1:1.1.2-1.1) ...
<13>May 14 15:26:43 in-target: Setting up groff-base (1.23.0-9) ...
<13>May 14 15:26:43 in-target: Setting up libpam-systemd:amd64 (257.9-1~deb13u1) ...
<13>May 14 15:26:43 in-target: Setting up bind9-host (1:9.20.21-1~deb13u1) ...
<13>May 14 15:26:43 in-target: Setting up libgnutls30t64:amd64 (3.8.9-3+deb13u2) ...
<13>May 14 15:26:44 in-target: Setting up iamerican (3.4.06-1) ...
<13>May 14 15:26:44 in-target: Setting up ibritish (3.4.06-1) ...
<13>May 14 15:26:44 in-target: Setting up wget (1.25.0-2) ...
<13>May 14 15:26:44 in-target: Setting up python3-debianbts (4.1.1) ...
<13>May 14 15:26:44 in-target: Setting up python3-apt (3.0.0) ...
<13>May 14 15:26:44 in-target: Setting up python3-charset-normalizer (3.4.2-1) ...
<13>May 14 15:26:44 in-target: Setting up python3-debconf (1.5.91) ...
<13>May 14 15:26:45 in-target: Setting up man-db (2.13.1-1) ...
<13>May 14 15:26:45 in-target: Building database of manual pages ...
<13>May 14 15:26:46 in-target: Created symlink '/etc/systemd/system/timers.target.wants/man-db.timer' → '/usr/lib/systemd/system/man-db.timer'.
<13>May 14 15:26:46 in-target: Setting up dbus-user-session (1.16.2-2) ...
<13>May 14 15:26:46 in-target: Setting up python3-debian (1.0.1) ...
<13>May 14 15:26:46 in-target: Setting up python3-requests (2.32.3+dfsg-5+deb13u1) ...
<13>May 14 15:26:46 in-target: Setting up apt-listchanges (4.8) ...
<13>May 14 15:26:47 in-target: Creating config file /etc/apt/listchanges.conf with new version
<13>May 14 15:26:47 in-target: Created symlink '/etc/systemd/system/timers.target.wants/apt-listchanges.timer' → '/usr/lib/systemd/system/apt-listchanges.timer'.
<13>May 14 15:26:47 in-target: Setting up bind9-dnsutils (1:9.20.21-1~deb13u1) ...
<13>May 14 15:26:47 in-target: Setting up python3-reportbug (13.2.0) ...
<13>May 14 15:26:47 in-target: Setting up reportbug (13.2.0) ...
<13>May 14 15:26:47 in-target: Processing triggers for systemd (257.9-1~deb13u1) ...
<13>May 14 15:26:47 in-target: Processing triggers for libc-bin (2.41-12+deb13u1) ...
<13>May 14 15:26:47 in-target: Processing triggers for dictionaries-common (1.30.10) ...
<13>May 14 15:26:48 in-target: ispell-autobuildhash: Processing 'american' dict.
<13>May 14 15:26:48 in-target: ispell-autobuildhash: Processing 'british' dict.
<13>May 14 15:26:48 in-target: Processing triggers for ca-certificates (20250419) ...
<13>May 14 15:26:48 in-target: Updating certificates in /etc/ssl/certs...
<13>May 14 15:26:49 in-target: 0 added, 0 removed; done.
<13>May 14 15:26:49 in-target: Running hooks in /etc/ca-certificates/update.d...
<13>May 14 15:26:49 in-target: done.
<13>May 14 15:26:49 pkgsel: installing additional packages
<13>May 14 15:26:49 /bin/in-target: warning: /target/etc/mtab won't be updated since it is a symlink.
<13>May 14 15:26:49 in-target: Reading package lists...
<13>May 14 15:26:50 in-target: 
<13>May 14 15:26:50 in-target: Building dependency tree...
<13>May 14 15:26:50 in-target: 
<13>May 14 15:26:50 in-target: Reading state information...
<13>May 14 15:26:50 in-target: 
<13>May 14 15:26:50 in-target: wget is already the newest version (1.25.0-2).
<13>May 14 15:26:50 in-target: The following additional packages will be installed:
<13>May 14 15:26:50 in-target:   dirmngr gnupg-l10n gnupg-utils gpg gpg-agent gpg-wks-client gpgconf gpgsm
<13>May 14 15:26:50 in-target:   gpgv libassuan9 libbrotli1 libcurl4t64 libgcrypt20 libgpg-error-l10n
<13>May 14 15:26:50 in-target:   libgpg-error0 libksba8 libldap-common libldap2 libnghttp3-9 libnpth0t64
<13>May 14 15:26:50 in-target:   librtmp1 libsasl2-2 libsasl2-modules libsasl2-modules-db libssh2-1t64
<13>May 14 15:26:50 in-target:   libwrap0 openssh-sftp-server pinentry-curses runit-helper
<13>May 14 15:26:50 in-target: Suggested packages:
<13>May 14 15:26:50 in-target:   pinentry-gnome3 tor gpg-wks-server parcimonie xloadimage scdaemon tpm2daemon
<13>May 14 15:26:50 in-target:   rng-tools libsasl2-modules-gssapi-mit | libsasl2-modules-gssapi-heimdal
<13>May 14 15:26:50 in-target:   libsasl2-modules-ldap libsasl2-modules-otp libsasl2-modules-sql molly-guard
<13>May 14 15:26:50 in-target:   monkeysphere ssh-askpass ufw pinentry-doc
<13>May 14 15:26:50 in-target: The following NEW packages will be installed:
<13>May 14 15:26:50 in-target:   curl dirmngr gnupg gnupg-l10n gnupg-utils gpg gpg-agent gpg-wks-client
<13>May 14 15:26:50 in-target:   gpgconf gpgsm gpgv libassuan9 libbrotli1 libcurl4t64 libgcrypt20
<13>May 14 15:26:50 in-target:   libgpg-error-l10n libgpg-error0 libksba8 libldap-common libldap2
<13>May 14 15:26:50 in-target:   libnghttp3-9 libnpth0t64 librtmp1 libsasl2-2 libsasl2-modules
<13>May 14 15:26:50 in-target:   libsasl2-modules-db libssh2-1t64 libwrap0 openssh-server openssh-sftp-server
<13>May 14 15:26:50 in-target:   pinentry-curses runit-helper sudo
<13>May 14 15:26:50 in-target: 0 upgraded, 33 newly installed, 0 to remove and 21 not upgraded.
<13>May 14 15:26:50 in-target: Need to get 6,024 kB/9,278 kB of archives.
<13>May 14 15:26:50 in-target: After this operation, 30.5 MB of additional disk space will be used.
<13>May 14 15:26:50 in-target: Get:1 http://security.debian.org/debian-security trixie-security/main amd64 openssh-sftp-server amd64 1:10.0p1-7+deb13u2 [65.3 kB]
<13>May 14 15:26:50 in-target: Get:2 http://deb.debian.org/debian trixie/main amd64 sudo amd64 1.9.16p2-3+deb13u1 [2,087 kB]
<13>May 14 15:26:50 in-target: Get:3 http://security.debian.org/debian-security trixie-security/main amd64 openssh-server amd64 1:10.0p1-7+deb13u2 [602 kB]
<13>May 14 15:26:50 in-target: Get:4 http://deb.debian.org/debian trixie/main amd64 libnghttp3-9 amd64 1.8.0-1 [67.7 kB]
<13>May 14 15:26:50 in-target: Get:5 http://deb.debian.org/debian trixie/main amd64 librtmp1 amd64 2.4+20151223.gitfa8646d.1-2+b5 [58.8 kB]
<13>May 14 15:26:50 in-target: Get:6 http://deb.debian.org/debian trixie/main amd64 libssh2-1t64 amd64 1.11.1-1 [245 kB]
<13>May 14 15:26:50 in-target: Get:7 http://deb.debian.org/debian trixie/main amd64 libcurl4t64 amd64 8.14.1-2+deb13u2 [391 kB]
<13>May 14 15:26:50 in-target: Get:8 http://deb.debian.org/debian trixie/main amd64 curl amd64 8.14.1-2+deb13u2 [270 kB]
<13>May 14 15:26:50 in-target: Get:9 http://deb.debian.org/debian trixie/main amd64 gpgconf amd64 2.4.7-21+deb13u1+b2 [129 kB]
<13>May 14 15:26:50 in-target: Get:10 http://deb.debian.org/debian trixie/main amd64 dirmngr amd64 2.4.7-21+deb13u1+b2 [384 kB]
<13>May 14 15:26:50 in-target: Get:11 http://deb.debian.org/debian trixie/main amd64 gpg amd64 2.4.7-21+deb13u1+b2 [635 kB]
<13>May 14 15:26:50 in-target: Get:12 http://deb.debian.org/debian trixie/main amd64 gpg-agent amd64 2.4.7-21+deb13u1+b2 [271 kB]
<13>May 14 15:26:50 in-target: Get:13 http://deb.debian.org/debian trixie/main amd64 gpgsm amd64 2.4.7-21+deb13u1+b2 [276 kB]
<13>May 14 15:26:50 in-target: Get:14 http://deb.debian.org/debian trixie/main amd64 gpg-wks-client amd64 2.4.7-21+deb13u1+b2 [109 kB]
<13>May 14 15:26:50 in-target: Get:15 http://deb.debian.org/debian trixie/main amd64 gpgv amd64 2.4.7-21+deb13u1+b2 [241 kB]
<13>May 14 15:26:50 in-target: Get:16 http://deb.debian.org/debian trixie/main amd64 gnupg-utils amd64 2.4.7-21+deb13u1+b2 [194 kB]
<13>May 14 15:26:50 in-target: Get:17 cdrom://[Debian GNU/Linux 13.3.0 _Trixie_ - Official amd64 NETINST with firmware 20260110-10:59] trixie/main amd64 runit-helper all 2.16.4 [7,296 B]
<13>May 14 15:26:50 in-target: Get:18 cdrom://[Debian GNU/Linux 13.3.0 _Trixie_ - Official amd64 NETINST with firmware 20260110-10:59] trixie/main amd64 libwrap0 amd64 7.6.q-36 [55.3 kB]
<13>May 14 15:26:50 in-target: Get:19 cdrom://[Debian GNU/Linux 13.3.0 _Trixie_ - Official amd64 NETINST with firmware 20260110-10:59] trixie/main amd64 libbrotli1 amd64 1.1.0-2+b7 [307 kB]
<13>May 14 15:26:51 in-target: Get:20 cdrom://[Debian GNU/Linux 13.3.0 _Trixie_ - Official amd64 NETINST with firmware 20260110-10:59] trixie/main amd64 libsasl2-modules-db amd64 2.1.28+dfsg1-9 [19.8 kB]
<13>May 14 15:26:51 in-target: Get:21 cdrom://[Debian GNU/Linux 13.3.0 _Trixie_ - Official amd64 NETINST with firmware 20260110-10:59] trixie/main amd64 libsasl2-2 amd64 2.1.28+dfsg1-9 [57.5 kB]
<13>May 14 15:26:51 in-target: Get:22 cdrom://[Debian GNU/Linux 13.3.0 _Trixie_ - Official amd64 NETINST with firmware 20260110-10:59] trixie/main amd64 libldap2 amd64 2.6.10+dfsg-1 [194 kB]
<13>May 14 15:26:51 in-target: Get:23 cdrom://[Debian GNU/Linux 13.3.0 _Trixie_ - Official amd64 NETINST with firmware 20260110-10:59] trixie/main amd64 libgpg-error0 amd64 1.51-4 [82.1 kB]
<13>May 14 15:26:51 in-target: Get:24 cdrom://[Debian GNU/Linux 13.3.0 _Trixie_ - Official amd64 NETINST with firmware 20260110-10:59] trixie/main amd64 libassuan9 amd64 3.0.2-2 [61.5 kB]
<13>May 14 15:26:51 in-target: Get:25 cdrom://[Debian GNU/Linux 13.3.0 _Trixie_ - Official amd64 NETINST with firmware 20260110-10:59] trixie/main amd64 libgcrypt20 amd64 1.11.0-7 [843 kB]
<13>May 14 15:26:51 in-target: Get:26 cdrom://[Debian GNU/Linux 13.3.0 _Trixie_ - Official amd64 NETINST with firmware 20260110-10:59] trixie/main amd64 libksba8 amd64 1.6.7-2+b1 [136 kB]
<13>May 14 15:26:51 in-target: Get:27 cdrom://[Debian GNU/Linux 13.3.0 _Trixie_ - Official amd64 NETINST with firmware 20260110-10:59] trixie/main amd64 libnpth0t64 amd64 1.8-3 [23.2 kB]
<13>May 14 15:26:51 in-target: Get:28 cdrom://[Debian GNU/Linux 13.3.0 _Trixie_ - Official amd64 NETINST with firmware 20260110-10:59] trixie/main amd64 gnupg-l10n all 2.4.7-21+deb13u1 [749 kB]
<13>May 14 15:26:51 in-target: Get:29 cdrom://[Debian GNU/Linux 13.3.0 _Trixie_ - Official amd64 NETINST with firmware 20260110-10:59] trixie/main amd64 pinentry-curses amd64 1.3.1-2 [86.4 kB]
<13>May 14 15:26:51 in-target: Get:30 cdrom://[Debian GNU/Linux 13.3.0 _Trixie_ - Official amd64 NETINST with firmware 20260110-10:59] trixie/main amd64 gnupg all 2.4.7-21+deb13u1 [417 kB]
<13>May 14 15:26:51 in-target: Get:31 cdrom://[Debian GNU/Linux 13.3.0 _Trixie_ - Official amd64 NETINST with firmware 20260110-10:59] trixie/main amd64 libgpg-error-l10n all 1.51-4 [114 kB]
<13>May 14 15:26:51 in-target: Get:32 cdrom://[Debian GNU/Linux 13.3.0 _Trixie_ - Official amd64 NETINST with firmware 20260110-10:59] trixie/main amd64 libldap-common all 2.6.10+dfsg-1 [35.1 kB]
<13>May 14 15:26:51 in-target: Get:33 cdrom://[Debian GNU/Linux 13.3.0 _Trixie_ - Official amd64 NETINST with firmware 20260110-10:59] trixie/main amd64 libsasl2-modules amd64 2.1.28+dfsg1-9 [66.7 kB]
<13>May 14 15:26:52 in-target: Preconfiguring packages ...
<13>May 14 15:26:52 in-target: Fetched 6,024 kB in 1s (5,537 kB/s)
<13>May 14 15:26:52 in-target: Selecting previously unselected package openssh-sftp-server.
<13>May 14 15:26:52 in-target: (Reading database ... 
<13>May 14 15:26:52 in-target: (Reading database ... 5%(Reading database ... 10%(Reading database ... 15%(Reading database ... 20%(Reading database ... 25%(Reading database ... 30%(Reading database ... 35%(Reading database ... 40%(Reading database ... 45%(Reading database ... 50%(Reading database ... 55%(Reading database ... 60%(Reading database ... 65%
<13>May 14 15:26:52 in-target: (Reading database ... 70%
<13>May 14 15:26:52 in-target: (Reading database ... 75%
<13>May 14 15:26:52 in-target: (Reading database ... 80%
<13>May 14 15:26:52 in-target: (Reading database ... 85%
<13>May 14 15:26:52 in-target: (Reading database ... 90%
<13>May 14 15:26:52 in-target: (Reading database ... 95%
<13>May 14 15:26:52 in-target: (Reading database ... 100%(Reading database ... 28891 files and directories currently installed.)
<13>May 14 15:26:52 in-target: Preparing to unpack .../00-openssh-sftp-server_1%3a10.0p1-7+deb13u2_amd64.deb ...
<13>May 14 15:26:52 in-target: Unpacking openssh-sftp-server (1:10.0p1-7+deb13u2) ...
<13>May 14 15:26:52 in-target: Selecting previously unselected package runit-helper.
<13>May 14 15:26:52 in-target: Preparing to unpack .../01-runit-helper_2.16.4_all.deb ...
<13>May 14 15:26:52 in-target: Unpacking runit-helper (2.16.4) ...
<13>May 14 15:26:52 in-target: Selecting previously unselected package libwrap0:amd64.
<13>May 14 15:26:52 in-target: Preparing to unpack .../02-libwrap0_7.6.q-36_amd64.deb ...
<13>May 14 15:26:52 in-target: Unpacking libwrap0:amd64 (7.6.q-36) ...
<13>May 14 15:26:52 in-target: Selecting previously unselected package openssh-server.
<13>May 14 15:26:52 in-target: Preparing to unpack .../03-openssh-server_1%3a10.0p1-7+deb13u2_amd64.deb ...
<13>May 14 15:26:52 in-target: Unpacking openssh-server (1:10.0p1-7+deb13u2) ...
<13>May 14 15:26:52 in-target: Selecting previously unselected package sudo.
<13>May 14 15:26:52 in-target: Preparing to unpack .../04-sudo_1.9.16p2-3+deb13u1_amd64.deb ...
<13>May 14 15:26:52 in-target: Unpacking sudo (1.9.16p2-3+deb13u1) ...
<13>May 14 15:26:52 in-target: Selecting previously unselected package libbrotli1:amd64.
<13>May 14 15:26:52 in-target: Preparing to unpack .../05-libbrotli1_1.1.0-2+b7_amd64.deb ...
<13>May 14 15:26:52 in-target: Unpacking libbrotli1:amd64 (1.1.0-2+b7) ...
<13>May 14 15:26:52 in-target: Selecting previously unselected package libsasl2-modules-db:amd64.
<13>May 14 15:26:52 in-target: Preparing to unpack .../06-libsasl2-modules-db_2.1.28+dfsg1-9_amd64.deb ...
<13>May 14 15:26:52 in-target: Unpacking libsasl2-modules-db:amd64 (2.1.28+dfsg1-9) ...
<13>May 14 15:26:52 in-target: Selecting previously unselected package libsasl2-2:amd64.
<13>May 14 15:26:52 in-target: Preparing to unpack .../07-libsasl2-2_2.1.28+dfsg1-9_amd64.deb ...
<13>May 14 15:26:52 in-target: Unpacking libsasl2-2:amd64 (2.1.28+dfsg1-9) ...
<13>May 14 15:26:52 in-target: Selecting previously unselected package libldap2:amd64.
<13>May 14 15:26:52 in-target: Preparing to unpack .../08-libldap2_2.6.10+dfsg-1_amd64.deb ...
<13>May 14 15:26:52 in-target: Unpacking libldap2:amd64 (2.6.10+dfsg-1) ...
<13>May 14 15:26:52 in-target: Selecting previously unselected package libnghttp3-9:amd64.
<13>May 14 15:26:52 in-target: Preparing to unpack .../09-libnghttp3-9_1.8.0-1_amd64.deb ...
<13>May 14 15:26:52 in-target: Unpacking libnghttp3-9:amd64 (1.8.0-1) ...
<13>May 14 15:26:52 in-target: Selecting previously unselected package librtmp1:amd64.
<13>May 14 15:26:52 in-target: Preparing to unpack .../10-librtmp1_2.4+20151223.gitfa8646d.1-2+b5_amd64.deb ...
<13>May 14 15:26:52 in-target: Unpacking librtmp1:amd64 (2.4+20151223.gitfa8646d.1-2+b5) ...
<13>May 14 15:26:52 in-target: Selecting previously unselected package libssh2-1t64:amd64.
<13>May 14 15:26:52 in-target: Preparing to unpack .../11-libssh2-1t64_1.11.1-1_amd64.deb ...
<13>May 14 15:26:52 in-target: Unpacking libssh2-1t64:amd64 (1.11.1-1) ...
<13>May 14 15:26:52 in-target: Selecting previously unselected package libcurl4t64:amd64.
<13>May 14 15:26:52 in-target: Preparing to unpack .../12-libcurl4t64_8.14.1-2+deb13u2_amd64.deb ...
<13>May 14 15:26:52 in-target: Unpacking libcurl4t64:amd64 (8.14.1-2+deb13u2) ...
<13>May 14 15:26:52 in-target: Selecting previously unselected package curl.
<13>May 14 15:26:52 in-target: Preparing to unpack .../13-curl_8.14.1-2+deb13u2_amd64.deb ...
<13>May 14 15:26:52 in-target: Unpacking curl (8.14.1-2+deb13u2) ...
<13>May 14 15:26:53 in-target: Selecting previously unselected package libgpg-error0:amd64.
<13>May 14 15:26:53 in-target: Preparing to unpack .../14-libgpg-error0_1.51-4_amd64.deb ...
<13>May 14 15:26:53 in-target: Unpacking libgpg-error0:amd64 (1.51-4) ...
<13>May 14 15:26:53 in-target: Selecting previously unselected package libassuan9:amd64.
<13>May 14 15:26:53 in-target: Preparing to unpack .../15-libassuan9_3.0.2-2_amd64.deb ...
<13>May 14 15:26:53 in-target: Unpacking libassuan9:amd64 (3.0.2-2) ...
<13>May 14 15:26:53 in-target: Selecting previously unselected package libgcrypt20:amd64.
<13>May 14 15:26:53 in-target: Preparing to unpack .../16-libgcrypt20_1.11.0-7_amd64.deb ...
<13>May 14 15:26:53 in-target: Unpacking libgcrypt20:amd64 (1.11.0-7) ...
<13>May 14 15:26:53 in-target: Selecting previously unselected package gpgconf.
<13>May 14 15:26:53 in-target: Preparing to unpack .../17-gpgconf_2.4.7-21+deb13u1+b2_amd64.deb ...
<13>May 14 15:26:53 in-target: Unpacking gpgconf (2.4.7-21+deb13u1+b2) ...
<13>May 14 15:26:53 in-target: Selecting previously unselected package libksba8:amd64.
<13>May 14 15:26:53 in-target: Preparing to unpack .../18-libksba8_1.6.7-2+b1_amd64.deb ...
<13>May 14 15:26:53 in-target: Unpacking libksba8:amd64 (1.6.7-2+b1) ...
<13>May 14 15:26:53 in-target: Selecting previously unselected package libnpth0t64:amd64.
<13>May 14 15:26:53 in-target: Preparing to unpack .../19-libnpth0t64_1.8-3_amd64.deb ...
<13>May 14 15:26:53 in-target: Unpacking libnpth0t64:amd64 (1.8-3) ...
<13>May 14 15:26:53 in-target: Selecting previously unselected package dirmngr.
<13>May 14 15:26:53 in-target: Preparing to unpack .../20-dirmngr_2.4.7-21+deb13u1+b2_amd64.deb ...
<13>May 14 15:26:53 in-target: Unpacking dirmngr (2.4.7-21+deb13u1+b2) ...
<13>May 14 15:26:53 in-target: Selecting previously unselected package gnupg-l10n.
<13>May 14 15:26:53 in-target: Preparing to unpack .../21-gnupg-l10n_2.4.7-21+deb13u1_all.deb ...
<13>May 14 15:26:53 in-target: Unpacking gnupg-l10n (2.4.7-21+deb13u1) ...
<13>May 14 15:26:53 in-target: Selecting previously unselected package gpg.
<13>May 14 15:26:53 in-target: Preparing to unpack .../22-gpg_2.4.7-21+deb13u1+b2_amd64.deb ...
<13>May 14 15:26:53 in-target: Unpacking gpg (2.4.7-21+deb13u1+b2) ...
<13>May 14 15:26:53 in-target: Selecting previously unselected package pinentry-curses.
<13>May 14 15:26:53 in-target: Preparing to unpack .../23-pinentry-curses_1.3.1-2_amd64.deb ...
<13>May 14 15:26:53 in-target: Unpacking pinentry-curses (1.3.1-2) ...
<13>May 14 15:26:53 in-target: Selecting previously unselected package gpg-agent.
<13>May 14 15:26:53 in-target: Preparing to unpack .../24-gpg-agent_2.4.7-21+deb13u1+b2_amd64.deb ...
<13>May 14 15:26:53 in-target: Unpacking gpg-agent (2.4.7-21+deb13u1+b2) ...
<13>May 14 15:26:53 in-target: Selecting previously unselected package gpgsm.
<13>May 14 15:26:53 in-target: Preparing to unpack .../25-gpgsm_2.4.7-21+deb13u1+b2_amd64.deb ...
<13>May 14 15:26:53 in-target: Unpacking gpgsm (2.4.7-21+deb13u1+b2) ...
<13>May 14 15:26:53 in-target: Selecting previously unselected package gnupg.
<13>May 14 15:26:53 in-target: Preparing to unpack .../26-gnupg_2.4.7-21+deb13u1_all.deb ...
<13>May 14 15:26:53 in-target: Unpacking gnupg (2.4.7-21+deb13u1) ...
<13>May 14 15:26:53 in-target: Selecting previously unselected package gpg-wks-client.
<13>May 14 15:26:53 in-target: Preparing to unpack .../27-gpg-wks-client_2.4.7-21+deb13u1+b2_amd64.deb ...
<13>May 14 15:26:53 in-target: Unpacking gpg-wks-client (2.4.7-21+deb13u1+b2) ...
<13>May 14 15:26:53 in-target: Selecting previously unselected package gpgv.
<13>May 14 15:26:53 in-target: Preparing to unpack .../28-gpgv_2.4.7-21+deb13u1+b2_amd64.deb ...
<13>May 14 15:26:53 in-target: Unpacking gpgv (2.4.7-21+deb13u1+b2) ...
<13>May 14 15:26:54 in-target: Selecting previously unselected package libgpg-error-l10n.
<13>May 14 15:26:54 in-target: Preparing to unpack .../29-libgpg-error-l10n_1.51-4_all.deb ...
<13>May 14 15:26:54 in-target: Unpacking libgpg-error-l10n (1.51-4) ...
<13>May 14 15:26:54 in-target: Selecting previously unselected package libldap-common.
<13>May 14 15:26:54 in-target: Preparing to unpack .../30-libldap-common_2.6.10+dfsg-1_all.deb ...
<13>May 14 15:26:54 in-target: Unpacking libldap-common (2.6.10+dfsg-1) ...
<13>May 14 15:26:54 in-target: Selecting previously unselected package libsasl2-modules:amd64.
<13>May 14 15:26:54 in-target: Preparing to unpack .../31-libsasl2-modules_2.1.28+dfsg1-9_amd64.deb ...
<13>May 14 15:26:54 in-target: Unpacking libsasl2-modules:amd64 (2.1.28+dfsg1-9) ...
<13>May 14 15:26:54 in-target: Selecting previously unselected package gnupg-utils.
<13>May 14 15:26:54 in-target: Preparing to unpack .../32-gnupg-utils_2.4.7-21+deb13u1+b2_amd64.deb ...
<13>May 14 15:26:54 in-target: Unpacking gnupg-utils (2.4.7-21+deb13u1+b2) ...
<13>May 14 15:26:54 in-target: Setting up runit-helper (2.16.4) ...
<13>May 14 15:26:54 in-target: Setting up openssh-sftp-server (1:10.0p1-7+deb13u2) ...
<13>May 14 15:26:54 in-target: Setting up libnpth0t64:amd64 (1.8-3) ...
<13>May 14 15:26:54 in-target: Setting up libgpg-error0:amd64 (1.51-4) ...
<13>May 14 15:26:54 in-target: Setting up libbrotli1:amd64 (1.1.0-2+b7) ...
<13>May 14 15:26:54 in-target: Setting up libsasl2-modules:amd64 (2.1.28+dfsg1-9) ...
<13>May 14 15:26:54 in-target: Setting up libgcrypt20:amd64 (1.11.0-7) ...
<13>May 14 15:26:54 in-target: Setting up libldap-common (2.6.10+dfsg-1) ...
<13>May 14 15:26:54 in-target: Setting up libsasl2-modules-db:amd64 (2.1.28+dfsg1-9) ...
<13>May 14 15:26:54 in-target: Setting up libwrap0:amd64 (7.6.q-36) ...
<13>May 14 15:26:54 in-target: Setting up gnupg-l10n (2.4.7-21+deb13u1) ...
<13>May 14 15:26:54 in-target: Setting up librtmp1:amd64 (2.4+20151223.gitfa8646d.1-2+b5) ...
<13>May 14 15:26:54 in-target: Setting up sudo (1.9.16p2-3+deb13u1) ...
<13>May 14 15:26:54 in-target: Running in chroot, ignoring request.
<13>May 14 15:26:54 in-target: invoke-rc.d: policy-rc.d denied execution of start.
<13>May 14 15:26:54 in-target: Setting up libsasl2-2:amd64 (2.1.28+dfsg1-9) ...
<13>May 14 15:26:54 in-target: Setting up libnghttp3-9:amd64 (1.8.0-1) ...
<13>May 14 15:26:54 in-target: Setting up gpgv (2.4.7-21+deb13u1+b2) ...
<13>May 14 15:26:54 in-target: Setting up libassuan9:amd64 (3.0.2-2) ...
<13>May 14 15:26:54 in-target: Setting up gpgconf (2.4.7-21+deb13u1+b2) ...
<13>May 14 15:26:54 in-target: Setting up libssh2-1t64:amd64 (1.11.1-1) ...
<13>May 14 15:26:54 in-target: Setting up libgpg-error-l10n (1.51-4) ...
<13>May 14 15:26:54 in-target: Setting up libldap2:amd64 (2.6.10+dfsg-1) ...
<13>May 14 15:26:54 in-target: Setting up libksba8:amd64 (1.6.7-2+b1) ...
<13>May 14 15:26:54 in-target: Setting up pinentry-curses (1.3.1-2) ...
<13>May 14 15:26:54 in-target: Setting up gpg-agent (2.4.7-21+deb13u1+b2) ...
<13>May 14 15:26:54 in-target: Created symlink '/etc/systemd/user/sockets.target.wants/gpg-agent-browser.socket' → '/usr/lib/systemd/user/gpg-agent-browser.socket'.
<13>May 14 15:26:54 in-target: Created symlink '/etc/systemd/user/sockets.target.wants/gpg-agent-extra.socket' → '/usr/lib/systemd/user/gpg-agent-extra.socket'.
<13>May 14 15:26:55 in-target: Created symlink '/etc/systemd/user/sockets.target.wants/gpg-agent-ssh.socket' → '/usr/lib/systemd/user/gpg-agent-ssh.socket'.
<13>May 14 15:26:55 in-target: Created symlink '/etc/systemd/user/sockets.target.wants/gpg-agent.socket' → '/usr/lib/systemd/user/gpg-agent.socket'.
<13>May 14 15:26:55 in-target: Setting up openssh-server (1:10.0p1-7+deb13u2) ...
<13>May 14 15:26:55 in-target: Creating config file /etc/ssh/sshd_config with new version
<13>May 14 15:26:55 in-target: Creating SSH2 RSA key; this may take some time ...
<13>May 14 15:26:55 in-target: 
<13>May 14 15:26:55 in-target: 3072 SHA256:rd3aOm0euRIByIQ+7a/ILzYgRvy1s2IXFVC8S0p1gZY root@ayase-web-service-5 (RSA)
<13>May 14 15:26:55 in-target: Creating SSH2 ECDSA key; this may take some time ...
<13>May 14 15:26:55 in-target: 
<13>May 14 15:26:55 in-target: 256 SHA256:zCQNIBaviLblEVkZBfEsf5pHhKredg6bW+DsGtEycic root@ayase-web-service-5 (ECDSA)
<13>May 14 15:26:55 in-target: Creating SSH2 ED25519 key; this may take some time ...
<13>May 14 15:26:55 in-target: 
<13>May 14 15:26:55 in-target: 256 SHA256:pic8kWoFvHXKPcjKuSdAwB6MZbhj4haA6yG27Rxz4kY root@ayase-web-service-5 (ED25519)
<13>May 14 15:26:55 in-target: Creating user 'sshd' (sshd user) with UID 989 and GID 65534.
<13>May 14 15:26:55 in-target: runit: ssh: start action denied by policy-rc.d
<13>May 14 15:26:55 in-target: Running in chroot, ignoring request.
<13>May 14 15:26:55 in-target: invoke-rc.d: policy-rc.d denied execution of start.
<13>May 14 15:26:56 in-target: Created symlink '/etc/systemd/system/sshd.service' → '/usr/lib/systemd/system/ssh.service'.
<13>May 14 15:26:56 in-target: Created symlink '/etc/systemd/system/multi-user.target.wants/ssh.service' → '/usr/lib/systemd/system/ssh.service'.
<13>May 14 15:26:56 in-target: Created symlink '/etc/systemd/system/ssh.service.wants/sshd-keygen.service' → '/usr/lib/systemd/system/sshd-keygen.service'.
<13>May 14 15:26:56 in-target: Created symlink '/etc/systemd/system/sshd.service.wants/sshd-keygen.service' → '/usr/lib/systemd/system/sshd-keygen.service'.
<13>May 14 15:26:56 in-target: Created symlink '/etc/systemd/system/sshd@.service.wants/sshd-keygen.service' → '/usr/lib/systemd/system/sshd-keygen.service'.
<13>May 14 15:26:56 in-target: Created symlink '/etc/systemd/system/ssh.socket.wants/sshd-keygen.service' → '/usr/lib/systemd/system/sshd-keygen.service'.
<13>May 14 15:26:56 in-target: Setting up libcurl4t64:amd64 (8.14.1-2+deb13u2) ...
<13>May 14 15:26:56 in-target: Setting up gpgsm (2.4.7-21+deb13u1+b2) ...
<13>May 14 15:26:56 in-target: Setting up dirmngr (2.4.7-21+deb13u1+b2) ...
<13>May 14 15:26:56 in-target: Created symlink '/etc/systemd/user/sockets.target.wants/dirmngr.socket' → '/usr/lib/systemd/user/dirmngr.socket'.
<13>May 14 15:26:56 in-target: Setting up curl (8.14.1-2+deb13u2) ...
<13>May 14 15:26:56 in-target: Setting up gpg (2.4.7-21+deb13u1+b2) ...
<13>May 14 15:26:56 in-target: Created symlink '/etc/systemd/user/sockets.target.wants/keyboxd.socket' → '/usr/lib/systemd/user/keyboxd.socket'.
<13>May 14 15:26:56 in-target: Setting up gnupg-utils (2.4.7-21+deb13u1+b2) ...
<13>May 14 15:26:56 in-target: Setting up gpg-wks-client (2.4.7-21+deb13u1+b2) ...
<13>May 14 15:26:56 in-target: Setting up gnupg (2.4.7-21+deb13u1) ...
<13>May 14 15:26:56 in-target: Processing triggers for man-db (2.13.1-1) ...
<13>May 14 15:26:57 in-target: Processing triggers for libc-bin (2.41-12+deb13u1) ...
<13>May 14 15:26:57 pkgsel: finishing up
<13>May 14 15:26:58 depthcharge-tools-installer: Not installing to non-ChromeOS board.
<13>May 14 15:26:58 depthcharge-tools-installer: Not installing to non-ChromeOS board.
<13>May 14 15:26:58 grub-installer: info: architecture: amd64/efi
<13>May 14 15:26:58 grub-installer: info: Bind mounting /run into /target
<13>May 14 15:26:58 /bin/in-target: warning: /target/etc/mtab won't be updated since it is a symlink.
<13>May 14 15:26:58 in-target: Reading package lists...
<13>May 14 15:26:59 in-target: 
<13>May 14 15:26:59 in-target: Building dependency tree...
<13>May 14 15:26:59 in-target: 
<13>May 14 15:26:59 in-target: Reading state information...
<13>May 14 15:26:59 in-target: 
<13>May 14 15:26:59 in-target: The following additional packages will be installed:
<13>May 14 15:26:59 in-target:   libefiboot1t64 libefivar1t64 libfreetype6 libfuse3-4 libpng16-16t64
<13>May 14 15:26:59 in-target:   os-prober
<13>May 14 15:26:59 in-target: Suggested packages:
<13>May 14 15:26:59 in-target:   multiboot-doc grub-emu mtools xorriso desktop-base fuse3
<13>May 14 15:26:59 in-target: The following NEW packages will be installed:
<13>May 14 15:26:59 in-target:   grub-common libefiboot1t64 libefivar1t64 libfreetype6 libfuse3-4
<13>May 14 15:26:59 in-target:   libpng16-16t64 os-prober
<13>May 14 15:26:59 in-target: 0 upgraded, 7 newly installed, 0 to remove and 21 not upgraded.
<13>May 14 15:26:59 in-target: Need to get 3,634 kB/3,854 kB of archives.
<13>May 14 15:26:59 in-target: After this operation, 20.3 MB of additional disk space will be used.
<13>May 14 15:26:59 in-target: Get:1 http://security.debian.org/debian-security trixie-security/main amd64 libpng16-16t64 amd64 1.6.48-1+deb13u5 [283 kB]
<13>May 14 15:26:59 in-target: Get:2 http://deb.debian.org/debian trixie/main amd64 grub-common amd64 2.12-9+deb13u1 [2,899 kB]
<13>May 14 15:26:59 in-target: Get:3 http://security.debian.org/debian-security trixie-security/main amd64 libfreetype6 amd64 2.13.3+dfsg-1+deb13u1 [452 kB]
<13>May 14 15:27:00 in-target: Get:4 cdrom://[Debian GNU/Linux 13.3.0 _Trixie_ - Official amd64 NETINST with firmware 20260110-10:59] trixie/main amd64 libefivar1t64 amd64 38-3.1+b1 [58.5 kB]
<13>May 14 15:27:00 in-target: Get:5 cdrom://[Debian GNU/Linux 13.3.0 _Trixie_ - Official amd64 NETINST with firmware 20260110-10:59] trixie/main amd64 libefiboot1t64 amd64 38-3.1+b1 [43.9 kB]
<13>May 14 15:27:00 in-target: Get:6 cdrom://[Debian GNU/Linux 13.3.0 _Trixie_ - Official amd64 NETINST with firmware 20260110-10:59] trixie/main amd64 libfuse3-4 amd64 3.17.2-3 [98.7 kB]
<13>May 14 15:27:00 in-target: Get:7 cdrom://[Debian GNU/Linux 13.3.0 _Trixie_ - Official amd64 NETINST with firmware 20260110-10:59] trixie/main amd64 os-prober amd64 1.83 [18.4 kB]
<13>May 14 15:27:00 in-target: Fetched 3,634 kB in 1s (6,053 kB/s)
<13>May 14 15:27:00 in-target: Selecting previously unselected package libefivar1t64:amd64.
<13>May 14 15:27:00 in-target: (Reading database ... 
<13>May 14 15:27:00 in-target: (Reading database ... 5%(Reading database ... 10%(Reading database ... 15%(Reading database ... 20%(Reading database ... 25%(Reading database ... 30%(Reading database ... 35%(Reading database ... 40%(Reading database ... 45%(Reading database ... 50%(Reading database ... 55%(Reading database ... 60%
<13>May 14 15:27:00 in-target: (Reading database ... 65%
<13>May 14 15:27:00 in-target: (Reading database ... 70%
<13>May 14 15:27:00 in-target: (Reading database ... 75%
<13>May 14 15:27:00 in-target: (Reading database ... 80%
<13>May 14 15:27:00 in-target: (Reading database ... 85%
<13>May 14 15:27:00 in-target: (Reading database ... 90%
<13>May 14 15:27:00 in-target: (Reading database ... 95%
<13>May 14 15:27:00 in-target: (Reading database ... 100%(Reading database ... 29514 files and directories currently installed.)
<13>May 14 15:27:00 in-target: Preparing to unpack .../0-libefivar1t64_38-3.1+b1_amd64.deb ...
<13>May 14 15:27:00 in-target: Unpacking libefivar1t64:amd64 (38-3.1+b1) ...
<13>May 14 15:27:00 in-target: Selecting previously unselected package libefiboot1t64:amd64.
<13>May 14 15:27:00 in-target: Preparing to unpack .../1-libefiboot1t64_38-3.1+b1_amd64.deb ...
<13>May 14 15:27:00 in-target: Unpacking libefiboot1t64:amd64 (38-3.1+b1) ...
<13>May 14 15:27:00 in-target: Selecting previously unselected package libpng16-16t64:amd64.
<13>May 14 15:27:00 in-target: Preparing to unpack .../2-libpng16-16t64_1.6.48-1+deb13u5_amd64.deb ...
<13>May 14 15:27:00 in-target: Unpacking libpng16-16t64:amd64 (1.6.48-1+deb13u5) ...
<13>May 14 15:27:01 in-target: Selecting previously unselected package libfreetype6:amd64.
<13>May 14 15:27:01 in-target: Preparing to unpack .../3-libfreetype6_2.13.3+dfsg-1+deb13u1_amd64.deb ...
<13>May 14 15:27:01 in-target: Unpacking libfreetype6:amd64 (2.13.3+dfsg-1+deb13u1) ...
<13>May 14 15:27:01 in-target: Selecting previously unselected package libfuse3-4:amd64.
<13>May 14 15:27:01 in-target: Preparing to unpack .../4-libfuse3-4_3.17.2-3_amd64.deb ...
<13>May 14 15:27:01 in-target: Unpacking libfuse3-4:amd64 (3.17.2-3) ...
<13>May 14 15:27:01 in-target: Selecting previously unselected package grub-common.
<13>May 14 15:27:01 in-target: Preparing to unpack .../5-grub-common_2.12-9+deb13u1_amd64.deb ...
<13>May 14 15:27:01 in-target: Unpacking grub-common (2.12-9+deb13u1) ...
<13>May 14 15:27:01 in-target: Selecting previously unselected package os-prober.
<13>May 14 15:27:01 in-target: Preparing to unpack .../6-os-prober_1.83_amd64.deb ...
<13>May 14 15:27:01 in-target: Unpacking os-prober (1.83) ...
<13>May 14 15:27:01 in-target: Setting up libefivar1t64:amd64 (38-3.1+b1) ...
<13>May 14 15:27:01 in-target: Setting up libpng16-16t64:amd64 (1.6.48-1+deb13u5) ...
<13>May 14 15:27:01 in-target: Setting up libefiboot1t64:amd64 (38-3.1+b1) ...
<13>May 14 15:27:01 in-target: Setting up libfuse3-4:amd64 (3.17.2-3) ...
<13>May 14 15:27:01 in-target: Setting up libfreetype6:amd64 (2.13.3+dfsg-1+deb13u1) ...
<13>May 14 15:27:01 in-target: Setting up grub-common (2.12-9+deb13u1) ...
<13>May 14 15:27:01 in-target: Created symlink '/etc/systemd/system/multi-user.target.wants/grub-common.service' → '/usr/lib/systemd/system/grub-common.service'.
<13>May 14 15:27:01 in-target: Created symlink '/etc/systemd/system/suspend.target.wants/grub-common.service' → '/usr/lib/systemd/system/grub-common.service'.
<13>May 14 15:27:01 in-target: Created symlink '/etc/systemd/system/hibernate.target.wants/grub-common.service' → '/usr/lib/systemd/system/grub-common.service'.
<13>May 14 15:27:01 in-target: Created symlink '/etc/systemd/system/hybrid-sleep.target.wants/grub-common.service' → '/usr/lib/systemd/system/grub-common.service'.
<13>May 14 15:27:01 in-target: Created symlink '/etc/systemd/system/suspend-then-hibernate.target.wants/grub-common.service' → '/usr/lib/systemd/system/grub-common.service'.
<13>May 14 15:27:01 in-target: Setting up os-prober (1.83) ...
<13>May 14 15:27:01 in-target: Processing triggers for man-db (2.13.1-1) ...
<13>May 14 15:27:02 in-target: Processing triggers for libc-bin (2.41-12+deb13u1) ...
<13>May 14 15:27:02 /bin/in-target: warning: /target/etc/mtab won't be updated since it is a symlink.
<13>May 14 15:27:02 in-target: Reading package lists...
<13>May 14 15:27:02 in-target: 
<13>May 14 15:27:02 in-target: Building dependency tree...
<13>May 14 15:27:03 in-target: 
<13>May 14 15:27:03 in-target: Reading state information...
<13>May 14 15:27:03 in-target: 
<13>May 14 15:27:03 in-target: grub-common is already the newest version (2.12-9+deb13u1).
<13>May 14 15:27:03 in-target: 0 upgraded, 0 newly installed, 0 to remove and 21 not upgraded.
<13>May 14 15:27:03 grub-installer: info: Identified partition label for /dev/nvme0n1p2: gpt
<13>May 14 15:27:03 grub-installer: Success mounting /target/sys
<13>May 14 15:27:03 grub-installer: Success mounting /target/sys/firmware/efi/efivars
<13>May 14 15:27:03 grub-installer: info: Checking removable media path /target/boot/efi/EFI/BOOT/BOOTX64.EFI
<13>May 14 15:27:03 grub-installer: info: YES on force-efi-extra-removable
<13>May 14 15:27:03 grub-installer: dpkg: warning: ignoring request to remove grub which isn't installed
<13>May 14 15:27:03 grub-installer: dpkg: warning: ignoring request to remove grub-legacy which isn't installed
<13>May 14 15:27:03 grub-installer: dpkg: warning: ignoring request to remove grub-pc-bin which isn't installed
<13>May 14 15:27:03 grub-installer: dpkg: warning: ignoring request to remove grub-pc which isn't installed
<13>May 14 15:27:04 /bin/in-target: warning: /target/etc/mtab won't be updated since it is a symlink.
<13>May 14 15:27:04 in-target: Reading package lists...
<13>May 14 15:27:04 in-target: 
<13>May 14 15:27:04 in-target: Building dependency tree...
<13>May 14 15:27:04 in-target: 
<13>May 14 15:27:04 in-target: Reading state information...
<13>May 14 15:27:04 in-target: 
<13>May 14 15:27:04 in-target: os-prober is already the newest version (1.83).
<13>May 14 15:27:04 in-target: os-prober set to manually installed.
<13>May 14 15:27:04 in-target: 0 upgraded, 0 newly installed, 0 to remove and 21 not upgraded.
<13>May 14 15:27:05 anna-install: Installing ext2-modules
<13>May 14 15:27:05 anna-install: Installing ext3-modules
<13>May 14 15:27:05 anna-install: Installing ext4-modules
<13>May 14 15:27:05 anna-install: Installing xfs-modules
<13>May 14 15:27:05 anna-install: Installing jfs-modules
<13>May 14 15:27:05 anna-install: Installing msdos-modules
<13>May 14 15:27:05 os-prober: unknown udeb msdos-modules
<13>May 14 15:27:05 anna-install: Installing vfat-modules
<13>May 14 15:27:05 os-prober: unknown udeb vfat-modules
<13>May 14 15:27:05 anna-install: Installing ntfs-modules
<13>May 14 15:27:05 os-prober: unknown udeb ntfs-modules
<13>May 14 15:27:05 anna-install: Installing minix-modules
<13>May 14 15:27:05 os-prober: unknown udeb minix-modules
<13>May 14 15:27:05 anna-install: Installing hfs-modules
<13>May 14 15:27:05 os-prober: unknown udeb hfs-modules
<13>May 14 15:27:05 anna-install: Installing hfsplus-modules
<13>May 14 15:27:05 os-prober: unknown udeb hfsplus-modules
<13>May 14 15:27:05 anna-install: Installing qnx4-modules
<13>May 14 15:27:05 os-prober: unknown udeb qnx4-modules
<13>May 14 15:27:05 anna-install: Installing ufs-modules
<13>May 14 15:27:05 os-prober: unknown udeb ufs-modules
<13>May 14 15:27:05 anna-install: Installing btrfs-modules
<13>May 14 15:27:05 anna-install: Installing fuse-modules
<13>May 14 15:27:05 os-prober: unknown udeb fuse-modules
<13>May 14 15:27:05 anna-install: Installing fs-core-modules
<13>May 14 15:27:05 os-prober: unknown udeb fs-core-modules
<13>May 14 15:27:05 anna-install: Installing fs-secondary-modules
<13>May 14 15:27:05 os-prober: unknown udeb fs-secondary-modules
<13>May 14 15:27:08 os-prober: debug: running /usr/lib/os-probes/mounted/05efi on mounted /dev/nvme0n1p1
<13>May 14 15:27:08 05efi: debug: /dev/nvme0n1p1 is a FAT32 partition
<13>May 14 15:27:08 05efi: debug: /dev/nvme0n1p1 partition scheme is gpt
<13>May 14 15:27:08 05efi: debug: /dev/nvme0n1p1 partition type is c12a7328-f81f-11d2-ba4b-00a0c93ec93b
<13>May 14 15:27:08 05efi: debug: running subtest /usr/lib/os-probes/mounted/efi/10elilo
<13>May 14 15:27:08 05efi: debug: running subtest /usr/lib/os-probes/mounted/efi/20microsoft
<13>May 14 15:27:08 os-prober: debug: running /usr/lib/os-probes/mounted/10freedos on mounted /dev/nvme0n1p1
<13>May 14 15:27:08 10freedos: debug: /dev/nvme0n1p1 is a FAT32 partition
<13>May 14 15:27:08 os-prober: debug: running /usr/lib/os-probes/mounted/10qnx on mounted /dev/nvme0n1p1
<13>May 14 15:27:08 10qnx: debug: /dev/nvme0n1p1 is not a QNX4 partition: exiting
<13>May 14 15:27:08 os-prober: debug: running /usr/lib/os-probes/mounted/20macosx on mounted /dev/nvme0n1p1
<13>May 14 15:27:08 macosx-prober: debug: /dev/nvme0n1p1 is not an HFS+ partition: exiting
<13>May 14 15:27:08 os-prober: debug: running /usr/lib/os-probes/mounted/20microsoft on mounted /dev/nvme0n1p1
<13>May 14 15:27:08 20microsoft: debug: Skipping legacy bootloaders on UEFI system
<13>May 14 15:27:08 os-prober: debug: running /usr/lib/os-probes/mounted/30utility on mounted /dev/nvme0n1p1
<13>May 14 15:27:08 30utility: debug: /dev/nvme0n1p1 is a FAT32 partition
<13>May 14 15:27:08 os-prober: debug: running /usr/lib/os-probes/mounted/40lsb on mounted /dev/nvme0n1p1
<13>May 14 15:27:08 os-prober: debug: running /usr/lib/os-probes/mounted/70hurd on mounted /dev/nvme0n1p1
<13>May 14 15:27:08 os-prober: debug: running /usr/lib/os-probes/mounted/80minix on mounted /dev/nvme0n1p1
<13>May 14 15:27:08 os-prober: debug: running /usr/lib/os-probes/mounted/83haiku on mounted /dev/nvme0n1p1
<13>May 14 15:27:08 83haiku: debug: /dev/nvme0n1p1 is not a BeFS partition: exiting
<13>May 14 15:27:08 os-prober: debug: running /usr/lib/os-probes/mounted/90linux-distro on mounted /dev/nvme0n1p1
<13>May 14 15:27:08 os-prober: debug: running /usr/lib/os-probes/mounted/90solaris on mounted /dev/nvme0n1p1
<13>May 14 15:27:08 os-prober: debug: running /usr/lib/os-probes/50mounted-tests on /dev/nvme0n1p3
<13>May 14 15:27:08 50mounted-tests: debug: /dev/nvme0n1p3 is an LVM member; skipping
<13>May 14 15:27:08 os-prober: debug: os detected by /usr/lib/os-probes/50mounted-tests
<13>May 14 15:27:08 os-prober: debug: running /usr/lib/os-probes/50mounted-tests on /dev/sda1
<13>May 14 15:27:08 os-prober: debug: running /usr/lib/os-probes/50mounted-tests on /dev/sda9
<13>May 14 15:27:08 50mounted-tests: debug: /dev/sda9 type not recognised; skipping
<13>May 14 15:27:08 os-prober: debug: os detected by /usr/lib/os-probes/50mounted-tests
<13>May 14 15:27:08 os-prober: debug: running /usr/lib/os-probes/50mounted-tests on /dev/sdb1
<13>May 14 15:27:08 os-prober: debug: running /usr/lib/os-probes/50mounted-tests on /dev/sdb9
<13>May 14 15:27:08 50mounted-tests: debug: /dev/sdb9 type not recognised; skipping
<13>May 14 15:27:08 os-prober: debug: os detected by /usr/lib/os-probes/50mounted-tests
<13>May 14 15:27:08 os-prober: debug: running /usr/lib/os-probes/50mounted-tests on /dev/sdc1
<13>May 14 15:27:08 os-prober: debug: running /usr/lib/os-probes/50mounted-tests on /dev/sdc9
<13>May 14 15:27:08 50mounted-tests: debug: /dev/sdc9 type not recognised; skipping
<13>May 14 15:27:08 os-prober: debug: os detected by /usr/lib/os-probes/50mounted-tests
<13>May 14 15:27:08 os-prober: debug: running /usr/lib/os-probes/50mounted-tests on /dev/sdd1
<13>May 14 15:27:08 os-prober: debug: running /usr/lib/os-probes/50mounted-tests on /dev/sdd9
<13>May 14 15:27:08 50mounted-tests: debug: /dev/sdd9 type not recognised; skipping
<13>May 14 15:27:08 os-prober: debug: os detected by /usr/lib/os-probes/50mounted-tests
<13>May 14 15:27:08 os-prober: debug: running /usr/lib/os-probes/mounted/05efi on mounted /dev/mapper/ayase--web--service--5--vg-root
<13>May 14 15:27:08 05efi: debug: /dev/mapper/ayase--web--service--5--vg-root is ext4 partition: exiting
<13>May 14 15:27:08 os-prober: debug: running /usr/lib/os-probes/mounted/10freedos on mounted /dev/mapper/ayase--web--service--5--vg-root
<13>May 14 15:27:08 10freedos: debug: /dev/mapper/ayase--web--service--5--vg-root is not a FAT partition: exiting
<13>May 14 15:27:08 os-prober: debug: running /usr/lib/os-probes/mounted/10qnx on mounted /dev/mapper/ayase--web--service--5--vg-root
<13>May 14 15:27:08 10qnx: debug: /dev/mapper/ayase--web--service--5--vg-root is not a QNX4 partition: exiting
<13>May 14 15:27:08 os-prober: debug: running /usr/lib/os-probes/mounted/20macosx on mounted /dev/mapper/ayase--web--service--5--vg-root
<13>May 14 15:27:08 macosx-prober: debug: /dev/mapper/ayase--web--service--5--vg-root is not an HFS+ partition: exiting
<13>May 14 15:27:08 os-prober: debug: running /usr/lib/os-probes/mounted/20microsoft on mounted /dev/mapper/ayase--web--service--5--vg-root
<13>May 14 15:27:08 20microsoft: debug: Skipping legacy bootloaders on UEFI system
<13>May 14 15:27:08 os-prober: debug: running /usr/lib/os-probes/mounted/30utility on mounted /dev/mapper/ayase--web--service--5--vg-root
<13>May 14 15:27:08 30utility: debug: /dev/mapper/ayase--web--service--5--vg-root is not a FAT partition: exiting
<13>May 14 15:27:08 os-prober: debug: running /usr/lib/os-probes/mounted/40lsb on mounted /dev/mapper/ayase--web--service--5--vg-root
<13>May 14 15:27:08 os-prober: debug: running /usr/lib/os-probes/mounted/70hurd on mounted /dev/mapper/ayase--web--service--5--vg-root
<13>May 14 15:27:08 os-prober: debug: running /usr/lib/os-probes/mounted/80minix on mounted /dev/mapper/ayase--web--service--5--vg-root
<13>May 14 15:27:08 os-prober: debug: running /usr/lib/os-probes/mounted/83haiku on mounted /dev/mapper/ayase--web--service--5--vg-root
<13>May 14 15:27:08 83haiku: debug: /dev/mapper/ayase--web--service--5--vg-root is not a BeFS partition: exiting
<13>May 14 15:27:08 os-prober: debug: running /usr/lib/os-probes/mounted/90linux-distro on mounted /dev/mapper/ayase--web--service--5--vg-root
<13>May 14 15:27:08 os-prober: debug: running /usr/lib/os-probes/mounted/90solaris on mounted /dev/mapper/ayase--web--service--5--vg-root
<13>May 14 15:27:08 os-prober: debug: /dev/mapper/ayase--web--service--5--vg-swap_1: is active swap
<13>May 14 15:27:08 grub-installer: info: initial os-prober call found the following OSes:
<13>May 14 15:27:08 grub-installer: info: 
<13>May 14 15:27:08 grub-installer: info: Found NO other OSes, triggering question about os-prober, default no
<13>May 14 15:27:09 /bin/in-target: warning: /target/etc/mtab won't be updated since it is a symlink.
<13>May 14 15:27:09 in-target: Reading package lists...
<13>May 14 15:27:09 in-target: 
<13>May 14 15:27:09 in-target: Building dependency tree...
<13>May 14 15:27:09 in-target: 
<13>May 14 15:27:09 in-target: Reading state information...
<13>May 14 15:27:09 in-target: 
<13>May 14 15:27:09 in-target: The following additional packages will be installed:
<13>May 14 15:27:09 in-target:   efibootmgr grub-efi-amd64-bin grub-efi-amd64-signed grub-efi-amd64-unsigned
<13>May 14 15:27:09 in-target:   grub2-common mokutil shim-helpers-amd64-signed shim-signed
<13>May 14 15:27:09 in-target:   shim-signed-common shim-unsigned
<13>May 14 15:27:09 in-target: The following NEW packages will be installed:
<13>May 14 15:27:09 in-target:   efibootmgr grub-efi-amd64 grub-efi-amd64-bin grub-efi-amd64-signed
<13>May 14 15:27:09 in-target:   grub-efi-amd64-unsigned grub2-common mokutil shim-helpers-amd64-signed
<13>May 14 15:27:09 in-target:   shim-signed shim-signed-common shim-unsigned
<13>May 14 15:27:09 in-target: 0 upgraded, 11 newly installed, 0 to remove and 21 not upgraded.
<13>May 14 15:27:09 in-target: Need to get 4,467 kB/5,609 kB of archives.
<13>May 14 15:27:09 in-target: After this operation, 28.5 MB of additional disk space will be used.
<13>May 14 15:27:09 in-target: Get:1 http://deb.debian.org/debian trixie/main amd64 grub-efi-amd64-unsigned amd64 2.12-9+deb13u1 [1,361 kB]
<13>May 14 15:27:09 in-target: Get:2 http://deb.debian.org/debian trixie/main amd64 grub-efi-amd64-bin amd64 2.12-9+deb13u1 [1,054 kB]
<13>May 14 15:27:09 in-target: Get:3 http://deb.debian.org/debian trixie/main amd64 grub2-common amd64 2.12-9+deb13u1 [641 kB]
<13>May 14 15:27:09 in-target: Get:4 http://deb.debian.org/debian trixie/main amd64 grub-efi-amd64 amd64 2.12-9+deb13u1 [46.7 kB]
<13>May 14 15:27:09 in-target: Get:5 http://deb.debian.org/debian trixie/main amd64 grub-efi-amd64-signed amd64 1+2.12+9+deb13u1 [1,364 kB]
<13>May 14 15:27:10 in-target: Get:6 cdrom://[Debian GNU/Linux 13.3.0 _Trixie_ - Official amd64 NETINST with firmware 20260110-10:59] trixie/main amd64 efibootmgr amd64 18-2 [30.2 kB]
<13>May 14 15:27:10 in-target: Get:7 cdrom://[Debian GNU/Linux 13.3.0 _Trixie_ - Official amd64 NETINST with firmware 20260110-10:59] trixie/main amd64 mokutil amd64 0.7.2-1 [26.7 kB]
<13>May 14 15:27:10 in-target: Get:8 cdrom://[Debian GNU/Linux 13.3.0 _Trixie_ - Official amd64 NETINST with firmware 20260110-10:59] trixie/main amd64 shim-unsigned amd64 15.8-1 [440 kB]
<13>May 14 15:27:10 in-target: Get:9 cdrom://[Debian GNU/Linux 13.3.0 _Trixie_ - Official amd64 NETINST with firmware 20260110-10:59] trixie/main amd64 shim-helpers-amd64-signed amd64 1+15.8+1 [301 kB]
<13>May 14 15:27:10 in-target: Get:10 cdrom://[Debian GNU/Linux 13.3.0 _Trixie_ - Official amd64 NETINST with firmware 20260110-10:59] trixie/main amd64 shim-signed-common all 1.47+15.8-1 [15.2 kB]
<13>May 14 15:27:10 in-target: Get:11 cdrom://[Debian GNU/Linux 13.3.0 _Trixie_ - Official amd64 NETINST with firmware 20260110-10:59] trixie/main amd64 shim-signed amd64 1.47+15.8-1 [329 kB]
<13>May 14 15:27:10 in-target: Preconfiguring packages ...
<13>May 14 15:27:10 in-target: Fetched 4,467 kB in 1s (6,526 kB/s)
<13>May 14 15:27:10 in-target: Selecting previously unselected package efibootmgr.
<13>May 14 15:27:10 in-target: (Reading database ... 
<13>May 14 15:27:10 in-target: (Reading database ... 5%(Reading database ... 10%(Reading database ... 15%(Reading database ... 20%(Reading database ... 25%(Reading database ... 30%(Reading database ... 35%(Reading database ... 40%(Reading database ... 45%(Reading database ... 50%(Reading database ... 55%(Reading database ... 60%(Reading database ... 65%
<13>May 14 15:27:10 in-target: (Reading database ... 70%
<13>May 14 15:27:10 in-target: (Reading database ... 75%
<13>May 14 15:27:10 in-target: (Reading database ... 80%
<13>May 14 15:27:10 in-target: (Reading database ... 85%
<13>May 14 15:27:10 in-target: (Reading database ... 90%
<13>May 14 15:27:10 in-target: (Reading database ... 95%
<13>May 14 15:27:10 in-target: (Reading database ... 100%(Reading database ... 29745 files and directories currently installed.)
<13>May 14 15:27:10 in-target: Preparing to unpack .../00-efibootmgr_18-2_amd64.deb ...
<13>May 14 15:27:10 in-target: Unpacking efibootmgr (18-2) ...
<13>May 14 15:27:10 in-target: Selecting previously unselected package grub-efi-amd64-unsigned.
<13>May 14 15:27:10 in-target: Preparing to unpack .../01-grub-efi-amd64-unsigned_2.12-9+deb13u1_amd64.deb ...
<13>May 14 15:27:10 in-target: Unpacking grub-efi-amd64-unsigned (2.12-9+deb13u1) ...
<13>May 14 15:27:11 in-target: Selecting previously unselected package grub-efi-amd64-bin.
<13>May 14 15:27:11 in-target: Preparing to unpack .../02-grub-efi-amd64-bin_2.12-9+deb13u1_amd64.deb ...
<13>May 14 15:27:11 in-target: Unpacking grub-efi-amd64-bin (2.12-9+deb13u1) ...
<13>May 14 15:27:11 in-target: Selecting previously unselected package grub2-common.
<13>May 14 15:27:11 in-target: Preparing to unpack .../03-grub2-common_2.12-9+deb13u1_amd64.deb ...
<13>May 14 15:27:11 in-target: Unpacking grub2-common (2.12-9+deb13u1) ...
<13>May 14 15:27:11 in-target: Selecting previously unselected package grub-efi-amd64.
<13>May 14 15:27:11 in-target: Preparing to unpack .../04-grub-efi-amd64_2.12-9+deb13u1_amd64.deb ...
<13>May 14 15:27:11 in-target: Unpacking grub-efi-amd64 (2.12-9+deb13u1) ...
<13>May 14 15:27:11 in-target: Selecting previously unselected package grub-efi-amd64-signed.
<13>May 14 15:27:11 in-target: Preparing to unpack .../05-grub-efi-amd64-signed_1+2.12+9+deb13u1_amd64.deb ...
<13>May 14 15:27:11 in-target: Unpacking grub-efi-amd64-signed (1+2.12+9+deb13u1) ...
<13>May 14 15:27:11 in-target: Selecting previously unselected package mokutil.
<13>May 14 15:27:11 in-target: Preparing to unpack .../06-mokutil_0.7.2-1_amd64.deb ...
<13>May 14 15:27:11 in-target: Unpacking mokutil (0.7.2-1) ...
<13>May 14 15:27:11 in-target: Selecting previously unselected package shim-unsigned:amd64.
<13>May 14 15:27:11 in-target: Preparing to unpack .../07-shim-unsigned_15.8-1_amd64.deb ...
<13>May 14 15:27:11 in-target: Unpacking shim-unsigned:amd64 (15.8-1) ...
<13>May 14 15:27:11 in-target: Selecting previously unselected package shim-helpers-amd64-signed.
<13>May 14 15:27:11 in-target: Preparing to unpack .../08-shim-helpers-amd64-signed_1+15.8+1_amd64.deb ...
<13>May 14 15:27:11 in-target: Unpacking shim-helpers-amd64-signed (1+15.8+1) ...
<13>May 14 15:27:11 in-target: Selecting previously unselected package shim-signed-common.
<13>May 14 15:27:11 in-target: Preparing to unpack .../09-shim-signed-common_1.47+15.8-1_all.deb ...
<13>May 14 15:27:11 in-target: Unpacking shim-signed-common (1.47+15.8-1) ...
<13>May 14 15:27:11 in-target: Selecting previously unselected package shim-signed:amd64.
<13>May 14 15:27:11 in-target: Preparing to unpack .../10-shim-signed_1.47+15.8-1_amd64.deb ...
<13>May 14 15:27:11 in-target: Unpacking shim-signed:amd64 (1.47+15.8-1) ...
<13>May 14 15:27:11 in-target: Setting up efibootmgr (18-2) ...
<13>May 14 15:27:11 in-target: Setting up mokutil (0.7.2-1) ...
<13>May 14 15:27:11 in-target: Setting up grub-efi-amd64-signed (1+2.12+9+deb13u1) ...
<13>May 14 15:27:11 in-target: Setting up grub-efi-amd64-unsigned (2.12-9+deb13u1) ...
<13>May 14 15:27:11 in-target: Setting up grub2-common (2.12-9+deb13u1) ...
<13>May 14 15:27:11 in-target: Setting up shim-signed-common (1.47+15.8-1) ...
<13>May 14 15:27:11 in-target: No DKMS packages installed: not changing Secure Boot validation state.
<13>May 14 15:27:12 in-target: Setting up grub-efi-amd64-bin (2.12-9+deb13u1) ...
<13>May 14 15:27:12 in-target: Setting up shim-unsigned:amd64 (15.8-1) ...
<13>May 14 15:27:12 in-target: Setting up grub-efi-amd64 (2.12-9+deb13u1) ...
<13>May 14 15:27:12 in-target: Creating config file /etc/default/grub with new version
<13>May 14 15:27:12 in-target: Setting up shim-helpers-amd64-signed (1+15.8+1) ...
<13>May 14 15:27:12 in-target: Installing for x86_64-efi platform.
<13>May 14 15:27:13 in-target: Installation finished. No error reported.
<13>May 14 15:27:13 in-target: Setting up shim-signed:amd64 (1.47+15.8-1) ...
<13>May 14 15:27:13 in-target: Installing for x86_64-efi platform.
<13>May 14 15:27:13 in-target: Installation finished. No error reported.
<13>May 14 15:27:13 in-target: No DKMS packages installed: not changing Secure Boot validation state.
<13>May 14 15:27:13 in-target: Processing triggers for man-db (2.13.1-1) ...
<13>May 14 15:27:14 grub-installer: info: Additionally installing shim-signed to go with grub-efi-amd64
<13>May 14 15:27:15 /bin/in-target: warning: /target/etc/mtab won't be updated since it is a symlink.
<13>May 14 15:27:15 in-target: Reading package lists...
<13>May 14 15:27:15 in-target: 
<13>May 14 15:27:15 in-target: Building dependency tree...
<13>May 14 15:27:15 in-target: 
<13>May 14 15:27:15 in-target: Reading state information...
<13>May 14 15:27:15 in-target: 
<13>May 14 15:27:15 in-target: shim-signed is already the newest version (1.47+15.8-1).
<13>May 14 15:27:15 in-target: shim-signed set to manually installed.
<13>May 14 15:27:15 in-target: 0 upgraded, 0 newly installed, 0 to remove and 21 not upgraded.
<13>May 14 15:27:16 grub-installer: info: Installing grub on '/dev/nvme0n1'
<13>May 14 15:27:16 grub-installer: info: Running chroot /target grub-install  --force-extra-removable --force "/dev/nvme0n1"
<13>May 14 15:27:16 grub-installer: Installing for x86_64-efi platform.
<13>May 14 15:27:16 grub-installer: Installation finished. No error reported.
<13>May 14 15:27:16 grub-installer: info: Dumping boot loader configuration with efibootgmr
<13>May 14 15:27:16 efibootmgr: BootCurrent: 000C
<13>May 14 15:27:16 efibootmgr: Timeout: 1 seconds
<13>May 14 15:27:16 efibootmgr: BootOrder: 000D,000C,000B,0002,0001,0003
<13>May 14 15:27:16 efibootmgr: Boot0001* Hard Drive	BBS(HD,,0x0)/VenHw(5ce8128b-2cec-40f0-8372-80640e3dc858,0200)0000474f00004e4fbb0000000100000085005300540035003000300044004d003000300032002d003100420044003100340032000000050109000200000000010416008b12e85cec2cf040837280640e3dc85802007fff040002010c00d041030a0000000001010600001703120a000000ffff00007fff040001043e00ef47642dc93ba041ac194d51d01b4ce620002000200020002000200020002000200020002000200033005a00370054004c0044003800440000007fff04000000424f00004e4fc30000000100000085005700440043002000570044003500300030003000410041004b0053002d003000300056003100410030000000050109000200000000010416008b12e85cec2cf040837280640e3dc85802007fff040002010c00d041030a0000000001010600001703120a000100ffff00007fff040001043e00ef47642dc93ba041ac194d51d01b4ce62000200020002000570020002d00440043005700570041003300460030003800350034003300350000007fff04000000424f00004e4fbb0000000100000085005300540035003000300044004d003000300032002d003100420044003100340032000000050109000200000000010416008b12e85cec2
<13>May 14 15:27:16 efibootmgr: 002010c00d041030a0000000001010600001703120a000200ffff00007fff040001043e00ef47642dc93ba041ac194d51d01b4ce6200020002000200020002000200020002000200020002000320053004e004100380038003800580000007fff04000000424f00004e4fbb0000000100000085005300540035003000300044004d003000300032002d003100420044003100340032000000050109000200000000010416008b12e85cec2cf040837280640e3dc85802007fff040002010c00d041030a0000000001010600001703120a000300ffff00007fff040001043e00ef47642dc93ba041ac194d51d01b4ce620002000200020002000200020002000200020002000200036005a0038004500560030004800470000007fff04000000424f
<13>May 14 15:27:16 efibootmgr:       dp: 05 01 09 00 02 00 00 00 00 / 01 04 16 00 8b 12 e8 5c ec 2c f0 40 83 72 80 64 0e 3d c8 58 02 00 / 7f ff 04 00
<13>May 14 15:27:16 efibootmgr:     data: 00 00 47 4f 00 00 4e 4f bb 00 00 00 01 00 00 00 85 00 53 00 54 00 35 00 30 00 30 00 44 00 4d 00 30 00 30 00 32 00 2d 00 31 00 42 00 44 00 31 00 34 00 32 00 00 00 05 01 09 00 02 00 00 00 00 01 04 16 00 8b 12 e8 5c ec 2c f0 40 83 72 80 64 0e 3d c8 58 02 00 7f ff 04 00 02 01 0c 00 d0 41 03 0a 00 00 00 00 01 01 06 00 00 17 03 12 0a 00 00 00 ff ff 00 00 7f ff 04 00 01 04 3e 00 ef 47 64 2d c9 3b a0 41 ac 19 4d 51 d0 1b 4c e6 20 00 20 00 20 00 20 00 20 00 20 00 20 00 20 00 20 00 20 00 20 00 20 00 33 00 5a 00 37 00 54 00 4c 00 44 00 38 00 44 00 00 00 7f ff 04 00 00 00 42 4f 00 00 4e 4f c3 00 00 00 01 00 00 00 85 00 57 00 44 00 43 00 20 00 57 00 44 00 35 00 30 00 30 00 30 00 41 00 41 00 4b 00 53 00 2d 00 30 00 30 00 56 00 31 00 41 00 30 00 00 00 05 01 09 00 02 00 00 00 00 01 04 16 00 8b 12 e8 5c ec 2c f0 40 83 72 80 64 0e 3d c8 58 02 00 7f ff 04 00 02 01 0c 00 d0 41 03 0a 00 00 00 00 01 01 06 00 00 17 03 12 0a 00 01 00 ff ff 00 00 7f ff 04 00 01 04 3e 00 ef 47 64 2d c9 3b a0 
<13>May 14 15:27:16 efibootmgr:  20 00 20 00 20 00 57 00 20 00 2d 00 44 00 43 00 57 00 57 00 41 00 33 00 46 00 30 00 38 00 35 00 34 00 33 00 35 00 00 00 7f ff 04 00 00 00 42 4f 00 00 4e 4f bb 00 00 00 01 00 00 00 85 00 53 00 54 00 35 00 30 00 30 00 44 00 4d 00 30 00 30 00 32 00 2d 00 31 00 42 00 44 00 31 00 34 00 32 00 00 00 05 01 09 00 02 00 00 00 00 01 04 16 00 8b 12 e8 5c ec 2c f0 40 83 72 80 64 0e 3d c8 58 02 00 7f ff 04 00 02 01 0c 00 d0 41 03 0a 00 00 00 00 01 01 06 00 00 17 03 12 0a 00 02 00 ff ff 00 00 7f ff 04 00 01 04 3e 00 ef 47 64 2d c9 3b a0 41 ac 19 4d 51 d0 1b 4c e6 20 00 20 00 20 00 20 00 20 00 20 00 20 00 20 00 20 00 20 00 20 00 20 00 32 00 53 00 4e 00 41 00 38 00 38 00 38 00 58 00 00 00 7f ff 04 00 00 00 42 4f 00 00 4e 4f bb 00 00 00 01 00 00 00 85 00 53 00 54 00 35 00 30 00 30 00 44 00 4d 00 30 00 30 00 32 00 2d 00 31 00 42 00 44 00 31 00 34 00 32 00 00 00 05 01 09 00 02 00 00 00 00 01 04 16 00 8b 12 e8 5c ec 2c f0 40 83 72 80 64 0e 3d c8 58 02 00 7f ff 04 00 02 01 0c 00 d0 41 03 0a 00 00 
<13>May 14 15:27:16 efibootmgr:  00 03 00 ff ff 00 00 7f ff 04 00 01 04 3e 00 ef 47 64 2d c9 3b a0 41 ac 19 4d 51 d0 1b 4c e6 20 00 20 00 20 00 20 00 20 00 20 00 20 00 20 00 20 00 20 00 20 00 20 00 36 00 5a 00 38 00 45 00 56 00 30 00 48 00 47 00 00 00 7f ff 04 00 00 00 42 4f
<13>May 14 15:27:16 efibootmgr: Boot0002* Network Card	BBS(Network,,0x0)/VenHw(5ce8128b-2cec-40f0-8372-80640e3dc858,0600)0000474f00004e4fd7000000010000008f004900420041002000340030002d00310030004700200053006c006f007400200031003800300030002000760031003000360030000000050109000600000000010416008b12e85cec2cf040837280640e3dc85806007fff040001041a00ae84b11df581724e85442bab0c2cac5c1800000200007fff040001044a00ef47642dc93ba041ac194d51d01b4ce64900420041002000340030002d00310030004700200053006c006f0074002000310038003000300020007600310030003600300000007fff04000000424f00004e4feb00000001000000990046006c006500780042006f006f0074002000760033002e0034002e00370034003600200028005000430049002000380036003a00300030002e00300029000000050109000600000000010416008b12e85cec2cf040837280640e3dc85806007fff040001041a00ae84b11df581724e85442bab0c2cac5c8600000280007fff040001045400ef47642dc93ba041ac194d51d01b4ce646006c006500780042006f006f0074002000760033002e0034002e00370034003600200028005000430049002000380036003a00300030002e003000290000007fff040000
<13>May 14 15:27:16 efibootmgr:       dp: 05 01 09 00 06 00 00 00 00 / 01 04 16 00 8b 12 e8 5c ec 2c f0 40 83 72 80 64 0e 3d c8 58 06 00 / 7f ff 04 00
<13>May 14 15:27:16 efibootmgr:     data: 00 00 47 4f 00 00 4e 4f d7 00 00 00 01 00 00 00 8f 00 49 00 42 00 41 00 20 00 34 00 30 00 2d 00 31 00 30 00 47 00 20 00 53 00 6c 00 6f 00 74 00 20 00 31 00 38 00 30 00 30 00 20 00 76 00 31 00 30 00 36 00 30 00 00 00 05 01 09 00 06 00 00 00 00 01 04 16 00 8b 12 e8 5c ec 2c f0 40 83 72 80 64 0e 3d c8 58 06 00 7f ff 04 00 01 04 1a 00 ae 84 b1 1d f5 81 72 4e 85 44 2b ab 0c 2c ac 5c 18 00 00 02 00 00 7f ff 04 00 01 04 4a 00 ef 47 64 2d c9 3b a0 41 ac 19 4d 51 d0 1b 4c e6 49 00 42 00 41 00 20 00 34 00 30 00 2d 00 31 00 30 00 47 00 20 00 53 00 6c 00 6f 00 74 00 20 00 31 00 38 00 30 00 30 00 20 00 76 00 31 00 30 00 36 00 30 00 00 00 7f ff 04 00 00 00 42 4f 00 00 4e 4f eb 00 00 00 01 00 00 00 99 00 46 00 6c 00 65 00 78 00 42 00 6f 00 6f 00 74 00 20 00 76 00 33 00 2e 00 34 00 2e 00 37 00 34 00 36 00 20 00 28 00 50 00 43 00 49 00 20 00 38 00 36 00 3a 00 30 00 30 00 2e 00 30 00 29 00 00 00 05 01 09 00 06 00 00 00 00 01 04 16 00 8b 12 e8 5c ec 2c f0 40 83 72 80 64 0e 3d c8 58 06 
<13>May 14 15:27:16 efibootmgr:  b1 1d f5 81 72 4e 85 44 2b ab 0c 2c ac 5c 86 00 00 02 80 00 7f ff 04 00 01 04 54 00 ef 47 64 2d c9 3b a0 41 ac 19 4d 51 d0 1b 4c e6 46 00 6c 00 65 00 78 00 42 00 6f 00 6f 00 74 00 20 00 76 00 33 00 2e 00 34 00 2e 00 37 00 34 00 36 00 20 00 28 00 50 00 43 00 49 00 20 00 38 00 36 00 3a 00 30 00 30 00 2e 00 30 00 29 00 00 00 7f ff 04 00 00 00 42 4f
<13>May 14 15:27:16 efibootmgr: Boot0003* UEFI: Built-in EFI Shell	VenMedia(5023b95c-db26-429b-a648-bd47664c8012)0000424f
<13>May 14 15:27:16 efibootmgr:       dp: 04 03 14 00 5c b9 23 50 26 db 9b 42 a6 48 bd 47 66 4c 80 12 / 7f ff 04 00
<13>May 14 15:27:16 efibootmgr:     data: 00 00 42 4f
<13>May 14 15:27:16 efibootmgr: Boot000B* USB CD	BBS(CDROM,,0x0)/VenHw(5ce8128b-2cec-40f0-8372-80640e3dc858,0a00)0000474f00004e4fcf000000010000008d004100540045004e0020005600690072007400750061006c0020004300440052004f004d0020005900530030004a000000050109000300000000010416008b12e85cec2cf040837280640e3dc8580a007fff040002010c00d041030a000000000101060000140305060006000305060001007fff040001044400ef47642dc93ba041ac194d51d01b4ce64100540045004e0020005600690072007400750061006c0020004300440052004f004d0020005900530030004a0000007fff04000000424f
<13>May 14 15:27:16 efibootmgr:       dp: 05 01 09 00 03 00 00 00 00 / 01 04 16 00 8b 12 e8 5c ec 2c f0 40 83 72 80 64 0e 3d c8 58 0a 00 / 7f ff 04 00
<13>May 14 15:27:16 efibootmgr:     data: 00 00 47 4f 00 00 4e 4f cf 00 00 00 01 00 00 00 8d 00 41 00 54 00 45 00 4e 00 20 00 56 00 69 00 72 00 74 00 75 00 61 00 6c 00 20 00 43 00 44 00 52 00 4f 00 4d 00 20 00 59 00 53 00 30 00 4a 00 00 00 05 01 09 00 03 00 00 00 00 01 04 16 00 8b 12 e8 5c ec 2c f0 40 83 72 80 64 0e 3d c8 58 0a 00 7f ff 04 00 02 01 0c 00 d0 41 03 0a 00 00 00 00 01 01 06 00 00 14 03 05 06 00 06 00 03 05 06 00 01 00 7f ff 04 00 01 04 44 00 ef 47 64 2d c9 3b a0 41 ac 19 4d 51 d0 1b 4c e6 41 00 54 00 45 00 4e 00 20 00 56 00 69 00 72 00 74 00 75 00 61 00 6c 00 20 00 43 00 44 00 52 00 4f 00 4d 00 20 00 59 00 53 00 30 00 4a 00 00 00 7f ff 04 00 00 00 42 4f
<13>May 14 15:27:16 efibootmgr: Boot000C* UEFI: ATEN Virtual CDROM YS0J	PciRoot(0x0)/Pci(0x14,0x0)/USB(6,0)/USB(1,0)/CDROM(1,0x5db74,0x59e0)0000424f
<13>May 14 15:27:16 efibootmgr:       dp: 02 01 0c 00 d0 41 03 0a 00 00 00 00 / 01 01 06 00 00 14 / 03 05 06 00 06 00 / 03 05 06 00 01 00 / 04 02 18 00 01 00 00 00 74 db 05 00 00 00 00 00 e0 59 00 00 00 00 00 00 / 7f ff 04 00
<13>May 14 15:27:16 efibootmgr:     data: 00 00 42 4f
<13>May 14 15:27:16 efibootmgr: Boot000D* debian	HD(1,GPT,c54b32d0-26b9-42f4-9c6c-812d082b3703,0x800,0x1e8000)/File(\EFI\debian\shimx64.efi)
<13>May 14 15:27:16 efibootmgr:       dp: 04 01 2a 00 01 00 00 00 00 08 00 00 00 00 00 00 00 80 1e 00 00 00 00 00 d0 32 4b c5 b9 26 f4 42 9c 6c 81 2d 08 2b 37 03 02 02 / 04 04 34 00 5c 00 45 00 46 00 49 00 5c 00 64 00 65 00 62 00 69 00 61 00 6e 00 5c 00 73 00 68 00 69 00 6d 00 78 00 36 00 34 00 2e 00 65 00 66 00 69 00 00 00 / 7f ff 04 00
<13>May 14 15:27:16 efibootmgr: MirrorStatus: Platform does not support address range mirror
<13>May 14 15:27:16 efibootmgr: DesiredMirroredPercentageAbove4G: 0.00
<13>May 14 15:27:16 efibootmgr: DesiredMirrorMemoryBelow4GB: false
<13>May 14 15:27:16 grub-installer: info: grub-install ran successfully
<13>May 14 15:27:16 /bin/in-target: warning: /target/etc/mtab won't be updated since it is a symlink.
<13>May 14 15:27:20 /bin/in-target: warning: /target/etc/mtab won't be updated since it is a symlink.
<13>May 14 15:27:22 depthcharge-tools-installer: Not installing to non-ChromeOS board.
<13>May 14 15:27:22 depthcharge-tools-installer: Not installing to non-ChromeOS board.
<13>May 14 15:27:22 finish-install: info: Running /usr/lib/finish-install.d/01kickseed
<13>May 14 15:27:22 finish-install: info: Running /usr/lib/finish-install.d/05localechooser
<13>May 14 15:27:22 finish-install: info: Running /usr/lib/finish-install.d/06user-setup
<13>May 14 15:27:22 user-setup: Shadow passwords are now on.
<85>May 15 00:27:22 chpasswd[2354]: pam_unix(chpasswd:chauthtok): password changed for root
<14>May 15 00:27:22 adduser[2363]: Adding user `debian' ...
<14>May 15 00:27:22 adduser[2363]: Selecting UID/GID from range 1000 to 59999 ...
<14>May 15 00:27:22 adduser[2363]: Adding new group `debian' (1000) ...
<86>May 15 00:27:22 groupadd[2367]: group added to /etc/group: name=debian, GID=1000
<86>May 15 00:27:22 groupadd[2367]: group added to /etc/gshadow: name=debian
<86>May 15 00:27:22 groupadd[2367]: new group: name=debian, GID=1000
<14>May 15 00:27:22 adduser[2363]: Adding new user `debian' (1000) with group `debian (1000)' ...
<86>May 15 00:27:22 useradd[2372]: new user: name=debian, UID=1000, GID=1000, home=/home/debian, shell=/bin/bash, from=none
<14>May 15 00:27:22 adduser[2363]: Creating home directory `/home/debian' ...
<14>May 15 00:27:22 adduser[2363]: Copying files from `/etc/skel' ...
<14>May 15 00:27:22 adduser[2363]: Adding new user `debian' to supplemental / extra groups `users' ...
<14>May 15 00:27:22 adduser[2363]: Adding user `debian' to group `users' ...
<86>May 15 00:27:22 gpasswd[2388]: members of group users set by root to debian
<86>May 15 00:27:22 chfn[2393]: changed user 'debian' information
<85>May 15 00:27:22 chpasswd[2400]: pam_unix(chpasswd:chauthtok): password changed for debian
<14>May 15 00:27:22 adduser[2406]: Adding user `debian' to group `audio' ...
<86>May 15 00:27:22 usermod[2408]: add 'debian' to group 'audio'
<86>May 15 00:27:22 usermod[2408]: add 'debian' to shadow group 'audio'
<14>May 15 00:27:22 adduser[2414]: Adding user `debian' to group `cdrom' ...
<86>May 15 00:27:22 usermod[2416]: add 'debian' to group 'cdrom'
<86>May 15 00:27:22 usermod[2416]: add 'debian' to shadow group 'cdrom'
<14>May 15 00:27:22 adduser[2422]: Adding user `debian' to group `dip' ...
<86>May 15 00:27:22 usermod[2424]: add 'debian' to group 'dip'
<86>May 15 00:27:22 usermod[2424]: add 'debian' to shadow group 'dip'
<14>May 15 00:27:22 adduser[2430]: Adding user `debian' to group `floppy' ...
<86>May 15 00:27:22 usermod[2432]: add 'debian' to group 'floppy'
<86>May 15 00:27:22 usermod[2432]: add 'debian' to shadow group 'floppy'
<14>May 15 00:27:22 adduser[2438]: Adding user `debian' to group `video' ...
<86>May 15 00:27:22 usermod[2440]: add 'debian' to group 'video'
<86>May 15 00:27:22 usermod[2440]: add 'debian' to shadow group 'video'
<14>May 15 00:27:23 adduser[2446]: Adding user `debian' to group `plugdev' ...
<86>May 15 00:27:23 usermod[2448]: add 'debian' to group 'plugdev'
<86>May 15 00:27:23 usermod[2448]: add 'debian' to shadow group 'plugdev'
<14>May 15 00:27:23 adduser[2454]: Adding user `debian' to group `netdev' ...
<86>May 15 00:27:23 usermod[2456]: add 'debian' to group 'netdev'
<86>May 15 00:27:23 usermod[2456]: add 'debian' to shadow group 'netdev'
<14>May 15 00:27:23 adduser[2462]: Adding user `debian' to group `sudo' ...
<86>May 15 00:27:23 usermod[2464]: add 'debian' to group 'sudo'
<86>May 15 00:27:23 usermod[2464]: add 'debian' to shadow group 'sudo'
<13>May 14 15:27:23 finish-install: info: Running /usr/lib/finish-install.d/07brltty
<13>May 14 15:27:23 finish-install: info: Running /usr/lib/finish-install.d/07preseed
<13>May 14 15:27:23 preseed: running preseed command preseed/late_command: echo "fs0:\\efi\\debian\\shimx64.efi" > /target/boot/efi/startup.nsh; in-target sed -i "s/^#*PermitRootLogin.*/PermitRootLogin yes/" /etc/ssh/sshd_config; in-target mkdir -p /root/.ssh; in-target chmod 700 /root/.ssh; echo "ssh-ed25519 AAAAC3NzaC1lZDI1NTE5AAAAINfVLOT6++E/NIqudZJrBwl/a0/TWFVYxX+100fyALLy bench-vm" > /target/root/.ssh/authorized_keys; in-target chmod 600 /root/.ssh/authorized_keys; echo "debian ALL=(ALL) NOPASSWD: ALL" > /target/etc/sudoers.d/debian; in-target chmod 0440 /etc/sudoers.d/debian; in-target sed -i "/^[[:space:]]*gateway[[:space:]]\\+10.10.10.1[[:space:]]*\$/d" /etc/network/interfaces; echo 'source /etc/network/interfaces.d/*' > /target/etc/network/interfaces; echo '' >> /target/etc/network/interfaces; echo 'auto lo' >> /target/etc/network/interfaces; echo 'iface lo inet loopback' >> /target/etc/network/interfaces; echo '' >> /target/etc/network/interfaces; echo 'auto eno2np1' >> /target/etc/network/interfac
<13>May 14 15:27:23 /bin/in-target: warning: /target/etc/mtab won't be updated since it is a symlink.
<13>May 14 15:27:23 /bin/in-target: warning: /target/etc/mtab won't be updated since it is a symlink.
<13>May 14 15:27:23 /bin/in-target: warning: /target/etc/mtab won't be updated since it is a symlink.
<13>May 14 15:27:23 /bin/in-target: warning: /target/etc/mtab won't be updated since it is a symlink.
<13>May 14 15:27:24 /bin/in-target: warning: /target/etc/mtab won't be updated since it is a symlink.
<13>May 14 15:27:24 /bin/in-target: warning: /target/etc/mtab won't be updated since it is a symlink.
<13>May 14 15:27:24 finish-install: info: Running /usr/lib/finish-install.d/07rootskel
<13>May 14 15:27:24 finish-install: info: Running /usr/lib/finish-install.d/07speakup
<13>May 14 15:27:24 finish-install: info: Running /usr/lib/finish-install.d/08hw-detect
<13>May 14 15:27:24 hw-detect: detected virtualization 'none' (with systemd-detect-virt)
<13>May 14 15:27:24 hw-detect: installing intel-microcode
<13>May 14 15:27:24 /bin/in-target: warning: /target/etc/mtab won't be updated since it is a symlink.
<13>May 14 15:27:24 in-target: Reading package lists...
<13>May 14 15:27:24 in-target: 
<13>May 14 15:27:24 in-target: Building dependency tree...
<13>May 14 15:27:24 in-target: 
<13>May 14 15:27:24 in-target: Reading state information...
<13>May 14 15:27:24 in-target: 
<13>May 14 15:27:24 in-target: The following additional packages will be installed:
<13>May 14 15:27:24 in-target:   iucode-tool
<13>May 14 15:27:25 in-target: The following NEW packages will be installed:
<13>May 14 15:27:25 in-target:   intel-microcode iucode-tool
<13>May 14 15:27:25 in-target: 0 upgraded, 2 newly installed, 0 to remove and 21 not upgraded.
<13>May 14 15:27:25 in-target: Need to get 0 B/12.9 MB of archives.
<13>May 14 15:27:25 in-target: After this operation, 21.5 MB of additional disk space will be used.
<13>May 14 15:27:25 in-target: Get:1 cdrom://[Debian GNU/Linux 13.3.0 _Trixie_ - Official amd64 NETINST with firmware 20260110-10:59] trixie/main amd64 iucode-tool amd64 2.3.1-3 [56.1 kB]
<13>May 14 15:27:25 in-target: Get:2 cdrom://[Debian GNU/Linux 13.3.0 _Trixie_ - Official amd64 NETINST with firmware 20260110-10:59] trixie/non-free-firmware amd64 intel-microcode amd64 3.20251111.1~deb13u1 [12.8 MB]
<13>May 14 15:27:28 in-target: Selecting previously unselected package iucode-tool.
<13>May 14 15:27:28 in-target: (Reading database ... 
<13>May 14 15:27:28 in-target: (Reading database ... 5%(Reading database ... 10%(Reading database ... 15%(Reading database ... 20%(Reading database ... 25%(Reading database ... 30%(Reading database ... 35%(Reading database ... 40%(Reading database ... 45%(Reading database ... 50%(Reading database ... 55%(Reading database ... 60%
<13>May 14 15:27:28 in-target: (Reading database ... 65%
<13>May 14 15:27:28 in-target: (Reading database ... 70%
<13>May 14 15:27:28 in-target: (Reading database ... 75%
<13>May 14 15:27:28 in-target: (Reading database ... 80%
<13>May 14 15:27:28 in-target: (Reading database ... 85%
<13>May 14 15:27:28 in-target: (Reading database ... 90%
<13>May 14 15:27:28 in-target: (Reading database ... 95%
<13>May 14 15:27:28 in-target: (Reading database ... 100%(Reading database ... 30126 files and directories currently installed.)
<13>May 14 15:27:28 in-target: Preparing to unpack .../iucode-tool_2.3.1-3_amd64.deb ...
<13>May 14 15:27:28 in-target: Unpacking iucode-tool (2.3.1-3) ...
<13>May 14 15:27:28 in-target: Selecting previously unselected package intel-microcode.
<13>May 14 15:27:28 in-target: Preparing to unpack .../intel-microcode_3.20251111.1~deb13u1_amd64.deb ...
<13>May 14 15:27:28 in-target: Unpacking intel-microcode (3.20251111.1~deb13u1) ...
<13>May 14 15:27:28 in-target: Setting up iucode-tool (2.3.1-3) ...
<13>May 14 15:27:28 in-target: Setting up intel-microcode (3.20251111.1~deb13u1) ...
<13>May 14 15:27:28 in-target: intel-microcode: microcode will be updated at next boot
<13>May 14 15:27:28 in-target: Processing triggers for man-db (2.13.1-1) ...
<13>May 14 15:27:28 in-target: Processing triggers for initramfs-tools (0.148.3) ...
<13>May 14 15:27:28 in-target: update-initramfs: Generating /boot/initrd.img-6.12.63+deb13-amd64
<13>May 14 15:27:40 finish-install: info: Running /usr/lib/finish-install.d/10apt-cdrom-setup
<13>May 14 15:27:40 finish-install: File descriptor 3 (pipe:[30726]) leaked on pvs invocation. Parent PID 5919: /bin/sh
<13>May 14 15:27:40 finish-install: File descriptor 4 (/dev/pts/4) leaked on pvs invocation. Parent PID 5919: /bin/sh
<13>May 14 15:27:40 finish-install: File descriptor 5 (/dev/pts/4) leaked on pvs invocation. Parent PID 5919: /bin/sh
<13>May 14 15:27:40 finish-install: File descriptor 6 (/dev/pts/4) leaked on pvs invocation. Parent PID 5919: /bin/sh
<13>May 14 15:27:40 finish-install: Disabling CDROM entries in sources.list (small_media)
<13>May 14 15:27:40 finish-install: Hit:1 http://deb.debian.org/debian trixie InRelease
<13>May 14 15:27:40 finish-install: Hit:2 http://deb.debian.org/debian trixie-updates InRelease
<13>May 14 15:27:40 finish-install: Hit:3 http://security.debian.org/debian-security trixie-security InRelease
<13>May 14 15:27:40 finish-install: Reading package lists...
<13>May 14 15:27:41 finish-install: 
<13>May 14 15:27:41 finish-install: info: Running /usr/lib/finish-install.d/10clock-setup
<13>May 14 15:27:41 anna-install: Installing rtc-modules
<13>May 14 15:27:41 finish-install: unknown udeb rtc-modules
<13>May 14 15:27:41 hw-detect: modprobe: FATAL: Module rtc not found in directory /lib/modules/6.12.63+deb13-amd64
<13>May 14 15:27:41 clock-setup: rtc module not loaded
<13>May 14 15:27:41 hw-detect: modprobe: FATAL: Module rtc-dev not found in directory /lib/modules/6.12.63+deb13-amd64
<13>May 14 15:27:41 clock-setup: rtc-dev module not loaded
<13>May 14 15:27:41 clock-setup: hwclock: use --verbose, --debug has been deprecated.
<13>May 14 15:27:42 finish-install: info: Running /usr/lib/finish-install.d/10open-iscsi
<13>May 14 15:27:42 finish-install: info: Running /usr/lib/finish-install.d/10update-initramfs
<13>May 14 15:27:42 /bin/in-target: warning: /target/etc/mtab won't be updated since it is a symlink.
<13>May 14 15:27:42 finish-install: info: Running /usr/lib/finish-install.d/15cdrom-detect
<13>May 14 15:27:42 cdrom-detect: Unmounting and ejecting '/dev/sr0'
<13>May 14 15:27:42 finish-install: info: Running /usr/lib/finish-install.d/20final-message
<13>May 14 15:27:42 finish-install: info: Running /usr/lib/finish-install.d/30hw-detect
<13>May 14 15:27:42 finish-install: info: Running /usr/lib/finish-install.d/50config-target-network
<13>May 14 15:27:42 finish-install: info: Running /usr/lib/finish-install.d/55netcfg-copy-config
<13>May 14 15:27:42 /bin/in-target: warning: /target/etc/mtab won't be updated since it is a symlink.
<13>May 14 15:27:42 /bin/in-target: warning: /target/etc/mtab won't be updated since it is a symlink.
<13>May 14 15:27:43 finish-install: info: Running /usr/lib/finish-install.d/60cleanup
<13>May 14 15:27:43 finish-install: Reading package lists...
<13>May 14 15:27:43 finish-install: 
<13>May 14 15:27:43 finish-install: info: Running /usr/lib/finish-install.d/65partman-md
<13>May 14 15:27:43 finish-install: info: Running /usr/lib/finish-install.d/70mtab
<13>May 14 15:27:43 finish-install: info: Running /usr/lib/finish-install.d/80hvcgetty
<13>May 14 15:27:43 finish-install: info: Running /usr/lib/finish-install.d/90base-installer
<13>May 14 15:27:43 finish-install: info: Running /usr/lib/finish-install.d/90console
<13>May 14 15:27:43 finish-install: Configuring init for serial console
<13>May 14 15:27:43 finish-install: grep: /target/etc/securetty: No such file or directory
<13>May 14 15:27:43 finish-install: grep: /target/etc/securetty: No such file or directory
<13>May 14 15:27:43 finish-install: info: Running /usr/lib/finish-install.d/94random-seed
<13>May 14 15:27:43 finish-install: info: Running /usr/lib/finish-install.d/94save-logs
<13>May 14 15:27:44 finish-install: info: Running /usr/lib/finish-install.d/95umount
<13>May 14 15:27:45 finish-install: umount: can't unmount /dev/pts: Device or resource busy
<13>May 14 15:27:45 finish-install: umount: can't unmount /dev: Device or resource busy
<13>May 14 15:27:45 finish-install: umount: can't unmount /run: Device or resource busy
<13>May 14 15:27:45 finish-install: umount: can't unmount /: Invalid argument
<13>May 14 15:27:45 finish-install: info: Running /usr/lib/finish-install.d/97release-dhcp-lease
<13>May 14 15:27:45 finish-install: info: Running /usr/lib/finish-install.d/99reboot
<13>May 14 15:27:45 finish-install: umount: can't open '/proc/mounts'
<30>May 14 15:27:45 init: The system is going down NOW!
