[2026/05/20 14:37:10.845651,  5, pid=4000687, effective(0, 0), real(0, 0)] source3/smbd/uid.c:494(smbd_change_to_root_user)
  change_to_root_user: now uid=(0,0) gid=(0,0)
[2026/05/20 14:37:10.845851, 10, pid=4000687, effective(0, 0), real(0, 0)] source3/lib/util_event.c:53(smbd_idle_event_handler)
  smbd_idle_event_handler: idle_evt(housekeeping) (nil) rescheduled
[2026/05/20 14:37:23.540903, 10, pid=4000687, effective(0, 0), real(0, 0)] source3/lib/util_sock.c:180(read_smb_length_return_keepalive)
  got smb length of 142
[2026/05/20 14:37:23.540996,  6, pid=4000687, effective(0, 0), real(0, 0)] source3/smbd/smb2_process.c:574(process_smb)
  got message type 0x0 of len 0x8e
[2026/05/20 14:37:23.541019,  3, pid=4000687, effective(0, 0), real(0, 0)] source3/smbd/smb2_process.c:576(process_smb)
  Transaction 60 of length 146 (0 toread)
[2026/05/20 14:37:23.541051,  5, pid=4000687, effective(0, 0), real(0, 0)] source3/lib/util.c:150(show_msg)
  size=142
  smb_com=0x32
  smb_rcls=0
  smb_reh=0
  smb_err=0
  smb_flg=0
  smb_flg2=49153
  smb_tid=55629
  smb_pid=1788
  smb_uid=43829
  smb_mid=61
  smt_wct=15
  smb_vwv[ 0]=   76 (0x4C)
  smb_vwv[ 1]=    0 (0x0)
  smb_vwv[ 2]=    2 (0x2)
  smb_vwv[ 3]= 4000 (0xFA0)
  smb_vwv[ 4]=    0 (0x0)
  smb_vwv[ 5]=    0 (0x0)
  smb_vwv[ 6]=    0 (0x0)
  smb_vwv[ 7]=    0 (0x0)
  smb_vwv[ 8]=    0 (0x0)
  smb_vwv[ 9]=   76 (0x4C)
  smb_vwv[10]=   66 (0x42)
  smb_vwv[11]=    0 (0x0)
  smb_vwv[12]=    0 (0x0)
  smb_vwv[13]=    1 (0x1)
  smb_vwv[14]=    5 (0x5)
  smb_bcc=77
[2026/05/20 14:37:23.541169, 10, pid=4000687, effective(0, 0), real(0, 0)] lib/util/util.c:578(dump_data)
  [0000] 00 00 02 00 00 00 00 2F   00 64 00 65 00 62 00 69   ......./ .d.e.b.i
  [0010] 00 61 00 6E 00 2D 00 74   00 72 00 61 00 69 00 6E   .a.n.-.t .r.a.i.n
  [0020] 00 69 00 6E 00 67 00 2D   00 74 00 78 00 31 00 33   .i.n.g.- .t.x.1.3
  [0030] 00 32 00 30 00 2D 00 72   00 61 00 69 00 64 00 31   .2.0.-.r .a.i.d.1
  [0040] 00 30 00 2E 00 69 00 73   00 6F 00 00 00            .0...i.s .o...
[2026/05/20 14:37:23.541289,  3, pid=4000687, effective(0, 0), real(0, 0)] source3/smbd/smb1_process.c:1112(switch_message)
  switch message SMBtrans2 (pid 4000687) conn 0x6087dc17b3c0
[2026/05/20 14:37:23.541431,  4, pid=4000687, effective(0, 0), real(0, 0)] source3/smbd/sec_ctx.c:206(push_sec_ctx)
  push_sec_ctx(0, 0) : sec_ctx_stack_ndx = 1
[2026/05/20 14:37:23.541453,  4, pid=4000687, effective(0, 0), real(0, 0)] source3/smbd/uid.c:566(push_conn_ctx)
  push_conn_ctx(0) : conn_ctx_stack_ndx = 0
[2026/05/20 14:37:23.541478,  4, pid=4000687, effective(0, 0), real(0, 0)] source3/smbd/sec_ctx.c:317(set_sec_ctx_internal)
  setting sec ctx (0, 0) - sec_ctx_stack_ndx = 1
[2026/05/20 14:37:23.541497,  5, pid=4000687, effective(0, 0), real(0, 0)] libcli/security/security_token.c:49(security_token_debug)
  Security token: (NULL)
[2026/05/20 14:37:23.541516,  5, pid=4000687, effective(0, 0), real(0, 0)] source3/auth/token_util.c:873(debug_unix_user_token)
  UNIX token of user 0
  Primary group is 0 and contains 0 supplementary groups
[2026/05/20 14:37:23.541582,  4, pid=4000687, effective(0, 0), real(0, 0)] source3/smbd/sec_ctx.c:443(pop_sec_ctx)
  pop_sec_ctx (0, 0) - sec_ctx_stack_ndx = 0
[2026/05/20 14:37:23.541604, 10, pid=4000687, effective(0, 0), real(0, 0)] source3/passdb/lookup_sid.c:1256(xid_to_sid)
  xid_to_sid: GID 65534 -> S-1-22-2-65534 fallback
[2026/05/20 14:37:23.541625,  4, pid=4000687, effective(0, 0), real(0, 0)] source3/smbd/sec_ctx.c:317(set_sec_ctx_internal)
  setting sec ctx (65534, 65534) - sec_ctx_stack_ndx = 0
[2026/05/20 14:37:23.541642,  5, pid=4000687, effective(0, 0), real(0, 0)] libcli/security/security_token.c:53(security_token_debug)
  Security token SIDs (5):
    SID[  0]: S-1-22-1-65534
    SID[  1]: S-1-22-2-65534
    SID[  2]: S-1-1-0
    SID[  3]: S-1-5-2
    SID[  4]: S-1-5-32-546
   Privileges (0x               0):
   Rights (0x               0):
[2026/05/20 14:37:23.541691,  5, pid=4000687, effective(0, 0), real(0, 0)] source3/auth/token_util.c:873(debug_unix_user_token)
  UNIX token of user 65534
  Primary group is 65534 and contains 1 supplementary groups
  Group[  0]: 65534
[2026/05/20 14:37:23.541767,  4, pid=4000687, effective(65534, 65534), real(65534, 0), class=vfs] source3/smbd/vfs.c:937(vfs_ChDir)
  vfs_ChDir to /var/samba/public
[2026/05/20 14:37:23.541812,  5, pid=4000687, effective(65534, 65534), real(65534, 0), class=vfs] source3/smbd/vfs.c:999(vfs_ChDir)
  vfs_ChDir: vfs_ChDir got /var/samba/public
[2026/05/20 14:37:23.541840,  5, pid=4000687, effective(65534, 65534), real(65534, 0)] source3/smbd/uid.c:294(print_impersonation_info)
  print_impersonation_info: Impersonated user: uid=(65534,65534), gid=(0,65534), cwd=[/var/samba/public]
[2026/05/20 14:37:23.541893,  3, pid=4000687, effective(65534, 65534), real(65534, 0)] source3/smbd/smb1_trans2.c:2645(call_trans2qpathinfo)
  call_trans2qpathinfo: TRANSACT2_QPATHINFO: level = 512
[2026/05/20 14:37:23.541926, 10, pid=4000687, effective(65534, 65534), real(65534, 0)] source3/smbd/files.c:562(openat_pathref_fsp)
  openat_pathref_fsp: smb_fname [.]
[2026/05/20 14:37:23.541945, 10, pid=4000687, effective(65534, 65534), real(65534, 0)] source3/smbd/files.c:462(openat_pathref_fullname)
  openat_pathref_fullname: smb_fname [.]
[2026/05/20 14:37:23.541973,  5, pid=4000687, effective(65534, 65534), real(65534, 0)] source3/smbd/files.c:77(fsp_new)
  fsp_new: allocated files structure (1 used)
[2026/05/20 14:37:23.541993, 10, pid=4000687, effective(65534, 65534), real(65534, 0)] source3/smbd/files.c:2198(file_name_hash)
  file_name_hash: /var/samba/public/. hash 0xb9bae796
[2026/05/20 14:37:23.542034, 10, pid=4000687, effective(65534, 65534), real(65534, 0)] source3/smbd/open.c:930(fd_openat)
  fd_openat: name ., flags = 04000 mode = 00, fd = 14
[2026/05/20 14:37:23.542054, 10, pid=4000687, effective(65534, 65534), real(65534, 0)] source3/smbd/files.c:531(openat_pathref_fullname)
  openat_pathref_fullname: fsp [.]: OK
[2026/05/20 14:37:23.542073, 10, pid=4000687, effective(65534, 65534), real(65534, 0)] source3/smbd/files.c:562(openat_pathref_fsp)
  openat_pathref_fsp: smb_fname [debian-training-tx1320-raid10.iso]
[2026/05/20 14:37:23.542092, 10, pid=4000687, effective(65534, 65534), real(65534, 0)] source3/smbd/files.c:462(openat_pathref_fullname)
  openat_pathref_fullname: smb_fname [debian-training-tx1320-raid10.iso]
[2026/05/20 14:37:23.542111,  5, pid=4000687, effective(65534, 65534), real(65534, 0)] source3/smbd/files.c:77(fsp_new)
  fsp_new: allocated files structure (2 used)
[2026/05/20 14:37:23.542129, 10, pid=4000687, effective(65534, 65534), real(65534, 0)] source3/smbd/files.c:2198(file_name_hash)
  file_name_hash: /var/samba/public/debian-training-tx1320-raid10.iso hash 0x2dee4f28
[2026/05/20 14:37:23.542155, 10, pid=4000687, effective(65534, 65534), real(65534, 0)] source3/smbd/open.c:930(fd_openat)
  fd_openat: name debian-training-tx1320-raid10.iso, flags = 04000 mode = 00, fd = 28
[2026/05/20 14:37:23.542174, 10, pid=4000687, effective(65534, 65534), real(65534, 0)] source3/smbd/files.c:531(openat_pathref_fullname)
  openat_pathref_fullname: fsp [debian-training-tx1320-raid10.iso]: OK
[2026/05/20 14:37:23.542194, 10, pid=4000687, effective(65534, 65534), real(65534, 0)] source3/smbd/files.c:2198(file_name_hash)
  file_name_hash: /var/samba/public/debian-training-tx1320-raid10.iso hash 0x2dee4f28
[2026/05/20 14:37:23.542217, 10, pid=4000687, effective(65534, 65534), real(65534, 0)] source3/lib/g_lock.c:1655(g_lock_dump)
  g_lock_dump: dbwrap_parse_record returned NT_STATUS_NOT_FOUND
[2026/05/20 14:37:23.542241, 10, pid=4000687, effective(65534, 65534), real(65534, 0), class=locking] source3/locking/share_mode_lock.c:1570(fetch_share_mode_unlocked)
  fetch_share_mode_unlocked: g_lock_dump failed: NT_STATUS_NOT_FOUND
[2026/05/20 14:37:23.542261, 10, pid=4000687, effective(65534, 65534), real(65534, 0)] source3/smbd/smb2_trans2.c:2779(store_file_unix_basic)
  store_file_unix_basic: SMB_QUERY_FILE_UNIX_BASIC
[2026/05/20 14:37:23.542278,  4, pid=4000687, effective(65534, 65534), real(65534, 0)] source3/smbd/smb2_trans2.c:2780(store_file_unix_basic)
  store_file_unix_basic: st_mode=100644
[2026/05/20 14:37:23.542308,  9, pid=4000687, effective(65534, 65534), real(65534, 0)] source3/smbd/smb1_trans2.c:230(send_trans2_replies)
  t2_rep: params_sent_thistime = 2, data_sent_thistime = 100, useable_space = 16406
[2026/05/20 14:37:23.542326,  9, pid=4000687, effective(65534, 65534), real(65534, 0)] source3/smbd/smb1_trans2.c:232(send_trans2_replies)
  t2_rep: params_to_send = 2, data_to_send = 100, paramsize = 2, datasize = 100
[2026/05/20 14:37:23.542356,  5, pid=4000687, effective(65534, 65534), real(65534, 0)] source3/lib/util.c:150(show_msg)
  size=160
  smb_com=0x32
  smb_rcls=0
  smb_reh=0
  smb_err=0
  smb_flg=128
  smb_flg2=51203
  smb_tid=55629
  smb_pid=1788
  smb_uid=43829
  smb_mid=61
  smt_wct=10
  smb_vwv[ 0]=    2 (0x2)
  smb_vwv[ 1]=  100 (0x64)
  smb_vwv[ 2]=    0 (0x0)
  smb_vwv[ 3]=    2 (0x2)
  smb_vwv[ 4]=   56 (0x38)
  smb_vwv[ 5]=    0 (0x0)
  smb_vwv[ 6]=  100 (0x64)
  smb_vwv[ 7]=   60 (0x3C)
  smb_vwv[ 8]=    0 (0x0)
  smb_vwv[ 9]=    0 (0x0)
  smb_bcc=105
[2026/05/20 14:37:23.542450, 10, pid=4000687, effective(65534, 65534), real(65534, 0)] lib/util/util.c:578(dump_data)
  [0000] 00 00 00 00 00 00 00 B5   2F 00 00 00 00 00 10 B5   ........ /.......
  [0010] 2F 00 00 00 00 5E 44 69   FB 18 E8 DC 01 2D 7A 53   /....^Di .....-zS
  [0020] 09 19 E8 DC 01 A3 E5 86   AF 62 E6 DC 01 FE FF 00   ........ .b......
  [0030] 00 00 00 00 00 FE FF 00   00 00 00 00 00 00 00 00   ........ ........
  [0040] 00 FC 00 00 00 00 00 00   00 00 00 00 00 00 00 00   ........ ........
  [0050] 00 23 14 02 01 00 00 00   00 A4 01 00 00 00 00 00   .#...... ........
  [0060] 00 01 00 00 00 00 00 00   00                        ........ .
[2026/05/20 14:37:23.542651,  5, pid=4000687, effective(65534, 65534), real(65534, 0)] source3/smbd/files.c:1985(file_free)
  file_free: freed files structure 0 (1 used)
[2026/05/20 14:37:23.542674,  5, pid=4000687, effective(65534, 65534), real(65534, 0)] source3/smbd/files.c:1985(file_free)
  file_free: freed files structure 0 (0 used)
[2026/05/20 14:37:23.861734, 10, pid=4000687, effective(65534, 65534), real(65534, 0)] source3/lib/util_sock.c:180(read_smb_length_return_keepalive)
  got smb length of 162
[2026/05/20 14:37:23.861807,  6, pid=4000687, effective(65534, 65534), real(65534, 0)] source3/smbd/smb2_process.c:574(process_smb)
  got message type 0x0 of len 0xa2
[2026/05/20 14:37:23.861827,  3, pid=4000687, effective(65534, 65534), real(65534, 0)] source3/smbd/smb2_process.c:576(process_smb)
  Transaction 61 of length 166 (0 toread)
[2026/05/20 14:37:23.861859,  5, pid=4000687, effective(65534, 65534), real(65534, 0)] source3/lib/util.c:150(show_msg)
  size=162
  smb_com=0x32
  smb_rcls=0
  smb_reh=0
  smb_err=0
  smb_flg=0
  smb_flg2=49153
  smb_tid=55629
  smb_pid=1788
  smb_uid=43829
  smb_mid=62
  smt_wct=15
  smb_vwv[ 0]=   76 (0x4C)
  smb_vwv[ 1]=   18 (0x12)
  smb_vwv[ 2]=    2 (0x2)
  smb_vwv[ 3]= 1000 (0x3E8)
  smb_vwv[ 4]=    0 (0x0)
  smb_vwv[ 5]=    0 (0x0)
  smb_vwv[ 6]=    0 (0x0)
  smb_vwv[ 7]=    0 (0x0)
  smb_vwv[ 8]=    0 (0x0)
  smb_vwv[ 9]=   76 (0x4C)
  smb_vwv[10]=   68 (0x44)
  smb_vwv[11]=   18 (0x12)
  smb_vwv[12]=  144 (0x90)
  smb_vwv[13]=    1 (0x1)
  smb_vwv[14]=    6 (0x6)
  smb_bcc=97
[2026/05/20 14:37:23.862015, 10, pid=4000687, effective(65534, 65534), real(65534, 0)] lib/util/util.c:578(dump_data)
  [0000] 00 00 00 09 02 00 00 00   00 2F 00 64 00 65 00 62   ........ ./.d.e.b
  [0010] 00 69 00 61 00 6E 00 2D   00 74 00 72 00 61 00 69   .i.a.n.- .t.r.a.i
  [0020] 00 6E 00 69 00 6E 00 67   00 2D 00 74 00 78 00 31   .n.i.n.g .-.t.x.1
  [0030] 00 33 00 32 00 30 00 2D   00 72 00 61 00 69 00 64   .3.2.0.- .r.a.i.d
  [0040] 00 31 00 30 00 2E 00 69   00 73 00 6F 00 00 00 02   .1.0...i .s.o....
  [0050] 00 00 00 01 04 00 00 ED   01 00 00 00 00 00 00 00   ........ ........
  [0060] 02                                                  .
[2026/05/20 14:37:23.862167,  3, pid=4000687, effective(65534, 65534), real(65534, 0)] source3/smbd/smb1_process.c:1112(switch_message)
  switch message SMBtrans2 (pid 4000687) conn 0x6087dc17b3c0
[2026/05/20 14:37:23.862206,  5, pid=4000687, effective(65534, 65534), real(65534, 0)] source3/smbd/uid.c:327(change_to_user_impersonate)
  change_to_user_impersonate: Skipping user change - already user
[2026/05/20 14:37:23.862249,  5, pid=4000687, effective(65534, 65534), real(65534, 0)] source3/smbd/uid.c:294(print_impersonation_info)
  print_impersonation_info: Impersonated user: uid=(65534,65534), gid=(0,65534), cwd=[/var/samba/public]
[2026/05/20 14:37:23.862283,  3, pid=4000687, effective(65534, 65534), real(65534, 0)] source3/smbd/smb1_trans2.c:4513(call_trans2setpathinfo)
  call_trans2setpathinfo: fname=debian-training-tx1320-raid10.iso info_level=521 totdata=18
[2026/05/20 14:37:23.862306, 10, pid=4000687, effective(65534, 65534), real(65534, 0)] source3/smbd/files.c:562(openat_pathref_fsp)
  openat_pathref_fsp: smb_fname [.]
[2026/05/20 14:37:23.862327, 10, pid=4000687, effective(65534, 65534), real(65534, 0)] source3/smbd/files.c:462(openat_pathref_fullname)
  openat_pathref_fullname: smb_fname [.]
[2026/05/20 14:37:23.862345,  5, pid=4000687, effective(65534, 65534), real(65534, 0)] source3/smbd/files.c:77(fsp_new)
  fsp_new: allocated files structure (1 used)
[2026/05/20 14:37:23.862366, 10, pid=4000687, effective(65534, 65534), real(65534, 0)] source3/smbd/files.c:2198(file_name_hash)
  file_name_hash: /var/samba/public/. hash 0xb9bae796
[2026/05/20 14:37:23.862409, 10, pid=4000687, effective(65534, 65534), real(65534, 0)] source3/smbd/open.c:930(fd_openat)
  fd_openat: name ., flags = 04000 mode = 00, fd = 14
[2026/05/20 14:37:23.862428, 10, pid=4000687, effective(65534, 65534), real(65534, 0)] source3/smbd/files.c:531(openat_pathref_fullname)
  openat_pathref_fullname: fsp [.]: OK
[2026/05/20 14:37:23.862448, 10, pid=4000687, effective(65534, 65534), real(65534, 0)] source3/smbd/files.c:562(openat_pathref_fsp)
  openat_pathref_fsp: smb_fname [debian-training-tx1320-raid10.iso]
[2026/05/20 14:37:23.862467, 10, pid=4000687, effective(65534, 65534), real(65534, 0)] source3/smbd/files.c:462(openat_pathref_fullname)
  openat_pathref_fullname: smb_fname [debian-training-tx1320-raid10.iso]
[2026/05/20 14:37:23.862485,  5, pid=4000687, effective(65534, 65534), real(65534, 0)] source3/smbd/files.c:77(fsp_new)
  fsp_new: allocated files structure (2 used)
[2026/05/20 14:37:23.862503, 10, pid=4000687, effective(65534, 65534), real(65534, 0)] source3/smbd/files.c:2198(file_name_hash)
  file_name_hash: /var/samba/public/debian-training-tx1320-raid10.iso hash 0x2dee4f28
[2026/05/20 14:37:23.862529, 10, pid=4000687, effective(65534, 65534), real(65534, 0)] source3/smbd/open.c:930(fd_openat)
  fd_openat: name debian-training-tx1320-raid10.iso, flags = 04000 mode = 00, fd = 28
[2026/05/20 14:37:23.862548, 10, pid=4000687, effective(65534, 65534), real(65534, 0)] source3/smbd/files.c:531(openat_pathref_fullname)
  openat_pathref_fullname: fsp [debian-training-tx1320-raid10.iso]: OK
[2026/05/20 14:37:23.862571, 10, pid=4000687, effective(65534, 65534), real(65534, 0)] source3/smbd/smb1_trans2.c:3477(smb_posix_open)
  smb_posix_open: file debian-training-tx1320-raid10.iso, smb_posix_flags = 1024, mode 0755
[2026/05/20 14:37:23.862590, 10, pid=4000687, effective(65534, 65534), real(65534, 0)] source3/smbd/open.c:6509(create_file_default)
  create_file_default: create_file: access_mask = 0x89 file_attributes = 0x0, share_access = 0x7, create_disposition = 0x1 create_options = 0x40 oplock_request = 0x1 private_flags = 0x0 ea_list = (nil), sd = (nil), fname = debian-training-tx1320-raid10.iso
[2026/05/20 14:37:23.862614, 10, pid=4000687, effective(65534, 65534), real(65534, 0)] source3/smbd/open.c:5926(create_file_unixpath)
  create_file_unixpath: access_mask = 0x89 file_attributes = 0x10001a4 share_access = 0x7 create_disposition = 0x1 create_options = 0x40 oplock_request = 0x1 private_flags = 0x0 ea_list = (nil), sd = (nil), fname = debian-training-tx1320-raid10.iso
[2026/05/20 14:37:23.862647,  5, pid=4000687, effective(65534, 65534), real(65534, 0)] lib/dbwrap/dbwrap.c:172(dbwrap_lock_order_lock)
  dbwrap_lock_order_lock: check lock order 1 for /run/samba/smbXsrv_open_global.tdb
[2026/05/20 14:37:23.862672, 10, pid=4000687, effective(65534, 65534), real(65534, 0)] lib/dbwrap/dbwrap.c:157(debug_lock_order)
  lock order:  1:/run/samba/smbXsrv_open_global.tdb 2:<none> 3:<none> 4:<none>
[2026/05/20 14:37:23.862716, 10, pid=4000687, effective(65534, 65534), real(65534, 0)] source3/smbd/smbXsrv_open.c:349(smbXsrv_open_global_store)
  smbXsrv_open_global_store: key '4ADFB099' stored
[2026/05/20 14:37:23.862738,  1, pid=4000687, effective(65534, 65534), real(65534, 0), class=rpc_parse] source3/smbd/smbXsrv_open.c:350(smbXsrv_open_global_store)
       &global_blob: struct smbXsrv_open_globalB
          version                  : SMBXSRV_VERSION_0 (0)
          seqnum                   : 0x00000001 (1)
          info                     : union smbXsrv_open_globalU(case 0)
          info0                    : *
              info0: struct smbXsrv_open_global0
                  server_id: struct server_id
                      pid                      : 0x00000000003d0baf (4000687)
                      task_id                  : 0x00000000 (0)
                      vnn                      : 0xffffffff (4294967295)
                      unique_id                : 0x3f9493830e290ceb (4581448912030207211)
                  open_global_id           : 0x4adfb099 (1256173721)
                  open_persistent_id       : 0x000000004adfb099 (1256173721)
                  open_volatile_id         : 0x000000000000c22d (49709)
                  open_owner               : S-1-22-1-65534
                  open_time                : Wed May 20 02:37:24 PM 2026 JST
                  create_guid              : 00000000-0000-0000-0000-000000000000
                  client_guid              : 00000000-0000-0000-0000-000000000000
                  app_instance_id          : 00000000-0000-0000-0000-000000000000
                  disconnect_time          : NTTIME(0)
                  durable_timeout_msec     : 0x00000000 (0)
                  durable                  : 0x00 (0)
                  backend_cookie           : DATA_BLOB length=0
                  channel_sequence         : 0x0000 (0)
                  channel_generation       : 0x0000000000000000 (0)
                  lock_sequence_array: ARRAY(64)
  [0000] FF FF FF FF FF FF FF FF   FF FF FF FF FF FF FF FF   ........ ........
  [0010] FF FF FF FF FF FF FF FF   FF FF FF FF FF FF FF FF   ........ ........
  [0020] FF FF FF FF FF FF FF FF   FF FF FF FF FF FF FF FF   ........ ........
  [0030] FF FF FF FF FF FF FF FF   FF FF FF FF FF FF FF FF   ........ ........
[2026/05/20 14:37:23.863062,  5, pid=4000687, effective(65534, 65534), real(65534, 0)] lib/dbwrap/dbwrap.c:204(dbwrap_lock_order_unlock)
  dbwrap_lock_order_unlock: release lock order 1 for /run/samba/smbXsrv_open_global.tdb
[2026/05/20 14:37:23.863080, 10, pid=4000687, effective(65534, 65534), real(65534, 0)] source3/smbd/smbXsrv_open.c:466(smbXsrv_open_global_allocate)
  smbXsrv_open_global_allocate: Found slot 1256173721
[2026/05/20 14:37:23.863098, 10, pid=4000687, effective(65534, 65534), real(65534, 0)] source3/smbd/smbXsrv_open.c:614(smbXsrv_open_create)
  smbXsrv_open_create: global_id (0x4adfb099) stored
[2026/05/20 14:37:23.863115,  1, pid=4000687, effective(65534, 65534), real(65534, 0), class=rpc_parse] source3/smbd/smbXsrv_open.c:616(smbXsrv_open_create)
       &open_blob: struct smbXsrv_openB
          version                  : SMBXSRV_VERSION_0 (0)
          reserved                 : 0x00000000 (0)
          info                     : union smbXsrv_openU(case 0)
          info0                    : *
              info0: struct smbXsrv_open
                  table                    : *
                  local_id                 : 0x0000c22d (49709)
                  global                   : *
                      global: struct smbXsrv_open_global0
                          server_id: struct server_id
                              pid                      : 0x00000000003d0baf (4000687)
                              task_id                  : 0x00000000 (0)
                              vnn                      : 0xffffffff (4294967295)
                              unique_id                : 0x3f9493830e290ceb (4581448912030207211)
                          open_global_id           : 0x4adfb099 (1256173721)
                          open_persistent_id       : 0x000000004adfb099 (1256173721)
                          open_volatile_id         : 0x000000000000c22d (49709)
                          open_owner               : S-1-22-1-65534
                          open_time                : Wed May 20 02:37:24 PM 2026 JST
                          create_guid              : 00000000-0000-0000-0000-000000000000
                          client_guid              : 00000000-0000-0000-0000-000000000000
                          app_instance_id          : 00000000-0000-0000-0000-000000000000
                          disconnect_time          : NTTIME(0)
                          durable_timeout_msec     : 0x00000000 (0)
                          durable                  : 0x00 (0)
                          backend_cookie           : DATA_BLOB length=0
                          channel_sequence         : 0x0000 (0)
                          channel_generation       : 0x0000000000000000 (0)
                          lock_sequence_array: ARRAY(64)
  [0000] FF FF FF FF FF FF FF FF   FF FF FF FF FF FF FF FF   ........ ........
  [0010] FF FF FF FF FF FF FF FF   FF FF FF FF FF FF FF FF   ........ ........
  [0020] FF FF FF FF FF FF FF FF   FF FF FF FF FF FF FF FF   ........ ........
  [0030] FF FF FF FF FF FF FF FF   FF FF FF FF FF FF FF FF   ........ ........
                  status                   : NT_STATUS_OK
                  idle_time                : Wed May 20 02:37:24 PM 2026 JST
                  compat                   : NULL
                  flags                    : 0x00 (0)
                         0: SMBXSRV_OPEN_NEED_REPLAY_CACHE
                         0: SMBXSRV_OPEN_HAVE_REPLAY_CACHE
                  create_action            : 0x00000000 (0)
                  request_count            : 0x0000000000000000 (0)
                  pre_request_count        : 0x0000000000000000 (0)
[2026/05/20 14:37:23.863493, 10, pid=4000687, effective(65534, 65534), real(65534, 0)] source3/smbd/files.c:135(fsp_bind_smb)
  fsp_bind_smb: fsp [debian-training-tx1320-raid10.iso] mid [62]
[2026/05/20 14:37:23.863513, 10, pid=4000687, effective(65534, 65534), real(65534, 0)] source3/smbd/files.c:562(openat_pathref_fsp)
  openat_pathref_fsp: smb_fname [.]
[2026/05/20 14:37:23.863532, 10, pid=4000687, effective(65534, 65534), real(65534, 0)] source3/smbd/files.c:462(openat_pathref_fullname)
  openat_pathref_fullname: smb_fname [.]
[2026/05/20 14:37:23.863550,  5, pid=4000687, effective(65534, 65534), real(65534, 0)] source3/smbd/files.c:77(fsp_new)
  fsp_new: allocated files structure (3 used)
[2026/05/20 14:37:23.863569, 10, pid=4000687, effective(65534, 65534), real(65534, 0)] source3/smbd/files.c:2198(file_name_hash)
  file_name_hash: /var/samba/public/. hash 0xb9bae796
[2026/05/20 14:37:23.863599, 10, pid=4000687, effective(65534, 65534), real(65534, 0)] source3/smbd/open.c:930(fd_openat)
  fd_openat: name ., flags = 04000 mode = 00, fd = 29
[2026/05/20 14:37:23.863618, 10, pid=4000687, effective(65534, 65534), real(65534, 0)] source3/smbd/files.c:531(openat_pathref_fullname)
  openat_pathref_fullname: fsp [.]: OK
[2026/05/20 14:37:23.863638, 10, pid=4000687, effective(65534, 65534), real(65534, 0)] source3/smbd/files.c:2198(file_name_hash)
  file_name_hash: /var/samba/public/. hash 0xb9bae796
[2026/05/20 14:37:23.863657, 10, pid=4000687, effective(65534, 65534), real(65534, 0)] source3/smbd/open.c:3837(open_file_ntcreate)
  open_file_ntcreate: fname=debian-training-tx1320-raid10.iso, dos_attrs=0x0 access_mask=0x89 share_access=0x7 create_disposition = 0x1 create_options=0x40 unix mode=0644 oplock_request=1 private_flags = 0x0
[2026/05/20 14:37:23.863680, 10, pid=4000687, effective(65534, 65534), real(65534, 0)] source3/smbd/open.c:4036(open_file_ntcreate)
  open_file_ntcreate: fname=debian-training-tx1320-raid10.iso, after mapping access_mask=0x89
[2026/05/20 14:37:23.863703,  4, pid=4000687, effective(65534, 65534), real(65534, 0)] source3/smbd/open.c:4138(open_file_ntcreate)
  calling open_file with flags=0x0 flags2=0x800 mode=0644, access_mask = 0x89, open_access_mask = 0x89
[2026/05/20 14:37:23.863724, 10, pid=4000687, effective(65534, 65534), real(65534, 0), class=acls] source3/smbd/posix_acls.c:3366(posix_fget_nt_acl)
  posix_fget_nt_acl: called for file debian-training-tx1320-raid10.iso
[2026/05/20 14:37:23.863790, 10, pid=4000687, effective(65534, 65534), real(65534, 0)] source3/passdb/lookup_sid.c:1201(xid_to_sid)
  xid_to_sid: UID 65534 -> S-1-5-21-2342536155-1022706741-2866312864-501 from cache
[2026/05/20 14:37:23.863902,  4, pid=4000687, effective(65534, 65534), real(65534, 0)] source3/smbd/sec_ctx.c:206(push_sec_ctx)
  push_sec_ctx(65534, 65534) : sec_ctx_stack_ndx = 1
[2026/05/20 14:37:23.863929,  4, pid=4000687, effective(65534, 65534), real(65534, 0)] source3/smbd/uid.c:566(push_conn_ctx)
  push_conn_ctx(43829) : conn_ctx_stack_ndx = 0
[2026/05/20 14:37:23.863947,  4, pid=4000687, effective(65534, 65534), real(65534, 0)] source3/smbd/sec_ctx.c:317(set_sec_ctx_internal)
  setting sec ctx (0, 0) - sec_ctx_stack_ndx = 1
[2026/05/20 14:37:23.863973,  5, pid=4000687, effective(65534, 65534), real(65534, 0)] libcli/security/security_token.c:49(security_token_debug)
  Security token: (NULL)
[2026/05/20 14:37:23.863992,  5, pid=4000687, effective(65534, 65534), real(65534, 0)] source3/auth/token_util.c:873(debug_unix_user_token)
  UNIX token of user 0
  Primary group is 0 and contains 0 supplementary groups
[2026/05/20 14:37:23.864065,  4, pid=4000687, effective(65534, 65534), real(65534, 0)] source3/smbd/sec_ctx.c:443(pop_sec_ctx)
  pop_sec_ctx (65534, 65534) - sec_ctx_stack_ndx = 0
[2026/05/20 14:37:23.864086, 10, pid=4000687, effective(65534, 65534), real(65534, 0)] source3/passdb/lookup_sid.c:1256(xid_to_sid)
  xid_to_sid: GID 65534 -> S-1-22-2-65534 fallback
[2026/05/20 14:37:23.864107, 10, pid=4000687, effective(65534, 65534), real(65534, 0), class=acls] source3/smbd/posix_acls.c:2692(canonicalise_acl)
  canonicalise_acl: Access ace entries before arrange :
[2026/05/20 14:37:23.864124, 10, pid=4000687, effective(65534, 65534), real(65534, 0), class=acls] source3/smbd/posix_acls.c:2705(canonicalise_acl)
  canon_ace index 0. Type = allow SID = S-1-1-0 other SMB_ACL_OTHER ace_flags = 0x0 perms r--
[2026/05/20 14:37:23.864146, 10, pid=4000687, effective(65534, 65534), real(65534, 0), class=acls] source3/smbd/posix_acls.c:2705(canonicalise_acl)
  canon_ace index 1. Type = allow SID = S-1-22-2-65534 gid 65534 SMB_ACL_GROUP_OBJ ace_flags = 0x0 perms r--
[2026/05/20 14:37:23.864166, 10, pid=4000687, effective(65534, 65534), real(65534, 0), class=acls] source3/smbd/posix_acls.c:2705(canonicalise_acl)
  canon_ace index 2. Type = allow SID = S-1-5-21-2342536155-1022706741-2866312864-501 uid 65534 SMB_ACL_USER_OBJ ace_flags = 0x0 perms rw-
[2026/05/20 14:37:23.864187, 10, pid=4000687, effective(65534, 65534), real(65534, 0), class=acls] source3/smbd/posix_acls.c:766(print_canon_ace_list)
  print_canon_ace_list: canonicalise_acl: ace entries after arrange
  canon_ace index 0. Type = allow SID = S-1-5-21-2342536155-1022706741-2866312864-501 uid 65534 SMB_ACL_USER_OBJ ace_flags = 0x0 perms rw-
  canon_ace index 1. Type = allow SID = S-1-22-2-65534 gid 65534 SMB_ACL_GROUP_OBJ ace_flags = 0x0 perms r--
  canon_ace index 2. Type = allow SID = S-1-1-0 other SMB_ACL_OTHER ace_flags = 0x0 perms r--
[2026/05/20 14:37:23.864228, 10, pid=4000687, effective(65534, 65534), real(65534, 0), class=acls] source3/smbd/posix_acls.c:1029(map_canon_ace_perms)
  map_canon_ace_perms: Mapped (UNIX) 180 to (NT) 12019f
[2026/05/20 14:37:23.864246, 10, pid=4000687, effective(65534, 65534), real(65534, 0), class=acls] source3/smbd/posix_acls.c:1029(map_canon_ace_perms)
  map_canon_ace_perms: Mapped (UNIX) 100 to (NT) 120089
[2026/05/20 14:37:23.864263, 10, pid=4000687, effective(65534, 65534), real(65534, 0), class=acls] source3/smbd/posix_acls.c:1029(map_canon_ace_perms)
  map_canon_ace_perms: Mapped (UNIX) 100 to (NT) 120089
[2026/05/20 14:37:23.864303, 10, pid=4000687, effective(65534, 65534), real(65534, 0)] source3/smbd/open.c:180(smbd_check_access_rights_sd)
  smbd_check_access_rights_sd: File [debian-training-tx1320-raid10.iso] requesting [0x89] returning [0x9] (NT_STATUS_OK)
[2026/05/20 14:37:23.864349,  2, pid=4000687, effective(65534, 65534), real(65534, 0)] source3/smbd/open.c:1649(open_file)
  nobody opened file debian-training-tx1320-raid10.iso read=Yes write=No (numopen=3)
[2026/05/20 14:37:23.864376,  5, pid=4000687, effective(65534, 65534), real(65534, 0)] lib/dbwrap/dbwrap.c:172(dbwrap_lock_order_lock)
  dbwrap_lock_order_lock: check lock order 1 for /run/samba/locking.tdb
[2026/05/20 14:37:23.864394, 10, pid=4000687, effective(65534, 65534), real(65534, 0)] lib/dbwrap/dbwrap.c:157(debug_lock_order)
  lock order:  1:/run/samba/locking.tdb 2:<none> 3:<none> 4:<none>
[2026/05/20 14:37:23.864416, 10, pid=4000687, effective(65534, 65534), real(65534, 0), class=locking] source3/locking/share_mode_lock.c:990(get_share_mode_lock_internal)
  get_share_mode_lock_internal: Returning 64512:16913443:0 (data_cached=1 key_refcount=1)
[2026/05/20 14:37:23.864436, 10, pid=4000687, effective(65534, 65534), real(65534, 0), class=locking] source3/locking/locking.c:1007(find_delete_on_close_token)
  find_delete_on_close_token: name_hash = 0x2dee4f28
[2026/05/20 14:37:23.864454, 10, pid=4000687, effective(65534, 65534), real(65534, 0)] source3/smbd/open.c:1712(share_conflict)
  share_conflict: existing access_mask = 0x0, existing share access = 0x7, access_mask = 0x89, share_access = 0x7
[2026/05/20 14:37:23.864472, 10, pid=4000687, effective(65534, 65534), real(65534, 0)] source3/smbd/open.c:1722(share_conflict)
  share_conflict: No conflict due to existing access_mask = 0x0
[2026/05/20 14:37:23.864490, 10, pid=4000687, effective(65534, 65534), real(65534, 0)] source3/smbd/open.c:1988(open_mode_check)
  open_mode_check: No conflict due to share_mode_flags access
[2026/05/20 14:37:23.864510, 10, pid=4000687, effective(65534, 65534), real(65534, 0), class=locking] source3/locking/share_mode_lock.c:2258(share_mode_forall_entries)
  share_mode_forall_entries: num_share_modes=0
[2026/05/20 14:37:23.864528, 10, pid=4000687, effective(65534, 65534), real(65534, 0), class=locking] source3/locking/share_mode_lock.c:2277(share_mode_forall_entries)
  share_mode_forall_entries: num_share_entries=0, writeback=0
[2026/05/20 14:37:23.864547, 10, pid=4000687, effective(65534, 65534), real(65534, 0), class=locking] source3/locking/brlock.c:1868(brl_get_locks_readonly)
  seqnum=0, fsp->brlock_seqnum=0
[2026/05/20 14:37:23.864568, 10, pid=4000687, effective(65534, 65534), real(65534, 0)] source3/smbd/open.c:2811(delay_for_oplock)
  delay_for_oplock: oplock type 0x0 granted (RW)(0x5), on file debian-training-tx1320-raid10.iso, requested 0x1 (RW)(0x5) => total (RW)(0x5)
[2026/05/20 14:37:23.864590, 10, pid=4000687, effective(65534, 65534), real(65534, 0), class=locking] source3/locking/share_mode_lock.c:1999(set_share_mode)
  set_share_mode: num_share_modes=0
[2026/05/20 14:37:23.864608, 10, pid=4000687, effective(65534, 65534), real(65534, 0), class=locking] source3/locking/share_mode_lock.c:349(share_mode_entry_put)
  share_mode_entry_put: share_mode_entry:
[2026/05/20 14:37:23.864626,  1, pid=4000687, effective(65534, 65534), real(65534, 0), class=rpc_parse] source3/locking/share_mode_lock.c:350(share_mode_entry_put)
       discard_const_p(void, e): struct share_mode_entry
          pid: struct server_id
              pid                      : 0x00000000003d0baf (4000687)
              task_id                  : 0x00000000 (0)
              vnn                      : 0xffffffff (4294967295)
              unique_id                : 0x3f9493830e290ceb (4581448912030207211)
          op_mid                   : 0x000000000000003e (62)
          op_type                  : SHARE_MODE_ENTRY_OP_TYPE_EXCLUSIVE (1)
          client_guid              : 00000000-0000-0000-0000-000000000000
          lease_key: struct smb2_lease_key
              data: ARRAY(2)
                  data                     : 0x0000000000000000 (0)
                  data                     : 0x0000000000000000 (0)
          access_mask              : 0x00000089 (137)
          share_access             : 0x00000007 (7)
          private_options          : 0x00000000 (0)
          time                     : Wed May 20 02:37:23 PM 2026 JST.862501
          share_file_id            : 0x0000000000000076 (118)
          uid                      : 0x0000fffe (65534)
          flags                    : 0x0001 (1)
          name_hash                : 0x2dee4f28 (770592552)
          stale                    : 0x00 (0)
[2026/05/20 14:37:23.864777, 10, pid=4000687, effective(65534, 65534), real(65534, 0), class=locking] source3/locking/share_mode_lock.c:2043(set_share_mode)
  set_share_mode: idx=0, found=0
[2026/05/20 14:37:23.864795, 10, pid=4000687, effective(65534, 65534), real(65534, 0), class=locking] source3/locking/share_mode_lock.c:2071(set_share_mode)
  set_share_mode: dbufs[0]=(0x7ffc78fcd220, 132)
[2026/05/20 14:37:23.864813, 10, pid=4000687, effective(65534, 65534), real(65534, 0), class=locking] source3/locking/share_mode_lock.c:626(share_mode_data_ltdb_store)
  share_mode_data_ltdb_store: 
[2026/05/20 14:37:23.864830,  1, pid=4000687, effective(65534, 65534), real(65534, 0), class=rpc_parse] source3/locking/share_mode_lock.c:627(share_mode_data_ltdb_store)
       d: struct share_mode_data
          unique_content_epoch     : 0xd59f24362d58bd54 (-3053682207226282668)
          flags                    : 0x01cb (459)
                 1: SHARE_MODE_SHARE_DELETE  
                 1: SHARE_MODE_SHARE_WRITE   
                 1: SHARE_MODE_SHARE_READ    
                 0: SHARE_MODE_ACCESS_DELETE 
                 0: SHARE_MODE_ACCESS_WRITE  
                 1: SHARE_MODE_ACCESS_READ   
                 0: SHARE_MODE_LEASE_HANDLE  
                 1: SHARE_MODE_LEASE_WRITE   
                 1: SHARE_MODE_LEASE_READ    
          servicepath              : *
              servicepath              : '/var/samba/public'
          base_name                : *
              base_name                : 'debian-training-tx1320-raid10.iso'
          stream_name              : NULL
          num_delete_tokens        : 0x00000000 (0)
          delete_tokens: ARRAY(0)
          old_write_time           : Mon May 18 10:07:24 AM 2026 JST
          changed_write_time       : NTTIME(0)
          not_stored               : 0x01 (1)
          modified                 : 0x01 (1)
          id: struct file_id
              devid                    : 0x000000000000fc00 (64512)
              inode                    : 0x0000000001021423 (16913443)
              extid                    : 0x0000000000000000 (0)
[2026/05/20 14:37:23.865034, 10, pid=4000687, effective(65534, 65534), real(65534, 0), class=locking] source3/locking/share_mode_lock.c:676(share_mode_data_store)
  share_mode_data_store: not modified
[2026/05/20 14:37:23.865052, 10, pid=4000687, effective(65534, 65534), real(65534, 0), class=locking] source3/locking/share_mode_lock.c:207(share_mode_memcache_store)
  share_mode_memcache_store: stored entry for file debian-training-tx1320-raid10.iso epoch d59f24362d58bd54 key 64512:16913443:0
[2026/05/20 14:37:23.865073,  5, pid=4000687, effective(65534, 65534), real(65534, 0)] lib/dbwrap/dbwrap.c:204(dbwrap_lock_order_unlock)
  dbwrap_lock_order_unlock: release lock order 1 for /run/samba/locking.tdb
[2026/05/20 14:37:23.865091, 10, pid=4000687, effective(65534, 65534), real(65534, 0)] source3/lib/dbwrap/dbwrap_watch.c:507(dbwrap_watched_record_prepare_wakeup)
  dbwrap_watched_record_prepare_wakeup: No watchers
[2026/05/20 14:37:23.865113, 10, pid=4000687, effective(65534, 65534), real(65534, 0)] source3/lib/dbwrap/dbwrap_watch.c:487(dbwrap_watched_do_locked)
  dbwrap_watched_do_locked: dbwrap_watched_do_locked_fn returned
[2026/05/20 14:37:23.865130, 10, pid=4000687, effective(65534, 65534), real(65534, 0)] source3/lib/dbwrap/dbwrap_watch.c:550(dbwrap_watched_trigger_wakeup)
  dbwrap_watched_trigger_wakeup: No one to wakeup
[2026/05/20 14:37:23.865152, 10, pid=4000687, effective(65534, 65534), real(65534, 0)] source3/lib/g_lock.c:1275(g_lock_lock)
  g_lock_lock: status=NT_STATUS_OK, state.status=NT_STATUS_WAS_UNLOCKED
[2026/05/20 14:37:23.865173,  5, pid=4000687, effective(65534, 65534), real(65534, 0), class=locking] source3/smbd/smb2_oplock.c:86(set_file_oplock)
  set_file_oplock: granted oplock on file debian-training-tx1320-raid10.iso, 64512:16913443:0/118, tv_sec = 6a0d4893, tv_usec = d2925
[2026/05/20 14:37:23.865194, 10, pid=4000687, effective(65534, 65534), real(65534, 0)] source3/smbd/open.c:6446(create_file_unixpath)
  create_file_unixpath: info=1
[2026/05/20 14:37:23.865218,  5, pid=4000687, effective(65534, 65534), real(65534, 0)] source3/smbd/files.c:1985(file_free)
  file_free: freed files structure 0 (2 used)
[2026/05/20 14:37:23.865237, 10, pid=4000687, effective(65534, 65534), real(65534, 0)] source3/smbd/open.c:6642(create_file_default)
  create_file: info=1
[2026/05/20 14:37:23.865255, 10, pid=4000687, effective(65534, 65534), real(65534, 0)] source3/smbd/smb2_trans2.c:2779(store_file_unix_basic)
  store_file_unix_basic: SMB_QUERY_FILE_UNIX_BASIC
[2026/05/20 14:37:23.865272,  4, pid=4000687, effective(65534, 65534), real(65534, 0)] source3/smbd/smb2_trans2.c:2780(store_file_unix_basic)
  store_file_unix_basic: st_mode=100644
[2026/05/20 14:37:23.865293,  9, pid=4000687, effective(65534, 65534), real(65534, 0)] source3/smbd/smb1_trans2.c:230(send_trans2_replies)
  t2_rep: params_sent_thistime = 2, data_sent_thistime = 112, useable_space = 16406
[2026/05/20 14:37:23.865311,  9, pid=4000687, effective(65534, 65534), real(65534, 0)] source3/smbd/smb1_trans2.c:232(send_trans2_replies)
  t2_rep: params_to_send = 2, data_to_send = 112, paramsize = 2, datasize = 112
[2026/05/20 14:37:23.865341,  5, pid=4000687, effective(65534, 65534), real(65534, 0)] source3/lib/util.c:150(show_msg)
  size=172
  smb_com=0x32
  smb_rcls=0
  smb_reh=0
  smb_err=0
  smb_flg=128
  smb_flg2=51203
  smb_tid=55629
  smb_pid=1788
  smb_uid=43829
  smb_mid=62
  smt_wct=10
  smb_vwv[ 0]=    2 (0x2)
  smb_vwv[ 1]=  112 (0x70)
  smb_vwv[ 2]=    0 (0x0)
  smb_vwv[ 3]=    2 (0x2)
  smb_vwv[ 4]=   56 (0x38)
  smb_vwv[ 5]=    0 (0x0)
  smb_vwv[ 6]=  112 (0x70)
  smb_vwv[ 7]=   60 (0x3C)
  smb_vwv[ 8]=    0 (0x0)
  smb_vwv[ 9]=    0 (0x0)
  smb_bcc=117
[2026/05/20 14:37:23.865438, 10, pid=4000687, effective(65534, 65534), real(65534, 0)] lib/util/util.c:578(dump_data)
  [0000] 00 00 00 00 00 01 00 2D   C2 01 00 00 00 00 02 00   .......- ........
  [0010] 00 00 00 B5 2F 00 00 00   00 00 10 B5 2F 00 00 00   ..../... ..../...
  [0020] 00 5E 44 69 FB 18 E8 DC   01 2D 7A 53 09 19 E8 DC   .^Di.... .-zS....
  [0030] 01 A3 E5 86 AF 62 E6 DC   01 FE FF 00 00 00 00 00   .....b.. ........
  [0040] 00 FE FF 00 00 00 00 00   00 00 00 00 00 FC 00 00   ........ ........
  [0050] 00 00 00 00 00 00 00 00   00 00 00 00 00 23 14 02   ........ .....#..
  [0060] 01 00 00 00 00 A4 01 00   00 00 00 00 00 01 00 00   ........ ........
  [0070] 00 00 00 00 00                                      .....
[2026/05/20 14:37:23.865649,  5, pid=4000687, effective(65534, 65534), real(65534, 0)] source3/smbd/files.c:1985(file_free)
  file_free: freed files structure 0 (1 used)
[2026/05/20 14:37:24.181800, 10, pid=4000687, effective(65534, 65534), real(65534, 0)] source3/lib/util_sock.c:180(read_smb_length_return_keepalive)
  got smb length of 41
[2026/05/20 14:37:24.182015,  6, pid=4000687, effective(65534, 65534), real(65534, 0)] source3/smbd/smb2_process.c:574(process_smb)
  got message type 0x0 of len 0x29
[2026/05/20 14:37:24.182065,  3, pid=4000687, effective(65534, 65534), real(65534, 0)] source3/smbd/smb2_process.c:576(process_smb)
  Transaction 62 of length 45 (0 toread)
[2026/05/20 14:37:24.182097,  5, pid=4000687, effective(65534, 65534), real(65534, 0)] source3/lib/util.c:150(show_msg)
  size=41
  smb_com=0x4
  smb_rcls=0
  smb_reh=0
  smb_err=0
  smb_flg=0
  smb_flg2=49153
  smb_tid=55629
  smb_pid=1788
  smb_uid=43829
  smb_mid=63
  smt_wct=3
  smb_vwv[ 0]=49709 (0xC22D)
  smb_vwv[ 1]=65535 (0xFFFF)
  smb_vwv[ 2]=65535 (0xFFFF)
  smb_bcc=0
[2026/05/20 14:37:24.182200,  3, pid=4000687, effective(65534, 65534), real(65534, 0)] source3/smbd/smb1_process.c:1112(switch_message)
  switch message SMBclose (pid 4000687) conn 0x6087dc17b3c0
[2026/05/20 14:37:24.182224,  5, pid=4000687, effective(65534, 65534), real(65534, 0)] source3/smbd/uid.c:327(change_to_user_impersonate)
  change_to_user_impersonate: Skipping user change - already user
[2026/05/20 14:37:24.182245,  4, pid=4000687, effective(65534, 65534), real(65534, 0), class=vfs] source3/smbd/vfs.c:937(vfs_ChDir)
  vfs_ChDir to /var/samba/public
[2026/05/20 14:37:24.182287,  5, pid=4000687, effective(65534, 65534), real(65534, 0), class=vfs] source3/smbd/vfs.c:999(vfs_ChDir)
  vfs_ChDir: vfs_ChDir got /var/samba/public
[2026/05/20 14:37:24.182315,  5, pid=4000687, effective(65534, 65534), real(65534, 0)] source3/smbd/uid.c:294(print_impersonation_info)
  print_impersonation_info: Impersonated user: uid=(65534,65534), gid=(0,65534), cwd=[/var/samba/public]
[2026/05/20 14:37:24.182342,  3, pid=4000687, effective(65534, 65534), real(65534, 0)] source3/smbd/smb1_reply.c:5097(reply_close)
  reply_close: Close file fd=30 fnum 49709 (numopen=1)
[2026/05/20 14:37:24.182363,  6, pid=4000687, effective(65534, 65534), real(65534, 0)] source3/smbd/close.c:656(set_close_write_time)
  close_write_time: Thu Jan  1 09:00:01 1970
[2026/05/20 14:37:24.182401,  5, pid=4000687, effective(65534, 65534), real(65534, 0)] lib/dbwrap/dbwrap.c:172(dbwrap_lock_order_lock)
  dbwrap_lock_order_lock: check lock order 1 for /run/samba/locking.tdb
[2026/05/20 14:37:24.182420, 10, pid=4000687, effective(65534, 65534), real(65534, 0)] lib/dbwrap/dbwrap.c:157(debug_lock_order)
  lock order:  1:/run/samba/locking.tdb 2:<none> 3:<none> 4:<none>
[2026/05/20 14:37:24.182445, 10, pid=4000687, effective(65534, 65534), real(65534, 0), class=locking] source3/locking/share_mode_lock.c:322(share_mode_memcache_fetch)
  share_mode_memcache_fetch: fetched entry for file debian-training-tx1320-raid10.iso epoch d59f24362d58bd54 key 64512:16913443:0
[2026/05/20 14:37:24.182466, 10, pid=4000687, effective(65534, 65534), real(65534, 0), class=locking] source3/locking/share_mode_lock.c:990(get_share_mode_lock_internal)
  get_share_mode_lock_internal: Returning 64512:16913443:0 (data_cached=1 key_refcount=1)
[2026/05/20 14:37:24.182487, 10, pid=4000687, effective(65534, 65534), real(65534, 0), class=locking] source3/locking/share_mode_lock.c:2388(share_mode_entry_do)
  share_mode_entry_do: num_share_modes=1
[2026/05/20 14:37:24.182505, 10, pid=4000687, effective(65534, 65534), real(65534, 0), class=locking] source3/locking/share_mode_lock.c:1941(share_mode_entry_find)
  share_mode_entry_find: left=0, right=0, middle=0, middle_ptr=0x6087dc17c7ba
[2026/05/20 14:37:24.182532, 10, pid=4000687, effective(65534, 65534), real(65534, 0), class=locking] source3/locking/share_mode_lock.c:2404(share_mode_entry_do)
  share_mode_entry_do: entry[0]:
[2026/05/20 14:37:24.182549,  1, pid=4000687, effective(65534, 65534), real(65534, 0), class=rpc_parse] source3/locking/share_mode_lock.c:2405(share_mode_entry_do)
       &e: struct share_mode_entry
          pid: struct server_id
              pid                      : 0x00000000003d0baf (4000687)
              task_id                  : 0x00000000 (0)
              vnn                      : 0xffffffff (4294967295)
              unique_id                : 0x3f9493830e290ceb (4581448912030207211)
          op_mid                   : 0x000000000000003e (62)
          op_type                  : SHARE_MODE_ENTRY_OP_TYPE_EXCLUSIVE (1)
          client_guid              : 00000000-0000-0000-0000-000000000000
          lease_key: struct smb2_lease_key
              data: ARRAY(2)
                  data                     : 0x0000000000000000 (0)
                  data                     : 0x0000000000000000 (0)
          access_mask              : 0x00000089 (137)
          share_access             : 0x00000007 (7)
          private_options          : 0x00000000 (0)
          time                     : Wed May 20 02:37:23 PM 2026 JST.862501
          share_file_id            : 0x0000000000000076 (118)
          uid                      : 0x0000fffe (65534)
          flags                    : 0x0001 (1)
          name_hash                : 0x2dee4f28 (770592552)
          stale                    : 0x00 (0)
[2026/05/20 14:37:24.182702, 10, pid=4000687, effective(65534, 65534), real(65534, 0), class=locking] source3/locking/share_mode_lock.c:2410(share_mode_entry_do)
  share_mode_entry_do: entry[0]: modified=1, e.stale=0
[2026/05/20 14:37:24.182720, 10, pid=4000687, effective(65534, 65534), real(65534, 0), class=locking] source3/locking/share_mode_lock.c:349(share_mode_entry_put)
  share_mode_entry_put: share_mode_entry:
[2026/05/20 14:37:24.182737,  1, pid=4000687, effective(65534, 65534), real(65534, 0), class=rpc_parse] source3/locking/share_mode_lock.c:350(share_mode_entry_put)
       discard_const_p(void, e): struct share_mode_entry
          pid: struct server_id
              pid                      : 0x00000000003d0baf (4000687)
              task_id                  : 0x00000000 (0)
              vnn                      : 0xffffffff (4294967295)
              unique_id                : 0x3f9493830e290ceb (4581448912030207211)
          op_mid                   : 0x000000000000003e (62)
          op_type                  : SHARE_MODE_ENTRY_OP_TYPE_NONE (0)
          client_guid              : 00000000-0000-0000-0000-000000000000
          lease_key: struct smb2_lease_key
              data: ARRAY(2)
                  data                     : 0x0000000000000000 (0)
                  data                     : 0x0000000000000000 (0)
          access_mask              : 0x00000089 (137)
          share_access             : 0x00000007 (7)
          private_options          : 0x00000000 (0)
          time                     : Wed May 20 02:37:23 PM 2026 JST.862501
          share_file_id            : 0x0000000000000076 (118)
          uid                      : 0x0000fffe (65534)
          flags                    : 0x0001 (1)
          name_hash                : 0x2dee4f28 (770592552)
          stale                    : 0x00 (0)
[2026/05/20 14:37:24.182876, 10, pid=4000687, effective(65534, 65534), real(65534, 0), class=locking] source3/locking/share_mode_lock.c:619(share_mode_data_ltdb_store)
  share_mode_data_ltdb_store: share_mode_data not modified
[2026/05/20 14:37:24.182911, 10, pid=4000687, effective(65534, 65534), real(65534, 0), class=locking] source3/locking/share_mode_lock.c:990(get_share_mode_lock_internal)
  get_share_mode_lock_internal: Returning 64512:16913443:0 (data_cached=1 key_refcount=2)
[2026/05/20 14:37:24.182931, 10, pid=4000687, effective(65534, 65534), real(65534, 0), class=locking] source3/locking/locking.c:1007(find_delete_on_close_token)
  find_delete_on_close_token: name_hash = 0x2dee4f28
[2026/05/20 14:37:24.182950, 10, pid=4000687, effective(65534, 65534), real(65534, 0), class=locking] source3/locking/share_mode_lock.c:2388(share_mode_entry_do)
  share_mode_entry_do: num_share_modes=1
[2026/05/20 14:37:24.182976, 10, pid=4000687, effective(65534, 65534), real(65534, 0), class=locking] source3/locking/share_mode_lock.c:1941(share_mode_entry_find)
  share_mode_entry_find: left=0, right=0, middle=0, middle_ptr=0x6087dc17cb3a
[2026/05/20 14:37:24.182995, 10, pid=4000687, effective(65534, 65534), real(65534, 0), class=locking] source3/locking/share_mode_lock.c:2404(share_mode_entry_do)
  share_mode_entry_do: entry[0]:
[2026/05/20 14:37:24.183013,  1, pid=4000687, effective(65534, 65534), real(65534, 0), class=rpc_parse] source3/locking/share_mode_lock.c:2405(share_mode_entry_do)
       &e: struct share_mode_entry
          pid: struct server_id
              pid                      : 0x00000000003d0baf (4000687)
              task_id                  : 0x00000000 (0)
              vnn                      : 0xffffffff (4294967295)
              unique_id                : 0x3f9493830e290ceb (4581448912030207211)
          op_mid                   : 0x000000000000003e (62)
          op_type                  : SHARE_MODE_ENTRY_OP_TYPE_NONE (0)
          client_guid              : 00000000-0000-0000-0000-000000000000
          lease_key: struct smb2_lease_key
              data: ARRAY(2)
                  data                     : 0x0000000000000000 (0)
                  data                     : 0x0000000000000000 (0)
          access_mask              : 0x00000089 (137)
          share_access             : 0x00000007 (7)
          private_options          : 0x00000000 (0)
          time                     : Wed May 20 02:37:23 PM 2026 JST.862501
          share_file_id            : 0x0000000000000076 (118)
          uid                      : 0x0000fffe (65534)
          flags                    : 0x0001 (1)
          name_hash                : 0x2dee4f28 (770592552)
          stale                    : 0x00 (0)
[2026/05/20 14:37:24.183153, 10, pid=4000687, effective(65534, 65534), real(65534, 0), class=locking] source3/locking/share_mode_lock.c:2410(share_mode_entry_do)
  share_mode_entry_do: entry[0]: modified=0, e.stale=1
[2026/05/20 14:37:24.183171, 10, pid=4000687, effective(65534, 65534), real(65534, 0), class=locking] source3/locking/share_mode_lock.c:2444(share_mode_entry_do)
  share_mode_entry_do: share_mode_entry:
[2026/05/20 14:37:24.183188,  1, pid=4000687, effective(65534, 65534), real(65534, 0), class=rpc_parse] source3/locking/share_mode_lock.c:2445(share_mode_entry_do)
       &e: struct share_mode_entry
          pid: struct server_id
              pid                      : 0x00000000003d0baf (4000687)
              task_id                  : 0x00000000 (0)
              vnn                      : 0xffffffff (4294967295)
              unique_id                : 0x3f9493830e290ceb (4581448912030207211)
          op_mid                   : 0x000000000000003e (62)
          op_type                  : SHARE_MODE_ENTRY_OP_TYPE_NONE (0)
          client_guid              : 00000000-0000-0000-0000-000000000000
          lease_key: struct smb2_lease_key
              data: ARRAY(2)
                  data                     : 0x0000000000000000 (0)
                  data                     : 0x0000000000000000 (0)
          access_mask              : 0x00000089 (137)
          share_access             : 0x00000007 (7)
          private_options          : 0x00000000 (0)
          time                     : Wed May 20 02:37:23 PM 2026 JST.862501
          share_file_id            : 0x0000000000000076 (118)
          uid                      : 0x0000fffe (65534)
          flags                    : 0x0001 (1)
          name_hash                : 0x2dee4f28 (770592552)
          stale                    : 0x01 (1)
[2026/05/20 14:37:24.183322, 10, pid=4000687, effective(65534, 65534), real(65534, 0), class=locking] source3/locking/share_mode_lock.c:626(share_mode_data_ltdb_store)
  share_mode_data_ltdb_store: 
[2026/05/20 14:37:24.183339,  1, pid=4000687, effective(65534, 65534), real(65534, 0), class=rpc_parse] source3/locking/share_mode_lock.c:627(share_mode_data_ltdb_store)
       d: struct share_mode_data
          unique_content_epoch     : 0xd59f24362d58bd57 (-3053682207226282665)
          flags                    : 0x01cb (459)
                 1: SHARE_MODE_SHARE_DELETE  
                 1: SHARE_MODE_SHARE_WRITE   
                 1: SHARE_MODE_SHARE_READ    
                 0: SHARE_MODE_ACCESS_DELETE 
                 0: SHARE_MODE_ACCESS_WRITE  
                 1: SHARE_MODE_ACCESS_READ   
                 0: SHARE_MODE_LEASE_HANDLE  
                 1: SHARE_MODE_LEASE_WRITE   
                 1: SHARE_MODE_LEASE_READ    
          servicepath              : *
              servicepath              : '/var/samba/public'
          base_name                : *
              base_name                : 'debian-training-tx1320-raid10.iso'
          stream_name              : NULL
          num_delete_tokens        : 0x00000000 (0)
          delete_tokens: ARRAY(0)
          old_write_time           : Mon May 18 10:07:24 AM 2026 JST
          changed_write_time       : NTTIME(0)
          not_stored               : 0x00 (0)
          modified                 : 0x01 (1)
          id: struct file_id
              devid                    : 0x000000000000fc00 (64512)
              inode                    : 0x0000000001021423 (16913443)
              extid                    : 0x0000000000000000 (0)
[2026/05/20 14:37:24.183513, 10, pid=4000687, effective(65534, 65534), real(65534, 0), class=locking] source3/locking/share_mode_lock.c:676(share_mode_data_store)
  share_mode_data_store: not modified
[2026/05/20 14:37:24.183533,  5, pid=4000687, effective(65534, 65534), real(65534, 0)] lib/dbwrap/dbwrap.c:204(dbwrap_lock_order_unlock)
  dbwrap_lock_order_unlock: release lock order 1 for /run/samba/locking.tdb
[2026/05/20 14:37:24.183550, 10, pid=4000687, effective(65534, 65534), real(65534, 0)] source3/lib/dbwrap/dbwrap_watch.c:507(dbwrap_watched_record_prepare_wakeup)
  dbwrap_watched_record_prepare_wakeup: No watchers
[2026/05/20 14:37:24.183571, 10, pid=4000687, effective(65534, 65534), real(65534, 0)] source3/lib/dbwrap/dbwrap_watch.c:487(dbwrap_watched_do_locked)
  dbwrap_watched_do_locked: dbwrap_watched_do_locked_fn returned
[2026/05/20 14:37:24.183588, 10, pid=4000687, effective(65534, 65534), real(65534, 0)] source3/lib/dbwrap/dbwrap_watch.c:550(dbwrap_watched_trigger_wakeup)
  dbwrap_watched_trigger_wakeup: No one to wakeup
[2026/05/20 14:37:24.183605, 10, pid=4000687, effective(65534, 65534), real(65534, 0)] source3/lib/g_lock.c:1275(g_lock_lock)
  g_lock_lock: status=NT_STATUS_OK, state.status=NT_STATUS_WAS_UNLOCKED
[2026/05/20 14:37:24.183641,  2, pid=4000687, effective(65534, 65534), real(65534, 0)] source3/smbd/close.c:934(close_normal_file)
  nobody closed file debian-training-tx1320-raid10.iso (numopen=0) NT_STATUS_OK
[2026/05/20 14:37:24.183663,  5, pid=4000687, effective(65534, 65534), real(65534, 0)] lib/dbwrap/dbwrap.c:172(dbwrap_lock_order_lock)
  dbwrap_lock_order_lock: check lock order 1 for /run/samba/smbXsrv_open_global.tdb
[2026/05/20 14:37:24.183680, 10, pid=4000687, effective(65534, 65534), real(65534, 0)] lib/dbwrap/dbwrap.c:157(debug_lock_order)
  lock order:  1:/run/samba/smbXsrv_open_global.tdb 2:<none> 3:<none> 4:<none>
[2026/05/20 14:37:24.183703,  5, pid=4000687, effective(65534, 65534), real(65534, 0)] lib/dbwrap/dbwrap.c:204(dbwrap_lock_order_unlock)
  dbwrap_lock_order_unlock: release lock order 1 for /run/samba/smbXsrv_open_global.tdb
[2026/05/20 14:37:24.183724,  5, pid=4000687, effective(65534, 65534), real(65534, 0)] source3/smbd/files.c:1985(file_free)
  file_free: freed files structure 49709 (0 used)
[2026/05/20 14:37:24.183756,  5, pid=4000687, effective(65534, 65534), real(65534, 0)] source3/lib/util.c:150(show_msg)
  size=35
  smb_com=0x4
  smb_rcls=0
  smb_reh=0
  smb_err=0
  smb_flg=128
  smb_flg2=51203
  smb_tid=55629
  smb_pid=1788
  smb_uid=43829
  smb_mid=63
  smt_wct=0
  smb_bcc=0
[2026/05/20 14:38:10.892632, 10, pid=4000687, effective(65534, 65534), real(65534, 0)] source3/lib/util_event.c:42(smbd_idle_event_handler)
  smbd_idle_event_handler: idle_evt(deadtime) (nil) called
[2026/05/20 14:38:10.892727, 10, pid=4000687, effective(65534, 65534), real(65534, 0)] source3/lib/util_event.c:53(smbd_idle_event_handler)
  smbd_idle_event_handler: idle_evt(deadtime) (nil) rescheduled
[2026/05/20 14:38:10.892764, 10, pid=4000687, effective(65534, 65534), real(65534, 0)] source3/lib/util_event.c:42(smbd_idle_event_handler)
  smbd_idle_event_handler: idle_evt(housekeeping) (nil) called
[2026/05/20 14:38:10.892783,  5, pid=4000687, effective(65534, 65534), real(65534, 0)] source3/smbd/smb2_process.c:1582(housekeeping_fn)
  housekeeping
[2026/05/20 14:38:10.892813,  4, pid=4000687, effective(65534, 65534), real(65534, 0)] source3/smbd/sec_ctx.c:317(set_sec_ctx_internal)
  setting sec ctx (0, 0) - sec_ctx_stack_ndx = 0
[2026/05/20 14:38:10.892835,  5, pid=4000687, effective(65534, 65534), real(65534, 0)] libcli/security/security_token.c:49(security_token_debug)
  Security token: (NULL)
[2026/05/20 14:38:10.892912,  5, pid=4000687, effective(65534, 65534), real(65534, 0)] source3/auth/token_util.c:873(debug_unix_user_token)
  UNIX token of user 0
  Primary group is 0 and contains 0 supplementary groups
[2026/05/20 14:38:10.892975,  5, pid=4000687, effective(0, 0), real(0, 0)] source3/smbd/uid.c:494(smbd_change_to_root_user)
  change_to_root_user: now uid=(0,0) gid=(0,0)
[2026/05/20 14:38:10.893131,  5, pid=4000687, effective(0, 0), real(0, 0)] lib/util/debug.c:931(debug_dump_status)
  INFO: Current debug levels:
    all: 10
    tdb: 10
    printdrivers: 10
    lanman: 10
    smb: 10
    rpc_parse: 10
    rpc_srv: 10
    rpc_cli: 10
    passdb: 10
    sam: 10
    auth: 10
    winbind: 10
    vfs: 10
    idmap: 10
    quota: 10
    acls: 10
    locking: 10
    msdfs: 10
    dmapi: 10
    registry: 10
    scavenger: 10
    dns: 10
    ldb: 10
    tevent: 10
    auth_audit: 10
    auth_json_audit: 10
    kerberos: 10
    drs_repl: 10
    smb2: 10
    smb2_credits: 10
    dsdb_audit: 10
    dsdb_json_audit: 10
    dsdb_password_audit: 10
    dsdb_password_json_audit: 10
    dsdb_transaction_audit: 10
    dsdb_transaction_json_audit: 10
    dsdb_group_audit: 10
    dsdb_group_json_audit: 10
[2026/05/20 14:38:10.893315,  6, pid=4000687, effective(0, 0), real(0, 0)] source3/param/loadparm.c:2398(lp_file_list_changed)
  lp_file_list_changed()
  file /etc/samba/smb.conf -> /etc/samba/smb.conf  last mod_time: 2026-05-20 14:24:50.916139075
[2026/05/20 14:38:10.893357, 10, pid=4000687, effective(0, 0), real(0, 0)] source3/lib/util_event.c:53(smbd_idle_event_handler)
  smbd_idle_event_handler: idle_evt(housekeeping) (nil) rescheduled
[2026/05/20 14:38:24.343170, 10, pid=4000687, effective(0, 0), real(0, 0)] source3/lib/util_sock.c:180(read_smb_length_return_keepalive)
  got smb length of 142
[2026/05/20 14:38:24.343360,  6, pid=4000687, effective(0, 0), real(0, 0)] source3/smbd/smb2_process.c:574(process_smb)
  got message type 0x0 of len 0x8e
[2026/05/20 14:38:24.343422,  3, pid=4000687, effective(0, 0), real(0, 0)] source3/smbd/smb2_process.c:576(process_smb)
  Transaction 63 of length 146 (0 toread)
[2026/05/20 14:38:24.343513,  5, pid=4000687, effective(0, 0), real(0, 0)] source3/lib/util.c:150(show_msg)
  size=142
  smb_com=0x32
  smb_rcls=0
  smb_reh=0
  smb_err=0
  smb_flg=0
  smb_flg2=49153
  smb_tid=55629
  smb_pid=1788
  smb_uid=43829
  smb_mid=64
  smt_wct=15
  smb_vwv[ 0]=   76 (0x4C)
  smb_vwv[ 1]=    0 (0x0)
  smb_vwv[ 2]=    2 (0x2)
  smb_vwv[ 3]= 4000 (0xFA0)
  smb_vwv[ 4]=    0 (0x0)
  smb_vwv[ 5]=    0 (0x0)
  smb_vwv[ 6]=    0 (0x0)
  smb_vwv[ 7]=    0 (0x0)
  smb_vwv[ 8]=    0 (0x0)
  smb_vwv[ 9]=   76 (0x4C)
  smb_vwv[10]=   66 (0x42)
  smb_vwv[11]=    0 (0x0)
  smb_vwv[12]=    0 (0x0)
  smb_vwv[13]=    1 (0x1)
  smb_vwv[14]=    5 (0x5)
  smb_bcc=77
[2026/05/20 14:38:24.343648, 10, pid=4000687, effective(0, 0), real(0, 0)] lib/util/util.c:578(dump_data)
  [0000] 00 00 02 00 00 00 00 2F   00 64 00 65 00 62 00 69   ......./ .d.e.b.i
  [0010] 00 61 00 6E 00 2D 00 74   00 72 00 61 00 69 00 6E   .a.n.-.t .r.a.i.n
  [0020] 00 69 00 6E 00 67 00 2D   00 74 00 78 00 31 00 33   .i.n.g.- .t.x.1.3
  [0030] 00 32 00 30 00 2D 00 72   00 61 00 69 00 64 00 31   .2.0.-.r .a.i.d.1
  [0040] 00 30 00 2E 00 69 00 73   00 6F 00 00 00            .0...i.s .o...
[2026/05/20 14:38:24.343770,  3, pid=4000687, effective(0, 0), real(0, 0)] source3/smbd/smb1_process.c:1112(switch_message)
  switch message SMBtrans2 (pid 4000687) conn 0x6087dc17b3c0
[2026/05/20 14:38:24.344111,  4, pid=4000687, effective(0, 0), real(0, 0)] source3/smbd/sec_ctx.c:206(push_sec_ctx)
  push_sec_ctx(0, 0) : sec_ctx_stack_ndx = 1
[2026/05/20 14:38:24.344287,  4, pid=4000687, effective(0, 0), real(0, 0)] source3/smbd/uid.c:566(push_conn_ctx)
  push_conn_ctx(0) : conn_ctx_stack_ndx = 0
[2026/05/20 14:38:24.344345,  4, pid=4000687, effective(0, 0), real(0, 0)] source3/smbd/sec_ctx.c:317(set_sec_ctx_internal)
  setting sec ctx (0, 0) - sec_ctx_stack_ndx = 1
[2026/05/20 14:38:24.344400,  5, pid=4000687, effective(0, 0), real(0, 0)] libcli/security/security_token.c:49(security_token_debug)
  Security token: (NULL)
[2026/05/20 14:38:24.344435,  5, pid=4000687, effective(0, 0), real(0, 0)] source3/auth/token_util.c:873(debug_unix_user_token)
  UNIX token of user 0
  Primary group is 0 and contains 0 supplementary groups
[2026/05/20 14:38:24.344512,  4, pid=4000687, effective(0, 0), real(0, 0)] source3/smbd/sec_ctx.c:443(pop_sec_ctx)
  pop_sec_ctx (0, 0) - sec_ctx_stack_ndx = 0
[2026/05/20 14:38:24.344535, 10, pid=4000687, effective(0, 0), real(0, 0)] source3/passdb/lookup_sid.c:1256(xid_to_sid)
  xid_to_sid: GID 65534 -> S-1-22-2-65534 fallback
[2026/05/20 14:38:24.344557,  4, pid=4000687, effective(0, 0), real(0, 0)] source3/smbd/sec_ctx.c:317(set_sec_ctx_internal)
  setting sec ctx (65534, 65534) - sec_ctx_stack_ndx = 0
[2026/05/20 14:38:24.344575,  5, pid=4000687, effective(0, 0), real(0, 0)] libcli/security/security_token.c:53(security_token_debug)
  Security token SIDs (5):
    SID[  0]: S-1-22-1-65534
    SID[  1]: S-1-22-2-65534
    SID[  2]: S-1-1-0
    SID[  3]: S-1-5-2
    SID[  4]: S-1-5-32-546
   Privileges (0x               0):
   Rights (0x               0):
[2026/05/20 14:38:24.344624,  5, pid=4000687, effective(0, 0), real(0, 0)] source3/auth/token_util.c:873(debug_unix_user_token)
  UNIX token of user 65534
  Primary group is 65534 and contains 1 supplementary groups
  Group[  0]: 65534
[2026/05/20 14:38:24.344676,  4, pid=4000687, effective(65534, 65534), real(65534, 0), class=vfs] source3/smbd/vfs.c:937(vfs_ChDir)
  vfs_ChDir to /var/samba/public
[2026/05/20 14:38:24.344726,  5, pid=4000687, effective(65534, 65534), real(65534, 0), class=vfs] source3/smbd/vfs.c:999(vfs_ChDir)
  vfs_ChDir: vfs_ChDir got /var/samba/public
[2026/05/20 14:38:24.344754,  5, pid=4000687, effective(65534, 65534), real(65534, 0)] source3/smbd/uid.c:294(print_impersonation_info)
  print_impersonation_info: Impersonated user: uid=(65534,65534), gid=(0,65534), cwd=[/var/samba/public]
[2026/05/20 14:38:24.344783,  3, pid=4000687, effective(65534, 65534), real(65534, 0)] source3/smbd/smb1_trans2.c:2645(call_trans2qpathinfo)
  call_trans2qpathinfo: TRANSACT2_QPATHINFO: level = 512
[2026/05/20 14:38:24.344809, 10, pid=4000687, effective(65534, 65534), real(65534, 0)] source3/smbd/files.c:562(openat_pathref_fsp)
  openat_pathref_fsp: smb_fname [.]
[2026/05/20 14:38:24.344838, 10, pid=4000687, effective(65534, 65534), real(65534, 0)] source3/smbd/files.c:462(openat_pathref_fullname)
  openat_pathref_fullname: smb_fname [.]
[2026/05/20 14:38:24.344857,  5, pid=4000687, effective(65534, 65534), real(65534, 0)] source3/smbd/files.c:77(fsp_new)
  fsp_new: allocated files structure (1 used)
[2026/05/20 14:38:24.344916, 10, pid=4000687, effective(65534, 65534), real(65534, 0)] source3/smbd/files.c:2198(file_name_hash)
  file_name_hash: /var/samba/public/. hash 0xb9bae796
[2026/05/20 14:38:24.344958, 10, pid=4000687, effective(65534, 65534), real(65534, 0)] source3/smbd/open.c:930(fd_openat)
  fd_openat: name ., flags = 04000 mode = 00, fd = 14
[2026/05/20 14:38:24.344978, 10, pid=4000687, effective(65534, 65534), real(65534, 0)] source3/smbd/files.c:531(openat_pathref_fullname)
  openat_pathref_fullname: fsp [.]: OK
[2026/05/20 14:38:24.344998, 10, pid=4000687, effective(65534, 65534), real(65534, 0)] source3/smbd/files.c:562(openat_pathref_fsp)
  openat_pathref_fsp: smb_fname [debian-training-tx1320-raid10.iso]
[2026/05/20 14:38:24.345016, 10, pid=4000687, effective(65534, 65534), real(65534, 0)] source3/smbd/files.c:462(openat_pathref_fullname)
  openat_pathref_fullname: smb_fname [debian-training-tx1320-raid10.iso]
[2026/05/20 14:38:24.345035,  5, pid=4000687, effective(65534, 65534), real(65534, 0)] source3/smbd/files.c:77(fsp_new)
  fsp_new: allocated files structure (2 used)
[2026/05/20 14:38:24.345053, 10, pid=4000687, effective(65534, 65534), real(65534, 0)] source3/smbd/files.c:2198(file_name_hash)
  file_name_hash: /var/samba/public/debian-training-tx1320-raid10.iso hash 0x2dee4f28
[2026/05/20 14:38:24.345079, 10, pid=4000687, effective(65534, 65534), real(65534, 0)] source3/smbd/open.c:930(fd_openat)
  fd_openat: name debian-training-tx1320-raid10.iso, flags = 04000 mode = 00, fd = 28
[2026/05/20 14:38:24.345106, 10, pid=4000687, effective(65534, 65534), real(65534, 0)] source3/smbd/files.c:531(openat_pathref_fullname)
  openat_pathref_fullname: fsp [debian-training-tx1320-raid10.iso]: OK
[2026/05/20 14:38:24.345136, 10, pid=4000687, effective(65534, 65534), real(65534, 0)] source3/smbd/files.c:2198(file_name_hash)
  file_name_hash: /var/samba/public/debian-training-tx1320-raid10.iso hash 0x2dee4f28
[2026/05/20 14:38:24.345162, 10, pid=4000687, effective(65534, 65534), real(65534, 0)] source3/lib/g_lock.c:1655(g_lock_dump)
  g_lock_dump: dbwrap_parse_record returned NT_STATUS_NOT_FOUND
[2026/05/20 14:38:24.345190, 10, pid=4000687, effective(65534, 65534), real(65534, 0), class=locking] source3/locking/share_mode_lock.c:1570(fetch_share_mode_unlocked)
  fetch_share_mode_unlocked: g_lock_dump failed: NT_STATUS_NOT_FOUND
[2026/05/20 14:38:24.345211, 10, pid=4000687, effective(65534, 65534), real(65534, 0)] source3/smbd/smb2_trans2.c:2779(store_file_unix_basic)
  store_file_unix_basic: SMB_QUERY_FILE_UNIX_BASIC
[2026/05/20 14:38:24.345229,  4, pid=4000687, effective(65534, 65534), real(65534, 0)] source3/smbd/smb2_trans2.c:2780(store_file_unix_basic)
  store_file_unix_basic: st_mode=100644
[2026/05/20 14:38:24.345251,  9, pid=4000687, effective(65534, 65534), real(65534, 0)] source3/smbd/smb1_trans2.c:230(send_trans2_replies)
  t2_rep: params_sent_thistime = 2, data_sent_thistime = 100, useable_space = 16406
[2026/05/20 14:38:24.345269,  9, pid=4000687, effective(65534, 65534), real(65534, 0)] source3/smbd/smb1_trans2.c:232(send_trans2_replies)
  t2_rep: params_to_send = 2, data_to_send = 100, paramsize = 2, datasize = 100
[2026/05/20 14:38:24.345299,  5, pid=4000687, effective(65534, 65534), real(65534, 0)] source3/lib/util.c:150(show_msg)
  size=160
  smb_com=0x32
  smb_rcls=0
  smb_reh=0
  smb_err=0
  smb_flg=128
  smb_flg2=51203
  smb_tid=55629
  smb_pid=1788
  smb_uid=43829
  smb_mid=64
  smt_wct=10
  smb_vwv[ 0]=    2 (0x2)
  smb_vwv[ 1]=  100 (0x64)
  smb_vwv[ 2]=    0 (0x0)
  smb_vwv[ 3]=    2 (0x2)
  smb_vwv[ 4]=   56 (0x38)
  smb_vwv[ 5]=    0 (0x0)
  smb_vwv[ 6]=  100 (0x64)
  smb_vwv[ 7]=   60 (0x3C)
  smb_vwv[ 8]=    0 (0x0)
  smb_vwv[ 9]=    0 (0x0)
  smb_bcc=105
[2026/05/20 14:38:24.345395, 10, pid=4000687, effective(65534, 65534), real(65534, 0)] lib/util/util.c:578(dump_data)
  [0000] 00 00 00 00 00 00 00 B5   2F 00 00 00 00 00 10 B5   ........ /.......
  [0010] 2F 00 00 00 00 5E 44 69   FB 18 E8 DC 01 2D 7A 53   /....^Di .....-zS
  [0020] 09 19 E8 DC 01 A3 E5 86   AF 62 E6 DC 01 FE FF 00   ........ .b......
  [0030] 00 00 00 00 00 FE FF 00   00 00 00 00 00 00 00 00   ........ ........
  [0040] 00 FC 00 00 00 00 00 00   00 00 00 00 00 00 00 00   ........ ........
  [0050] 00 23 14 02 01 00 00 00   00 A4 01 00 00 00 00 00   .#...... ........
  [0060] 00 01 00 00 00 00 00 00   00                        ........ .
[2026/05/20 14:38:24.345607,  5, pid=4000687, effective(65534, 65534), real(65534, 0)] source3/smbd/files.c:1985(file_free)
  file_free: freed files structure 0 (1 used)
[2026/05/20 14:38:24.345630,  5, pid=4000687, effective(65534, 65534), real(65534, 0)] source3/smbd/files.c:1985(file_free)
  file_free: freed files structure 0 (0 used)
[2026/05/20 14:38:24.660957, 10, pid=4000687, effective(65534, 65534), real(65534, 0)] source3/lib/util_sock.c:180(read_smb_length_return_keepalive)
  got smb length of 162
[2026/05/20 14:38:24.661029,  6, pid=4000687, effective(65534, 65534), real(65534, 0)] source3/smbd/smb2_process.c:574(process_smb)
  got message type 0x0 of len 0xa2
[2026/05/20 14:38:24.661049,  3, pid=4000687, effective(65534, 65534), real(65534, 0)] source3/smbd/smb2_process.c:576(process_smb)
  Transaction 64 of length 166 (0 toread)
[2026/05/20 14:38:24.661081,  5, pid=4000687, effective(65534, 65534), real(65534, 0)] source3/lib/util.c:150(show_msg)
  size=162
  smb_com=0x32
  smb_rcls=0
  smb_reh=0
  smb_err=0
  smb_flg=0
  smb_flg2=49153
  smb_tid=55629
  smb_pid=1788
  smb_uid=43829
  smb_mid=65
  smt_wct=15
  smb_vwv[ 0]=   76 (0x4C)
  smb_vwv[ 1]=   18 (0x12)
  smb_vwv[ 2]=    2 (0x2)
  smb_vwv[ 3]= 1000 (0x3E8)
  smb_vwv[ 4]=    0 (0x0)
  smb_vwv[ 5]=    0 (0x0)
  smb_vwv[ 6]=    0 (0x0)
  smb_vwv[ 7]=    0 (0x0)
  smb_vwv[ 8]=    0 (0x0)
  smb_vwv[ 9]=   76 (0x4C)
  smb_vwv[10]=   68 (0x44)
  smb_vwv[11]=   18 (0x12)
  smb_vwv[12]=  144 (0x90)
  smb_vwv[13]=    1 (0x1)
  smb_vwv[14]=    6 (0x6)
  smb_bcc=97
[2026/05/20 14:38:24.661225, 10, pid=4000687, effective(65534, 65534), real(65534, 0)] lib/util/util.c:578(dump_data)
  [0000] 00 00 00 09 02 00 00 00   00 2F 00 64 00 65 00 62   ........ ./.d.e.b
  [0010] 00 69 00 61 00 6E 00 2D   00 74 00 72 00 61 00 69   .i.a.n.- .t.r.a.i
  [0020] 00 6E 00 69 00 6E 00 67   00 2D 00 74 00 78 00 31   .n.i.n.g .-.t.x.1
  [0030] 00 33 00 32 00 30 00 2D   00 72 00 61 00 69 00 64   .3.2.0.- .r.a.i.d
  [0040] 00 31 00 30 00 2E 00 69   00 73 00 6F 00 00 00 02   .1.0...i .s.o....
  [0050] 00 00 00 01 04 00 00 ED   01 00 00 00 00 00 00 00   ........ ........
  [0060] 02                                                  .
[2026/05/20 14:38:24.661378,  3, pid=4000687, effective(65534, 65534), real(65534, 0)] source3/smbd/smb1_process.c:1112(switch_message)
  switch message SMBtrans2 (pid 4000687) conn 0x6087dc17b3c0
[2026/05/20 14:38:24.661403,  5, pid=4000687, effective(65534, 65534), real(65534, 0)] source3/smbd/uid.c:327(change_to_user_impersonate)
  change_to_user_impersonate: Skipping user change - already user
[2026/05/20 14:38:24.661446,  5, pid=4000687, effective(65534, 65534), real(65534, 0)] source3/smbd/uid.c:294(print_impersonation_info)
  print_impersonation_info: Impersonated user: uid=(65534,65534), gid=(0,65534), cwd=[/var/samba/public]
[2026/05/20 14:38:24.661478,  3, pid=4000687, effective(65534, 65534), real(65534, 0)] source3/smbd/smb1_trans2.c:4513(call_trans2setpathinfo)
  call_trans2setpathinfo: fname=debian-training-tx1320-raid10.iso info_level=521 totdata=18
[2026/05/20 14:38:24.661500, 10, pid=4000687, effective(65534, 65534), real(65534, 0)] source3/smbd/files.c:562(openat_pathref_fsp)
  openat_pathref_fsp: smb_fname [.]
[2026/05/20 14:38:24.661521, 10, pid=4000687, effective(65534, 65534), real(65534, 0)] source3/smbd/files.c:462(openat_pathref_fullname)
  openat_pathref_fullname: smb_fname [.]
[2026/05/20 14:38:24.661540,  5, pid=4000687, effective(65534, 65534), real(65534, 0)] source3/smbd/files.c:77(fsp_new)
  fsp_new: allocated files structure (1 used)
[2026/05/20 14:38:24.661562, 10, pid=4000687, effective(65534, 65534), real(65534, 0)] source3/smbd/files.c:2198(file_name_hash)
  file_name_hash: /var/samba/public/. hash 0xb9bae796
[2026/05/20 14:38:24.661604, 10, pid=4000687, effective(65534, 65534), real(65534, 0)] source3/smbd/open.c:930(fd_openat)
  fd_openat: name ., flags = 04000 mode = 00, fd = 14
[2026/05/20 14:38:24.661624, 10, pid=4000687, effective(65534, 65534), real(65534, 0)] source3/smbd/files.c:531(openat_pathref_fullname)
  openat_pathref_fullname: fsp [.]: OK
[2026/05/20 14:38:24.661643, 10, pid=4000687, effective(65534, 65534), real(65534, 0)] source3/smbd/files.c:562(openat_pathref_fsp)
  openat_pathref_fsp: smb_fname [debian-training-tx1320-raid10.iso]
[2026/05/20 14:38:24.661662, 10, pid=4000687, effective(65534, 65534), real(65534, 0)] source3/smbd/files.c:462(openat_pathref_fullname)
  openat_pathref_fullname: smb_fname [debian-training-tx1320-raid10.iso]
[2026/05/20 14:38:24.661681,  5, pid=4000687, effective(65534, 65534), real(65534, 0)] source3/smbd/files.c:77(fsp_new)
  fsp_new: allocated files structure (2 used)
[2026/05/20 14:38:24.661699, 10, pid=4000687, effective(65534, 65534), real(65534, 0)] source3/smbd/files.c:2198(file_name_hash)
  file_name_hash: /var/samba/public/debian-training-tx1320-raid10.iso hash 0x2dee4f28
[2026/05/20 14:38:24.661725, 10, pid=4000687, effective(65534, 65534), real(65534, 0)] source3/smbd/open.c:930(fd_openat)
  fd_openat: name debian-training-tx1320-raid10.iso, flags = 04000 mode = 00, fd = 28
[2026/05/20 14:38:24.661749, 10, pid=4000687, effective(65534, 65534), real(65534, 0)] source3/smbd/files.c:531(openat_pathref_fullname)
  openat_pathref_fullname: fsp [debian-training-tx1320-raid10.iso]: OK
[2026/05/20 14:38:24.661773, 10, pid=4000687, effective(65534, 65534), real(65534, 0)] source3/smbd/smb1_trans2.c:3477(smb_posix_open)
  smb_posix_open: file debian-training-tx1320-raid10.iso, smb_posix_flags = 1024, mode 0755
[2026/05/20 14:38:24.661791, 10, pid=4000687, effective(65534, 65534), real(65534, 0)] source3/smbd/open.c:6509(create_file_default)
  create_file_default: create_file: access_mask = 0x89 file_attributes = 0x0, share_access = 0x7, create_disposition = 0x1 create_options = 0x40 oplock_request = 0x1 private_flags = 0x0 ea_list = (nil), sd = (nil), fname = debian-training-tx1320-raid10.iso
[2026/05/20 14:38:24.661816, 10, pid=4000687, effective(65534, 65534), real(65534, 0)] source3/smbd/open.c:5926(create_file_unixpath)
  create_file_unixpath: access_mask = 0x89 file_attributes = 0x10001a4 share_access = 0x7 create_disposition = 0x1 create_options = 0x40 oplock_request = 0x1 private_flags = 0x0 ea_list = (nil), sd = (nil), fname = debian-training-tx1320-raid10.iso
[2026/05/20 14:38:24.661859,  5, pid=4000687, effective(65534, 65534), real(65534, 0)] lib/dbwrap/dbwrap.c:172(dbwrap_lock_order_lock)
  dbwrap_lock_order_lock: check lock order 1 for /run/samba/smbXsrv_open_global.tdb
[2026/05/20 14:38:24.661912, 10, pid=4000687, effective(65534, 65534), real(65534, 0)] lib/dbwrap/dbwrap.c:157(debug_lock_order)
  lock order:  1:/run/samba/smbXsrv_open_global.tdb 2:<none> 3:<none> 4:<none>
[2026/05/20 14:38:24.662075, 10, pid=4000687, effective(65534, 65534), real(65534, 0)] source3/smbd/smbXsrv_open.c:349(smbXsrv_open_global_store)
  smbXsrv_open_global_store: key 'E03BF4EA' stored
[2026/05/20 14:38:24.662097,  1, pid=4000687, effective(65534, 65534), real(65534, 0), class=rpc_parse] source3/smbd/smbXsrv_open.c:350(smbXsrv_open_global_store)
       &global_blob: struct smbXsrv_open_globalB
          version                  : SMBXSRV_VERSION_0 (0)
          seqnum                   : 0x00000001 (1)
          info                     : union smbXsrv_open_globalU(case 0)
          info0                    : *
              info0: struct smbXsrv_open_global0
                  server_id: struct server_id
                      pid                      : 0x00000000003d0baf (4000687)
                      task_id                  : 0x00000000 (0)
                      vnn                      : 0xffffffff (4294967295)
                      unique_id                : 0x3f9493830e290ceb (4581448912030207211)
                  open_global_id           : 0xe03bf4ea (3762025706)
                  open_persistent_id       : 0x00000000e03bf4ea (3762025706)
                  open_volatile_id         : 0x00000000000017e8 (6120)
                  open_owner               : S-1-22-1-65534
                  open_time                : Wed May 20 02:38:25 PM 2026 JST
                  create_guid              : 00000000-0000-0000-0000-000000000000
                  client_guid              : 00000000-0000-0000-0000-000000000000
                  app_instance_id          : 00000000-0000-0000-0000-000000000000
                  disconnect_time          : NTTIME(0)
                  durable_timeout_msec     : 0x00000000 (0)
                  durable                  : 0x00 (0)
                  backend_cookie           : DATA_BLOB length=0
                  channel_sequence         : 0x0000 (0)
                  channel_generation       : 0x0000000000000000 (0)
                  lock_sequence_array: ARRAY(64)
  [0000] FF FF FF FF FF FF FF FF   FF FF FF FF FF FF FF FF   ........ ........
  [0010] FF FF FF FF FF FF FF FF   FF FF FF FF FF FF FF FF   ........ ........
  [0020] FF FF FF FF FF FF FF FF   FF FF FF FF FF FF FF FF   ........ ........
  [0030] FF FF FF FF FF FF FF FF   FF FF FF FF FF FF FF FF   ........ ........
[2026/05/20 14:38:24.662415,  5, pid=4000687, effective(65534, 65534), real(65534, 0)] lib/dbwrap/dbwrap.c:204(dbwrap_lock_order_unlock)
  dbwrap_lock_order_unlock: release lock order 1 for /run/samba/smbXsrv_open_global.tdb
[2026/05/20 14:38:24.662439, 10, pid=4000687, effective(65534, 65534), real(65534, 0)] source3/smbd/smbXsrv_open.c:466(smbXsrv_open_global_allocate)
  smbXsrv_open_global_allocate: Found slot 3762025706
[2026/05/20 14:38:24.662458, 10, pid=4000687, effective(65534, 65534), real(65534, 0)] source3/smbd/smbXsrv_open.c:614(smbXsrv_open_create)
  smbXsrv_open_create: global_id (0xe03bf4ea) stored
[2026/05/20 14:38:24.662475,  1, pid=4000687, effective(65534, 65534), real(65534, 0), class=rpc_parse] source3/smbd/smbXsrv_open.c:616(smbXsrv_open_create)
       &open_blob: struct smbXsrv_openB
          version                  : SMBXSRV_VERSION_0 (0)
          reserved                 : 0x00000000 (0)
          info                     : union smbXsrv_openU(case 0)
          info0                    : *
              info0: struct smbXsrv_open
                  table                    : *
                  local_id                 : 0x000017e8 (6120)
                  global                   : *
                      global: struct smbXsrv_open_global0
                          server_id: struct server_id
                              pid                      : 0x00000000003d0baf (4000687)
                              task_id                  : 0x00000000 (0)
                              vnn                      : 0xffffffff (4294967295)
                              unique_id                : 0x3f9493830e290ceb (4581448912030207211)
                          open_global_id           : 0xe03bf4ea (3762025706)
                          open_persistent_id       : 0x00000000e03bf4ea (3762025706)
                          open_volatile_id         : 0x00000000000017e8 (6120)
                          open_owner               : S-1-22-1-65534
                          open_time                : Wed May 20 02:38:25 PM 2026 JST
                          create_guid              : 00000000-0000-0000-0000-000000000000
                          client_guid              : 00000000-0000-0000-0000-000000000000
                          app_instance_id          : 00000000-0000-0000-0000-000000000000
                          disconnect_time          : NTTIME(0)
                          durable_timeout_msec     : 0x00000000 (0)
                          durable                  : 0x00 (0)
                          backend_cookie           : DATA_BLOB length=0
                          channel_sequence         : 0x0000 (0)
                          channel_generation       : 0x0000000000000000 (0)
                          lock_sequence_array: ARRAY(64)
  [0000] FF FF FF FF FF FF FF FF   FF FF FF FF FF FF FF FF   ........ ........
  [0010] FF FF FF FF FF FF FF FF   FF FF FF FF FF FF FF FF   ........ ........
  [0020] FF FF FF FF FF FF FF FF   FF FF FF FF FF FF FF FF   ........ ........
  [0030] FF FF FF FF FF FF FF FF   FF FF FF FF FF FF FF FF   ........ ........
                  status                   : NT_STATUS_OK
                  idle_time                : Wed May 20 02:38:25 PM 2026 JST
                  compat                   : NULL
                  flags                    : 0x00 (0)
                         0: SMBXSRV_OPEN_NEED_REPLAY_CACHE
                         0: SMBXSRV_OPEN_HAVE_REPLAY_CACHE
                  create_action            : 0x00000000 (0)
                  request_count            : 0x0000000000000000 (0)
                  pre_request_count        : 0x0000000000000000 (0)
[2026/05/20 14:38:24.662849, 10, pid=4000687, effective(65534, 65534), real(65534, 0)] source3/smbd/files.c:135(fsp_bind_smb)
  fsp_bind_smb: fsp [debian-training-tx1320-raid10.iso] mid [65]
[2026/05/20 14:38:24.662882, 10, pid=4000687, effective(65534, 65534), real(65534, 0)] source3/smbd/files.c:562(openat_pathref_fsp)
  openat_pathref_fsp: smb_fname [.]
[2026/05/20 14:38:24.662905, 10, pid=4000687, effective(65534, 65534), real(65534, 0)] source3/smbd/files.c:462(openat_pathref_fullname)
  openat_pathref_fullname: smb_fname [.]
[2026/05/20 14:38:24.662928,  5, pid=4000687, effective(65534, 65534), real(65534, 0)] source3/smbd/files.c:77(fsp_new)
  fsp_new: allocated files structure (3 used)
[2026/05/20 14:38:24.662948, 10, pid=4000687, effective(65534, 65534), real(65534, 0)] source3/smbd/files.c:2198(file_name_hash)
  file_name_hash: /var/samba/public/. hash 0xb9bae796
[2026/05/20 14:38:24.662981, 10, pid=4000687, effective(65534, 65534), real(65534, 0)] source3/smbd/open.c:930(fd_openat)
  fd_openat: name ., flags = 04000 mode = 00, fd = 29
[2026/05/20 14:38:24.663000, 10, pid=4000687, effective(65534, 65534), real(65534, 0)] source3/smbd/files.c:531(openat_pathref_fullname)
  openat_pathref_fullname: fsp [.]: OK
[2026/05/20 14:38:24.663020, 10, pid=4000687, effective(65534, 65534), real(65534, 0)] source3/smbd/files.c:2198(file_name_hash)
  file_name_hash: /var/samba/public/. hash 0xb9bae796
[2026/05/20 14:38:24.663039, 10, pid=4000687, effective(65534, 65534), real(65534, 0)] source3/smbd/open.c:3837(open_file_ntcreate)
  open_file_ntcreate: fname=debian-training-tx1320-raid10.iso, dos_attrs=0x0 access_mask=0x89 share_access=0x7 create_disposition = 0x1 create_options=0x40 unix mode=0644 oplock_request=1 private_flags = 0x0
[2026/05/20 14:38:24.663062, 10, pid=4000687, effective(65534, 65534), real(65534, 0)] source3/smbd/open.c:4036(open_file_ntcreate)
  open_file_ntcreate: fname=debian-training-tx1320-raid10.iso, after mapping access_mask=0x89
[2026/05/20 14:38:24.663081,  4, pid=4000687, effective(65534, 65534), real(65534, 0)] source3/smbd/open.c:4138(open_file_ntcreate)
  calling open_file with flags=0x0 flags2=0x800 mode=0644, access_mask = 0x89, open_access_mask = 0x89
[2026/05/20 14:38:24.663101, 10, pid=4000687, effective(65534, 65534), real(65534, 0), class=acls] source3/smbd/posix_acls.c:3366(posix_fget_nt_acl)
  posix_fget_nt_acl: called for file debian-training-tx1320-raid10.iso
[2026/05/20 14:38:24.663180, 10, pid=4000687, effective(65534, 65534), real(65534, 0)] source3/passdb/lookup_sid.c:1201(xid_to_sid)
  xid_to_sid: UID 65534 -> S-1-5-21-2342536155-1022706741-2866312864-501 from cache
[2026/05/20 14:38:24.663287,  4, pid=4000687, effective(65534, 65534), real(65534, 0)] source3/smbd/sec_ctx.c:206(push_sec_ctx)
  push_sec_ctx(65534, 65534) : sec_ctx_stack_ndx = 1
[2026/05/20 14:38:24.663311,  4, pid=4000687, effective(65534, 65534), real(65534, 0)] source3/smbd/uid.c:566(push_conn_ctx)
  push_conn_ctx(43829) : conn_ctx_stack_ndx = 0
[2026/05/20 14:38:24.663329,  4, pid=4000687, effective(65534, 65534), real(65534, 0)] source3/smbd/sec_ctx.c:317(set_sec_ctx_internal)
  setting sec ctx (0, 0) - sec_ctx_stack_ndx = 1
[2026/05/20 14:38:24.663346,  5, pid=4000687, effective(65534, 65534), real(65534, 0)] libcli/security/security_token.c:49(security_token_debug)
  Security token: (NULL)
[2026/05/20 14:38:24.663364,  5, pid=4000687, effective(65534, 65534), real(65534, 0)] source3/auth/token_util.c:873(debug_unix_user_token)
  UNIX token of user 0
  Primary group is 0 and contains 0 supplementary groups
[2026/05/20 14:38:24.663438,  4, pid=4000687, effective(65534, 65534), real(65534, 0)] source3/smbd/sec_ctx.c:443(pop_sec_ctx)
  pop_sec_ctx (65534, 65534) - sec_ctx_stack_ndx = 0
[2026/05/20 14:38:24.663460, 10, pid=4000687, effective(65534, 65534), real(65534, 0)] source3/passdb/lookup_sid.c:1256(xid_to_sid)
  xid_to_sid: GID 65534 -> S-1-22-2-65534 fallback
[2026/05/20 14:38:24.663481, 10, pid=4000687, effective(65534, 65534), real(65534, 0), class=acls] source3/smbd/posix_acls.c:2692(canonicalise_acl)
  canonicalise_acl: Access ace entries before arrange :
[2026/05/20 14:38:24.663499, 10, pid=4000687, effective(65534, 65534), real(65534, 0), class=acls] source3/smbd/posix_acls.c:2705(canonicalise_acl)
  canon_ace index 0. Type = allow SID = S-1-1-0 other SMB_ACL_OTHER ace_flags = 0x0 perms r--
[2026/05/20 14:38:24.663521, 10, pid=4000687, effective(65534, 65534), real(65534, 0), class=acls] source3/smbd/posix_acls.c:2705(canonicalise_acl)
  canon_ace index 1. Type = allow SID = S-1-22-2-65534 gid 65534 SMB_ACL_GROUP_OBJ ace_flags = 0x0 perms r--
[2026/05/20 14:38:24.663548, 10, pid=4000687, effective(65534, 65534), real(65534, 0), class=acls] source3/smbd/posix_acls.c:2705(canonicalise_acl)
  canon_ace index 2. Type = allow SID = S-1-5-21-2342536155-1022706741-2866312864-501 uid 65534 SMB_ACL_USER_OBJ ace_flags = 0x0 perms rw-
[2026/05/20 14:38:24.663570, 10, pid=4000687, effective(65534, 65534), real(65534, 0), class=acls] source3/smbd/posix_acls.c:766(print_canon_ace_list)
  print_canon_ace_list: canonicalise_acl: ace entries after arrange
  canon_ace index 0. Type = allow SID = S-1-5-21-2342536155-1022706741-2866312864-501 uid 65534 SMB_ACL_USER_OBJ ace_flags = 0x0 perms rw-
  canon_ace index 1. Type = allow SID = S-1-22-2-65534 gid 65534 SMB_ACL_GROUP_OBJ ace_flags = 0x0 perms r--
  canon_ace index 2. Type = allow SID = S-1-1-0 other SMB_ACL_OTHER ace_flags = 0x0 perms r--
[2026/05/20 14:38:24.663610, 10, pid=4000687, effective(65534, 65534), real(65534, 0), class=acls] source3/smbd/posix_acls.c:1029(map_canon_ace_perms)
  map_canon_ace_perms: Mapped (UNIX) 180 to (NT) 12019f
[2026/05/20 14:38:24.663628, 10, pid=4000687, effective(65534, 65534), real(65534, 0), class=acls] source3/smbd/posix_acls.c:1029(map_canon_ace_perms)
  map_canon_ace_perms: Mapped (UNIX) 100 to (NT) 120089
[2026/05/20 14:38:24.663646, 10, pid=4000687, effective(65534, 65534), real(65534, 0), class=acls] source3/smbd/posix_acls.c:1029(map_canon_ace_perms)
  map_canon_ace_perms: Mapped (UNIX) 100 to (NT) 120089
[2026/05/20 14:38:24.663669, 10, pid=4000687, effective(65534, 65534), real(65534, 0)] source3/smbd/open.c:180(smbd_check_access_rights_sd)
  smbd_check_access_rights_sd: File [debian-training-tx1320-raid10.iso] requesting [0x89] returning [0x9] (NT_STATUS_OK)
[2026/05/20 14:38:24.663713,  2, pid=4000687, effective(65534, 65534), real(65534, 0)] source3/smbd/open.c:1649(open_file)
  nobody opened file debian-training-tx1320-raid10.iso read=Yes write=No (numopen=3)
[2026/05/20 14:38:24.663740,  5, pid=4000687, effective(65534, 65534), real(65534, 0)] lib/dbwrap/dbwrap.c:172(dbwrap_lock_order_lock)
  dbwrap_lock_order_lock: check lock order 1 for /run/samba/locking.tdb
[2026/05/20 14:38:24.663759, 10, pid=4000687, effective(65534, 65534), real(65534, 0)] lib/dbwrap/dbwrap.c:157(debug_lock_order)
  lock order:  1:/run/samba/locking.tdb 2:<none> 3:<none> 4:<none>
[2026/05/20 14:38:24.663781, 10, pid=4000687, effective(65534, 65534), real(65534, 0), class=locking] source3/locking/share_mode_lock.c:990(get_share_mode_lock_internal)
  get_share_mode_lock_internal: Returning 64512:16913443:0 (data_cached=1 key_refcount=1)
[2026/05/20 14:38:24.663802, 10, pid=4000687, effective(65534, 65534), real(65534, 0), class=locking] source3/locking/locking.c:1007(find_delete_on_close_token)
  find_delete_on_close_token: name_hash = 0x2dee4f28
[2026/05/20 14:38:24.663820, 10, pid=4000687, effective(65534, 65534), real(65534, 0)] source3/smbd/open.c:1712(share_conflict)
  share_conflict: existing access_mask = 0x0, existing share access = 0x7, access_mask = 0x89, share_access = 0x7
[2026/05/20 14:38:24.663838, 10, pid=4000687, effective(65534, 65534), real(65534, 0)] source3/smbd/open.c:1722(share_conflict)
  share_conflict: No conflict due to existing access_mask = 0x0
[2026/05/20 14:38:24.663856, 10, pid=4000687, effective(65534, 65534), real(65534, 0)] source3/smbd/open.c:1988(open_mode_check)
  open_mode_check: No conflict due to share_mode_flags access
[2026/05/20 14:38:24.663903, 10, pid=4000687, effective(65534, 65534), real(65534, 0), class=locking] source3/locking/share_mode_lock.c:2258(share_mode_forall_entries)
  share_mode_forall_entries: num_share_modes=0
[2026/05/20 14:38:24.663922, 10, pid=4000687, effective(65534, 65534), real(65534, 0), class=locking] source3/locking/share_mode_lock.c:2277(share_mode_forall_entries)
  share_mode_forall_entries: num_share_entries=0, writeback=0
[2026/05/20 14:38:24.663940, 10, pid=4000687, effective(65534, 65534), real(65534, 0), class=locking] source3/locking/brlock.c:1868(brl_get_locks_readonly)
  seqnum=0, fsp->brlock_seqnum=0
[2026/05/20 14:38:24.663973, 10, pid=4000687, effective(65534, 65534), real(65534, 0)] source3/smbd/open.c:2811(delay_for_oplock)
  delay_for_oplock: oplock type 0x0 granted (RW)(0x5), on file debian-training-tx1320-raid10.iso, requested 0x1 (RW)(0x5) => total (RW)(0x5)
[2026/05/20 14:38:24.663996, 10, pid=4000687, effective(65534, 65534), real(65534, 0), class=locking] source3/locking/share_mode_lock.c:1999(set_share_mode)
  set_share_mode: num_share_modes=0
[2026/05/20 14:38:24.664015, 10, pid=4000687, effective(65534, 65534), real(65534, 0), class=locking] source3/locking/share_mode_lock.c:349(share_mode_entry_put)
  share_mode_entry_put: share_mode_entry:
[2026/05/20 14:38:24.664033,  1, pid=4000687, effective(65534, 65534), real(65534, 0), class=rpc_parse] source3/locking/share_mode_lock.c:350(share_mode_entry_put)
       discard_const_p(void, e): struct share_mode_entry
          pid: struct server_id
              pid                      : 0x00000000003d0baf (4000687)
              task_id                  : 0x00000000 (0)
              vnn                      : 0xffffffff (4294967295)
              unique_id                : 0x3f9493830e290ceb (4581448912030207211)
          op_mid                   : 0x0000000000000041 (65)
          op_type                  : SHARE_MODE_ENTRY_OP_TYPE_EXCLUSIVE (1)
          client_guid              : 00000000-0000-0000-0000-000000000000
          lease_key: struct smb2_lease_key
              data: ARRAY(2)
                  data                     : 0x0000000000000000 (0)
                  data                     : 0x0000000000000000 (0)
          access_mask              : 0x00000089 (137)
          share_access             : 0x00000007 (7)
          private_options          : 0x00000000 (0)
          time                     : Wed May 20 02:38:24 PM 2026 JST.661698
          share_file_id            : 0x000000000000007b (123)
          uid                      : 0x0000fffe (65534)
          flags                    : 0x0001 (1)
          name_hash                : 0x2dee4f28 (770592552)
          stale                    : 0x00 (0)
[2026/05/20 14:38:24.664190, 10, pid=4000687, effective(65534, 65534), real(65534, 0), class=locking] source3/locking/share_mode_lock.c:2043(set_share_mode)
  set_share_mode: idx=0, found=0
[2026/05/20 14:38:24.664208, 10, pid=4000687, effective(65534, 65534), real(65534, 0), class=locking] source3/locking/share_mode_lock.c:2071(set_share_mode)
  set_share_mode: dbufs[0]=(0x7ffc78fcd220, 132)
[2026/05/20 14:38:24.664226, 10, pid=4000687, effective(65534, 65534), real(65534, 0), class=locking] source3/locking/share_mode_lock.c:626(share_mode_data_ltdb_store)
  share_mode_data_ltdb_store: 
[2026/05/20 14:38:24.664244,  1, pid=4000687, effective(65534, 65534), real(65534, 0), class=rpc_parse] source3/locking/share_mode_lock.c:627(share_mode_data_ltdb_store)
       d: struct share_mode_data
          unique_content_epoch     : 0xd59f24362d58bd5c (-3053682207226282660)
          flags                    : 0x01cb (459)
                 1: SHARE_MODE_SHARE_DELETE  
                 1: SHARE_MODE_SHARE_WRITE   
                 1: SHARE_MODE_SHARE_READ    
                 0: SHARE_MODE_ACCESS_DELETE 
                 0: SHARE_MODE_ACCESS_WRITE  
                 1: SHARE_MODE_ACCESS_READ   
                 0: SHARE_MODE_LEASE_HANDLE  
                 1: SHARE_MODE_LEASE_WRITE   
                 1: SHARE_MODE_LEASE_READ    
          servicepath              : *
              servicepath              : '/var/samba/public'
          base_name                : *
              base_name                : 'debian-training-tx1320-raid10.iso'
          stream_name              : NULL
          num_delete_tokens        : 0x00000000 (0)
          delete_tokens: ARRAY(0)
          old_write_time           : Mon May 18 10:07:24 AM 2026 JST
          changed_write_time       : NTTIME(0)
          not_stored               : 0x01 (1)
          modified                 : 0x01 (1)
          id: struct file_id
              devid                    : 0x000000000000fc00 (64512)
              inode                    : 0x0000000001021423 (16913443)
              extid                    : 0x0000000000000000 (0)
[2026/05/20 14:38:24.664416, 10, pid=4000687, effective(65534, 65534), real(65534, 0), class=locking] source3/locking/share_mode_lock.c:676(share_mode_data_store)
  share_mode_data_store: not modified
[2026/05/20 14:38:24.664435, 10, pid=4000687, effective(65534, 65534), real(65534, 0), class=locking] source3/locking/share_mode_lock.c:207(share_mode_memcache_store)
  share_mode_memcache_store: stored entry for file debian-training-tx1320-raid10.iso epoch d59f24362d58bd5c key 64512:16913443:0
[2026/05/20 14:38:24.664456,  5, pid=4000687, effective(65534, 65534), real(65534, 0)] lib/dbwrap/dbwrap.c:204(dbwrap_lock_order_unlock)
  dbwrap_lock_order_unlock: release lock order 1 for /run/samba/locking.tdb
[2026/05/20 14:38:24.664474, 10, pid=4000687, effective(65534, 65534), real(65534, 0)] source3/lib/dbwrap/dbwrap_watch.c:507(dbwrap_watched_record_prepare_wakeup)
  dbwrap_watched_record_prepare_wakeup: No watchers
[2026/05/20 14:38:24.664496, 10, pid=4000687, effective(65534, 65534), real(65534, 0)] source3/lib/dbwrap/dbwrap_watch.c:487(dbwrap_watched_do_locked)
  dbwrap_watched_do_locked: dbwrap_watched_do_locked_fn returned
[2026/05/20 14:38:24.664514, 10, pid=4000687, effective(65534, 65534), real(65534, 0)] source3/lib/dbwrap/dbwrap_watch.c:550(dbwrap_watched_trigger_wakeup)
  dbwrap_watched_trigger_wakeup: No one to wakeup
[2026/05/20 14:38:24.664531, 10, pid=4000687, effective(65534, 65534), real(65534, 0)] source3/lib/g_lock.c:1275(g_lock_lock)
  g_lock_lock: status=NT_STATUS_OK, state.status=NT_STATUS_WAS_UNLOCKED
[2026/05/20 14:38:24.664551,  5, pid=4000687, effective(65534, 65534), real(65534, 0), class=locking] source3/smbd/smb2_oplock.c:86(set_file_oplock)
  set_file_oplock: granted oplock on file debian-training-tx1320-raid10.iso, 64512:16913443:0/123, tv_sec = 6a0d48d0, tv_usec = a18c2
[2026/05/20 14:38:24.664573, 10, pid=4000687, effective(65534, 65534), real(65534, 0)] source3/smbd/open.c:6446(create_file_unixpath)
  create_file_unixpath: info=1
[2026/05/20 14:38:24.664597,  5, pid=4000687, effective(65534, 65534), real(65534, 0)] source3/smbd/files.c:1985(file_free)
  file_free: freed files structure 0 (2 used)
[2026/05/20 14:38:24.664616, 10, pid=4000687, effective(65534, 65534), real(65534, 0)] source3/smbd/open.c:6642(create_file_default)
  create_file: info=1
[2026/05/20 14:38:24.664635, 10, pid=4000687, effective(65534, 65534), real(65534, 0)] source3/smbd/smb2_trans2.c:2779(store_file_unix_basic)
  store_file_unix_basic: SMB_QUERY_FILE_UNIX_BASIC
[2026/05/20 14:38:24.664652,  4, pid=4000687, effective(65534, 65534), real(65534, 0)] source3/smbd/smb2_trans2.c:2780(store_file_unix_basic)
  store_file_unix_basic: st_mode=100644
[2026/05/20 14:38:24.664675,  9, pid=4000687, effective(65534, 65534), real(65534, 0)] source3/smbd/smb1_trans2.c:230(send_trans2_replies)
  t2_rep: params_sent_thistime = 2, data_sent_thistime = 112, useable_space = 16406
[2026/05/20 14:38:24.664693,  9, pid=4000687, effective(65534, 65534), real(65534, 0)] source3/smbd/smb1_trans2.c:232(send_trans2_replies)
  t2_rep: params_to_send = 2, data_to_send = 112, paramsize = 2, datasize = 112
[2026/05/20 14:38:24.664723,  5, pid=4000687, effective(65534, 65534), real(65534, 0)] source3/lib/util.c:150(show_msg)
  size=172
  smb_com=0x32
  smb_rcls=0
  smb_reh=0
  smb_err=0
  smb_flg=128
  smb_flg2=51203
  smb_tid=55629
  smb_pid=1788
  smb_uid=43829
  smb_mid=65
  smt_wct=10
  smb_vwv[ 0]=    2 (0x2)
  smb_vwv[ 1]=  112 (0x70)
  smb_vwv[ 2]=    0 (0x0)
  smb_vwv[ 3]=    2 (0x2)
  smb_vwv[ 4]=   56 (0x38)
  smb_vwv[ 5]=    0 (0x0)
  smb_vwv[ 6]=  112 (0x70)
  smb_vwv[ 7]=   60 (0x3C)
  smb_vwv[ 8]=    0 (0x0)
  smb_vwv[ 9]=    0 (0x0)
  smb_bcc=117
[2026/05/20 14:38:24.664819, 10, pid=4000687, effective(65534, 65534), real(65534, 0)] lib/util/util.c:578(dump_data)
  [0000] 00 00 00 00 00 01 00 E8   17 01 00 00 00 00 02 00   ........ ........
  [0010] 00 00 00 B5 2F 00 00 00   00 00 10 B5 2F 00 00 00   ..../... ..../...
  [0020] 00 5E 44 69 FB 18 E8 DC   01 2D 7A 53 09 19 E8 DC   .^Di.... .-zS....
  [0030] 01 A3 E5 86 AF 62 E6 DC   01 FE FF 00 00 00 00 00   .....b.. ........
  [0040] 00 FE FF 00 00 00 00 00   00 00 00 00 00 FC 00 00   ........ ........
  [0050] 00 00 00 00 00 00 00 00   00 00 00 00 00 23 14 02   ........ .....#..
  [0060] 01 00 00 00 00 A4 01 00   00 00 00 00 00 01 00 00   ........ ........
  [0070] 00 00 00 00 00                                      .....
[2026/05/20 14:38:24.665052,  5, pid=4000687, effective(65534, 65534), real(65534, 0)] source3/smbd/files.c:1985(file_free)
  file_free: freed files structure 0 (1 used)
[2026/05/20 14:38:24.981645, 10, pid=4000687, effective(65534, 65534), real(65534, 0)] source3/lib/util_sock.c:180(read_smb_length_return_keepalive)
  got smb length of 41
[2026/05/20 14:38:24.981718,  6, pid=4000687, effective(65534, 65534), real(65534, 0)] source3/smbd/smb2_process.c:574(process_smb)
  got message type 0x0 of len 0x29
[2026/05/20 14:38:24.981737,  3, pid=4000687, effective(65534, 65534), real(65534, 0)] source3/smbd/smb2_process.c:576(process_smb)
  Transaction 65 of length 45 (0 toread)
[2026/05/20 14:38:24.981768,  5, pid=4000687, effective(65534, 65534), real(65534, 0)] source3/lib/util.c:150(show_msg)
  size=41
  smb_com=0x4
  smb_rcls=0
  smb_reh=0
  smb_err=0
  smb_flg=0
  smb_flg2=49153
  smb_tid=55629
  smb_pid=1788
  smb_uid=43829
  smb_mid=66
  smt_wct=3
  smb_vwv[ 0]= 6120 (0x17E8)
  smb_vwv[ 1]=65535 (0xFFFF)
  smb_vwv[ 2]=65535 (0xFFFF)
  smb_bcc=0
[2026/05/20 14:38:24.981856,  3, pid=4000687, effective(65534, 65534), real(65534, 0)] source3/smbd/smb1_process.c:1112(switch_message)
  switch message SMBclose (pid 4000687) conn 0x6087dc17b3c0
[2026/05/20 14:38:24.981907,  5, pid=4000687, effective(65534, 65534), real(65534, 0)] source3/smbd/uid.c:327(change_to_user_impersonate)
  change_to_user_impersonate: Skipping user change - already user
[2026/05/20 14:38:24.981929,  4, pid=4000687, effective(65534, 65534), real(65534, 0), class=vfs] source3/smbd/vfs.c:937(vfs_ChDir)
  vfs_ChDir to /var/samba/public
[2026/05/20 14:38:24.981971,  5, pid=4000687, effective(65534, 65534), real(65534, 0), class=vfs] source3/smbd/vfs.c:999(vfs_ChDir)
  vfs_ChDir: vfs_ChDir got /var/samba/public
[2026/05/20 14:38:24.981998,  5, pid=4000687, effective(65534, 65534), real(65534, 0)] source3/smbd/uid.c:294(print_impersonation_info)
  print_impersonation_info: Impersonated user: uid=(65534,65534), gid=(0,65534), cwd=[/var/samba/public]
[2026/05/20 14:38:24.982025,  3, pid=4000687, effective(65534, 65534), real(65534, 0)] source3/smbd/smb1_reply.c:5097(reply_close)
  reply_close: Close file fd=30 fnum 6120 (numopen=1)
[2026/05/20 14:38:24.982046,  6, pid=4000687, effective(65534, 65534), real(65534, 0)] source3/smbd/close.c:656(set_close_write_time)
  close_write_time: Thu Jan  1 09:00:01 1970
[2026/05/20 14:38:24.982084,  5, pid=4000687, effective(65534, 65534), real(65534, 0)] lib/dbwrap/dbwrap.c:172(dbwrap_lock_order_lock)
  dbwrap_lock_order_lock: check lock order 1 for /run/samba/locking.tdb
[2026/05/20 14:38:24.982102, 10, pid=4000687, effective(65534, 65534), real(65534, 0)] lib/dbwrap/dbwrap.c:157(debug_lock_order)
  lock order:  1:/run/samba/locking.tdb 2:<none> 3:<none> 4:<none>
[2026/05/20 14:38:24.982141, 10, pid=4000687, effective(65534, 65534), real(65534, 0), class=locking] source3/locking/share_mode_lock.c:322(share_mode_memcache_fetch)
  share_mode_memcache_fetch: fetched entry for file debian-training-tx1320-raid10.iso epoch d59f24362d58bd5c key 64512:16913443:0
[2026/05/20 14:38:24.982163, 10, pid=4000687, effective(65534, 65534), real(65534, 0), class=locking] source3/locking/share_mode_lock.c:990(get_share_mode_lock_internal)
  get_share_mode_lock_internal: Returning 64512:16913443:0 (data_cached=1 key_refcount=1)
[2026/05/20 14:38:24.982184, 10, pid=4000687, effective(65534, 65534), real(65534, 0), class=locking] source3/locking/share_mode_lock.c:2388(share_mode_entry_do)
  share_mode_entry_do: num_share_modes=1
[2026/05/20 14:38:24.982215, 10, pid=4000687, effective(65534, 65534), real(65534, 0), class=locking] source3/locking/share_mode_lock.c:1941(share_mode_entry_find)
  share_mode_entry_find: left=0, right=0, middle=0, middle_ptr=0x6087dc17c7ba
[2026/05/20 14:38:24.982242, 10, pid=4000687, effective(65534, 65534), real(65534, 0), class=locking] source3/locking/share_mode_lock.c:2404(share_mode_entry_do)
  share_mode_entry_do: entry[0]:
[2026/05/20 14:38:24.982260,  1, pid=4000687, effective(65534, 65534), real(65534, 0), class=rpc_parse] source3/locking/share_mode_lock.c:2405(share_mode_entry_do)
       &e: struct share_mode_entry
          pid: struct server_id
              pid                      : 0x00000000003d0baf (4000687)
              task_id                  : 0x00000000 (0)
              vnn                      : 0xffffffff (4294967295)
              unique_id                : 0x3f9493830e290ceb (4581448912030207211)
          op_mid                   : 0x0000000000000041 (65)
          op_type                  : SHARE_MODE_ENTRY_OP_TYPE_EXCLUSIVE (1)
          client_guid              : 00000000-0000-0000-0000-000000000000
          lease_key: struct smb2_lease_key
              data: ARRAY(2)
                  data                     : 0x0000000000000000 (0)
                  data                     : 0x0000000000000000 (0)
          access_mask              : 0x00000089 (137)
          share_access             : 0x00000007 (7)
          private_options          : 0x00000000 (0)
          time                     : Wed May 20 02:38:24 PM 2026 JST.661698
          share_file_id            : 0x000000000000007b (123)
          uid                      : 0x0000fffe (65534)
          flags                    : 0x0001 (1)
          name_hash                : 0x2dee4f28 (770592552)
          stale                    : 0x00 (0)
[2026/05/20 14:38:24.982406, 10, pid=4000687, effective(65534, 65534), real(65534, 0), class=locking] source3/locking/share_mode_lock.c:2410(share_mode_entry_do)
  share_mode_entry_do: entry[0]: modified=1, e.stale=0
[2026/05/20 14:38:24.982424, 10, pid=4000687, effective(65534, 65534), real(65534, 0), class=locking] source3/locking/share_mode_lock.c:349(share_mode_entry_put)
  share_mode_entry_put: share_mode_entry:
[2026/05/20 14:38:24.982441,  1, pid=4000687, effective(65534, 65534), real(65534, 0), class=rpc_parse] source3/locking/share_mode_lock.c:350(share_mode_entry_put)
       discard_const_p(void, e): struct share_mode_entry
          pid: struct server_id
              pid                      : 0x00000000003d0baf (4000687)
              task_id                  : 0x00000000 (0)
              vnn                      : 0xffffffff (4294967295)
              unique_id                : 0x3f9493830e290ceb (4581448912030207211)
          op_mid                   : 0x0000000000000041 (65)
          op_type                  : SHARE_MODE_ENTRY_OP_TYPE_NONE (0)
          client_guid              : 00000000-0000-0000-0000-000000000000
          lease_key: struct smb2_lease_key
              data: ARRAY(2)
                  data                     : 0x0000000000000000 (0)
                  data                     : 0x0000000000000000 (0)
          access_mask              : 0x00000089 (137)
          share_access             : 0x00000007 (7)
          private_options          : 0x00000000 (0)
          time                     : Wed May 20 02:38:24 PM 2026 JST.661698
          share_file_id            : 0x000000000000007b (123)
          uid                      : 0x0000fffe (65534)
          flags                    : 0x0001 (1)
          name_hash                : 0x2dee4f28 (770592552)
          stale                    : 0x00 (0)
[2026/05/20 14:38:24.982580, 10, pid=4000687, effective(65534, 65534), real(65534, 0), class=locking] source3/locking/share_mode_lock.c:619(share_mode_data_ltdb_store)
  share_mode_data_ltdb_store: share_mode_data not modified
[2026/05/20 14:38:24.982600, 10, pid=4000687, effective(65534, 65534), real(65534, 0), class=locking] source3/locking/share_mode_lock.c:990(get_share_mode_lock_internal)
  get_share_mode_lock_internal: Returning 64512:16913443:0 (data_cached=1 key_refcount=2)
[2026/05/20 14:38:24.982624, 10, pid=4000687, effective(65534, 65534), real(65534, 0), class=locking] source3/locking/locking.c:1007(find_delete_on_close_token)
  find_delete_on_close_token: name_hash = 0x2dee4f28
[2026/05/20 14:38:24.982644, 10, pid=4000687, effective(65534, 65534), real(65534, 0), class=locking] source3/locking/share_mode_lock.c:2388(share_mode_entry_do)
  share_mode_entry_do: num_share_modes=1
[2026/05/20 14:38:24.982662, 10, pid=4000687, effective(65534, 65534), real(65534, 0), class=locking] source3/locking/share_mode_lock.c:1941(share_mode_entry_find)
  share_mode_entry_find: left=0, right=0, middle=0, middle_ptr=0x6087dc17cb3a
[2026/05/20 14:38:24.982681, 10, pid=4000687, effective(65534, 65534), real(65534, 0), class=locking] source3/locking/share_mode_lock.c:2404(share_mode_entry_do)
  share_mode_entry_do: entry[0]:
[2026/05/20 14:38:24.982698,  1, pid=4000687, effective(65534, 65534), real(65534, 0), class=rpc_parse] source3/locking/share_mode_lock.c:2405(share_mode_entry_do)
       &e: struct share_mode_entry
          pid: struct server_id
              pid                      : 0x00000000003d0baf (4000687)
              task_id                  : 0x00000000 (0)
              vnn                      : 0xffffffff (4294967295)
              unique_id                : 0x3f9493830e290ceb (4581448912030207211)
          op_mid                   : 0x0000000000000041 (65)
          op_type                  : SHARE_MODE_ENTRY_OP_TYPE_NONE (0)
          client_guid              : 00000000-0000-0000-0000-000000000000
          lease_key: struct smb2_lease_key
              data: ARRAY(2)
                  data                     : 0x0000000000000000 (0)
                  data                     : 0x0000000000000000 (0)
          access_mask              : 0x00000089 (137)
          share_access             : 0x00000007 (7)
          private_options          : 0x00000000 (0)
          time                     : Wed May 20 02:38:24 PM 2026 JST.661698
          share_file_id            : 0x000000000000007b (123)
          uid                      : 0x0000fffe (65534)
          flags                    : 0x0001 (1)
          name_hash                : 0x2dee4f28 (770592552)
          stale                    : 0x00 (0)
[2026/05/20 14:38:24.982834, 10, pid=4000687, effective(65534, 65534), real(65534, 0), class=locking] source3/locking/share_mode_lock.c:2410(share_mode_entry_do)
  share_mode_entry_do: entry[0]: modified=0, e.stale=1
[2026/05/20 14:38:24.982851, 10, pid=4000687, effective(65534, 65534), real(65534, 0), class=locking] source3/locking/share_mode_lock.c:2444(share_mode_entry_do)
  share_mode_entry_do: share_mode_entry:
[2026/05/20 14:38:24.982883,  1, pid=4000687, effective(65534, 65534), real(65534, 0), class=rpc_parse] source3/locking/share_mode_lock.c:2445(share_mode_entry_do)
       &e: struct share_mode_entry
          pid: struct server_id
              pid                      : 0x00000000003d0baf (4000687)
              task_id                  : 0x00000000 (0)
              vnn                      : 0xffffffff (4294967295)
              unique_id                : 0x3f9493830e290ceb (4581448912030207211)
          op_mid                   : 0x0000000000000041 (65)
          op_type                  : SHARE_MODE_ENTRY_OP_TYPE_NONE (0)
          client_guid              : 00000000-0000-0000-0000-000000000000
          lease_key: struct smb2_lease_key
              data: ARRAY(2)
                  data                     : 0x0000000000000000 (0)
                  data                     : 0x0000000000000000 (0)
          access_mask              : 0x00000089 (137)
          share_access             : 0x00000007 (7)
          private_options          : 0x00000000 (0)
          time                     : Wed May 20 02:38:24 PM 2026 JST.661698
          share_file_id            : 0x000000000000007b (123)
          uid                      : 0x0000fffe (65534)
          flags                    : 0x0001 (1)
          name_hash                : 0x2dee4f28 (770592552)
          stale                    : 0x01 (1)
[2026/05/20 14:38:24.983025, 10, pid=4000687, effective(65534, 65534), real(65534, 0), class=locking] source3/locking/share_mode_lock.c:626(share_mode_data_ltdb_store)
  share_mode_data_ltdb_store: 
[2026/05/20 14:38:24.983042,  1, pid=4000687, effective(65534, 65534), real(65534, 0), class=rpc_parse] source3/locking/share_mode_lock.c:627(share_mode_data_ltdb_store)
       d: struct share_mode_data
          unique_content_epoch     : 0xd59f24362d58bd5f (-3053682207226282657)
          flags                    : 0x01cb (459)
                 1: SHARE_MODE_SHARE_DELETE  
                 1: SHARE_MODE_SHARE_WRITE   
                 1: SHARE_MODE_SHARE_READ    
                 0: SHARE_MODE_ACCESS_DELETE 
                 0: SHARE_MODE_ACCESS_WRITE  
                 1: SHARE_MODE_ACCESS_READ   
                 0: SHARE_MODE_LEASE_HANDLE  
                 1: SHARE_MODE_LEASE_WRITE   
                 1: SHARE_MODE_LEASE_READ    
          servicepath              : *
              servicepath              : '/var/samba/public'
          base_name                : *
              base_name                : 'debian-training-tx1320-raid10.iso'
          stream_name              : NULL
          num_delete_tokens        : 0x00000000 (0)
          delete_tokens: ARRAY(0)
          old_write_time           : Mon May 18 10:07:24 AM 2026 JST
          changed_write_time       : NTTIME(0)
          not_stored               : 0x00 (0)
          modified                 : 0x01 (1)
          id: struct file_id
              devid                    : 0x000000000000fc00 (64512)
              inode                    : 0x0000000001021423 (16913443)
              extid                    : 0x0000000000000000 (0)
[2026/05/20 14:38:24.983211, 10, pid=4000687, effective(65534, 65534), real(65534, 0), class=locking] source3/locking/share_mode_lock.c:676(share_mode_data_store)
  share_mode_data_store: not modified
[2026/05/20 14:38:24.983230,  5, pid=4000687, effective(65534, 65534), real(65534, 0)] lib/dbwrap/dbwrap.c:204(dbwrap_lock_order_unlock)
  dbwrap_lock_order_unlock: release lock order 1 for /run/samba/locking.tdb
[2026/05/20 14:38:24.983248, 10, pid=4000687, effective(65534, 65534), real(65534, 0)] source3/lib/dbwrap/dbwrap_watch.c:507(dbwrap_watched_record_prepare_wakeup)
  dbwrap_watched_record_prepare_wakeup: No watchers
[2026/05/20 14:38:24.983270, 10, pid=4000687, effective(65534, 65534), real(65534, 0)] source3/lib/dbwrap/dbwrap_watch.c:487(dbwrap_watched_do_locked)
  dbwrap_watched_do_locked: dbwrap_watched_do_locked_fn returned
[2026/05/20 14:38:24.983287, 10, pid=4000687, effective(65534, 65534), real(65534, 0)] source3/lib/dbwrap/dbwrap_watch.c:550(dbwrap_watched_trigger_wakeup)
  dbwrap_watched_trigger_wakeup: No one to wakeup
[2026/05/20 14:38:24.983304, 10, pid=4000687, effective(65534, 65534), real(65534, 0)] source3/lib/g_lock.c:1275(g_lock_lock)
  g_lock_lock: status=NT_STATUS_OK, state.status=NT_STATUS_WAS_UNLOCKED
[2026/05/20 14:38:24.983338,  2, pid=4000687, effective(65534, 65534), real(65534, 0)] source3/smbd/close.c:934(close_normal_file)
  nobody closed file debian-training-tx1320-raid10.iso (numopen=0) NT_STATUS_OK
[2026/05/20 14:38:24.983360,  5, pid=4000687, effective(65534, 65534), real(65534, 0)] lib/dbwrap/dbwrap.c:172(dbwrap_lock_order_lock)
  dbwrap_lock_order_lock: check lock order 1 for /run/samba/smbXsrv_open_global.tdb
[2026/05/20 14:38:24.983377, 10, pid=4000687, effective(65534, 65534), real(65534, 0)] lib/dbwrap/dbwrap.c:157(debug_lock_order)
  lock order:  1:/run/samba/smbXsrv_open_global.tdb 2:<none> 3:<none> 4:<none>
[2026/05/20 14:38:24.983400,  5, pid=4000687, effective(65534, 65534), real(65534, 0)] lib/dbwrap/dbwrap.c:204(dbwrap_lock_order_unlock)
  dbwrap_lock_order_unlock: release lock order 1 for /run/samba/smbXsrv_open_global.tdb
[2026/05/20 14:38:24.983422,  5, pid=4000687, effective(65534, 65534), real(65534, 0)] source3/smbd/files.c:1985(file_free)
  file_free: freed files structure 6120 (0 used)
[2026/05/20 14:38:24.983458,  5, pid=4000687, effective(65534, 65534), real(65534, 0)] source3/lib/util.c:150(show_msg)
  size=35
  smb_com=0x4
  smb_rcls=0
  smb_reh=0
  smb_err=0
  smb_flg=128
  smb_flg2=51203
  smb_tid=55629
  smb_pid=1788
  smb_uid=43829
  smb_mid=66
  smt_wct=0
  smb_bcc=0
[2026/05/20 14:38:40.021645, 10, pid=4000687, effective(65534, 65534), real(65534, 0)] source3/lib/util_sock.c:180(read_smb_length_return_keepalive)
  got smb length of 68
[2026/05/20 14:38:40.021739,  6, pid=4000687, effective(65534, 65534), real(65534, 0)] source3/smbd/smb2_process.c:574(process_smb)
  got message type 0x0 of len 0x44
[2026/05/20 14:38:40.021759,  3, pid=4000687, effective(65534, 65534), real(65534, 0)] source3/smbd/smb2_process.c:576(process_smb)
  Transaction 66 of length 72 (0 toread)
[2026/05/20 14:38:40.021791,  5, pid=4000687, effective(65534, 65534), real(65534, 0)] source3/lib/util.c:150(show_msg)
  size=68
  smb_com=0x32
  smb_rcls=0
  smb_reh=0
  smb_err=0
  smb_flg=0
  smb_flg2=49153
  smb_tid=55629
  smb_pid=19790
  smb_uid=43829
  smb_mid=67
  smt_wct=15
  smb_vwv[ 0]=    2 (0x2)
  smb_vwv[ 1]=    0 (0x0)
  smb_vwv[ 2]=    2 (0x2)
  smb_vwv[ 3]=  100 (0x64)
  smb_vwv[ 4]=    0 (0x0)
  smb_vwv[ 5]=    0 (0x0)
  smb_vwv[ 6]=    0 (0x0)
  smb_vwv[ 7]=    0 (0x0)
  smb_vwv[ 8]=    0 (0x0)
  smb_vwv[ 9]=    2 (0x2)
  smb_vwv[10]=   66 (0x42)
  smb_vwv[11]=    0 (0x0)
  smb_vwv[12]=    0 (0x0)
  smb_vwv[13]=    1 (0x1)
  smb_vwv[14]=    3 (0x3)
  smb_bcc=3
[2026/05/20 14:38:40.021942, 10, pid=4000687, effective(65534, 65534), real(65534, 0)] lib/util/util.c:578(dump_data)
  [0000] 00 01 02                                            ...
[2026/05/20 14:38:40.021978,  3, pid=4000687, effective(65534, 65534), real(65534, 0)] source3/smbd/smb1_process.c:1112(switch_message)
  switch message SMBtrans2 (pid 4000687) conn 0x6087dc17b3c0
[2026/05/20 14:38:40.022002,  5, pid=4000687, effective(65534, 65534), real(65534, 0)] source3/smbd/uid.c:327(change_to_user_impersonate)
  change_to_user_impersonate: Skipping user change - already user
[2026/05/20 14:38:40.022044,  5, pid=4000687, effective(65534, 65534), real(65534, 0)] source3/smbd/uid.c:294(print_impersonation_info)
  print_impersonation_info: Impersonated user: uid=(65534,65534), gid=(0,65534), cwd=[/var/samba/public]
[2026/05/20 14:38:40.022071,  3, pid=4000687, effective(65534, 65534), real(65534, 0)] source3/smbd/smb1_trans2.c:1676(call_trans2qfsinfo)
  call_trans2qfsinfo: level = 513
[2026/05/20 14:38:40.022110,  3, pid=4000687, effective(65534, 65534), real(65534, 0)] source3/smbd/smb2_trans2.c:2078(smbd_do_qfsinfo)
  smbd_do_qfsinfo: level = 513
[2026/05/20 14:38:40.022137,  3, pid=4000687, effective(65534, 65534), real(65534, 0)] source3/smbd/error.c:78(error_packet_set)
  NT error packet at source3/smbd/smb1_trans2.c(1686) cmd=50 (SMBtrans2) NT_STATUS_INVALID_LEVEL
[2026/05/20 14:38:40.022183,  5, pid=4000687, effective(65534, 65534), real(65534, 0)] source3/lib/util.c:150(show_msg)
  size=35
  smb_com=0x32
  smb_rcls=72
  smb_reh=1
  smb_err=49152
  smb_flg=128
  smb_flg2=51203
  smb_tid=55629
  smb_pid=19790
  smb_uid=43829
  smb_mid=67
  smt_wct=0
  smb_bcc=0
[2026/05/20 14:38:40.342712, 10, pid=4000687, effective(65534, 65534), real(65534, 0)] source3/lib/util_sock.c:180(read_smb_length_return_keepalive)
  got smb length of 68
[2026/05/20 14:38:40.342794,  6, pid=4000687, effective(65534, 65534), real(65534, 0)] source3/smbd/smb2_process.c:574(process_smb)
  got message type 0x0 of len 0x44
[2026/05/20 14:38:40.342814,  3, pid=4000687, effective(65534, 65534), real(65534, 0)] source3/smbd/smb2_process.c:576(process_smb)
  Transaction 67 of length 72 (0 toread)
[2026/05/20 14:38:40.342845,  5, pid=4000687, effective(65534, 65534), real(65534, 0)] source3/lib/util.c:150(show_msg)
  size=68
  smb_com=0x32
  smb_rcls=0
  smb_reh=0
  smb_err=0
  smb_flg=0
  smb_flg2=49153
  smb_tid=55629
  smb_pid=19790
  smb_uid=43829
  smb_mid=68
  smt_wct=15
  smb_vwv[ 0]=    2 (0x2)
  smb_vwv[ 1]=    0 (0x0)
  smb_vwv[ 2]=    2 (0x2)
  smb_vwv[ 3]= 1000 (0x3E8)
  smb_vwv[ 4]=    0 (0x0)
  smb_vwv[ 5]=    0 (0x0)
  smb_vwv[ 6]=    0 (0x0)
  smb_vwv[ 7]=    0 (0x0)
  smb_vwv[ 8]=    0 (0x0)
  smb_vwv[ 9]=    2 (0x2)
  smb_vwv[10]=   66 (0x42)
  smb_vwv[11]=    0 (0x0)
  smb_vwv[12]=    0 (0x0)
  smb_vwv[13]=    1 (0x1)
  smb_vwv[14]=    3 (0x3)
  smb_bcc=3
[2026/05/20 14:38:40.343012, 10, pid=4000687, effective(65534, 65534), real(65534, 0)] lib/util/util.c:578(dump_data)
  [0000] 00 03 01                                            ...
[2026/05/20 14:38:40.343047,  3, pid=4000687, effective(65534, 65534), real(65534, 0)] source3/smbd/smb1_process.c:1112(switch_message)
  switch message SMBtrans2 (pid 4000687) conn 0x6087dc17b3c0
[2026/05/20 14:38:40.343072,  5, pid=4000687, effective(65534, 65534), real(65534, 0)] source3/smbd/uid.c:327(change_to_user_impersonate)
  change_to_user_impersonate: Skipping user change - already user
[2026/05/20 14:38:40.343114,  5, pid=4000687, effective(65534, 65534), real(65534, 0)] source3/smbd/uid.c:294(print_impersonation_info)
  print_impersonation_info: Impersonated user: uid=(65534,65534), gid=(0,65534), cwd=[/var/samba/public]
[2026/05/20 14:38:40.343140,  3, pid=4000687, effective(65534, 65534), real(65534, 0)] source3/smbd/smb1_trans2.c:1676(call_trans2qfsinfo)
  call_trans2qfsinfo: level = 259
[2026/05/20 14:38:40.343188,  3, pid=4000687, effective(65534, 65534), real(65534, 0)] source3/smbd/smb2_trans2.c:2078(smbd_do_qfsinfo)
  smbd_do_qfsinfo: level = 259
[2026/05/20 14:38:40.343355, 10, pid=4000687, effective(65534, 65534), real(65534, 0), class=quota] source3/lib/sysquotas.c:513(sys_get_quota)
  sys_get_quota() uid(65534, 65534), fs(ext4)
[2026/05/20 14:38:40.343378, 10, pid=4000687, effective(65534, 65534), real(65534, 0), class=quota] source3/lib/sysquotas_linux.c:80(sys_get_vfs_quota)
  sys_get_vfs_quota: path[/] bdev[/dev/mapper/ubuntu--vg-ubuntu--lv] SMB_USER_FS_QUOTA_TYPE (uid[65534])
[2026/05/20 14:38:40.343412, 10, pid=4000687, effective(65534, 65534), real(65534, 0), class=quota] source3/lib/sysquotas.c:537(sys_get_quota)
  sys_get_vfs_quota() called for mntpath[/] bdev[/dev/mapper/ubuntu--vg-ubuntu--lv] qtype[1] id[-1].
[2026/05/20 14:38:40.343491, 10, pid=4000687, effective(65534, 65534), real(65534, 0), class=quota] source3/lib/sysquotas.c:513(sys_get_quota)
  sys_get_quota() uid(65534, 65534), fs(ext4)
[2026/05/20 14:38:40.343511, 10, pid=4000687, effective(65534, 65534), real(65534, 0), class=quota] source3/lib/sysquotas_linux.c:93(sys_get_vfs_quota)
  sys_get_vfs_quota: path[/] bdev[/dev/mapper/ubuntu--vg-ubuntu--lv] SMB_GROUP_FS_QUOTA_TYPE (gid[65534])
[2026/05/20 14:38:40.343536, 10, pid=4000687, effective(65534, 65534), real(65534, 0), class=quota] source3/lib/sysquotas.c:537(sys_get_quota)
  sys_get_vfs_quota() called for mntpath[/] bdev[/dev/mapper/ubuntu--vg-ubuntu--lv] qtype[3] id[-1].
[2026/05/20 14:38:40.343555,  5, pid=4000687, effective(65534, 65534), real(65534, 0)] source3/smbd/smb2_trans2.c:2297(smbd_do_qfsinfo)
  smbd_do_qfsinfo : SMB_QUERY_FS_SIZE_INFO bsize=1024, cSectorUnit=2, cBytesSector=512, cUnitTotal=2111122464, cUnitAvail=1025058268
[2026/05/20 14:38:40.343575,  9, pid=4000687, effective(65534, 65534), real(65534, 0)] source3/smbd/smb1_trans2.c:230(send_trans2_replies)
  t2_rep: params_sent_thistime = 0, data_sent_thistime = 24, useable_space = 16408
[2026/05/20 14:38:40.343593,  9, pid=4000687, effective(65534, 65534), real(65534, 0)] source3/smbd/smb1_trans2.c:232(send_trans2_replies)
  t2_rep: params_to_send = 0, data_to_send = 24, paramsize = 0, datasize = 24
[2026/05/20 14:38:40.343623,  5, pid=4000687, effective(65534, 65534), real(65534, 0)] source3/lib/util.c:150(show_msg)
  size=80
  smb_com=0x32
  smb_rcls=0
  smb_reh=0
  smb_err=0
  smb_flg=128
  smb_flg2=51203
  smb_tid=55629
  smb_pid=19790
  smb_uid=43829
  smb_mid=68
  smt_wct=10
  smb_vwv[ 0]=    0 (0x0)
  smb_vwv[ 1]=   24 (0x18)
  smb_vwv[ 2]=    0 (0x0)
  smb_vwv[ 3]=    0 (0x0)
  smb_vwv[ 4]=   56 (0x38)
  smb_vwv[ 5]=    0 (0x0)
  smb_vwv[ 6]=   24 (0x18)
  smb_vwv[ 7]=   56 (0x38)
  smb_vwv[ 8]=    0 (0x0)
  smb_vwv[ 9]=    0 (0x0)
  smb_bcc=25
[2026/05/20 14:38:40.343727, 10, pid=4000687, effective(65534, 65534), real(65534, 0)] lib/util/util.c:578(dump_data)
  [0000] 00 20 2C D5 7D 00 00 00   00 DC 25 19 3D 00 00 00   . ,.}... ..%.=...
  [0010] 00 02 00 00 00 00 02 00   00                        ........ .
[2026/05/20 14:38:40.343816,  4, pid=4000687, effective(65534, 65534), real(65534, 0)] source3/smbd/smb1_trans2.c:1693(call_trans2qfsinfo)
  SMBtrans2 info_level = 259
[2026/05/20 14:39:10.923532, 10, pid=4000687, effective(65534, 65534), real(65534, 0)] source3/lib/util_event.c:42(smbd_idle_event_handler)
  smbd_idle_event_handler: idle_evt(deadtime) (nil) called
[2026/05/20 14:39:10.923623, 10, pid=4000687, effective(65534, 65534), real(65534, 0)] source3/lib/util_event.c:53(smbd_idle_event_handler)
  smbd_idle_event_handler: idle_evt(deadtime) (nil) rescheduled
[2026/05/20 14:39:10.923659, 10, pid=4000687, effective(65534, 65534), real(65534, 0)] source3/lib/util_event.c:42(smbd_idle_event_handler)
  smbd_idle_event_handler: idle_evt(housekeeping) (nil) called
[2026/05/20 14:39:10.923678,  5, pid=4000687, effective(65534, 65534), real(65534, 0)] source3/smbd/smb2_process.c:1582(housekeeping_fn)
  housekeeping
[2026/05/20 14:39:10.923702,  4, pid=4000687, effective(65534, 65534), real(65534, 0)] source3/smbd/sec_ctx.c:317(set_sec_ctx_internal)
  setting sec ctx (0, 0) - sec_ctx_stack_ndx = 0
[2026/05/20 14:39:10.923723,  5, pid=4000687, effective(65534, 65534), real(65534, 0)] libcli/security/security_token.c:49(security_token_debug)
  Security token: (NULL)
[2026/05/20 14:39:10.923743,  5, pid=4000687, effective(65534, 65534), real(65534, 0)] source3/auth/token_util.c:873(debug_unix_user_token)
  UNIX token of user 0
  Primary group is 0 and contains 0 supplementary groups
[2026/05/20 14:39:10.923806,  5, pid=4000687, effective(0, 0), real(0, 0)] source3/smbd/uid.c:494(smbd_change_to_root_user)
  change_to_root_user: now uid=(0,0) gid=(0,0)
[2026/05/20 14:39:10.923854, 10, pid=4000687, effective(0, 0), real(0, 0)] source3/lib/util_event.c:53(smbd_idle_event_handler)
  smbd_idle_event_handler: idle_evt(housekeeping) (nil) rescheduled
[2026/05/20 14:39:25.142333, 10, pid=4000687, effective(0, 0), real(0, 0)] source3/lib/util_sock.c:180(read_smb_length_return_keepalive)
  got smb length of 142
[2026/05/20 14:39:25.142434,  6, pid=4000687, effective(0, 0), real(0, 0)] source3/smbd/smb2_process.c:574(process_smb)
  got message type 0x0 of len 0x8e
[2026/05/20 14:39:25.142457,  3, pid=4000687, effective(0, 0), real(0, 0)] source3/smbd/smb2_process.c:576(process_smb)
  Transaction 68 of length 146 (0 toread)
[2026/05/20 14:39:25.142491,  5, pid=4000687, effective(0, 0), real(0, 0)] source3/lib/util.c:150(show_msg)
  size=142
  smb_com=0x32
  smb_rcls=0
  smb_reh=0
  smb_err=0
  smb_flg=0
  smb_flg2=49153
  smb_tid=55629
  smb_pid=1788
  smb_uid=43829
  smb_mid=69
  smt_wct=15
  smb_vwv[ 0]=   76 (0x4C)
  smb_vwv[ 1]=    0 (0x0)
  smb_vwv[ 2]=    2 (0x2)
  smb_vwv[ 3]= 4000 (0xFA0)
  smb_vwv[ 4]=    0 (0x0)
  smb_vwv[ 5]=    0 (0x0)
  smb_vwv[ 6]=    0 (0x0)
  smb_vwv[ 7]=    0 (0x0)
  smb_vwv[ 8]=    0 (0x0)
  smb_vwv[ 9]=   76 (0x4C)
  smb_vwv[10]=   66 (0x42)
  smb_vwv[11]=    0 (0x0)
  smb_vwv[12]=    0 (0x0)
  smb_vwv[13]=    1 (0x1)
  smb_vwv[14]=    5 (0x5)
  smb_bcc=77
[2026/05/20 14:39:25.142647, 10, pid=4000687, effective(0, 0), real(0, 0)] lib/util/util.c:578(dump_data)
  [0000] 00 00 02 00 00 00 00 2F   00 64 00 65 00 62 00 69   ......./ .d.e.b.i
  [0010] 00 61 00 6E 00 2D 00 74   00 72 00 61 00 69 00 6E   .a.n.-.t .r.a.i.n
  [0020] 00 69 00 6E 00 67 00 2D   00 74 00 78 00 31 00 33   .i.n.g.- .t.x.1.3
  [0030] 00 32 00 30 00 2D 00 72   00 61 00 69 00 64 00 31   .2.0.-.r .a.i.d.1
  [0040] 00 30 00 2E 00 69 00 73   00 6F 00 00 00            .0...i.s .o...
[2026/05/20 14:39:25.142775,  3, pid=4000687, effective(0, 0), real(0, 0)] source3/smbd/smb1_process.c:1112(switch_message)
  switch message SMBtrans2 (pid 4000687) conn 0x6087dc17b3c0
[2026/05/20 14:39:25.142972,  4, pid=4000687, effective(0, 0), real(0, 0)] source3/smbd/sec_ctx.c:206(push_sec_ctx)
  push_sec_ctx(0, 0) : sec_ctx_stack_ndx = 1
[2026/05/20 14:39:25.143020,  4, pid=4000687, effective(0, 0), real(0, 0)] source3/smbd/uid.c:566(push_conn_ctx)
  push_conn_ctx(0) : conn_ctx_stack_ndx = 0
[2026/05/20 14:39:25.143039,  4, pid=4000687, effective(0, 0), real(0, 0)] source3/smbd/sec_ctx.c:317(set_sec_ctx_internal)
  setting sec ctx (0, 0) - sec_ctx_stack_ndx = 1
[2026/05/20 14:39:25.143058,  5, pid=4000687, effective(0, 0), real(0, 0)] libcli/security/security_token.c:49(security_token_debug)
  Security token: (NULL)
[2026/05/20 14:39:25.143076,  5, pid=4000687, effective(0, 0), real(0, 0)] source3/auth/token_util.c:873(debug_unix_user_token)
  UNIX token of user 0
  Primary group is 0 and contains 0 supplementary groups
[2026/05/20 14:39:25.143154,  4, pid=4000687, effective(0, 0), real(0, 0)] source3/smbd/sec_ctx.c:443(pop_sec_ctx)
  pop_sec_ctx (0, 0) - sec_ctx_stack_ndx = 0
[2026/05/20 14:39:25.143178, 10, pid=4000687, effective(0, 0), real(0, 0)] source3/passdb/lookup_sid.c:1256(xid_to_sid)
  xid_to_sid: GID 65534 -> S-1-22-2-65534 fallback
[2026/05/20 14:39:25.143199,  4, pid=4000687, effective(0, 0), real(0, 0)] source3/smbd/sec_ctx.c:317(set_sec_ctx_internal)
  setting sec ctx (65534, 65534) - sec_ctx_stack_ndx = 0
[2026/05/20 14:39:25.143216,  5, pid=4000687, effective(0, 0), real(0, 0)] libcli/security/security_token.c:53(security_token_debug)
  Security token SIDs (5):
    SID[  0]: S-1-22-1-65534
    SID[  1]: S-1-22-2-65534
    SID[  2]: S-1-1-0
    SID[  3]: S-1-5-2
    SID[  4]: S-1-5-32-546
   Privileges (0x               0):
   Rights (0x               0):
[2026/05/20 14:39:25.143277,  5, pid=4000687, effective(0, 0), real(0, 0)] source3/auth/token_util.c:873(debug_unix_user_token)
  UNIX token of user 65534
  Primary group is 65534 and contains 1 supplementary groups
  Group[  0]: 65534
[2026/05/20 14:39:25.143328,  4, pid=4000687, effective(65534, 65534), real(65534, 0), class=vfs] source3/smbd/vfs.c:937(vfs_ChDir)
  vfs_ChDir to /var/samba/public
[2026/05/20 14:39:25.143372,  5, pid=4000687, effective(65534, 65534), real(65534, 0), class=vfs] source3/smbd/vfs.c:999(vfs_ChDir)
  vfs_ChDir: vfs_ChDir got /var/samba/public
[2026/05/20 14:39:25.143400,  5, pid=4000687, effective(65534, 65534), real(65534, 0)] source3/smbd/uid.c:294(print_impersonation_info)
  print_impersonation_info: Impersonated user: uid=(65534,65534), gid=(0,65534), cwd=[/var/samba/public]
[2026/05/20 14:39:25.143427,  3, pid=4000687, effective(65534, 65534), real(65534, 0)] source3/smbd/smb1_trans2.c:2645(call_trans2qpathinfo)
  call_trans2qpathinfo: TRANSACT2_QPATHINFO: level = 512
[2026/05/20 14:39:25.143454, 10, pid=4000687, effective(65534, 65534), real(65534, 0)] source3/smbd/files.c:562(openat_pathref_fsp)
  openat_pathref_fsp: smb_fname [.]
[2026/05/20 14:39:25.143474, 10, pid=4000687, effective(65534, 65534), real(65534, 0)] source3/smbd/files.c:462(openat_pathref_fullname)
  openat_pathref_fullname: smb_fname [.]
[2026/05/20 14:39:25.143493,  5, pid=4000687, effective(65534, 65534), real(65534, 0)] source3/smbd/files.c:77(fsp_new)
  fsp_new: allocated files structure (1 used)
[2026/05/20 14:39:25.143513, 10, pid=4000687, effective(65534, 65534), real(65534, 0)] source3/smbd/files.c:2198(file_name_hash)
  file_name_hash: /var/samba/public/. hash 0xb9bae796
[2026/05/20 14:39:25.143553, 10, pid=4000687, effective(65534, 65534), real(65534, 0)] source3/smbd/open.c:930(fd_openat)
  fd_openat: name ., flags = 04000 mode = 00, fd = 14
[2026/05/20 14:39:25.143573, 10, pid=4000687, effective(65534, 65534), real(65534, 0)] source3/smbd/files.c:531(openat_pathref_fullname)
  openat_pathref_fullname: fsp [.]: OK
[2026/05/20 14:39:25.143592, 10, pid=4000687, effective(65534, 65534), real(65534, 0)] source3/smbd/files.c:562(openat_pathref_fsp)
  openat_pathref_fsp: smb_fname [debian-training-tx1320-raid10.iso]
[2026/05/20 14:39:25.143611, 10, pid=4000687, effective(65534, 65534), real(65534, 0)] source3/smbd/files.c:462(openat_pathref_fullname)
  openat_pathref_fullname: smb_fname [debian-training-tx1320-raid10.iso]
[2026/05/20 14:39:25.143636,  5, pid=4000687, effective(65534, 65534), real(65534, 0)] source3/smbd/files.c:77(fsp_new)
  fsp_new: allocated files structure (2 used)
[2026/05/20 14:39:25.143655, 10, pid=4000687, effective(65534, 65534), real(65534, 0)] source3/smbd/files.c:2198(file_name_hash)
  file_name_hash: /var/samba/public/debian-training-tx1320-raid10.iso hash 0x2dee4f28
[2026/05/20 14:39:25.143681, 10, pid=4000687, effective(65534, 65534), real(65534, 0)] source3/smbd/open.c:930(fd_openat)
  fd_openat: name debian-training-tx1320-raid10.iso, flags = 04000 mode = 00, fd = 28
[2026/05/20 14:39:25.143700, 10, pid=4000687, effective(65534, 65534), real(65534, 0)] source3/smbd/files.c:531(openat_pathref_fullname)
  openat_pathref_fullname: fsp [debian-training-tx1320-raid10.iso]: OK
[2026/05/20 14:39:25.143719, 10, pid=4000687, effective(65534, 65534), real(65534, 0)] source3/smbd/files.c:2198(file_name_hash)
  file_name_hash: /var/samba/public/debian-training-tx1320-raid10.iso hash 0x2dee4f28
[2026/05/20 14:39:25.143744, 10, pid=4000687, effective(65534, 65534), real(65534, 0)] source3/lib/g_lock.c:1655(g_lock_dump)
  g_lock_dump: dbwrap_parse_record returned NT_STATUS_NOT_FOUND
[2026/05/20 14:39:25.143769, 10, pid=4000687, effective(65534, 65534), real(65534, 0), class=locking] source3/locking/share_mode_lock.c:1570(fetch_share_mode_unlocked)
  fetch_share_mode_unlocked: g_lock_dump failed: NT_STATUS_NOT_FOUND
[2026/05/20 14:39:25.143790, 10, pid=4000687, effective(65534, 65534), real(65534, 0)] source3/smbd/smb2_trans2.c:2779(store_file_unix_basic)
  store_file_unix_basic: SMB_QUERY_FILE_UNIX_BASIC
[2026/05/20 14:39:25.143807,  4, pid=4000687, effective(65534, 65534), real(65534, 0)] source3/smbd/smb2_trans2.c:2780(store_file_unix_basic)
  store_file_unix_basic: st_mode=100644
[2026/05/20 14:39:25.143830,  9, pid=4000687, effective(65534, 65534), real(65534, 0)] source3/smbd/smb1_trans2.c:230(send_trans2_replies)
  t2_rep: params_sent_thistime = 2, data_sent_thistime = 100, useable_space = 16406
[2026/05/20 14:39:25.143847,  9, pid=4000687, effective(65534, 65534), real(65534, 0)] source3/smbd/smb1_trans2.c:232(send_trans2_replies)
  t2_rep: params_to_send = 2, data_to_send = 100, paramsize = 2, datasize = 100
[2026/05/20 14:39:25.143905,  5, pid=4000687, effective(65534, 65534), real(65534, 0)] source3/lib/util.c:150(show_msg)
  size=160
  smb_com=0x32
  smb_rcls=0
  smb_reh=0
  smb_err=0
  smb_flg=128
  smb_flg2=51203
  smb_tid=55629
  smb_pid=1788
  smb_uid=43829
  smb_mid=69
  smt_wct=10
  smb_vwv[ 0]=    2 (0x2)
  smb_vwv[ 1]=  100 (0x64)
  smb_vwv[ 2]=    0 (0x0)
  smb_vwv[ 3]=    2 (0x2)
  smb_vwv[ 4]=   56 (0x38)
  smb_vwv[ 5]=    0 (0x0)
  smb_vwv[ 6]=  100 (0x64)
  smb_vwv[ 7]=   60 (0x3C)
  smb_vwv[ 8]=    0 (0x0)
  smb_vwv[ 9]=    0 (0x0)
  smb_bcc=105
[2026/05/20 14:39:25.144008, 10, pid=4000687, effective(65534, 65534), real(65534, 0)] lib/util/util.c:578(dump_data)
  [0000] 00 00 00 00 00 00 00 B5   2F 00 00 00 00 00 10 B5   ........ /.......
  [0010] 2F 00 00 00 00 5E 44 69   FB 18 E8 DC 01 2D 7A 53   /....^Di .....-zS
  [0020] 09 19 E8 DC 01 A3 E5 86   AF 62 E6 DC 01 FE FF 00   ........ .b......
  [0030] 00 00 00 00 00 FE FF 00   00 00 00 00 00 00 00 00   ........ ........
  [0040] 00 FC 00 00 00 00 00 00   00 00 00 00 00 00 00 00   ........ ........
  [0050] 00 23 14 02 01 00 00 00   00 A4 01 00 00 00 00 00   .#...... ........
  [0060] 00 01 00 00 00 00 00 00   00                        ........ .
[2026/05/20 14:39:25.144232,  5, pid=4000687, effective(65534, 65534), real(65534, 0)] source3/smbd/files.c:1985(file_free)
  file_free: freed files structure 0 (1 used)
[2026/05/20 14:39:25.144268,  5, pid=4000687, effective(65534, 65534), real(65534, 0)] source3/smbd/files.c:1985(file_free)
  file_free: freed files structure 0 (0 used)
[2026/05/20 14:39:25.461249, 10, pid=4000687, effective(65534, 65534), real(65534, 0)] source3/lib/util_sock.c:180(read_smb_length_return_keepalive)
  got smb length of 162
[2026/05/20 14:39:25.461318,  6, pid=4000687, effective(65534, 65534), real(65534, 0)] source3/smbd/smb2_process.c:574(process_smb)
  got message type 0x0 of len 0xa2
[2026/05/20 14:39:25.461350,  3, pid=4000687, effective(65534, 65534), real(65534, 0)] source3/smbd/smb2_process.c:576(process_smb)
  Transaction 69 of length 166 (0 toread)
[2026/05/20 14:39:25.461382,  5, pid=4000687, effective(65534, 65534), real(65534, 0)] source3/lib/util.c:150(show_msg)
  size=162
  smb_com=0x32
  smb_rcls=0
  smb_reh=0
  smb_err=0
  smb_flg=0
  smb_flg2=49153
  smb_tid=55629
  smb_pid=1788
  smb_uid=43829
  smb_mid=70
  smt_wct=15
  smb_vwv[ 0]=   76 (0x4C)
  smb_vwv[ 1]=   18 (0x12)
  smb_vwv[ 2]=    2 (0x2)
  smb_vwv[ 3]= 1000 (0x3E8)
  smb_vwv[ 4]=    0 (0x0)
  smb_vwv[ 5]=    0 (0x0)
  smb_vwv[ 6]=    0 (0x0)
  smb_vwv[ 7]=    0 (0x0)
  smb_vwv[ 8]=    0 (0x0)
  smb_vwv[ 9]=   76 (0x4C)
  smb_vwv[10]=   68 (0x44)
  smb_vwv[11]=   18 (0x12)
  smb_vwv[12]=  144 (0x90)
  smb_vwv[13]=    1 (0x1)
  smb_vwv[14]=    6 (0x6)
  smb_bcc=97
[2026/05/20 14:39:25.461499, 10, pid=4000687, effective(65534, 65534), real(65534, 0)] lib/util/util.c:578(dump_data)
  [0000] 00 00 00 09 02 00 00 00   00 2F 00 64 00 65 00 62   ........ ./.d.e.b
  [0010] 00 69 00 61 00 6E 00 2D   00 74 00 72 00 61 00 69   .i.a.n.- .t.r.a.i
  [0020] 00 6E 00 69 00 6E 00 67   00 2D 00 74 00 78 00 31   .n.i.n.g .-.t.x.1
  [0030] 00 33 00 32 00 30 00 2D   00 72 00 61 00 69 00 64   .3.2.0.- .r.a.i.d
  [0040] 00 31 00 30 00 2E 00 69   00 73 00 6F 00 00 00 02   .1.0...i .s.o....
  [0050] 00 00 00 01 04 00 00 ED   01 00 00 00 00 00 00 00   ........ ........
  [0060] 02                                                  .
[2026/05/20 14:39:25.461648,  3, pid=4000687, effective(65534, 65534), real(65534, 0)] source3/smbd/smb1_process.c:1112(switch_message)
  switch message SMBtrans2 (pid 4000687) conn 0x6087dc17b3c0
[2026/05/20 14:39:25.461671,  5, pid=4000687, effective(65534, 65534), real(65534, 0)] source3/smbd/uid.c:327(change_to_user_impersonate)
  change_to_user_impersonate: Skipping user change - already user
[2026/05/20 14:39:25.461708,  5, pid=4000687, effective(65534, 65534), real(65534, 0)] source3/smbd/uid.c:294(print_impersonation_info)
  print_impersonation_info: Impersonated user: uid=(65534,65534), gid=(0,65534), cwd=[/var/samba/public]
[2026/05/20 14:39:25.461738,  3, pid=4000687, effective(65534, 65534), real(65534, 0)] source3/smbd/smb1_trans2.c:4513(call_trans2setpathinfo)
  call_trans2setpathinfo: fname=debian-training-tx1320-raid10.iso info_level=521 totdata=18
[2026/05/20 14:39:25.461759, 10, pid=4000687, effective(65534, 65534), real(65534, 0)] source3/smbd/files.c:562(openat_pathref_fsp)
  openat_pathref_fsp: smb_fname [.]
[2026/05/20 14:39:25.461779, 10, pid=4000687, effective(65534, 65534), real(65534, 0)] source3/smbd/files.c:462(openat_pathref_fullname)
  openat_pathref_fullname: smb_fname [.]
[2026/05/20 14:39:25.461798,  5, pid=4000687, effective(65534, 65534), real(65534, 0)] source3/smbd/files.c:77(fsp_new)
  fsp_new: allocated files structure (1 used)
[2026/05/20 14:39:25.461818, 10, pid=4000687, effective(65534, 65534), real(65534, 0)] source3/smbd/files.c:2198(file_name_hash)
  file_name_hash: /var/samba/public/. hash 0xb9bae796
[2026/05/20 14:39:25.461855, 10, pid=4000687, effective(65534, 65534), real(65534, 0)] source3/smbd/open.c:930(fd_openat)
  fd_openat: name ., flags = 04000 mode = 00, fd = 14
[2026/05/20 14:39:25.461906, 10, pid=4000687, effective(65534, 65534), real(65534, 0)] source3/smbd/files.c:531(openat_pathref_fullname)
  openat_pathref_fullname: fsp [.]: OK
[2026/05/20 14:39:25.461926, 10, pid=4000687, effective(65534, 65534), real(65534, 0)] source3/smbd/files.c:562(openat_pathref_fsp)
  openat_pathref_fsp: smb_fname [debian-training-tx1320-raid10.iso]
[2026/05/20 14:39:25.461946, 10, pid=4000687, effective(65534, 65534), real(65534, 0)] source3/smbd/files.c:462(openat_pathref_fullname)
  openat_pathref_fullname: smb_fname [debian-training-tx1320-raid10.iso]
[2026/05/20 14:39:25.461964,  5, pid=4000687, effective(65534, 65534), real(65534, 0)] source3/smbd/files.c:77(fsp_new)
  fsp_new: allocated files structure (2 used)
[2026/05/20 14:39:25.461988, 10, pid=4000687, effective(65534, 65534), real(65534, 0)] source3/smbd/files.c:2198(file_name_hash)
  file_name_hash: /var/samba/public/debian-training-tx1320-raid10.iso hash 0x2dee4f28
[2026/05/20 14:39:25.462015, 10, pid=4000687, effective(65534, 65534), real(65534, 0)] source3/smbd/open.c:930(fd_openat)
  fd_openat: name debian-training-tx1320-raid10.iso, flags = 04000 mode = 00, fd = 28
[2026/05/20 14:39:25.462034, 10, pid=4000687, effective(65534, 65534), real(65534, 0)] source3/smbd/files.c:531(openat_pathref_fullname)
  openat_pathref_fullname: fsp [debian-training-tx1320-raid10.iso]: OK
[2026/05/20 14:39:25.462057, 10, pid=4000687, effective(65534, 65534), real(65534, 0)] source3/smbd/smb1_trans2.c:3477(smb_posix_open)
  smb_posix_open: file debian-training-tx1320-raid10.iso, smb_posix_flags = 1024, mode 0755
[2026/05/20 14:39:25.462076, 10, pid=4000687, effective(65534, 65534), real(65534, 0)] source3/smbd/open.c:6509(create_file_default)
  create_file_default: create_file: access_mask = 0x89 file_attributes = 0x0, share_access = 0x7, create_disposition = 0x1 create_options = 0x40 oplock_request = 0x1 private_flags = 0x0 ea_list = (nil), sd = (nil), fname = debian-training-tx1320-raid10.iso
[2026/05/20 14:39:25.462100, 10, pid=4000687, effective(65534, 65534), real(65534, 0)] source3/smbd/open.c:5926(create_file_unixpath)
  create_file_unixpath: access_mask = 0x89 file_attributes = 0x10001a4 share_access = 0x7 create_disposition = 0x1 create_options = 0x40 oplock_request = 0x1 private_flags = 0x0 ea_list = (nil), sd = (nil), fname = debian-training-tx1320-raid10.iso
[2026/05/20 14:39:25.462132,  5, pid=4000687, effective(65534, 65534), real(65534, 0)] lib/dbwrap/dbwrap.c:172(dbwrap_lock_order_lock)
  dbwrap_lock_order_lock: check lock order 1 for /run/samba/smbXsrv_open_global.tdb
[2026/05/20 14:39:25.462151, 10, pid=4000687, effective(65534, 65534), real(65534, 0)] lib/dbwrap/dbwrap.c:157(debug_lock_order)
  lock order:  1:/run/samba/smbXsrv_open_global.tdb 2:<none> 3:<none> 4:<none>
[2026/05/20 14:39:25.462231, 10, pid=4000687, effective(65534, 65534), real(65534, 0)] source3/smbd/smbXsrv_open.c:349(smbXsrv_open_global_store)
  smbXsrv_open_global_store: key 'C839D2FA' stored
[2026/05/20 14:39:25.462253,  1, pid=4000687, effective(65534, 65534), real(65534, 0), class=rpc_parse] source3/smbd/smbXsrv_open.c:350(smbXsrv_open_global_store)
       &global_blob: struct smbXsrv_open_globalB
          version                  : SMBXSRV_VERSION_0 (0)
          seqnum                   : 0x00000001 (1)
          info                     : union smbXsrv_open_globalU(case 0)
          info0                    : *
              info0: struct smbXsrv_open_global0
                  server_id: struct server_id
                      pid                      : 0x00000000003d0baf (4000687)
                      task_id                  : 0x00000000 (0)
                      vnn                      : 0xffffffff (4294967295)
                      unique_id                : 0x3f9493830e290ceb (4581448912030207211)
                  open_global_id           : 0xc839d2fa (3359232762)
                  open_persistent_id       : 0x00000000c839d2fa (3359232762)
                  open_volatile_id         : 0x000000000000d4f2 (54514)
                  open_owner               : S-1-22-1-65534
                  open_time                : Wed May 20 02:39:25 PM 2026 JST
                  create_guid              : 00000000-0000-0000-0000-000000000000
                  client_guid              : 00000000-0000-0000-0000-000000000000
                  app_instance_id          : 00000000-0000-0000-0000-000000000000
                  disconnect_time          : NTTIME(0)
                  durable_timeout_msec     : 0x00000000 (0)
                  durable                  : 0x00 (0)
                  backend_cookie           : DATA_BLOB length=0
                  channel_sequence         : 0x0000 (0)
                  channel_generation       : 0x0000000000000000 (0)
                  lock_sequence_array: ARRAY(64)
  [0000] FF FF FF FF FF FF FF FF   FF FF FF FF FF FF FF FF   ........ ........
  [0010] FF FF FF FF FF FF FF FF   FF FF FF FF FF FF FF FF   ........ ........
  [0020] FF FF FF FF FF FF FF FF   FF FF FF FF FF FF FF FF   ........ ........
  [0030] FF FF FF FF FF FF FF FF   FF FF FF FF FF FF FF FF   ........ ........
[2026/05/20 14:39:25.462570,  5, pid=4000687, effective(65534, 65534), real(65534, 0)] lib/dbwrap/dbwrap.c:204(dbwrap_lock_order_unlock)
  dbwrap_lock_order_unlock: release lock order 1 for /run/samba/smbXsrv_open_global.tdb
[2026/05/20 14:39:25.462588, 10, pid=4000687, effective(65534, 65534), real(65534, 0)] source3/smbd/smbXsrv_open.c:466(smbXsrv_open_global_allocate)
  smbXsrv_open_global_allocate: Found slot 3359232762
[2026/05/20 14:39:25.462605, 10, pid=4000687, effective(65534, 65534), real(65534, 0)] source3/smbd/smbXsrv_open.c:614(smbXsrv_open_create)
  smbXsrv_open_create: global_id (0xc839d2fa) stored
[2026/05/20 14:39:25.462623,  1, pid=4000687, effective(65534, 65534), real(65534, 0), class=rpc_parse] source3/smbd/smbXsrv_open.c:616(smbXsrv_open_create)
       &open_blob: struct smbXsrv_openB
          version                  : SMBXSRV_VERSION_0 (0)
          reserved                 : 0x00000000 (0)
          info                     : union smbXsrv_openU(case 0)
          info0                    : *
              info0: struct smbXsrv_open
                  table                    : *
                  local_id                 : 0x0000d4f2 (54514)
                  global                   : *
                      global: struct smbXsrv_open_global0
                          server_id: struct server_id
                              pid                      : 0x00000000003d0baf (4000687)
                              task_id                  : 0x00000000 (0)
                              vnn                      : 0xffffffff (4294967295)
                              unique_id                : 0x3f9493830e290ceb (4581448912030207211)
                          open_global_id           : 0xc839d2fa (3359232762)
                          open_persistent_id       : 0x00000000c839d2fa (3359232762)
                          open_volatile_id         : 0x000000000000d4f2 (54514)
                          open_owner               : S-1-22-1-65534
                          open_time                : Wed May 20 02:39:25 PM 2026 JST
                          create_guid              : 00000000-0000-0000-0000-000000000000
                          client_guid              : 00000000-0000-0000-0000-000000000000
                          app_instance_id          : 00000000-0000-0000-0000-000000000000
                          disconnect_time          : NTTIME(0)
                          durable_timeout_msec     : 0x00000000 (0)
                          durable                  : 0x00 (0)
                          backend_cookie           : DATA_BLOB length=0
                          channel_sequence         : 0x0000 (0)
                          channel_generation       : 0x0000000000000000 (0)
                          lock_sequence_array: ARRAY(64)
  [0000] FF FF FF FF FF FF FF FF   FF FF FF FF FF FF FF FF   ........ ........
  [0010] FF FF FF FF FF FF FF FF   FF FF FF FF FF FF FF FF   ........ ........
  [0020] FF FF FF FF FF FF FF FF   FF FF FF FF FF FF FF FF   ........ ........
  [0030] FF FF FF FF FF FF FF FF   FF FF FF FF FF FF FF FF   ........ ........
                  status                   : NT_STATUS_OK
                  idle_time                : Wed May 20 02:39:25 PM 2026 JST
                  compat                   : NULL
                  flags                    : 0x00 (0)
                         0: SMBXSRV_OPEN_NEED_REPLAY_CACHE
                         0: SMBXSRV_OPEN_HAVE_REPLAY_CACHE
                  create_action            : 0x00000000 (0)
                  request_count            : 0x0000000000000000 (0)
                  pre_request_count        : 0x0000000000000000 (0)
[2026/05/20 14:39:25.463014, 10, pid=4000687, effective(65534, 65534), real(65534, 0)] source3/smbd/files.c:135(fsp_bind_smb)
  fsp_bind_smb: fsp [debian-training-tx1320-raid10.iso] mid [70]
[2026/05/20 14:39:25.463040, 10, pid=4000687, effective(65534, 65534), real(65534, 0)] source3/smbd/files.c:562(openat_pathref_fsp)
  openat_pathref_fsp: smb_fname [.]
[2026/05/20 14:39:25.463059, 10, pid=4000687, effective(65534, 65534), real(65534, 0)] source3/smbd/files.c:462(openat_pathref_fullname)
  openat_pathref_fullname: smb_fname [.]
[2026/05/20 14:39:25.463078,  5, pid=4000687, effective(65534, 65534), real(65534, 0)] source3/smbd/files.c:77(fsp_new)
  fsp_new: allocated files structure (3 used)
[2026/05/20 14:39:25.463097, 10, pid=4000687, effective(65534, 65534), real(65534, 0)] source3/smbd/files.c:2198(file_name_hash)
  file_name_hash: /var/samba/public/. hash 0xb9bae796
[2026/05/20 14:39:25.463128, 10, pid=4000687, effective(65534, 65534), real(65534, 0)] source3/smbd/open.c:930(fd_openat)
  fd_openat: name ., flags = 04000 mode = 00, fd = 29
[2026/05/20 14:39:25.463147, 10, pid=4000687, effective(65534, 65534), real(65534, 0)] source3/smbd/files.c:531(openat_pathref_fullname)
  openat_pathref_fullname: fsp [.]: OK
[2026/05/20 14:39:25.463166, 10, pid=4000687, effective(65534, 65534), real(65534, 0)] source3/smbd/files.c:2198(file_name_hash)
  file_name_hash: /var/samba/public/. hash 0xb9bae796
[2026/05/20 14:39:25.463185, 10, pid=4000687, effective(65534, 65534), real(65534, 0)] source3/smbd/open.c:3837(open_file_ntcreate)
  open_file_ntcreate: fname=debian-training-tx1320-raid10.iso, dos_attrs=0x0 access_mask=0x89 share_access=0x7 create_disposition = 0x1 create_options=0x40 unix mode=0644 oplock_request=1 private_flags = 0x0
[2026/05/20 14:39:25.463208, 10, pid=4000687, effective(65534, 65534), real(65534, 0)] source3/smbd/open.c:4036(open_file_ntcreate)
  open_file_ntcreate: fname=debian-training-tx1320-raid10.iso, after mapping access_mask=0x89
[2026/05/20 14:39:25.463227,  4, pid=4000687, effective(65534, 65534), real(65534, 0)] source3/smbd/open.c:4138(open_file_ntcreate)
  calling open_file with flags=0x0 flags2=0x800 mode=0644, access_mask = 0x89, open_access_mask = 0x89
[2026/05/20 14:39:25.463247, 10, pid=4000687, effective(65534, 65534), real(65534, 0), class=acls] source3/smbd/posix_acls.c:3366(posix_fget_nt_acl)
  posix_fget_nt_acl: called for file debian-training-tx1320-raid10.iso
[2026/05/20 14:39:25.463325, 10, pid=4000687, effective(65534, 65534), real(65534, 0)] source3/passdb/lookup_sid.c:1201(xid_to_sid)
  xid_to_sid: UID 65534 -> S-1-5-21-2342536155-1022706741-2866312864-501 from cache
[2026/05/20 14:39:25.463414,  4, pid=4000687, effective(65534, 65534), real(65534, 0)] source3/smbd/sec_ctx.c:206(push_sec_ctx)
  push_sec_ctx(65534, 65534) : sec_ctx_stack_ndx = 1
[2026/05/20 14:39:25.463437,  4, pid=4000687, effective(65534, 65534), real(65534, 0)] source3/smbd/uid.c:566(push_conn_ctx)
  push_conn_ctx(43829) : conn_ctx_stack_ndx = 0
[2026/05/20 14:39:25.463455,  4, pid=4000687, effective(65534, 65534), real(65534, 0)] source3/smbd/sec_ctx.c:317(set_sec_ctx_internal)
  setting sec ctx (0, 0) - sec_ctx_stack_ndx = 1
[2026/05/20 14:39:25.463472,  5, pid=4000687, effective(65534, 65534), real(65534, 0)] libcli/security/security_token.c:49(security_token_debug)
  Security token: (NULL)
[2026/05/20 14:39:25.463490,  5, pid=4000687, effective(65534, 65534), real(65534, 0)] source3/auth/token_util.c:873(debug_unix_user_token)
  UNIX token of user 0
  Primary group is 0 and contains 0 supplementary groups
[2026/05/20 14:39:25.463557,  4, pid=4000687, effective(65534, 65534), real(65534, 0)] source3/smbd/sec_ctx.c:443(pop_sec_ctx)
  pop_sec_ctx (65534, 65534) - sec_ctx_stack_ndx = 0
[2026/05/20 14:39:25.463578, 10, pid=4000687, effective(65534, 65534), real(65534, 0)] source3/passdb/lookup_sid.c:1256(xid_to_sid)
  xid_to_sid: GID 65534 -> S-1-22-2-65534 fallback
[2026/05/20 14:39:25.463600, 10, pid=4000687, effective(65534, 65534), real(65534, 0), class=acls] source3/smbd/posix_acls.c:2692(canonicalise_acl)
  canonicalise_acl: Access ace entries before arrange :
[2026/05/20 14:39:25.463624, 10, pid=4000687, effective(65534, 65534), real(65534, 0), class=acls] source3/smbd/posix_acls.c:2705(canonicalise_acl)
  canon_ace index 0. Type = allow SID = S-1-1-0 other SMB_ACL_OTHER ace_flags = 0x0 perms r--
[2026/05/20 14:39:25.463646, 10, pid=4000687, effective(65534, 65534), real(65534, 0), class=acls] source3/smbd/posix_acls.c:2705(canonicalise_acl)
  canon_ace index 1. Type = allow SID = S-1-22-2-65534 gid 65534 SMB_ACL_GROUP_OBJ ace_flags = 0x0 perms r--
[2026/05/20 14:39:25.463666, 10, pid=4000687, effective(65534, 65534), real(65534, 0), class=acls] source3/smbd/posix_acls.c:2705(canonicalise_acl)
  canon_ace index 2. Type = allow SID = S-1-5-21-2342536155-1022706741-2866312864-501 uid 65534 SMB_ACL_USER_OBJ ace_flags = 0x0 perms rw-
[2026/05/20 14:39:25.463688, 10, pid=4000687, effective(65534, 65534), real(65534, 0), class=acls] source3/smbd/posix_acls.c:766(print_canon_ace_list)
  print_canon_ace_list: canonicalise_acl: ace entries after arrange
  canon_ace index 0. Type = allow SID = S-1-5-21-2342536155-1022706741-2866312864-501 uid 65534 SMB_ACL_USER_OBJ ace_flags = 0x0 perms rw-
  canon_ace index 1. Type = allow SID = S-1-22-2-65534 gid 65534 SMB_ACL_GROUP_OBJ ace_flags = 0x0 perms r--
  canon_ace index 2. Type = allow SID = S-1-1-0 other SMB_ACL_OTHER ace_flags = 0x0 perms r--
[2026/05/20 14:39:25.463728, 10, pid=4000687, effective(65534, 65534), real(65534, 0), class=acls] source3/smbd/posix_acls.c:1029(map_canon_ace_perms)
  map_canon_ace_perms: Mapped (UNIX) 180 to (NT) 12019f
[2026/05/20 14:39:25.463746, 10, pid=4000687, effective(65534, 65534), real(65534, 0), class=acls] source3/smbd/posix_acls.c:1029(map_canon_ace_perms)
  map_canon_ace_perms: Mapped (UNIX) 100 to (NT) 120089
[2026/05/20 14:39:25.463764, 10, pid=4000687, effective(65534, 65534), real(65534, 0), class=acls] source3/smbd/posix_acls.c:1029(map_canon_ace_perms)
  map_canon_ace_perms: Mapped (UNIX) 100 to (NT) 120089
[2026/05/20 14:39:25.463786, 10, pid=4000687, effective(65534, 65534), real(65534, 0)] source3/smbd/open.c:180(smbd_check_access_rights_sd)
  smbd_check_access_rights_sd: File [debian-training-tx1320-raid10.iso] requesting [0x89] returning [0x9] (NT_STATUS_OK)
[2026/05/20 14:39:25.463828,  2, pid=4000687, effective(65534, 65534), real(65534, 0)] source3/smbd/open.c:1649(open_file)
  nobody opened file debian-training-tx1320-raid10.iso read=Yes write=No (numopen=3)
[2026/05/20 14:39:25.463857,  5, pid=4000687, effective(65534, 65534), real(65534, 0)] lib/dbwrap/dbwrap.c:172(dbwrap_lock_order_lock)
  dbwrap_lock_order_lock: check lock order 1 for /run/samba/locking.tdb
[2026/05/20 14:39:25.463900, 10, pid=4000687, effective(65534, 65534), real(65534, 0)] lib/dbwrap/dbwrap.c:157(debug_lock_order)
  lock order:  1:/run/samba/locking.tdb 2:<none> 3:<none> 4:<none>
[2026/05/20 14:39:25.463923, 10, pid=4000687, effective(65534, 65534), real(65534, 0), class=locking] source3/locking/share_mode_lock.c:990(get_share_mode_lock_internal)
  get_share_mode_lock_internal: Returning 64512:16913443:0 (data_cached=1 key_refcount=1)
[2026/05/20 14:39:25.463945, 10, pid=4000687, effective(65534, 65534), real(65534, 0), class=locking] source3/locking/locking.c:1007(find_delete_on_close_token)
  find_delete_on_close_token: name_hash = 0x2dee4f28
[2026/05/20 14:39:25.463964, 10, pid=4000687, effective(65534, 65534), real(65534, 0)] source3/smbd/open.c:1712(share_conflict)
  share_conflict: existing access_mask = 0x0, existing share access = 0x7, access_mask = 0x89, share_access = 0x7
[2026/05/20 14:39:25.463982, 10, pid=4000687, effective(65534, 65534), real(65534, 0)] source3/smbd/open.c:1722(share_conflict)
  share_conflict: No conflict due to existing access_mask = 0x0
[2026/05/20 14:39:25.463999, 10, pid=4000687, effective(65534, 65534), real(65534, 0)] source3/smbd/open.c:1988(open_mode_check)
  open_mode_check: No conflict due to share_mode_flags access
[2026/05/20 14:39:25.464020, 10, pid=4000687, effective(65534, 65534), real(65534, 0), class=locking] source3/locking/share_mode_lock.c:2258(share_mode_forall_entries)
  share_mode_forall_entries: num_share_modes=0
[2026/05/20 14:39:25.464043, 10, pid=4000687, effective(65534, 65534), real(65534, 0), class=locking] source3/locking/share_mode_lock.c:2277(share_mode_forall_entries)
  share_mode_forall_entries: num_share_entries=0, writeback=0
[2026/05/20 14:39:25.464062, 10, pid=4000687, effective(65534, 65534), real(65534, 0), class=locking] source3/locking/brlock.c:1868(brl_get_locks_readonly)
  seqnum=0, fsp->brlock_seqnum=0
[2026/05/20 14:39:25.464084, 10, pid=4000687, effective(65534, 65534), real(65534, 0)] source3/smbd/open.c:2811(delay_for_oplock)
  delay_for_oplock: oplock type 0x0 granted (RW)(0x5), on file debian-training-tx1320-raid10.iso, requested 0x1 (RW)(0x5) => total (RW)(0x5)
[2026/05/20 14:39:25.464107, 10, pid=4000687, effective(65534, 65534), real(65534, 0), class=locking] source3/locking/share_mode_lock.c:1999(set_share_mode)
  set_share_mode: num_share_modes=0
[2026/05/20 14:39:25.464125, 10, pid=4000687, effective(65534, 65534), real(65534, 0), class=locking] source3/locking/share_mode_lock.c:349(share_mode_entry_put)
  share_mode_entry_put: share_mode_entry:
[2026/05/20 14:39:25.464143,  1, pid=4000687, effective(65534, 65534), real(65534, 0), class=rpc_parse] source3/locking/share_mode_lock.c:350(share_mode_entry_put)
       discard_const_p(void, e): struct share_mode_entry
          pid: struct server_id
              pid                      : 0x00000000003d0baf (4000687)
              task_id                  : 0x00000000 (0)
              vnn                      : 0xffffffff (4294967295)
              unique_id                : 0x3f9493830e290ceb (4581448912030207211)
          op_mid                   : 0x0000000000000046 (70)
          op_type                  : SHARE_MODE_ENTRY_OP_TYPE_EXCLUSIVE (1)
          client_guid              : 00000000-0000-0000-0000-000000000000
          lease_key: struct smb2_lease_key
              data: ARRAY(2)
                  data                     : 0x0000000000000000 (0)
                  data                     : 0x0000000000000000 (0)
          access_mask              : 0x00000089 (137)
          share_access             : 0x00000007 (7)
          private_options          : 0x00000000 (0)
          time                     : Wed May 20 02:39:25 PM 2026 JST.461987
          share_file_id            : 0x0000000000000080 (128)
          uid                      : 0x0000fffe (65534)
          flags                    : 0x0001 (1)
          name_hash                : 0x2dee4f28 (770592552)
          stale                    : 0x00 (0)
[2026/05/20 14:39:25.464300, 10, pid=4000687, effective(65534, 65534), real(65534, 0), class=locking] source3/locking/share_mode_lock.c:2043(set_share_mode)
  set_share_mode: idx=0, found=0
[2026/05/20 14:39:25.464318, 10, pid=4000687, effective(65534, 65534), real(65534, 0), class=locking] source3/locking/share_mode_lock.c:2071(set_share_mode)
  set_share_mode: dbufs[0]=(0x7ffc78fcd220, 132)
[2026/05/20 14:39:25.464336, 10, pid=4000687, effective(65534, 65534), real(65534, 0), class=locking] source3/locking/share_mode_lock.c:626(share_mode_data_ltdb_store)
  share_mode_data_ltdb_store: 
[2026/05/20 14:39:25.464353,  1, pid=4000687, effective(65534, 65534), real(65534, 0), class=rpc_parse] source3/locking/share_mode_lock.c:627(share_mode_data_ltdb_store)
       d: struct share_mode_data
          unique_content_epoch     : 0xd59f24362d58bd64 (-3053682207226282652)
          flags                    : 0x01cb (459)
                 1: SHARE_MODE_SHARE_DELETE  
                 1: SHARE_MODE_SHARE_WRITE   
                 1: SHARE_MODE_SHARE_READ    
                 0: SHARE_MODE_ACCESS_DELETE 
                 0: SHARE_MODE_ACCESS_WRITE  
                 1: SHARE_MODE_ACCESS_READ   
                 0: SHARE_MODE_LEASE_HANDLE  
                 1: SHARE_MODE_LEASE_WRITE   
                 1: SHARE_MODE_LEASE_READ    
          servicepath              : *
              servicepath              : '/var/samba/public'
          base_name                : *
              base_name                : 'debian-training-tx1320-raid10.iso'
          stream_name              : NULL
          num_delete_tokens        : 0x00000000 (0)
          delete_tokens: ARRAY(0)
          old_write_time           : Mon May 18 10:07:24 AM 2026 JST
          changed_write_time       : NTTIME(0)
          not_stored               : 0x01 (1)
          modified                 : 0x01 (1)
          id: struct file_id
              devid                    : 0x000000000000fc00 (64512)
              inode                    : 0x0000000001021423 (16913443)
              extid                    : 0x0000000000000000 (0)
[2026/05/20 14:39:25.464528, 10, pid=4000687, effective(65534, 65534), real(65534, 0), class=locking] source3/locking/share_mode_lock.c:676(share_mode_data_store)
  share_mode_data_store: not modified
[2026/05/20 14:39:25.464546, 10, pid=4000687, effective(65534, 65534), real(65534, 0), class=locking] source3/locking/share_mode_lock.c:207(share_mode_memcache_store)
  share_mode_memcache_store: stored entry for file debian-training-tx1320-raid10.iso epoch d59f24362d58bd64 key 64512:16913443:0
[2026/05/20 14:39:25.464567,  5, pid=4000687, effective(65534, 65534), real(65534, 0)] lib/dbwrap/dbwrap.c:204(dbwrap_lock_order_unlock)
  dbwrap_lock_order_unlock: release lock order 1 for /run/samba/locking.tdb
[2026/05/20 14:39:25.464585, 10, pid=4000687, effective(65534, 65534), real(65534, 0)] source3/lib/dbwrap/dbwrap_watch.c:507(dbwrap_watched_record_prepare_wakeup)
  dbwrap_watched_record_prepare_wakeup: No watchers
[2026/05/20 14:39:25.464608, 10, pid=4000687, effective(65534, 65534), real(65534, 0)] source3/lib/dbwrap/dbwrap_watch.c:487(dbwrap_watched_do_locked)
  dbwrap_watched_do_locked: dbwrap_watched_do_locked_fn returned
[2026/05/20 14:39:25.464626, 10, pid=4000687, effective(65534, 65534), real(65534, 0)] source3/lib/dbwrap/dbwrap_watch.c:550(dbwrap_watched_trigger_wakeup)
  dbwrap_watched_trigger_wakeup: No one to wakeup
[2026/05/20 14:39:25.464643, 10, pid=4000687, effective(65534, 65534), real(65534, 0)] source3/lib/g_lock.c:1275(g_lock_lock)
  g_lock_lock: status=NT_STATUS_OK, state.status=NT_STATUS_WAS_UNLOCKED
[2026/05/20 14:39:25.464664,  5, pid=4000687, effective(65534, 65534), real(65534, 0), class=locking] source3/smbd/smb2_oplock.c:86(set_file_oplock)
  set_file_oplock: granted oplock on file debian-training-tx1320-raid10.iso, 64512:16913443:0/128, tv_sec = 6a0d490d, tv_usec = 70ca3
[2026/05/20 14:39:25.464685, 10, pid=4000687, effective(65534, 65534), real(65534, 0)] source3/smbd/open.c:6446(create_file_unixpath)
  create_file_unixpath: info=1
[2026/05/20 14:39:25.464708,  5, pid=4000687, effective(65534, 65534), real(65534, 0)] source3/smbd/files.c:1985(file_free)
  file_free: freed files structure 0 (2 used)
[2026/05/20 14:39:25.464726, 10, pid=4000687, effective(65534, 65534), real(65534, 0)] source3/smbd/open.c:6642(create_file_default)
  create_file: info=1
[2026/05/20 14:39:25.464745, 10, pid=4000687, effective(65534, 65534), real(65534, 0)] source3/smbd/smb2_trans2.c:2779(store_file_unix_basic)
  store_file_unix_basic: SMB_QUERY_FILE_UNIX_BASIC
[2026/05/20 14:39:25.464762,  4, pid=4000687, effective(65534, 65534), real(65534, 0)] source3/smbd/smb2_trans2.c:2780(store_file_unix_basic)
  store_file_unix_basic: st_mode=100644
[2026/05/20 14:39:25.464784,  9, pid=4000687, effective(65534, 65534), real(65534, 0)] source3/smbd/smb1_trans2.c:230(send_trans2_replies)
  t2_rep: params_sent_thistime = 2, data_sent_thistime = 112, useable_space = 16406
[2026/05/20 14:39:25.464801,  9, pid=4000687, effective(65534, 65534), real(65534, 0)] source3/smbd/smb1_trans2.c:232(send_trans2_replies)
  t2_rep: params_to_send = 2, data_to_send = 112, paramsize = 2, datasize = 112
[2026/05/20 14:39:25.464831,  5, pid=4000687, effective(65534, 65534), real(65534, 0)] source3/lib/util.c:150(show_msg)
  size=172
  smb_com=0x32
  smb_rcls=0
  smb_reh=0
  smb_err=0
  smb_flg=128
  smb_flg2=51203
  smb_tid=55629
  smb_pid=1788
  smb_uid=43829
  smb_mid=70
  smt_wct=10
  smb_vwv[ 0]=    2 (0x2)
  smb_vwv[ 1]=  112 (0x70)
  smb_vwv[ 2]=    0 (0x0)
  smb_vwv[ 3]=    2 (0x2)
  smb_vwv[ 4]=   56 (0x38)
  smb_vwv[ 5]=    0 (0x0)
  smb_vwv[ 6]=  112 (0x70)
  smb_vwv[ 7]=   60 (0x3C)
  smb_vwv[ 8]=    0 (0x0)
  smb_vwv[ 9]=    0 (0x0)
  smb_bcc=117
[2026/05/20 14:39:25.464950, 10, pid=4000687, effective(65534, 65534), real(65534, 0)] lib/util/util.c:578(dump_data)
  [0000] 00 00 00 00 00 01 00 F2   D4 01 00 00 00 00 02 00   ........ ........
  [0010] 00 00 00 B5 2F 00 00 00   00 00 10 B5 2F 00 00 00   ..../... ..../...
  [0020] 00 5E 44 69 FB 18 E8 DC   01 2D 7A 53 09 19 E8 DC   .^Di.... .-zS....
  [0030] 01 A3 E5 86 AF 62 E6 DC   01 FE FF 00 00 00 00 00   .....b.. ........
  [0040] 00 FE FF 00 00 00 00 00   00 00 00 00 00 FC 00 00   ........ ........
  [0050] 00 00 00 00 00 00 00 00   00 00 00 00 00 23 14 02   ........ .....#..
  [0060] 01 00 00 00 00 A4 01 00   00 00 00 00 00 01 00 00   ........ ........
  [0070] 00 00 00 00 00                                      .....
[2026/05/20 14:39:25.465166,  5, pid=4000687, effective(65534, 65534), real(65534, 0)] source3/smbd/files.c:1985(file_free)
  file_free: freed files structure 0 (1 used)
[2026/05/20 14:39:25.781947, 10, pid=4000687, effective(65534, 65534), real(65534, 0)] source3/lib/util_sock.c:180(read_smb_length_return_keepalive)
  got smb length of 41
[2026/05/20 14:39:25.782001,  6, pid=4000687, effective(65534, 65534), real(65534, 0)] source3/smbd/smb2_process.c:574(process_smb)
  got message type 0x0 of len 0x29
[2026/05/20 14:39:25.782020,  3, pid=4000687, effective(65534, 65534), real(65534, 0)] source3/smbd/smb2_process.c:576(process_smb)
  Transaction 70 of length 45 (0 toread)
[2026/05/20 14:39:25.782051,  5, pid=4000687, effective(65534, 65534), real(65534, 0)] source3/lib/util.c:150(show_msg)
  size=41
  smb_com=0x4
  smb_rcls=0
  smb_reh=0
  smb_err=0
  smb_flg=0
  smb_flg2=49153
  smb_tid=55629
  smb_pid=1788
  smb_uid=43829
  smb_mid=71
  smt_wct=3
  smb_vwv[ 0]=54514 (0xD4F2)
  smb_vwv[ 1]=65535 (0xFFFF)
  smb_vwv[ 2]=65535 (0xFFFF)
  smb_bcc=0
[2026/05/20 14:39:25.782140,  3, pid=4000687, effective(65534, 65534), real(65534, 0)] source3/smbd/smb1_process.c:1112(switch_message)
  switch message SMBclose (pid 4000687) conn 0x6087dc17b3c0
[2026/05/20 14:39:25.782162,  5, pid=4000687, effective(65534, 65534), real(65534, 0)] source3/smbd/uid.c:327(change_to_user_impersonate)
  change_to_user_impersonate: Skipping user change - already user
[2026/05/20 14:39:25.782182,  4, pid=4000687, effective(65534, 65534), real(65534, 0), class=vfs] source3/smbd/vfs.c:937(vfs_ChDir)
  vfs_ChDir to /var/samba/public
[2026/05/20 14:39:25.782221,  5, pid=4000687, effective(65534, 65534), real(65534, 0), class=vfs] source3/smbd/vfs.c:999(vfs_ChDir)
  vfs_ChDir: vfs_ChDir got /var/samba/public
[2026/05/20 14:39:25.782247,  5, pid=4000687, effective(65534, 65534), real(65534, 0)] source3/smbd/uid.c:294(print_impersonation_info)
  print_impersonation_info: Impersonated user: uid=(65534,65534), gid=(0,65534), cwd=[/var/samba/public]
[2026/05/20 14:39:25.782286,  3, pid=4000687, effective(65534, 65534), real(65534, 0)] source3/smbd/smb1_reply.c:5097(reply_close)
  reply_close: Close file fd=30 fnum 54514 (numopen=1)
[2026/05/20 14:39:25.782307,  6, pid=4000687, effective(65534, 65534), real(65534, 0)] source3/smbd/close.c:656(set_close_write_time)
  close_write_time: Thu Jan  1 09:00:01 1970
[2026/05/20 14:39:25.782344,  5, pid=4000687, effective(65534, 65534), real(65534, 0)] lib/dbwrap/dbwrap.c:172(dbwrap_lock_order_lock)
  dbwrap_lock_order_lock: check lock order 1 for /run/samba/locking.tdb
[2026/05/20 14:39:25.782362, 10, pid=4000687, effective(65534, 65534), real(65534, 0)] lib/dbwrap/dbwrap.c:157(debug_lock_order)
  lock order:  1:/run/samba/locking.tdb 2:<none> 3:<none> 4:<none>
[2026/05/20 14:39:25.782388, 10, pid=4000687, effective(65534, 65534), real(65534, 0), class=locking] source3/locking/share_mode_lock.c:322(share_mode_memcache_fetch)
  share_mode_memcache_fetch: fetched entry for file debian-training-tx1320-raid10.iso epoch d59f24362d58bd64 key 64512:16913443:0
[2026/05/20 14:39:25.782422, 10, pid=4000687, effective(65534, 65534), real(65534, 0), class=locking] source3/locking/share_mode_lock.c:990(get_share_mode_lock_internal)
  get_share_mode_lock_internal: Returning 64512:16913443:0 (data_cached=1 key_refcount=1)
[2026/05/20 14:39:25.782444, 10, pid=4000687, effective(65534, 65534), real(65534, 0), class=locking] source3/locking/share_mode_lock.c:2388(share_mode_entry_do)
  share_mode_entry_do: num_share_modes=1
[2026/05/20 14:39:25.782463, 10, pid=4000687, effective(65534, 65534), real(65534, 0), class=locking] source3/locking/share_mode_lock.c:1941(share_mode_entry_find)
  share_mode_entry_find: left=0, right=0, middle=0, middle_ptr=0x6087dc17c7ba
[2026/05/20 14:39:25.782488, 10, pid=4000687, effective(65534, 65534), real(65534, 0), class=locking] source3/locking/share_mode_lock.c:2404(share_mode_entry_do)
  share_mode_entry_do: entry[0]:
[2026/05/20 14:39:25.782506,  1, pid=4000687, effective(65534, 65534), real(65534, 0), class=rpc_parse] source3/locking/share_mode_lock.c:2405(share_mode_entry_do)
       &e: struct share_mode_entry
          pid: struct server_id
              pid                      : 0x00000000003d0baf (4000687)
              task_id                  : 0x00000000 (0)
              vnn                      : 0xffffffff (4294967295)
              unique_id                : 0x3f9493830e290ceb (4581448912030207211)
          op_mid                   : 0x0000000000000046 (70)
          op_type                  : SHARE_MODE_ENTRY_OP_TYPE_EXCLUSIVE (1)
          client_guid              : 00000000-0000-0000-0000-000000000000
          lease_key: struct smb2_lease_key
              data: ARRAY(2)
                  data                     : 0x0000000000000000 (0)
                  data                     : 0x0000000000000000 (0)
          access_mask              : 0x00000089 (137)
          share_access             : 0x00000007 (7)
          private_options          : 0x00000000 (0)
          time                     : Wed May 20 02:39:25 PM 2026 JST.461987
          share_file_id            : 0x0000000000000080 (128)
          uid                      : 0x0000fffe (65534)
          flags                    : 0x0001 (1)
          name_hash                : 0x2dee4f28 (770592552)
          stale                    : 0x00 (0)
[2026/05/20 14:39:25.782654, 10, pid=4000687, effective(65534, 65534), real(65534, 0), class=locking] source3/locking/share_mode_lock.c:2410(share_mode_entry_do)
  share_mode_entry_do: entry[0]: modified=1, e.stale=0
[2026/05/20 14:39:25.782672, 10, pid=4000687, effective(65534, 65534), real(65534, 0), class=locking] source3/locking/share_mode_lock.c:349(share_mode_entry_put)
  share_mode_entry_put: share_mode_entry:
[2026/05/20 14:39:25.782690,  1, pid=4000687, effective(65534, 65534), real(65534, 0), class=rpc_parse] source3/locking/share_mode_lock.c:350(share_mode_entry_put)
       discard_const_p(void, e): struct share_mode_entry
          pid: struct server_id
              pid                      : 0x00000000003d0baf (4000687)
              task_id                  : 0x00000000 (0)
              vnn                      : 0xffffffff (4294967295)
              unique_id                : 0x3f9493830e290ceb (4581448912030207211)
          op_mid                   : 0x0000000000000046 (70)
          op_type                  : SHARE_MODE_ENTRY_OP_TYPE_NONE (0)
          client_guid              : 00000000-0000-0000-0000-000000000000
          lease_key: struct smb2_lease_key
              data: ARRAY(2)
                  data                     : 0x0000000000000000 (0)
                  data                     : 0x0000000000000000 (0)
          access_mask              : 0x00000089 (137)
          share_access             : 0x00000007 (7)
          private_options          : 0x00000000 (0)
          time                     : Wed May 20 02:39:25 PM 2026 JST.461987
          share_file_id            : 0x0000000000000080 (128)
          uid                      : 0x0000fffe (65534)
          flags                    : 0x0001 (1)
          name_hash                : 0x2dee4f28 (770592552)
          stale                    : 0x00 (0)
[2026/05/20 14:39:25.782835, 10, pid=4000687, effective(65534, 65534), real(65534, 0), class=locking] source3/locking/share_mode_lock.c:619(share_mode_data_ltdb_store)
  share_mode_data_ltdb_store: share_mode_data not modified
[2026/05/20 14:39:25.782855, 10, pid=4000687, effective(65534, 65534), real(65534, 0), class=locking] source3/locking/share_mode_lock.c:990(get_share_mode_lock_internal)
  get_share_mode_lock_internal: Returning 64512:16913443:0 (data_cached=1 key_refcount=2)
[2026/05/20 14:39:25.782912, 10, pid=4000687, effective(65534, 65534), real(65534, 0), class=locking] source3/locking/locking.c:1007(find_delete_on_close_token)
  find_delete_on_close_token: name_hash = 0x2dee4f28
[2026/05/20 14:39:25.782932, 10, pid=4000687, effective(65534, 65534), real(65534, 0), class=locking] source3/locking/share_mode_lock.c:2388(share_mode_entry_do)
  share_mode_entry_do: num_share_modes=1
[2026/05/20 14:39:25.782949, 10, pid=4000687, effective(65534, 65534), real(65534, 0), class=locking] source3/locking/share_mode_lock.c:1941(share_mode_entry_find)
  share_mode_entry_find: left=0, right=0, middle=0, middle_ptr=0x6087dc17cb3a
[2026/05/20 14:39:25.782969, 10, pid=4000687, effective(65534, 65534), real(65534, 0), class=locking] source3/locking/share_mode_lock.c:2404(share_mode_entry_do)
  share_mode_entry_do: entry[0]:
[2026/05/20 14:39:25.782986,  1, pid=4000687, effective(65534, 65534), real(65534, 0), class=rpc_parse] source3/locking/share_mode_lock.c:2405(share_mode_entry_do)
       &e: struct share_mode_entry
          pid: struct server_id
              pid                      : 0x00000000003d0baf (4000687)
              task_id                  : 0x00000000 (0)
              vnn                      : 0xffffffff (4294967295)
              unique_id                : 0x3f9493830e290ceb (4581448912030207211)
          op_mid                   : 0x0000000000000046 (70)
          op_type                  : SHARE_MODE_ENTRY_OP_TYPE_NONE (0)
          client_guid              : 00000000-0000-0000-0000-000000000000
          lease_key: struct smb2_lease_key
              data: ARRAY(2)
                  data                     : 0x0000000000000000 (0)
                  data                     : 0x0000000000000000 (0)
          access_mask              : 0x00000089 (137)
          share_access             : 0x00000007 (7)
          private_options          : 0x00000000 (0)
          time                     : Wed May 20 02:39:25 PM 2026 JST.461987
          share_file_id            : 0x0000000000000080 (128)
          uid                      : 0x0000fffe (65534)
          flags                    : 0x0001 (1)
          name_hash                : 0x2dee4f28 (770592552)
          stale                    : 0x00 (0)
[2026/05/20 14:39:25.783149, 10, pid=4000687, effective(65534, 65534), real(65534, 0), class=locking] source3/locking/share_mode_lock.c:2410(share_mode_entry_do)
  share_mode_entry_do: entry[0]: modified=0, e.stale=1
[2026/05/20 14:39:25.783168, 10, pid=4000687, effective(65534, 65534), real(65534, 0), class=locking] source3/locking/share_mode_lock.c:2444(share_mode_entry_do)
  share_mode_entry_do: share_mode_entry:
[2026/05/20 14:39:25.783185,  1, pid=4000687, effective(65534, 65534), real(65534, 0), class=rpc_parse] source3/locking/share_mode_lock.c:2445(share_mode_entry_do)
       &e: struct share_mode_entry
          pid: struct server_id
              pid                      : 0x00000000003d0baf (4000687)
              task_id                  : 0x00000000 (0)
              vnn                      : 0xffffffff (4294967295)
              unique_id                : 0x3f9493830e290ceb (4581448912030207211)
          op_mid                   : 0x0000000000000046 (70)
          op_type                  : SHARE_MODE_ENTRY_OP_TYPE_NONE (0)
          client_guid              : 00000000-0000-0000-0000-000000000000
          lease_key: struct smb2_lease_key
              data: ARRAY(2)
                  data                     : 0x0000000000000000 (0)
                  data                     : 0x0000000000000000 (0)
          access_mask              : 0x00000089 (137)
          share_access             : 0x00000007 (7)
          private_options          : 0x00000000 (0)
          time                     : Wed May 20 02:39:25 PM 2026 JST.461987
          share_file_id            : 0x0000000000000080 (128)
          uid                      : 0x0000fffe (65534)
          flags                    : 0x0001 (1)
          name_hash                : 0x2dee4f28 (770592552)
          stale                    : 0x01 (1)
[2026/05/20 14:39:25.783372, 10, pid=4000687, effective(65534, 65534), real(65534, 0), class=locking] source3/locking/share_mode_lock.c:626(share_mode_data_ltdb_store)
  share_mode_data_ltdb_store: 
[2026/05/20 14:39:25.783395,  1, pid=4000687, effective(65534, 65534), real(65534, 0), class=rpc_parse] source3/locking/share_mode_lock.c:627(share_mode_data_ltdb_store)
       d: struct share_mode_data
          unique_content_epoch     : 0xd59f24362d58bd67 (-3053682207226282649)
          flags                    : 0x01cb (459)
                 1: SHARE_MODE_SHARE_DELETE  
                 1: SHARE_MODE_SHARE_WRITE   
                 1: SHARE_MODE_SHARE_READ    
                 0: SHARE_MODE_ACCESS_DELETE 
                 0: SHARE_MODE_ACCESS_WRITE  
                 1: SHARE_MODE_ACCESS_READ   
                 0: SHARE_MODE_LEASE_HANDLE  
                 1: SHARE_MODE_LEASE_WRITE   
                 1: SHARE_MODE_LEASE_READ    
          servicepath              : *
              servicepath              : '/var/samba/public'
          base_name                : *
              base_name                : 'debian-training-tx1320-raid10.iso'
          stream_name              : NULL
          num_delete_tokens        : 0x00000000 (0)
          delete_tokens: ARRAY(0)
          old_write_time           : Mon May 18 10:07:24 AM 2026 JST
          changed_write_time       : NTTIME(0)
          not_stored               : 0x00 (0)
          modified                 : 0x01 (1)
          id: struct file_id
              devid                    : 0x000000000000fc00 (64512)
              inode                    : 0x0000000001021423 (16913443)
              extid                    : 0x0000000000000000 (0)
[2026/05/20 14:39:25.783558, 10, pid=4000687, effective(65534, 65534), real(65534, 0), class=locking] source3/locking/share_mode_lock.c:676(share_mode_data_store)
  share_mode_data_store: not modified
[2026/05/20 14:39:25.783577,  5, pid=4000687, effective(65534, 65534), real(65534, 0)] lib/dbwrap/dbwrap.c:204(dbwrap_lock_order_unlock)
  dbwrap_lock_order_unlock: release lock order 1 for /run/samba/locking.tdb
[2026/05/20 14:39:25.783595, 10, pid=4000687, effective(65534, 65534), real(65534, 0)] source3/lib/dbwrap/dbwrap_watch.c:507(dbwrap_watched_record_prepare_wakeup)
  dbwrap_watched_record_prepare_wakeup: No watchers
[2026/05/20 14:39:25.783618, 10, pid=4000687, effective(65534, 65534), real(65534, 0)] source3/lib/dbwrap/dbwrap_watch.c:487(dbwrap_watched_do_locked)
  dbwrap_watched_do_locked: dbwrap_watched_do_locked_fn returned
[2026/05/20 14:39:25.783636, 10, pid=4000687, effective(65534, 65534), real(65534, 0)] source3/lib/dbwrap/dbwrap_watch.c:550(dbwrap_watched_trigger_wakeup)
  dbwrap_watched_trigger_wakeup: No one to wakeup
[2026/05/20 14:39:25.783653, 10, pid=4000687, effective(65534, 65534), real(65534, 0)] source3/lib/g_lock.c:1275(g_lock_lock)
  g_lock_lock: status=NT_STATUS_OK, state.status=NT_STATUS_WAS_UNLOCKED
[2026/05/20 14:39:25.783689,  2, pid=4000687, effective(65534, 65534), real(65534, 0)] source3/smbd/close.c:934(close_normal_file)
  nobody closed file debian-training-tx1320-raid10.iso (numopen=0) NT_STATUS_OK
[2026/05/20 14:39:25.783712,  5, pid=4000687, effective(65534, 65534), real(65534, 0)] lib/dbwrap/dbwrap.c:172(dbwrap_lock_order_lock)
  dbwrap_lock_order_lock: check lock order 1 for /run/samba/smbXsrv_open_global.tdb
[2026/05/20 14:39:25.783729, 10, pid=4000687, effective(65534, 65534), real(65534, 0)] lib/dbwrap/dbwrap.c:157(debug_lock_order)
  lock order:  1:/run/samba/smbXsrv_open_global.tdb 2:<none> 3:<none> 4:<none>
[2026/05/20 14:39:25.783759,  5, pid=4000687, effective(65534, 65534), real(65534, 0)] lib/dbwrap/dbwrap.c:204(dbwrap_lock_order_unlock)
  dbwrap_lock_order_unlock: release lock order 1 for /run/samba/smbXsrv_open_global.tdb
[2026/05/20 14:39:25.783781,  5, pid=4000687, effective(65534, 65534), real(65534, 0)] source3/smbd/files.c:1985(file_free)
  file_free: freed files structure 54514 (0 used)
[2026/05/20 14:39:25.783813,  5, pid=4000687, effective(65534, 65534), real(65534, 0)] source3/lib/util.c:150(show_msg)
  size=35
  smb_com=0x4
  smb_rcls=0
  smb_reh=0
  smb_err=0
  smb_flg=128
  smb_flg2=51203
  smb_tid=55629
  smb_pid=1788
  smb_uid=43829
  smb_mid=71
  smt_wct=0
  smb_bcc=0
[2026/05/20 14:40:10.511755, 10, pid=4000687, effective(65534, 65534), real(65534, 0)] source3/lib/util_event.c:42(smbd_idle_event_handler)
  smbd_idle_event_handler: idle_evt(keepalive) (nil) called
[2026/05/20 14:40:10.512033, 10, pid=4000687, effective(65534, 65534), real(65534, 0)] source3/lib/util_event.c:53(smbd_idle_event_handler)
  smbd_idle_event_handler: idle_evt(keepalive) (nil) rescheduled
[2026/05/20 14:40:10.924556, 10, pid=4000687, effective(65534, 65534), real(65534, 0)] source3/lib/util_event.c:42(smbd_idle_event_handler)
  smbd_idle_event_handler: idle_evt(deadtime) (nil) called
[2026/05/20 14:40:10.924650, 10, pid=4000687, effective(65534, 65534), real(65534, 0)] source3/lib/util_event.c:53(smbd_idle_event_handler)
  smbd_idle_event_handler: idle_evt(deadtime) (nil) rescheduled
[2026/05/20 14:40:10.924691, 10, pid=4000687, effective(65534, 65534), real(65534, 0)] source3/lib/util_event.c:42(smbd_idle_event_handler)
  smbd_idle_event_handler: idle_evt(housekeeping) (nil) called
[2026/05/20 14:40:10.924718,  5, pid=4000687, effective(65534, 65534), real(65534, 0)] source3/smbd/smb2_process.c:1582(housekeeping_fn)
  housekeeping
[2026/05/20 14:40:10.924743,  4, pid=4000687, effective(65534, 65534), real(65534, 0)] source3/smbd/sec_ctx.c:317(set_sec_ctx_internal)
  setting sec ctx (0, 0) - sec_ctx_stack_ndx = 0
[2026/05/20 14:40:10.924767,  5, pid=4000687, effective(65534, 65534), real(65534, 0)] libcli/security/security_token.c:49(security_token_debug)
  Security token: (NULL)
[2026/05/20 14:40:10.924790,  5, pid=4000687, effective(65534, 65534), real(65534, 0)] source3/auth/token_util.c:873(debug_unix_user_token)
  UNIX token of user 0
  Primary group is 0 and contains 0 supplementary groups
[2026/05/20 14:40:10.924920,  5, pid=4000687, effective(0, 0), real(0, 0)] source3/smbd/uid.c:494(smbd_change_to_root_user)
  change_to_root_user: now uid=(0,0) gid=(0,0)
[2026/05/20 14:40:10.924963, 10, pid=4000687, effective(0, 0), real(0, 0)] source3/lib/util_event.c:53(smbd_idle_event_handler)
  smbd_idle_event_handler: idle_evt(housekeeping) (nil) rescheduled
[2026/05/20 14:40:26.101761, 10, pid=4000687, effective(0, 0), real(0, 0)] source3/lib/util_sock.c:180(read_smb_length_return_keepalive)
  got smb length of 142
[2026/05/20 14:40:26.101837,  6, pid=4000687, effective(0, 0), real(0, 0)] source3/smbd/smb2_process.c:574(process_smb)
  got message type 0x0 of len 0x8e
[2026/05/20 14:40:26.101907,  3, pid=4000687, effective(0, 0), real(0, 0)] source3/smbd/smb2_process.c:576(process_smb)
  Transaction 71 of length 146 (0 toread)
[2026/05/20 14:40:26.101944,  5, pid=4000687, effective(0, 0), real(0, 0)] source3/lib/util.c:150(show_msg)
  size=142
  smb_com=0x32
  smb_rcls=0
  smb_reh=0
  smb_err=0
  smb_flg=0
  smb_flg2=49153
  smb_tid=55629
  smb_pid=1788
  smb_uid=43829
  smb_mid=72
  smt_wct=15
  smb_vwv[ 0]=   76 (0x4C)
  smb_vwv[ 1]=    0 (0x0)
  smb_vwv[ 2]=    2 (0x2)
  smb_vwv[ 3]= 4000 (0xFA0)
  smb_vwv[ 4]=    0 (0x0)
  smb_vwv[ 5]=    0 (0x0)
  smb_vwv[ 6]=    0 (0x0)
  smb_vwv[ 7]=    0 (0x0)
  smb_vwv[ 8]=    0 (0x0)
  smb_vwv[ 9]=   76 (0x4C)
  smb_vwv[10]=   66 (0x42)
  smb_vwv[11]=    0 (0x0)
  smb_vwv[12]=    0 (0x0)
  smb_vwv[13]=    1 (0x1)
  smb_vwv[14]=    5 (0x5)
  smb_bcc=77
[2026/05/20 14:40:26.102117, 10, pid=4000687, effective(0, 0), real(0, 0)] lib/util/util.c:578(dump_data)
  [0000] 00 00 02 00 00 00 00 2F   00 64 00 65 00 62 00 69   ......./ .d.e.b.i
  [0010] 00 61 00 6E 00 2D 00 74   00 72 00 61 00 69 00 6E   .a.n.-.t .r.a.i.n
  [0020] 00 69 00 6E 00 67 00 2D   00 74 00 78 00 31 00 33   .i.n.g.- .t.x.1.3
  [0030] 00 32 00 30 00 2D 00 72   00 61 00 69 00 64 00 31   .2.0.-.r .a.i.d.1
  [0040] 00 30 00 2E 00 69 00 73   00 6F 00 00 00            .0...i.s .o...
[2026/05/20 14:40:26.102243,  3, pid=4000687, effective(0, 0), real(0, 0)] source3/smbd/smb1_process.c:1112(switch_message)
  switch message SMBtrans2 (pid 4000687) conn 0x6087dc17b3c0
[2026/05/20 14:40:26.102410,  4, pid=4000687, effective(0, 0), real(0, 0)] source3/smbd/sec_ctx.c:206(push_sec_ctx)
  push_sec_ctx(0, 0) : sec_ctx_stack_ndx = 1
[2026/05/20 14:40:26.102433,  4, pid=4000687, effective(0, 0), real(0, 0)] source3/smbd/uid.c:566(push_conn_ctx)
  push_conn_ctx(0) : conn_ctx_stack_ndx = 0
[2026/05/20 14:40:26.102451,  4, pid=4000687, effective(0, 0), real(0, 0)] source3/smbd/sec_ctx.c:317(set_sec_ctx_internal)
  setting sec ctx (0, 0) - sec_ctx_stack_ndx = 1
[2026/05/20 14:40:26.102470,  5, pid=4000687, effective(0, 0), real(0, 0)] libcli/security/security_token.c:49(security_token_debug)
  Security token: (NULL)
[2026/05/20 14:40:26.102488,  5, pid=4000687, effective(0, 0), real(0, 0)] source3/auth/token_util.c:873(debug_unix_user_token)
  UNIX token of user 0
  Primary group is 0 and contains 0 supplementary groups
[2026/05/20 14:40:26.102551,  4, pid=4000687, effective(0, 0), real(0, 0)] source3/smbd/sec_ctx.c:443(pop_sec_ctx)
  pop_sec_ctx (0, 0) - sec_ctx_stack_ndx = 0
[2026/05/20 14:40:26.102574, 10, pid=4000687, effective(0, 0), real(0, 0)] source3/passdb/lookup_sid.c:1256(xid_to_sid)
  xid_to_sid: GID 65534 -> S-1-22-2-65534 fallback
[2026/05/20 14:40:26.102599,  4, pid=4000687, effective(0, 0), real(0, 0)] source3/smbd/sec_ctx.c:317(set_sec_ctx_internal)
  setting sec ctx (65534, 65534) - sec_ctx_stack_ndx = 0
[2026/05/20 14:40:26.102617,  5, pid=4000687, effective(0, 0), real(0, 0)] libcli/security/security_token.c:53(security_token_debug)
  Security token SIDs (5):
    SID[  0]: S-1-22-1-65534
    SID[  1]: S-1-22-2-65534
    SID[  2]: S-1-1-0
    SID[  3]: S-1-5-2
    SID[  4]: S-1-5-32-546
   Privileges (0x               0):
   Rights (0x               0):
[2026/05/20 14:40:26.102667,  5, pid=4000687, effective(0, 0), real(0, 0)] source3/auth/token_util.c:873(debug_unix_user_token)
  UNIX token of user 65534
  Primary group is 65534 and contains 1 supplementary groups
  Group[  0]: 65534
[2026/05/20 14:40:26.102712,  4, pid=4000687, effective(65534, 65534), real(65534, 0), class=vfs] source3/smbd/vfs.c:937(vfs_ChDir)
  vfs_ChDir to /var/samba/public
[2026/05/20 14:40:26.102754,  5, pid=4000687, effective(65534, 65534), real(65534, 0), class=vfs] source3/smbd/vfs.c:999(vfs_ChDir)
  vfs_ChDir: vfs_ChDir got /var/samba/public
[2026/05/20 14:40:26.102782,  5, pid=4000687, effective(65534, 65534), real(65534, 0)] source3/smbd/uid.c:294(print_impersonation_info)
  print_impersonation_info: Impersonated user: uid=(65534,65534), gid=(0,65534), cwd=[/var/samba/public]
[2026/05/20 14:40:26.102809,  3, pid=4000687, effective(65534, 65534), real(65534, 0)] source3/smbd/smb1_trans2.c:2645(call_trans2qpathinfo)
  call_trans2qpathinfo: TRANSACT2_QPATHINFO: level = 512
[2026/05/20 14:40:26.102836, 10, pid=4000687, effective(65534, 65534), real(65534, 0)] source3/smbd/files.c:562(openat_pathref_fsp)
  openat_pathref_fsp: smb_fname [.]
[2026/05/20 14:40:26.102856, 10, pid=4000687, effective(65534, 65534), real(65534, 0)] source3/smbd/files.c:462(openat_pathref_fullname)
  openat_pathref_fullname: smb_fname [.]
[2026/05/20 14:40:26.102906,  5, pid=4000687, effective(65534, 65534), real(65534, 0)] source3/smbd/files.c:77(fsp_new)
  fsp_new: allocated files structure (1 used)
[2026/05/20 14:40:26.102932, 10, pid=4000687, effective(65534, 65534), real(65534, 0)] source3/smbd/files.c:2198(file_name_hash)
  file_name_hash: /var/samba/public/. hash 0xb9bae796
[2026/05/20 14:40:26.102981, 10, pid=4000687, effective(65534, 65534), real(65534, 0)] source3/smbd/open.c:930(fd_openat)
  fd_openat: name ., flags = 04000 mode = 00, fd = 14
[2026/05/20 14:40:26.103001, 10, pid=4000687, effective(65534, 65534), real(65534, 0)] source3/smbd/files.c:531(openat_pathref_fullname)
  openat_pathref_fullname: fsp [.]: OK
[2026/05/20 14:40:26.103020, 10, pid=4000687, effective(65534, 65534), real(65534, 0)] source3/smbd/files.c:562(openat_pathref_fsp)
  openat_pathref_fsp: smb_fname [debian-training-tx1320-raid10.iso]
[2026/05/20 14:40:26.103039, 10, pid=4000687, effective(65534, 65534), real(65534, 0)] source3/smbd/files.c:462(openat_pathref_fullname)
  openat_pathref_fullname: smb_fname [debian-training-tx1320-raid10.iso]
[2026/05/20 14:40:26.103058,  5, pid=4000687, effective(65534, 65534), real(65534, 0)] source3/smbd/files.c:77(fsp_new)
  fsp_new: allocated files structure (2 used)
[2026/05/20 14:40:26.103077, 10, pid=4000687, effective(65534, 65534), real(65534, 0)] source3/smbd/files.c:2198(file_name_hash)
  file_name_hash: /var/samba/public/debian-training-tx1320-raid10.iso hash 0x2dee4f28
[2026/05/20 14:40:26.103103, 10, pid=4000687, effective(65534, 65534), real(65534, 0)] source3/smbd/open.c:930(fd_openat)
  fd_openat: name debian-training-tx1320-raid10.iso, flags = 04000 mode = 00, fd = 28
[2026/05/20 14:40:26.103122, 10, pid=4000687, effective(65534, 65534), real(65534, 0)] source3/smbd/files.c:531(openat_pathref_fullname)
  openat_pathref_fullname: fsp [debian-training-tx1320-raid10.iso]: OK
[2026/05/20 14:40:26.103143, 10, pid=4000687, effective(65534, 65534), real(65534, 0)] source3/smbd/files.c:2198(file_name_hash)
  file_name_hash: /var/samba/public/debian-training-tx1320-raid10.iso hash 0x2dee4f28
[2026/05/20 14:40:26.103167, 10, pid=4000687, effective(65534, 65534), real(65534, 0)] source3/lib/g_lock.c:1655(g_lock_dump)
  g_lock_dump: dbwrap_parse_record returned NT_STATUS_NOT_FOUND
[2026/05/20 14:40:26.103190, 10, pid=4000687, effective(65534, 65534), real(65534, 0), class=locking] source3/locking/share_mode_lock.c:1570(fetch_share_mode_unlocked)
  fetch_share_mode_unlocked: g_lock_dump failed: NT_STATUS_NOT_FOUND
[2026/05/20 14:40:26.103211, 10, pid=4000687, effective(65534, 65534), real(65534, 0)] source3/smbd/smb2_trans2.c:2779(store_file_unix_basic)
  store_file_unix_basic: SMB_QUERY_FILE_UNIX_BASIC
[2026/05/20 14:40:26.103228,  4, pid=4000687, effective(65534, 65534), real(65534, 0)] source3/smbd/smb2_trans2.c:2780(store_file_unix_basic)
  store_file_unix_basic: st_mode=100644
[2026/05/20 14:40:26.103251,  9, pid=4000687, effective(65534, 65534), real(65534, 0)] source3/smbd/smb1_trans2.c:230(send_trans2_replies)
  t2_rep: params_sent_thistime = 2, data_sent_thistime = 100, useable_space = 16406
[2026/05/20 14:40:26.103268,  9, pid=4000687, effective(65534, 65534), real(65534, 0)] source3/smbd/smb1_trans2.c:232(send_trans2_replies)
  t2_rep: params_to_send = 2, data_to_send = 100, paramsize = 2, datasize = 100
[2026/05/20 14:40:26.103299,  5, pid=4000687, effective(65534, 65534), real(65534, 0)] source3/lib/util.c:150(show_msg)
  size=160
  smb_com=0x32
  smb_rcls=0
  smb_reh=0
  smb_err=0
  smb_flg=128
  smb_flg2=51203
  smb_tid=55629
  smb_pid=1788
  smb_uid=43829
  smb_mid=72
  smt_wct=10
  smb_vwv[ 0]=    2 (0x2)
  smb_vwv[ 1]=  100 (0x64)
  smb_vwv[ 2]=    0 (0x0)
  smb_vwv[ 3]=    2 (0x2)
  smb_vwv[ 4]=   56 (0x38)
  smb_vwv[ 5]=    0 (0x0)
  smb_vwv[ 6]=  100 (0x64)
  smb_vwv[ 7]=   60 (0x3C)
  smb_vwv[ 8]=    0 (0x0)
  smb_vwv[ 9]=    0 (0x0)
  smb_bcc=105
[2026/05/20 14:40:26.103406, 10, pid=4000687, effective(65534, 65534), real(65534, 0)] lib/util/util.c:578(dump_data)
  [0000] 00 00 00 00 00 00 00 B5   2F 00 00 00 00 00 10 B5   ........ /.......
  [0010] 2F 00 00 00 00 5E 44 69   FB 18 E8 DC 01 2D 7A 53   /....^Di .....-zS
  [0020] 09 19 E8 DC 01 A3 E5 86   AF 62 E6 DC 01 FE FF 00   ........ .b......
  [0030] 00 00 00 00 00 FE FF 00   00 00 00 00 00 00 00 00   ........ ........
  [0040] 00 FC 00 00 00 00 00 00   00 00 00 00 00 00 00 00   ........ ........
  [0050] 00 23 14 02 01 00 00 00   00 A4 01 00 00 00 00 00   .#...... ........
  [0060] 00 01 00 00 00 00 00 00   00                        ........ .
[2026/05/20 14:40:26.103604,  5, pid=4000687, effective(65534, 65534), real(65534, 0)] source3/smbd/files.c:1985(file_free)
  file_free: freed files structure 0 (1 used)
[2026/05/20 14:40:26.103633,  5, pid=4000687, effective(65534, 65534), real(65534, 0)] source3/smbd/files.c:1985(file_free)
  file_free: freed files structure 0 (0 used)
[2026/05/20 14:40:26.421750, 10, pid=4000687, effective(65534, 65534), real(65534, 0)] source3/lib/util_sock.c:180(read_smb_length_return_keepalive)
  got smb length of 162
[2026/05/20 14:40:26.421834,  6, pid=4000687, effective(65534, 65534), real(65534, 0)] source3/smbd/smb2_process.c:574(process_smb)
  got message type 0x0 of len 0xa2
[2026/05/20 14:40:26.421854,  3, pid=4000687, effective(65534, 65534), real(65534, 0)] source3/smbd/smb2_process.c:576(process_smb)
  Transaction 72 of length 166 (0 toread)
[2026/05/20 14:40:26.421914,  5, pid=4000687, effective(65534, 65534), real(65534, 0)] source3/lib/util.c:150(show_msg)
  size=162
  smb_com=0x32
  smb_rcls=0
  smb_reh=0
  smb_err=0
  smb_flg=0
  smb_flg2=49153
  smb_tid=55629
  smb_pid=1788
  smb_uid=43829
  smb_mid=73
  smt_wct=15
  smb_vwv[ 0]=   76 (0x4C)
  smb_vwv[ 1]=   18 (0x12)
  smb_vwv[ 2]=    2 (0x2)
  smb_vwv[ 3]= 1000 (0x3E8)
  smb_vwv[ 4]=    0 (0x0)
  smb_vwv[ 5]=    0 (0x0)
  smb_vwv[ 6]=    0 (0x0)
  smb_vwv[ 7]=    0 (0x0)
  smb_vwv[ 8]=    0 (0x0)
  smb_vwv[ 9]=   76 (0x4C)
  smb_vwv[10]=   68 (0x44)
  smb_vwv[11]=   18 (0x12)
  smb_vwv[12]=  144 (0x90)
  smb_vwv[13]=    1 (0x1)
  smb_vwv[14]=    6 (0x6)
  smb_bcc=97
[2026/05/20 14:40:26.422032, 10, pid=4000687, effective(65534, 65534), real(65534, 0)] lib/util/util.c:578(dump_data)
  [0000] 00 00 00 09 02 00 00 00   00 2F 00 64 00 65 00 62   ........ ./.d.e.b
  [0010] 00 69 00 61 00 6E 00 2D   00 74 00 72 00 61 00 69   .i.a.n.- .t.r.a.i
  [0020] 00 6E 00 69 00 6E 00 67   00 2D 00 74 00 78 00 31   .n.i.n.g .-.t.x.1
  [0030] 00 33 00 32 00 30 00 2D   00 72 00 61 00 69 00 64   .3.2.0.- .r.a.i.d
  [0040] 00 31 00 30 00 2E 00 69   00 73 00 6F 00 00 00 02   .1.0...i .s.o....
  [0050] 00 00 00 01 04 00 00 ED   01 00 00 00 00 00 00 00   ........ ........
  [0060] 02                                                  .
[2026/05/20 14:40:26.422185,  3, pid=4000687, effective(65534, 65534), real(65534, 0)] source3/smbd/smb1_process.c:1112(switch_message)
  switch message SMBtrans2 (pid 4000687) conn 0x6087dc17b3c0
[2026/05/20 14:40:26.422210,  5, pid=4000687, effective(65534, 65534), real(65534, 0)] source3/smbd/uid.c:327(change_to_user_impersonate)
  change_to_user_impersonate: Skipping user change - already user
[2026/05/20 14:40:26.422254,  5, pid=4000687, effective(65534, 65534), real(65534, 0)] source3/smbd/uid.c:294(print_impersonation_info)
  print_impersonation_info: Impersonated user: uid=(65534,65534), gid=(0,65534), cwd=[/var/samba/public]
[2026/05/20 14:40:26.422287,  3, pid=4000687, effective(65534, 65534), real(65534, 0)] source3/smbd/smb1_trans2.c:4513(call_trans2setpathinfo)
  call_trans2setpathinfo: fname=debian-training-tx1320-raid10.iso info_level=521 totdata=18
[2026/05/20 14:40:26.422311, 10, pid=4000687, effective(65534, 65534), real(65534, 0)] source3/smbd/files.c:562(openat_pathref_fsp)
  openat_pathref_fsp: smb_fname [.]
[2026/05/20 14:40:26.422331, 10, pid=4000687, effective(65534, 65534), real(65534, 0)] source3/smbd/files.c:462(openat_pathref_fullname)
  openat_pathref_fullname: smb_fname [.]
[2026/05/20 14:40:26.422350,  5, pid=4000687, effective(65534, 65534), real(65534, 0)] source3/smbd/files.c:77(fsp_new)
  fsp_new: allocated files structure (1 used)
[2026/05/20 14:40:26.422372, 10, pid=4000687, effective(65534, 65534), real(65534, 0)] source3/smbd/files.c:2198(file_name_hash)
  file_name_hash: /var/samba/public/. hash 0xb9bae796
[2026/05/20 14:40:26.422428, 10, pid=4000687, effective(65534, 65534), real(65534, 0)] source3/smbd/open.c:930(fd_openat)
  fd_openat: name ., flags = 04000 mode = 00, fd = 14
[2026/05/20 14:40:26.422461, 10, pid=4000687, effective(65534, 65534), real(65534, 0)] source3/smbd/files.c:531(openat_pathref_fullname)
  openat_pathref_fullname: fsp [.]: OK
[2026/05/20 14:40:26.422481, 10, pid=4000687, effective(65534, 65534), real(65534, 0)] source3/smbd/files.c:562(openat_pathref_fsp)
  openat_pathref_fsp: smb_fname [debian-training-tx1320-raid10.iso]
[2026/05/20 14:40:26.422500, 10, pid=4000687, effective(65534, 65534), real(65534, 0)] source3/smbd/files.c:462(openat_pathref_fullname)
  openat_pathref_fullname: smb_fname [debian-training-tx1320-raid10.iso]
[2026/05/20 14:40:26.422519,  5, pid=4000687, effective(65534, 65534), real(65534, 0)] source3/smbd/files.c:77(fsp_new)
  fsp_new: allocated files structure (2 used)
[2026/05/20 14:40:26.422537, 10, pid=4000687, effective(65534, 65534), real(65534, 0)] source3/smbd/files.c:2198(file_name_hash)
  file_name_hash: /var/samba/public/debian-training-tx1320-raid10.iso hash 0x2dee4f28
[2026/05/20 14:40:26.422563, 10, pid=4000687, effective(65534, 65534), real(65534, 0)] source3/smbd/open.c:930(fd_openat)
  fd_openat: name debian-training-tx1320-raid10.iso, flags = 04000 mode = 00, fd = 28
[2026/05/20 14:40:26.422582, 10, pid=4000687, effective(65534, 65534), real(65534, 0)] source3/smbd/files.c:531(openat_pathref_fullname)
  openat_pathref_fullname: fsp [debian-training-tx1320-raid10.iso]: OK
[2026/05/20 14:40:26.422606, 10, pid=4000687, effective(65534, 65534), real(65534, 0)] source3/smbd/smb1_trans2.c:3477(smb_posix_open)
  smb_posix_open: file debian-training-tx1320-raid10.iso, smb_posix_flags = 1024, mode 0755
[2026/05/20 14:40:26.422626, 10, pid=4000687, effective(65534, 65534), real(65534, 0)] source3/smbd/open.c:6509(create_file_default)
  create_file_default: create_file: access_mask = 0x89 file_attributes = 0x0, share_access = 0x7, create_disposition = 0x1 create_options = 0x40 oplock_request = 0x1 private_flags = 0x0 ea_list = (nil), sd = (nil), fname = debian-training-tx1320-raid10.iso
[2026/05/20 14:40:26.422650, 10, pid=4000687, effective(65534, 65534), real(65534, 0)] source3/smbd/open.c:5926(create_file_unixpath)
  create_file_unixpath: access_mask = 0x89 file_attributes = 0x10001a4 share_access = 0x7 create_disposition = 0x1 create_options = 0x40 oplock_request = 0x1 private_flags = 0x0 ea_list = (nil), sd = (nil), fname = debian-training-tx1320-raid10.iso
[2026/05/20 14:40:26.422682,  5, pid=4000687, effective(65534, 65534), real(65534, 0)] lib/dbwrap/dbwrap.c:172(dbwrap_lock_order_lock)
  dbwrap_lock_order_lock: check lock order 1 for /run/samba/smbXsrv_open_global.tdb
[2026/05/20 14:40:26.422701, 10, pid=4000687, effective(65534, 65534), real(65534, 0)] lib/dbwrap/dbwrap.c:157(debug_lock_order)
  lock order:  1:/run/samba/smbXsrv_open_global.tdb 2:<none> 3:<none> 4:<none>
[2026/05/20 14:40:26.422780, 10, pid=4000687, effective(65534, 65534), real(65534, 0)] source3/smbd/smbXsrv_open.c:349(smbXsrv_open_global_store)
  smbXsrv_open_global_store: key '3BE3B5B0' stored
[2026/05/20 14:40:26.422802,  1, pid=4000687, effective(65534, 65534), real(65534, 0), class=rpc_parse] source3/smbd/smbXsrv_open.c:350(smbXsrv_open_global_store)
       &global_blob: struct smbXsrv_open_globalB
          version                  : SMBXSRV_VERSION_0 (0)
          seqnum                   : 0x00000001 (1)
          info                     : union smbXsrv_open_globalU(case 0)
          info0                    : *
              info0: struct smbXsrv_open_global0
                  server_id: struct server_id
                      pid                      : 0x00000000003d0baf (4000687)
                      task_id                  : 0x00000000 (0)
                      vnn                      : 0xffffffff (4294967295)
                      unique_id                : 0x3f9493830e290ceb (4581448912030207211)
                  open_global_id           : 0x3be3b5b0 (1004778928)
                  open_persistent_id       : 0x000000003be3b5b0 (1004778928)
                  open_volatile_id         : 0x0000000000003995 (14741)
                  open_owner               : S-1-22-1-65534
                  open_time                : Wed May 20 02:40:26 PM 2026 JST
                  create_guid              : 00000000-0000-0000-0000-000000000000
                  client_guid              : 00000000-0000-0000-0000-000000000000
                  app_instance_id          : 00000000-0000-0000-0000-000000000000
                  disconnect_time          : NTTIME(0)
                  durable_timeout_msec     : 0x00000000 (0)
                  durable                  : 0x00 (0)
                  backend_cookie           : DATA_BLOB length=0
                  channel_sequence         : 0x0000 (0)
                  channel_generation       : 0x0000000000000000 (0)
                  lock_sequence_array: ARRAY(64)
  [0000] FF FF FF FF FF FF FF FF   FF FF FF FF FF FF FF FF   ........ ........
  [0010] FF FF FF FF FF FF FF FF   FF FF FF FF FF FF FF FF   ........ ........
  [0020] FF FF FF FF FF FF FF FF   FF FF FF FF FF FF FF FF   ........ ........
  [0030] FF FF FF FF FF FF FF FF   FF FF FF FF FF FF FF FF   ........ ........
[2026/05/20 14:40:26.423132,  5, pid=4000687, effective(65534, 65534), real(65534, 0)] lib/dbwrap/dbwrap.c:204(dbwrap_lock_order_unlock)
  dbwrap_lock_order_unlock: release lock order 1 for /run/samba/smbXsrv_open_global.tdb
[2026/05/20 14:40:26.423150, 10, pid=4000687, effective(65534, 65534), real(65534, 0)] source3/smbd/smbXsrv_open.c:466(smbXsrv_open_global_allocate)
  smbXsrv_open_global_allocate: Found slot 1004778928
[2026/05/20 14:40:26.423168, 10, pid=4000687, effective(65534, 65534), real(65534, 0)] source3/smbd/smbXsrv_open.c:614(smbXsrv_open_create)
  smbXsrv_open_create: global_id (0x3be3b5b0) stored
[2026/05/20 14:40:26.423186,  1, pid=4000687, effective(65534, 65534), real(65534, 0), class=rpc_parse] source3/smbd/smbXsrv_open.c:616(smbXsrv_open_create)
       &open_blob: struct smbXsrv_openB
          version                  : SMBXSRV_VERSION_0 (0)
          reserved                 : 0x00000000 (0)
          info                     : union smbXsrv_openU(case 0)
          info0                    : *
              info0: struct smbXsrv_open
                  table                    : *
                  local_id                 : 0x00003995 (14741)
                  global                   : *
                      global: struct smbXsrv_open_global0
                          server_id: struct server_id
                              pid                      : 0x00000000003d0baf (4000687)
                              task_id                  : 0x00000000 (0)
                              vnn                      : 0xffffffff (4294967295)
                              unique_id                : 0x3f9493830e290ceb (4581448912030207211)
                          open_global_id           : 0x3be3b5b0 (1004778928)
                          open_persistent_id       : 0x000000003be3b5b0 (1004778928)
                          open_volatile_id         : 0x0000000000003995 (14741)
                          open_owner               : S-1-22-1-65534
                          open_time                : Wed May 20 02:40:26 PM 2026 JST
                          create_guid              : 00000000-0000-0000-0000-000000000000
                          client_guid              : 00000000-0000-0000-0000-000000000000
                          app_instance_id          : 00000000-0000-0000-0000-000000000000
                          disconnect_time          : NTTIME(0)
                          durable_timeout_msec     : 0x00000000 (0)
                          durable                  : 0x00 (0)
                          backend_cookie           : DATA_BLOB length=0
                          channel_sequence         : 0x0000 (0)
                          channel_generation       : 0x0000000000000000 (0)
                          lock_sequence_array: ARRAY(64)
  [0000] FF FF FF FF FF FF FF FF   FF FF FF FF FF FF FF FF   ........ ........
  [0010] FF FF FF FF FF FF FF FF   FF FF FF FF FF FF FF FF   ........ ........
  [0020] FF FF FF FF FF FF FF FF   FF FF FF FF FF FF FF FF   ........ ........
  [0030] FF FF FF FF FF FF FF FF   FF FF FF FF FF FF FF FF   ........ ........
                  status                   : NT_STATUS_OK
                  idle_time                : Wed May 20 02:40:26 PM 2026 JST
                  compat                   : NULL
                  flags                    : 0x00 (0)
                         0: SMBXSRV_OPEN_NEED_REPLAY_CACHE
                         0: SMBXSRV_OPEN_HAVE_REPLAY_CACHE
                  create_action            : 0x00000000 (0)
                  request_count            : 0x0000000000000000 (0)
                  pre_request_count        : 0x0000000000000000 (0)
[2026/05/20 14:40:26.423573, 10, pid=4000687, effective(65534, 65534), real(65534, 0)] source3/smbd/files.c:135(fsp_bind_smb)
  fsp_bind_smb: fsp [debian-training-tx1320-raid10.iso] mid [73]
[2026/05/20 14:40:26.423594, 10, pid=4000687, effective(65534, 65534), real(65534, 0)] source3/smbd/files.c:562(openat_pathref_fsp)
  openat_pathref_fsp: smb_fname [.]
[2026/05/20 14:40:26.423613, 10, pid=4000687, effective(65534, 65534), real(65534, 0)] source3/smbd/files.c:462(openat_pathref_fullname)
  openat_pathref_fullname: smb_fname [.]
[2026/05/20 14:40:26.423631,  5, pid=4000687, effective(65534, 65534), real(65534, 0)] source3/smbd/files.c:77(fsp_new)
  fsp_new: allocated files structure (3 used)
[2026/05/20 14:40:26.423650, 10, pid=4000687, effective(65534, 65534), real(65534, 0)] source3/smbd/files.c:2198(file_name_hash)
  file_name_hash: /var/samba/public/. hash 0xb9bae796
[2026/05/20 14:40:26.423682, 10, pid=4000687, effective(65534, 65534), real(65534, 0)] source3/smbd/open.c:930(fd_openat)
  fd_openat: name ., flags = 04000 mode = 00, fd = 29
[2026/05/20 14:40:26.423701, 10, pid=4000687, effective(65534, 65534), real(65534, 0)] source3/smbd/files.c:531(openat_pathref_fullname)
  openat_pathref_fullname: fsp [.]: OK
[2026/05/20 14:40:26.423721, 10, pid=4000687, effective(65534, 65534), real(65534, 0)] source3/smbd/files.c:2198(file_name_hash)
  file_name_hash: /var/samba/public/. hash 0xb9bae796
[2026/05/20 14:40:26.423740, 10, pid=4000687, effective(65534, 65534), real(65534, 0)] source3/smbd/open.c:3837(open_file_ntcreate)
  open_file_ntcreate: fname=debian-training-tx1320-raid10.iso, dos_attrs=0x0 access_mask=0x89 share_access=0x7 create_disposition = 0x1 create_options=0x40 unix mode=0644 oplock_request=1 private_flags = 0x0
[2026/05/20 14:40:26.423762, 10, pid=4000687, effective(65534, 65534), real(65534, 0)] source3/smbd/open.c:4036(open_file_ntcreate)
  open_file_ntcreate: fname=debian-training-tx1320-raid10.iso, after mapping access_mask=0x89
[2026/05/20 14:40:26.423781,  4, pid=4000687, effective(65534, 65534), real(65534, 0)] source3/smbd/open.c:4138(open_file_ntcreate)
  calling open_file with flags=0x0 flags2=0x800 mode=0644, access_mask = 0x89, open_access_mask = 0x89
[2026/05/20 14:40:26.423801, 10, pid=4000687, effective(65534, 65534), real(65534, 0), class=acls] source3/smbd/posix_acls.c:3366(posix_fget_nt_acl)
  posix_fget_nt_acl: called for file debian-training-tx1320-raid10.iso
[2026/05/20 14:40:26.423891, 10, pid=4000687, effective(65534, 65534), real(65534, 0)] source3/passdb/lookup_sid.c:1201(xid_to_sid)
  xid_to_sid: UID 65534 -> S-1-5-21-2342536155-1022706741-2866312864-501 from cache
[2026/05/20 14:40:26.424007,  4, pid=4000687, effective(65534, 65534), real(65534, 0)] source3/smbd/sec_ctx.c:206(push_sec_ctx)
  push_sec_ctx(65534, 65534) : sec_ctx_stack_ndx = 1
[2026/05/20 14:40:26.424031,  4, pid=4000687, effective(65534, 65534), real(65534, 0)] source3/smbd/uid.c:566(push_conn_ctx)
  push_conn_ctx(43829) : conn_ctx_stack_ndx = 0
[2026/05/20 14:40:26.424050,  4, pid=4000687, effective(65534, 65534), real(65534, 0)] source3/smbd/sec_ctx.c:317(set_sec_ctx_internal)
  setting sec ctx (0, 0) - sec_ctx_stack_ndx = 1
[2026/05/20 14:40:26.424067,  5, pid=4000687, effective(65534, 65534), real(65534, 0)] libcli/security/security_token.c:49(security_token_debug)
  Security token: (NULL)
[2026/05/20 14:40:26.424085,  5, pid=4000687, effective(65534, 65534), real(65534, 0)] source3/auth/token_util.c:873(debug_unix_user_token)
  UNIX token of user 0
  Primary group is 0 and contains 0 supplementary groups
[2026/05/20 14:40:26.424167,  4, pid=4000687, effective(65534, 65534), real(65534, 0)] source3/smbd/sec_ctx.c:443(pop_sec_ctx)
  pop_sec_ctx (65534, 65534) - sec_ctx_stack_ndx = 0
[2026/05/20 14:40:26.424189, 10, pid=4000687, effective(65534, 65534), real(65534, 0)] source3/passdb/lookup_sid.c:1256(xid_to_sid)
  xid_to_sid: GID 65534 -> S-1-22-2-65534 fallback
[2026/05/20 14:40:26.424211, 10, pid=4000687, effective(65534, 65534), real(65534, 0), class=acls] source3/smbd/posix_acls.c:2692(canonicalise_acl)
  canonicalise_acl: Access ace entries before arrange :
[2026/05/20 14:40:26.424228, 10, pid=4000687, effective(65534, 65534), real(65534, 0), class=acls] source3/smbd/posix_acls.c:2705(canonicalise_acl)
  canon_ace index 0. Type = allow SID = S-1-1-0 other SMB_ACL_OTHER ace_flags = 0x0 perms r--
[2026/05/20 14:40:26.424250, 10, pid=4000687, effective(65534, 65534), real(65534, 0), class=acls] source3/smbd/posix_acls.c:2705(canonicalise_acl)
  canon_ace index 1. Type = allow SID = S-1-22-2-65534 gid 65534 SMB_ACL_GROUP_OBJ ace_flags = 0x0 perms r--
[2026/05/20 14:40:26.424270, 10, pid=4000687, effective(65534, 65534), real(65534, 0), class=acls] source3/smbd/posix_acls.c:2705(canonicalise_acl)
  canon_ace index 2. Type = allow SID = S-1-5-21-2342536155-1022706741-2866312864-501 uid 65534 SMB_ACL_USER_OBJ ace_flags = 0x0 perms rw-
[2026/05/20 14:40:26.424292, 10, pid=4000687, effective(65534, 65534), real(65534, 0), class=acls] source3/smbd/posix_acls.c:766(print_canon_ace_list)
  print_canon_ace_list: canonicalise_acl: ace entries after arrange
  canon_ace index 0. Type = allow SID = S-1-5-21-2342536155-1022706741-2866312864-501 uid 65534 SMB_ACL_USER_OBJ ace_flags = 0x0 perms rw-
  canon_ace index 1. Type = allow SID = S-1-22-2-65534 gid 65534 SMB_ACL_GROUP_OBJ ace_flags = 0x0 perms r--
  canon_ace index 2. Type = allow SID = S-1-1-0 other SMB_ACL_OTHER ace_flags = 0x0 perms r--
[2026/05/20 14:40:26.424333, 10, pid=4000687, effective(65534, 65534), real(65534, 0), class=acls] source3/smbd/posix_acls.c:1029(map_canon_ace_perms)
  map_canon_ace_perms: Mapped (UNIX) 180 to (NT) 12019f
[2026/05/20 14:40:26.424352, 10, pid=4000687, effective(65534, 65534), real(65534, 0), class=acls] source3/smbd/posix_acls.c:1029(map_canon_ace_perms)
  map_canon_ace_perms: Mapped (UNIX) 100 to (NT) 120089
[2026/05/20 14:40:26.424369, 10, pid=4000687, effective(65534, 65534), real(65534, 0), class=acls] source3/smbd/posix_acls.c:1029(map_canon_ace_perms)
  map_canon_ace_perms: Mapped (UNIX) 100 to (NT) 120089
[2026/05/20 14:40:26.424407, 10, pid=4000687, effective(65534, 65534), real(65534, 0)] source3/smbd/open.c:180(smbd_check_access_rights_sd)
  smbd_check_access_rights_sd: File [debian-training-tx1320-raid10.iso] requesting [0x89] returning [0x9] (NT_STATUS_OK)
[2026/05/20 14:40:26.424453,  2, pid=4000687, effective(65534, 65534), real(65534, 0)] source3/smbd/open.c:1649(open_file)
  nobody opened file debian-training-tx1320-raid10.iso read=Yes write=No (numopen=3)
[2026/05/20 14:40:26.424482,  5, pid=4000687, effective(65534, 65534), real(65534, 0)] lib/dbwrap/dbwrap.c:172(dbwrap_lock_order_lock)
  dbwrap_lock_order_lock: check lock order 1 for /run/samba/locking.tdb
[2026/05/20 14:40:26.424500, 10, pid=4000687, effective(65534, 65534), real(65534, 0)] lib/dbwrap/dbwrap.c:157(debug_lock_order)
  lock order:  1:/run/samba/locking.tdb 2:<none> 3:<none> 4:<none>
[2026/05/20 14:40:26.424523, 10, pid=4000687, effective(65534, 65534), real(65534, 0), class=locking] source3/locking/share_mode_lock.c:990(get_share_mode_lock_internal)
  get_share_mode_lock_internal: Returning 64512:16913443:0 (data_cached=1 key_refcount=1)
[2026/05/20 14:40:26.424544, 10, pid=4000687, effective(65534, 65534), real(65534, 0), class=locking] source3/locking/locking.c:1007(find_delete_on_close_token)
  find_delete_on_close_token: name_hash = 0x2dee4f28
[2026/05/20 14:40:26.424563, 10, pid=4000687, effective(65534, 65534), real(65534, 0)] source3/smbd/open.c:1712(share_conflict)
  share_conflict: existing access_mask = 0x0, existing share access = 0x7, access_mask = 0x89, share_access = 0x7
[2026/05/20 14:40:26.424587, 10, pid=4000687, effective(65534, 65534), real(65534, 0)] source3/smbd/open.c:1722(share_conflict)
  share_conflict: No conflict due to existing access_mask = 0x0
[2026/05/20 14:40:26.424605, 10, pid=4000687, effective(65534, 65534), real(65534, 0)] source3/smbd/open.c:1988(open_mode_check)
  open_mode_check: No conflict due to share_mode_flags access
[2026/05/20 14:40:26.424633, 10, pid=4000687, effective(65534, 65534), real(65534, 0), class=locking] source3/locking/share_mode_lock.c:2258(share_mode_forall_entries)
  share_mode_forall_entries: num_share_modes=0
[2026/05/20 14:40:26.424651, 10, pid=4000687, effective(65534, 65534), real(65534, 0), class=locking] source3/locking/share_mode_lock.c:2277(share_mode_forall_entries)
  share_mode_forall_entries: num_share_entries=0, writeback=0
[2026/05/20 14:40:26.424674, 10, pid=4000687, effective(65534, 65534), real(65534, 0), class=locking] source3/locking/brlock.c:1868(brl_get_locks_readonly)
  seqnum=0, fsp->brlock_seqnum=0
[2026/05/20 14:40:26.424697, 10, pid=4000687, effective(65534, 65534), real(65534, 0)] source3/smbd/open.c:2811(delay_for_oplock)
  delay_for_oplock: oplock type 0x0 granted (RW)(0x5), on file debian-training-tx1320-raid10.iso, requested 0x1 (RW)(0x5) => total (RW)(0x5)
[2026/05/20 14:40:26.424720, 10, pid=4000687, effective(65534, 65534), real(65534, 0), class=locking] source3/locking/share_mode_lock.c:1999(set_share_mode)
  set_share_mode: num_share_modes=0
[2026/05/20 14:40:26.424738, 10, pid=4000687, effective(65534, 65534), real(65534, 0), class=locking] source3/locking/share_mode_lock.c:349(share_mode_entry_put)
  share_mode_entry_put: share_mode_entry:
[2026/05/20 14:40:26.424756,  1, pid=4000687, effective(65534, 65534), real(65534, 0), class=rpc_parse] source3/locking/share_mode_lock.c:350(share_mode_entry_put)
       discard_const_p(void, e): struct share_mode_entry
          pid: struct server_id
              pid                      : 0x00000000003d0baf (4000687)
              task_id                  : 0x00000000 (0)
              vnn                      : 0xffffffff (4294967295)
              unique_id                : 0x3f9493830e290ceb (4581448912030207211)
          op_mid                   : 0x0000000000000049 (73)
          op_type                  : SHARE_MODE_ENTRY_OP_TYPE_EXCLUSIVE (1)
          client_guid              : 00000000-0000-0000-0000-000000000000
          lease_key: struct smb2_lease_key
              data: ARRAY(2)
                  data                     : 0x0000000000000000 (0)
                  data                     : 0x0000000000000000 (0)
          access_mask              : 0x00000089 (137)
          share_access             : 0x00000007 (7)
          private_options          : 0x00000000 (0)
          time                     : Wed May 20 02:40:26 PM 2026 JST.422535
          share_file_id            : 0x0000000000000085 (133)
          uid                      : 0x0000fffe (65534)
          flags                    : 0x0001 (1)
          name_hash                : 0x2dee4f28 (770592552)
          stale                    : 0x00 (0)
[2026/05/20 14:40:26.424932, 10, pid=4000687, effective(65534, 65534), real(65534, 0), class=locking] source3/locking/share_mode_lock.c:2043(set_share_mode)
  set_share_mode: idx=0, found=0
[2026/05/20 14:40:26.424951, 10, pid=4000687, effective(65534, 65534), real(65534, 0), class=locking] source3/locking/share_mode_lock.c:2071(set_share_mode)
  set_share_mode: dbufs[0]=(0x7ffc78fcd220, 132)
[2026/05/20 14:40:26.424969, 10, pid=4000687, effective(65534, 65534), real(65534, 0), class=locking] source3/locking/share_mode_lock.c:626(share_mode_data_ltdb_store)
  share_mode_data_ltdb_store: 
[2026/05/20 14:40:26.424986,  1, pid=4000687, effective(65534, 65534), real(65534, 0), class=rpc_parse] source3/locking/share_mode_lock.c:627(share_mode_data_ltdb_store)
       d: struct share_mode_data
          unique_content_epoch     : 0xd59f24362d58bd6c (-3053682207226282644)
          flags                    : 0x01cb (459)
                 1: SHARE_MODE_SHARE_DELETE  
                 1: SHARE_MODE_SHARE_WRITE   
                 1: SHARE_MODE_SHARE_READ    
                 0: SHARE_MODE_ACCESS_DELETE 
                 0: SHARE_MODE_ACCESS_WRITE  
                 1: SHARE_MODE_ACCESS_READ   
                 0: SHARE_MODE_LEASE_HANDLE  
                 1: SHARE_MODE_LEASE_WRITE   
                 1: SHARE_MODE_LEASE_READ    
          servicepath              : *
              servicepath              : '/var/samba/public'
          base_name                : *
              base_name                : 'debian-training-tx1320-raid10.iso'
          stream_name              : NULL
          num_delete_tokens        : 0x00000000 (0)
          delete_tokens: ARRAY(0)
          old_write_time           : Mon May 18 10:07:24 AM 2026 JST
          changed_write_time       : NTTIME(0)
          not_stored               : 0x01 (1)
          modified                 : 0x01 (1)
          id: struct file_id
              devid                    : 0x000000000000fc00 (64512)
              inode                    : 0x0000000001021423 (16913443)
              extid                    : 0x0000000000000000 (0)
[2026/05/20 14:40:26.425161, 10, pid=4000687, effective(65534, 65534), real(65534, 0), class=locking] source3/locking/share_mode_lock.c:676(share_mode_data_store)
  share_mode_data_store: not modified
[2026/05/20 14:40:26.425179, 10, pid=4000687, effective(65534, 65534), real(65534, 0), class=locking] source3/locking/share_mode_lock.c:207(share_mode_memcache_store)
  share_mode_memcache_store: stored entry for file debian-training-tx1320-raid10.iso epoch d59f24362d58bd6c key 64512:16913443:0
[2026/05/20 14:40:26.425201,  5, pid=4000687, effective(65534, 65534), real(65534, 0)] lib/dbwrap/dbwrap.c:204(dbwrap_lock_order_unlock)
  dbwrap_lock_order_unlock: release lock order 1 for /run/samba/locking.tdb
[2026/05/20 14:40:26.425219, 10, pid=4000687, effective(65534, 65534), real(65534, 0)] source3/lib/dbwrap/dbwrap_watch.c:507(dbwrap_watched_record_prepare_wakeup)
  dbwrap_watched_record_prepare_wakeup: No watchers
[2026/05/20 14:40:26.425242, 10, pid=4000687, effective(65534, 65534), real(65534, 0)] source3/lib/dbwrap/dbwrap_watch.c:487(dbwrap_watched_do_locked)
  dbwrap_watched_do_locked: dbwrap_watched_do_locked_fn returned
[2026/05/20 14:40:26.425260, 10, pid=4000687, effective(65534, 65534), real(65534, 0)] source3/lib/dbwrap/dbwrap_watch.c:550(dbwrap_watched_trigger_wakeup)
  dbwrap_watched_trigger_wakeup: No one to wakeup
[2026/05/20 14:40:26.425277, 10, pid=4000687, effective(65534, 65534), real(65534, 0)] source3/lib/g_lock.c:1275(g_lock_lock)
  g_lock_lock: status=NT_STATUS_OK, state.status=NT_STATUS_WAS_UNLOCKED
[2026/05/20 14:40:26.425298,  5, pid=4000687, effective(65534, 65534), real(65534, 0), class=locking] source3/smbd/smb2_oplock.c:86(set_file_oplock)
  set_file_oplock: granted oplock on file debian-training-tx1320-raid10.iso, 64512:16913443:0/133, tv_sec = 6a0d494a, tv_usec = 67287
[2026/05/20 14:40:26.425320, 10, pid=4000687, effective(65534, 65534), real(65534, 0)] source3/smbd/open.c:6446(create_file_unixpath)
  create_file_unixpath: info=1
[2026/05/20 14:40:26.425345,  5, pid=4000687, effective(65534, 65534), real(65534, 0)] source3/smbd/files.c:1985(file_free)
  file_free: freed files structure 0 (2 used)
[2026/05/20 14:40:26.425364, 10, pid=4000687, effective(65534, 65534), real(65534, 0)] source3/smbd/open.c:6642(create_file_default)
  create_file: info=1
[2026/05/20 14:40:26.425384, 10, pid=4000687, effective(65534, 65534), real(65534, 0)] source3/smbd/smb2_trans2.c:2779(store_file_unix_basic)
  store_file_unix_basic: SMB_QUERY_FILE_UNIX_BASIC
[2026/05/20 14:40:26.425412,  4, pid=4000687, effective(65534, 65534), real(65534, 0)] source3/smbd/smb2_trans2.c:2780(store_file_unix_basic)
  store_file_unix_basic: st_mode=100644
[2026/05/20 14:40:26.425435,  9, pid=4000687, effective(65534, 65534), real(65534, 0)] source3/smbd/smb1_trans2.c:230(send_trans2_replies)
  t2_rep: params_sent_thistime = 2, data_sent_thistime = 112, useable_space = 16406
[2026/05/20 14:40:26.425458,  9, pid=4000687, effective(65534, 65534), real(65534, 0)] source3/smbd/smb1_trans2.c:232(send_trans2_replies)
  t2_rep: params_to_send = 2, data_to_send = 112, paramsize = 2, datasize = 112
[2026/05/20 14:40:26.425488,  5, pid=4000687, effective(65534, 65534), real(65534, 0)] source3/lib/util.c:150(show_msg)
  size=172
  smb_com=0x32
  smb_rcls=0
  smb_reh=0
  smb_err=0
  smb_flg=128
  smb_flg2=51203
  smb_tid=55629
  smb_pid=1788
  smb_uid=43829
  smb_mid=73
  smt_wct=10
  smb_vwv[ 0]=    2 (0x2)
  smb_vwv[ 1]=  112 (0x70)
  smb_vwv[ 2]=    0 (0x0)
  smb_vwv[ 3]=    2 (0x2)
  smb_vwv[ 4]=   56 (0x38)
  smb_vwv[ 5]=    0 (0x0)
  smb_vwv[ 6]=  112 (0x70)
  smb_vwv[ 7]=   60 (0x3C)
  smb_vwv[ 8]=    0 (0x0)
  smb_vwv[ 9]=    0 (0x0)
  smb_bcc=117
[2026/05/20 14:40:26.425584, 10, pid=4000687, effective(65534, 65534), real(65534, 0)] lib/util/util.c:578(dump_data)
  [0000] 00 00 00 00 00 01 00 95   39 01 00 00 00 00 02 00   ........ 9.......
  [0010] 00 00 00 B5 2F 00 00 00   00 00 10 B5 2F 00 00 00   ..../... ..../...
  [0020] 00 5E 44 69 FB 18 E8 DC   01 2D 7A 53 09 19 E8 DC   .^Di.... .-zS....
  [0030] 01 A3 E5 86 AF 62 E6 DC   01 FE FF 00 00 00 00 00   .....b.. ........
  [0040] 00 FE FF 00 00 00 00 00   00 00 00 00 00 FC 00 00   ........ ........
  [0050] 00 00 00 00 00 00 00 00   00 00 00 00 00 23 14 02   ........ .....#..
  [0060] 01 00 00 00 00 A4 01 00   00 00 00 00 00 01 00 00   ........ ........
  [0070] 00 00 00 00 00                                      .....
[2026/05/20 14:40:26.425808,  5, pid=4000687, effective(65534, 65534), real(65534, 0)] source3/smbd/files.c:1985(file_free)
  file_free: freed files structure 0 (1 used)
[2026/05/20 14:40:26.742057, 10, pid=4000687, effective(65534, 65534), real(65534, 0)] source3/lib/util_sock.c:180(read_smb_length_return_keepalive)
  got smb length of 41
[2026/05/20 14:40:26.742138,  6, pid=4000687, effective(65534, 65534), real(65534, 0)] source3/smbd/smb2_process.c:574(process_smb)
  got message type 0x0 of len 0x29
[2026/05/20 14:40:26.742159,  3, pid=4000687, effective(65534, 65534), real(65534, 0)] source3/smbd/smb2_process.c:576(process_smb)
  Transaction 73 of length 45 (0 toread)
[2026/05/20 14:40:26.742191,  5, pid=4000687, effective(65534, 65534), real(65534, 0)] source3/lib/util.c:150(show_msg)
  size=41
  smb_com=0x4
  smb_rcls=0
  smb_reh=0
  smb_err=0
  smb_flg=0
  smb_flg2=49153
  smb_tid=55629
  smb_pid=1788
  smb_uid=43829
  smb_mid=74
  smt_wct=3
  smb_vwv[ 0]=14741 (0x3995)
  smb_vwv[ 1]=65535 (0xFFFF)
  smb_vwv[ 2]=65535 (0xFFFF)
  smb_bcc=0
[2026/05/20 14:40:26.742281,  3, pid=4000687, effective(65534, 65534), real(65534, 0)] source3/smbd/smb1_process.c:1112(switch_message)
  switch message SMBclose (pid 4000687) conn 0x6087dc17b3c0
[2026/05/20 14:40:26.742306,  5, pid=4000687, effective(65534, 65534), real(65534, 0)] source3/smbd/uid.c:327(change_to_user_impersonate)
  change_to_user_impersonate: Skipping user change - already user
[2026/05/20 14:40:26.742327,  4, pid=4000687, effective(65534, 65534), real(65534, 0), class=vfs] source3/smbd/vfs.c:937(vfs_ChDir)
  vfs_ChDir to /var/samba/public
[2026/05/20 14:40:26.742372,  5, pid=4000687, effective(65534, 65534), real(65534, 0), class=vfs] source3/smbd/vfs.c:999(vfs_ChDir)
  vfs_ChDir: vfs_ChDir got /var/samba/public
[2026/05/20 14:40:26.742414,  5, pid=4000687, effective(65534, 65534), real(65534, 0)] source3/smbd/uid.c:294(print_impersonation_info)
  print_impersonation_info: Impersonated user: uid=(65534,65534), gid=(0,65534), cwd=[/var/samba/public]
[2026/05/20 14:40:26.742447,  3, pid=4000687, effective(65534, 65534), real(65534, 0)] source3/smbd/smb1_reply.c:5097(reply_close)
  reply_close: Close file fd=30 fnum 14741 (numopen=1)
[2026/05/20 14:40:26.742469,  6, pid=4000687, effective(65534, 65534), real(65534, 0)] source3/smbd/close.c:656(set_close_write_time)
  close_write_time: Thu Jan  1 09:00:01 1970
[2026/05/20 14:40:26.742526,  5, pid=4000687, effective(65534, 65534), real(65534, 0)] lib/dbwrap/dbwrap.c:172(dbwrap_lock_order_lock)
  dbwrap_lock_order_lock: check lock order 1 for /run/samba/locking.tdb
[2026/05/20 14:40:26.742545, 10, pid=4000687, effective(65534, 65534), real(65534, 0)] lib/dbwrap/dbwrap.c:157(debug_lock_order)
  lock order:  1:/run/samba/locking.tdb 2:<none> 3:<none> 4:<none>
[2026/05/20 14:40:26.742571, 10, pid=4000687, effective(65534, 65534), real(65534, 0), class=locking] source3/locking/share_mode_lock.c:322(share_mode_memcache_fetch)
  share_mode_memcache_fetch: fetched entry for file debian-training-tx1320-raid10.iso epoch d59f24362d58bd6c key 64512:16913443:0
[2026/05/20 14:40:26.742593, 10, pid=4000687, effective(65534, 65534), real(65534, 0), class=locking] source3/locking/share_mode_lock.c:990(get_share_mode_lock_internal)
  get_share_mode_lock_internal: Returning 64512:16913443:0 (data_cached=1 key_refcount=1)
[2026/05/20 14:40:26.742615, 10, pid=4000687, effective(65534, 65534), real(65534, 0), class=locking] source3/locking/share_mode_lock.c:2388(share_mode_entry_do)
  share_mode_entry_do: num_share_modes=1
[2026/05/20 14:40:26.742634, 10, pid=4000687, effective(65534, 65534), real(65534, 0), class=locking] source3/locking/share_mode_lock.c:1941(share_mode_entry_find)
  share_mode_entry_find: left=0, right=0, middle=0, middle_ptr=0x6087dc17c7ba
[2026/05/20 14:40:26.742660, 10, pid=4000687, effective(65534, 65534), real(65534, 0), class=locking] source3/locking/share_mode_lock.c:2404(share_mode_entry_do)
  share_mode_entry_do: entry[0]:
[2026/05/20 14:40:26.742678,  1, pid=4000687, effective(65534, 65534), real(65534, 0), class=rpc_parse] source3/locking/share_mode_lock.c:2405(share_mode_entry_do)
       &e: struct share_mode_entry
          pid: struct server_id
              pid                      : 0x00000000003d0baf (4000687)
              task_id                  : 0x00000000 (0)
              vnn                      : 0xffffffff (4294967295)
              unique_id                : 0x3f9493830e290ceb (4581448912030207211)
          op_mid                   : 0x0000000000000049 (73)
          op_type                  : SHARE_MODE_ENTRY_OP_TYPE_EXCLUSIVE (1)
          client_guid              : 00000000-0000-0000-0000-000000000000
          lease_key: struct smb2_lease_key
              data: ARRAY(2)
                  data                     : 0x0000000000000000 (0)
                  data                     : 0x0000000000000000 (0)
          access_mask              : 0x00000089 (137)
          share_access             : 0x00000007 (7)
          private_options          : 0x00000000 (0)
          time                     : Wed May 20 02:40:26 PM 2026 JST.422535
          share_file_id            : 0x0000000000000085 (133)
          uid                      : 0x0000fffe (65534)
          flags                    : 0x0001 (1)
          name_hash                : 0x2dee4f28 (770592552)
          stale                    : 0x00 (0)
[2026/05/20 14:40:26.742827, 10, pid=4000687, effective(65534, 65534), real(65534, 0), class=locking] source3/locking/share_mode_lock.c:2410(share_mode_entry_do)
  share_mode_entry_do: entry[0]: modified=1, e.stale=0
[2026/05/20 14:40:26.742846, 10, pid=4000687, effective(65534, 65534), real(65534, 0), class=locking] source3/locking/share_mode_lock.c:349(share_mode_entry_put)
  share_mode_entry_put: share_mode_entry:
[2026/05/20 14:40:26.742863,  1, pid=4000687, effective(65534, 65534), real(65534, 0), class=rpc_parse] source3/locking/share_mode_lock.c:350(share_mode_entry_put)
       discard_const_p(void, e): struct share_mode_entry
          pid: struct server_id
              pid                      : 0x00000000003d0baf (4000687)
              task_id                  : 0x00000000 (0)
              vnn                      : 0xffffffff (4294967295)
              unique_id                : 0x3f9493830e290ceb (4581448912030207211)
          op_mid                   : 0x0000000000000049 (73)
          op_type                  : SHARE_MODE_ENTRY_OP_TYPE_NONE (0)
          client_guid              : 00000000-0000-0000-0000-000000000000
          lease_key: struct smb2_lease_key
              data: ARRAY(2)
                  data                     : 0x0000000000000000 (0)
                  data                     : 0x0000000000000000 (0)
          access_mask              : 0x00000089 (137)
          share_access             : 0x00000007 (7)
          private_options          : 0x00000000 (0)
          time                     : Wed May 20 02:40:26 PM 2026 JST.422535
          share_file_id            : 0x0000000000000085 (133)
          uid                      : 0x0000fffe (65534)
          flags                    : 0x0001 (1)
          name_hash                : 0x2dee4f28 (770592552)
          stale                    : 0x00 (0)
[2026/05/20 14:40:26.743056, 10, pid=4000687, effective(65534, 65534), real(65534, 0), class=locking] source3/locking/share_mode_lock.c:619(share_mode_data_ltdb_store)
  share_mode_data_ltdb_store: share_mode_data not modified
[2026/05/20 14:40:26.743076, 10, pid=4000687, effective(65534, 65534), real(65534, 0), class=locking] source3/locking/share_mode_lock.c:990(get_share_mode_lock_internal)
  get_share_mode_lock_internal: Returning 64512:16913443:0 (data_cached=1 key_refcount=2)
[2026/05/20 14:40:26.743096, 10, pid=4000687, effective(65534, 65534), real(65534, 0), class=locking] source3/locking/locking.c:1007(find_delete_on_close_token)
  find_delete_on_close_token: name_hash = 0x2dee4f28
[2026/05/20 14:40:26.743115, 10, pid=4000687, effective(65534, 65534), real(65534, 0), class=locking] source3/locking/share_mode_lock.c:2388(share_mode_entry_do)
  share_mode_entry_do: num_share_modes=1
[2026/05/20 14:40:26.743133, 10, pid=4000687, effective(65534, 65534), real(65534, 0), class=locking] source3/locking/share_mode_lock.c:1941(share_mode_entry_find)
  share_mode_entry_find: left=0, right=0, middle=0, middle_ptr=0x6087dc17cb3a
[2026/05/20 14:40:26.743152, 10, pid=4000687, effective(65534, 65534), real(65534, 0), class=locking] source3/locking/share_mode_lock.c:2404(share_mode_entry_do)
  share_mode_entry_do: entry[0]:
[2026/05/20 14:40:26.743170,  1, pid=4000687, effective(65534, 65534), real(65534, 0), class=rpc_parse] source3/locking/share_mode_lock.c:2405(share_mode_entry_do)
       &e: struct share_mode_entry
          pid: struct server_id
              pid                      : 0x00000000003d0baf (4000687)
              task_id                  : 0x00000000 (0)
              vnn                      : 0xffffffff (4294967295)
              unique_id                : 0x3f9493830e290ceb (4581448912030207211)
          op_mid                   : 0x0000000000000049 (73)
          op_type                  : SHARE_MODE_ENTRY_OP_TYPE_NONE (0)
          client_guid              : 00000000-0000-0000-0000-000000000000
          lease_key: struct smb2_lease_key
              data: ARRAY(2)
                  data                     : 0x0000000000000000 (0)
                  data                     : 0x0000000000000000 (0)
          access_mask              : 0x00000089 (137)
          share_access             : 0x00000007 (7)
          private_options          : 0x00000000 (0)
          time                     : Wed May 20 02:40:26 PM 2026 JST.422535
          share_file_id            : 0x0000000000000085 (133)
          uid                      : 0x0000fffe (65534)
          flags                    : 0x0001 (1)
          name_hash                : 0x2dee4f28 (770592552)
          stale                    : 0x00 (0)
[2026/05/20 14:40:26.743305, 10, pid=4000687, effective(65534, 65534), real(65534, 0), class=locking] source3/locking/share_mode_lock.c:2410(share_mode_entry_do)
  share_mode_entry_do: entry[0]: modified=0, e.stale=1
[2026/05/20 14:40:26.743323, 10, pid=4000687, effective(65534, 65534), real(65534, 0), class=locking] source3/locking/share_mode_lock.c:2444(share_mode_entry_do)
  share_mode_entry_do: share_mode_entry:
[2026/05/20 14:40:26.743340,  1, pid=4000687, effective(65534, 65534), real(65534, 0), class=rpc_parse] source3/locking/share_mode_lock.c:2445(share_mode_entry_do)
       &e: struct share_mode_entry
          pid: struct server_id
              pid                      : 0x00000000003d0baf (4000687)
              task_id                  : 0x00000000 (0)
              vnn                      : 0xffffffff (4294967295)
              unique_id                : 0x3f9493830e290ceb (4581448912030207211)
          op_mid                   : 0x0000000000000049 (73)
          op_type                  : SHARE_MODE_ENTRY_OP_TYPE_NONE (0)
          client_guid              : 00000000-0000-0000-0000-000000000000
          lease_key: struct smb2_lease_key
              data: ARRAY(2)
                  data                     : 0x0000000000000000 (0)
                  data                     : 0x0000000000000000 (0)
          access_mask              : 0x00000089 (137)
          share_access             : 0x00000007 (7)
          private_options          : 0x00000000 (0)
          time                     : Wed May 20 02:40:26 PM 2026 JST.422535
          share_file_id            : 0x0000000000000085 (133)
          uid                      : 0x0000fffe (65534)
          flags                    : 0x0001 (1)
          name_hash                : 0x2dee4f28 (770592552)
          stale                    : 0x01 (1)
[2026/05/20 14:40:26.743489, 10, pid=4000687, effective(65534, 65534), real(65534, 0), class=locking] source3/locking/share_mode_lock.c:626(share_mode_data_ltdb_store)
  share_mode_data_ltdb_store: 
[2026/05/20 14:40:26.743506,  1, pid=4000687, effective(65534, 65534), real(65534, 0), class=rpc_parse] source3/locking/share_mode_lock.c:627(share_mode_data_ltdb_store)
       d: struct share_mode_data
          unique_content_epoch     : 0xd59f24362d58bd6f (-3053682207226282641)
          flags                    : 0x01cb (459)
                 1: SHARE_MODE_SHARE_DELETE  
                 1: SHARE_MODE_SHARE_WRITE   
                 1: SHARE_MODE_SHARE_READ    
                 0: SHARE_MODE_ACCESS_DELETE 
                 0: SHARE_MODE_ACCESS_WRITE  
                 1: SHARE_MODE_ACCESS_READ   
                 0: SHARE_MODE_LEASE_HANDLE  
                 1: SHARE_MODE_LEASE_WRITE   
                 1: SHARE_MODE_LEASE_READ    
          servicepath              : *
              servicepath              : '/var/samba/public'
          base_name                : *
              base_name                : 'debian-training-tx1320-raid10.iso'
          stream_name              : NULL
          num_delete_tokens        : 0x00000000 (0)
          delete_tokens: ARRAY(0)
          old_write_time           : Mon May 18 10:07:24 AM 2026 JST
          changed_write_time       : NTTIME(0)
          not_stored               : 0x00 (0)
          modified                 : 0x01 (1)
          id: struct file_id
              devid                    : 0x000000000000fc00 (64512)
              inode                    : 0x0000000001021423 (16913443)
              extid                    : 0x0000000000000000 (0)
[2026/05/20 14:40:26.743668, 10, pid=4000687, effective(65534, 65534), real(65534, 0), class=locking] source3/locking/share_mode_lock.c:676(share_mode_data_store)
  share_mode_data_store: not modified
[2026/05/20 14:40:26.743687,  5, pid=4000687, effective(65534, 65534), real(65534, 0)] lib/dbwrap/dbwrap.c:204(dbwrap_lock_order_unlock)
  dbwrap_lock_order_unlock: release lock order 1 for /run/samba/locking.tdb
[2026/05/20 14:40:26.743705, 10, pid=4000687, effective(65534, 65534), real(65534, 0)] source3/lib/dbwrap/dbwrap_watch.c:507(dbwrap_watched_record_prepare_wakeup)
  dbwrap_watched_record_prepare_wakeup: No watchers
[2026/05/20 14:40:26.743728, 10, pid=4000687, effective(65534, 65534), real(65534, 0)] source3/lib/dbwrap/dbwrap_watch.c:487(dbwrap_watched_do_locked)
  dbwrap_watched_do_locked: dbwrap_watched_do_locked_fn returned
[2026/05/20 14:40:26.743746, 10, pid=4000687, effective(65534, 65534), real(65534, 0)] source3/lib/dbwrap/dbwrap_watch.c:550(dbwrap_watched_trigger_wakeup)
  dbwrap_watched_trigger_wakeup: No one to wakeup
[2026/05/20 14:40:26.743769, 10, pid=4000687, effective(65534, 65534), real(65534, 0)] source3/lib/g_lock.c:1275(g_lock_lock)
  g_lock_lock: status=NT_STATUS_OK, state.status=NT_STATUS_WAS_UNLOCKED
[2026/05/20 14:40:26.743805,  2, pid=4000687, effective(65534, 65534), real(65534, 0)] source3/smbd/close.c:934(close_normal_file)
  nobody closed file debian-training-tx1320-raid10.iso (numopen=0) NT_STATUS_OK
[2026/05/20 14:40:26.743827,  5, pid=4000687, effective(65534, 65534), real(65534, 0)] lib/dbwrap/dbwrap.c:172(dbwrap_lock_order_lock)
  dbwrap_lock_order_lock: check lock order 1 for /run/samba/smbXsrv_open_global.tdb
[2026/05/20 14:40:26.743845, 10, pid=4000687, effective(65534, 65534), real(65534, 0)] lib/dbwrap/dbwrap.c:157(debug_lock_order)
  lock order:  1:/run/samba/smbXsrv_open_global.tdb 2:<none> 3:<none> 4:<none>
[2026/05/20 14:40:26.743882,  5, pid=4000687, effective(65534, 65534), real(65534, 0)] lib/dbwrap/dbwrap.c:204(dbwrap_lock_order_unlock)
  dbwrap_lock_order_unlock: release lock order 1 for /run/samba/smbXsrv_open_global.tdb
[2026/05/20 14:40:26.743907,  5, pid=4000687, effective(65534, 65534), real(65534, 0)] source3/smbd/files.c:1985(file_free)
  file_free: freed files structure 14741 (0 used)
[2026/05/20 14:40:26.743940,  5, pid=4000687, effective(65534, 65534), real(65534, 0)] source3/lib/util.c:150(show_msg)
  size=35
  smb_com=0x4
  smb_rcls=0
  smb_reh=0
  smb_err=0
  smb_flg=128
  smb_flg2=51203
  smb_tid=55629
  smb_pid=1788
  smb_uid=43829
  smb_mid=74
  smt_wct=0
  smb_bcc=0
