[2026/05/20 17:13:56.983707,  4, pid=4018094, effective(0, 0), real(0, 0)] source3/smbd/sec_ctx.c:206(push_sec_ctx)
  push_sec_ctx(0, 0) : sec_ctx_stack_ndx = 2
[2026/05/20 17:13:56.984351,  4, pid=4018094, effective(0, 0), real(0, 0)] source3/smbd/uid.c:566(push_conn_ctx)
  push_conn_ctx(10914) : conn_ctx_stack_ndx = 1
[2026/05/20 17:13:56.984373,  4, pid=4018094, effective(0, 0), real(0, 0)] source3/smbd/sec_ctx.c:317(set_sec_ctx_internal)
  setting sec ctx (0, 0) - sec_ctx_stack_ndx = 2
[2026/05/20 17:13:56.984390,  5, pid=4018094, effective(0, 0), real(0, 0)] libcli/security/security_token.c:49(security_token_debug)
  Security token: (NULL)
[2026/05/20 17:13:56.984407,  5, pid=4018094, effective(0, 0), real(0, 0)] source3/auth/token_util.c:873(debug_unix_user_token)
  UNIX token of user 0
  Primary group is 0 and contains 0 supplementary groups
[2026/05/20 17:13:56.984454,  5, pid=4018094, effective(0, 0), real(0, 0), class=passdb] source3/passdb/pdb_tdb.c:602(tdbsam_getsampwnam)
  pdb_getsampwnam (TDB): error fetching database.
   Key: USER_ubuntu
[2026/05/20 17:13:56.984485,  4, pid=4018094, effective(0, 0), real(0, 0)] source3/smbd/sec_ctx.c:443(pop_sec_ctx)
  pop_sec_ctx (0, 0) - sec_ctx_stack_ndx = 1
[2026/05/20 17:13:56.984505,  5, pid=4018094, effective(0, 0), real(0, 0), class=passdb] source3/passdb/pdb_interface.c:1439(pdb_default_uid_to_sid)
  pdb_default_uid_to_sid: Did not find user ubuntu (1000)
[2026/05/20 17:13:56.984537,  4, pid=4018094, effective(65534, 65534), real(65534, 0)] source3/smbd/sec_ctx.c:443(pop_sec_ctx)
  pop_sec_ctx (65534, 65534) - sec_ctx_stack_ndx = 0
[2026/05/20 17:13:56.984572, 10, pid=4018094, effective(65534, 65534), real(65534, 0)] source3/passdb/lookup_sid.c:1256(xid_to_sid)
  xid_to_sid: UID 1000 -> S-1-22-1-1000 fallback
[2026/05/20 17:13:56.984641,  4, pid=4018094, effective(65534, 65534), real(65534, 0)] source3/smbd/sec_ctx.c:206(push_sec_ctx)
  push_sec_ctx(65534, 65534) : sec_ctx_stack_ndx = 1
[2026/05/20 17:13:56.984662,  4, pid=4018094, effective(65534, 65534), real(65534, 0)] source3/smbd/uid.c:566(push_conn_ctx)
  push_conn_ctx(10914) : conn_ctx_stack_ndx = 0
[2026/05/20 17:13:56.984679,  4, pid=4018094, effective(65534, 65534), real(65534, 0)] source3/smbd/sec_ctx.c:317(set_sec_ctx_internal)
  setting sec ctx (0, 0) - sec_ctx_stack_ndx = 1
[2026/05/20 17:13:56.984696,  5, pid=4018094, effective(65534, 65534), real(65534, 0)] libcli/security/security_token.c:49(security_token_debug)
  Security token: (NULL)
[2026/05/20 17:13:56.984713,  5, pid=4018094, effective(65534, 65534), real(65534, 0)] source3/auth/token_util.c:873(debug_unix_user_token)
  UNIX token of user 0
  Primary group is 0 and contains 0 supplementary groups
[2026/05/20 17:13:56.984773,  4, pid=4018094, effective(65534, 65534), real(65534, 0)] source3/smbd/sec_ctx.c:443(pop_sec_ctx)
  pop_sec_ctx (65534, 65534) - sec_ctx_stack_ndx = 0
[2026/05/20 17:13:56.984793, 10, pid=4018094, effective(65534, 65534), real(65534, 0)] source3/passdb/lookup_sid.c:1256(xid_to_sid)
  xid_to_sid: GID 1000 -> S-1-22-2-1000 fallback
[2026/05/20 17:13:56.984814, 10, pid=4018094, effective(65534, 65534), real(65534, 0), class=acls] source3/smbd/posix_acls.c:2692(canonicalise_acl)
  canonicalise_acl: Access ace entries before arrange :
[2026/05/20 17:13:56.984832, 10, pid=4018094, effective(65534, 65534), real(65534, 0), class=acls] source3/smbd/posix_acls.c:2705(canonicalise_acl)
  canon_ace index 0. Type = allow SID = S-1-1-0 other SMB_ACL_OTHER ace_flags = 0x0 perms r--
[2026/05/20 17:13:56.984853, 10, pid=4018094, effective(65534, 65534), real(65534, 0), class=acls] source3/smbd/posix_acls.c:2705(canonicalise_acl)
  canon_ace index 1. Type = allow SID = S-1-22-2-1000 gid 1000 SMB_ACL_GROUP_OBJ ace_flags = 0x0 perms rw-
[2026/05/20 17:13:56.984894, 10, pid=4018094, effective(65534, 65534), real(65534, 0), class=acls] source3/smbd/posix_acls.c:2705(canonicalise_acl)
  canon_ace index 2. Type = allow SID = S-1-22-1-1000 uid 1000 SMB_ACL_USER_OBJ ace_flags = 0x0 perms rw-
[2026/05/20 17:13:56.984915, 10, pid=4018094, effective(65534, 65534), real(65534, 0), class=acls] source3/smbd/posix_acls.c:766(print_canon_ace_list)
  print_canon_ace_list: canonicalise_acl: ace entries after arrange
  canon_ace index 0. Type = allow SID = S-1-22-1-1000 uid 1000 SMB_ACL_USER_OBJ ace_flags = 0x0 perms rw-
  canon_ace index 1. Type = allow SID = S-1-22-2-1000 gid 1000 SMB_ACL_GROUP_OBJ ace_flags = 0x0 perms rw-
  canon_ace index 2. Type = allow SID = S-1-1-0 other SMB_ACL_OTHER ace_flags = 0x0 perms r--
[2026/05/20 17:13:56.984963, 10, pid=4018094, effective(65534, 65534), real(65534, 0), class=acls] source3/smbd/posix_acls.c:1029(map_canon_ace_perms)
  map_canon_ace_perms: Mapped (UNIX) 180 to (NT) 12019f
[2026/05/20 17:13:56.984982, 10, pid=4018094, effective(65534, 65534), real(65534, 0), class=acls] source3/smbd/posix_acls.c:1029(map_canon_ace_perms)
  map_canon_ace_perms: Mapped (UNIX) 180 to (NT) 12019f
[2026/05/20 17:13:56.984999, 10, pid=4018094, effective(65534, 65534), real(65534, 0), class=acls] source3/smbd/posix_acls.c:1029(map_canon_ace_perms)
  map_canon_ace_perms: Mapped (UNIX) 100 to (NT) 120089
[2026/05/20 17:13:56.985023, 10, pid=4018094, effective(65534, 65534), real(65534, 0)] source3/smbd/open.c:180(smbd_check_access_rights_sd)
  smbd_check_access_rights_sd: File [debian-13.3.0-amd64-netinst.iso] requesting [0x89] returning [0x9] (NT_STATUS_OK)
[2026/05/20 17:13:56.985067,  2, pid=4018094, effective(65534, 65534), real(65534, 0)] source3/smbd/open.c:1649(open_file)
  nobody opened file debian-13.3.0-amd64-netinst.iso read=Yes write=No (numopen=3)
[2026/05/20 17:13:56.985095,  5, pid=4018094, effective(65534, 65534), real(65534, 0)] lib/dbwrap/dbwrap.c:172(dbwrap_lock_order_lock)
  dbwrap_lock_order_lock: check lock order 1 for /run/samba/locking.tdb
[2026/05/20 17:13:56.985113, 10, pid=4018094, effective(65534, 65534), real(65534, 0)] lib/dbwrap/dbwrap.c:157(debug_lock_order)
  lock order:  1:/run/samba/locking.tdb 2:<none> 3:<none> 4:<none>
[2026/05/20 17:13:56.985135, 10, pid=4018094, effective(65534, 65534), real(65534, 0), class=locking] source3/locking/share_mode_lock.c:990(get_share_mode_lock_internal)
  get_share_mode_lock_internal: Returning 64512:16908295:0 (data_cached=1 key_refcount=1)
[2026/05/20 17:13:56.985156, 10, pid=4018094, effective(65534, 65534), real(65534, 0), class=locking] source3/locking/locking.c:1007(find_delete_on_close_token)
  find_delete_on_close_token: name_hash = 0x620a2ea9
[2026/05/20 17:13:56.985175, 10, pid=4018094, effective(65534, 65534), real(65534, 0)] source3/smbd/open.c:1712(share_conflict)
  share_conflict: existing access_mask = 0x0, existing share access = 0x7, access_mask = 0x89, share_access = 0x7
[2026/05/20 17:13:56.985193, 10, pid=4018094, effective(65534, 65534), real(65534, 0)] source3/smbd/open.c:1722(share_conflict)
  share_conflict: No conflict due to existing access_mask = 0x0
[2026/05/20 17:13:56.985211, 10, pid=4018094, effective(65534, 65534), real(65534, 0)] source3/smbd/open.c:1988(open_mode_check)
  open_mode_check: No conflict due to share_mode_flags access
[2026/05/20 17:13:56.985231, 10, pid=4018094, effective(65534, 65534), real(65534, 0), class=locking] source3/locking/share_mode_lock.c:2258(share_mode_forall_entries)
  share_mode_forall_entries: num_share_modes=0
[2026/05/20 17:13:56.985249, 10, pid=4018094, effective(65534, 65534), real(65534, 0), class=locking] source3/locking/share_mode_lock.c:2277(share_mode_forall_entries)
  share_mode_forall_entries: num_share_entries=0, writeback=0
[2026/05/20 17:13:56.985268, 10, pid=4018094, effective(65534, 65534), real(65534, 0), class=locking] source3/locking/brlock.c:1868(brl_get_locks_readonly)
  seqnum=0, fsp->brlock_seqnum=0
[2026/05/20 17:13:56.985294, 10, pid=4018094, effective(65534, 65534), real(65534, 0)] source3/smbd/open.c:2811(delay_for_oplock)
  delay_for_oplock: oplock type 0x0 granted (RW)(0x5), on file debian-13.3.0-amd64-netinst.iso, requested 0x1 (RW)(0x5) => total (RW)(0x5)
[2026/05/20 17:13:56.985323, 10, pid=4018094, effective(65534, 65534), real(65534, 0), class=locking] source3/locking/share_mode_lock.c:1999(set_share_mode)
  set_share_mode: num_share_modes=0
[2026/05/20 17:13:56.985348, 10, pid=4018094, effective(65534, 65534), real(65534, 0), class=locking] source3/locking/share_mode_lock.c:349(share_mode_entry_put)
  share_mode_entry_put: share_mode_entry:
[2026/05/20 17:13:56.985366,  1, pid=4018094, effective(65534, 65534), real(65534, 0), class=rpc_parse] source3/locking/share_mode_lock.c:350(share_mode_entry_put)
       discard_const_p(void, e): struct share_mode_entry
          pid: struct server_id
              pid                      : 0x00000000003d4fae (4018094)
              task_id                  : 0x00000000 (0)
              vnn                      : 0xffffffff (4294967295)
              unique_id                : 0xec85a3fb311857e1 (-1403535409600243743)
          op_mid                   : 0x000000000000007e (126)
          op_type                  : SHARE_MODE_ENTRY_OP_TYPE_EXCLUSIVE (1)
          client_guid              : 00000000-0000-0000-0000-000000000000
          lease_key: struct smb2_lease_key
              data: ARRAY(2)
                  data                     : 0x0000000000000000 (0)
                  data                     : 0x0000000000000000 (0)
          access_mask              : 0x00000089 (137)
          share_access             : 0x00000007 (7)
          private_options          : 0x00000000 (0)
          time                     : Wed May 20 05:13:56 PM 2026 JST.982123
          share_file_id            : 0x00000000000000c6 (198)
          uid                      : 0x0000fffe (65534)
          flags                    : 0x0001 (1)
          name_hash                : 0x620a2ea9 (1644834473)
          stale                    : 0x00 (0)
[2026/05/20 17:13:56.985517, 10, pid=4018094, effective(65534, 65534), real(65534, 0), class=locking] source3/locking/share_mode_lock.c:2043(set_share_mode)
  set_share_mode: idx=0, found=0
[2026/05/20 17:13:56.985535, 10, pid=4018094, effective(65534, 65534), real(65534, 0), class=locking] source3/locking/share_mode_lock.c:2071(set_share_mode)
  set_share_mode: dbufs[0]=(0x7ffc78fcd220, 132)
[2026/05/20 17:13:56.985563, 10, pid=4018094, effective(65534, 65534), real(65534, 0), class=locking] source3/locking/share_mode_lock.c:626(share_mode_data_ltdb_store)
  share_mode_data_ltdb_store: 
[2026/05/20 17:13:56.985581,  1, pid=4018094, effective(65534, 65534), real(65534, 0), class=rpc_parse] source3/locking/share_mode_lock.c:627(share_mode_data_ltdb_store)
       d: struct share_mode_data
          unique_content_epoch     : 0x6e864e78aa294584 (7964139271209174404)
          flags                    : 0x01cb (459)
                 1: SHARE_MODE_SHARE_DELETE  
                 1: SHARE_MODE_SHARE_WRITE   
                 1: SHARE_MODE_SHARE_READ    
                 0: SHARE_MODE_ACCESS_DELETE 
                 0: SHARE_MODE_ACCESS_WRITE  
                 1: SHARE_MODE_ACCESS_READ   
                 0: SHARE_MODE_LEASE_HANDLE  
                 1: SHARE_MODE_LEASE_WRITE   
                 1: SHARE_MODE_LEASE_READ    
          servicepath              : *
              servicepath              : '/var/samba/public'
          base_name                : *
              base_name                : 'debian-13.3.0-amd64-netinst.iso'
          stream_name              : NULL
          num_delete_tokens        : 0x00000000 (0)
          delete_tokens: ARRAY(0)
          old_write_time           : Sun Feb 22 02:05:45 AM 2026 JST
          changed_write_time       : NTTIME(0)
          not_stored               : 0x01 (1)
          modified                 : 0x01 (1)
          id: struct file_id
              devid                    : 0x000000000000fc00 (64512)
              inode                    : 0x0000000001020007 (16908295)
              extid                    : 0x0000000000000000 (0)
[2026/05/20 17:13:56.985753, 10, pid=4018094, effective(65534, 65534), real(65534, 0), class=locking] source3/locking/share_mode_lock.c:676(share_mode_data_store)
  share_mode_data_store: not modified
[2026/05/20 17:13:56.985771, 10, pid=4018094, effective(65534, 65534), real(65534, 0), class=locking] source3/locking/share_mode_lock.c:207(share_mode_memcache_store)
  share_mode_memcache_store: stored entry for file debian-13.3.0-amd64-netinst.iso epoch 6e864e78aa294584 key 64512:16908295:0
[2026/05/20 17:13:56.985798,  5, pid=4018094, effective(65534, 65534), real(65534, 0)] lib/dbwrap/dbwrap.c:204(dbwrap_lock_order_unlock)
  dbwrap_lock_order_unlock: release lock order 1 for /run/samba/locking.tdb
[2026/05/20 17:13:56.985816, 10, pid=4018094, effective(65534, 65534), real(65534, 0)] source3/lib/dbwrap/dbwrap_watch.c:507(dbwrap_watched_record_prepare_wakeup)
  dbwrap_watched_record_prepare_wakeup: No watchers
[2026/05/20 17:13:56.985839, 10, pid=4018094, effective(65534, 65534), real(65534, 0)] source3/lib/dbwrap/dbwrap_watch.c:487(dbwrap_watched_do_locked)
  dbwrap_watched_do_locked: dbwrap_watched_do_locked_fn returned
[2026/05/20 17:13:56.985857, 10, pid=4018094, effective(65534, 65534), real(65534, 0)] source3/lib/dbwrap/dbwrap_watch.c:550(dbwrap_watched_trigger_wakeup)
  dbwrap_watched_trigger_wakeup: No one to wakeup
[2026/05/20 17:13:56.985892, 10, pid=4018094, effective(65534, 65534), real(65534, 0)] source3/lib/g_lock.c:1275(g_lock_lock)
  g_lock_lock: status=NT_STATUS_OK, state.status=NT_STATUS_WAS_UNLOCKED
[2026/05/20 17:13:56.985913,  5, pid=4018094, effective(65534, 65534), real(65534, 0), class=locking] source3/smbd/smb2_oplock.c:86(set_file_oplock)
  set_file_oplock: granted oplock on file debian-13.3.0-amd64-netinst.iso, 64512:16908295:0/198, tv_sec = 6a0d6d44, tv_usec = efc6b
[2026/05/20 17:13:56.985936, 10, pid=4018094, effective(65534, 65534), real(65534, 0)] source3/smbd/open.c:6446(create_file_unixpath)
  create_file_unixpath: info=1
[2026/05/20 17:13:56.985960,  5, pid=4018094, effective(65534, 65534), real(65534, 0)] source3/smbd/files.c:1985(file_free)
  file_free: freed files structure 0 (2 used)
[2026/05/20 17:13:56.985980, 10, pid=4018094, effective(65534, 65534), real(65534, 0)] source3/smbd/open.c:6642(create_file_default)
  create_file: info=1
[2026/05/20 17:13:56.985999, 10, pid=4018094, effective(65534, 65534), real(65534, 0)] source3/smbd/smb2_trans2.c:2779(store_file_unix_basic)
  store_file_unix_basic: SMB_QUERY_FILE_UNIX_BASIC
[2026/05/20 17:13:56.986017,  4, pid=4018094, effective(65534, 65534), real(65534, 0)] source3/smbd/smb2_trans2.c:2780(store_file_unix_basic)
  store_file_unix_basic: st_mode=100664
[2026/05/20 17:13:56.986040,  9, pid=4018094, effective(65534, 65534), real(65534, 0)] source3/smbd/smb1_trans2.c:230(send_trans2_replies)
  t2_rep: params_sent_thistime = 2, data_sent_thistime = 112, useable_space = 16406
[2026/05/20 17:13:56.986058,  9, pid=4018094, effective(65534, 65534), real(65534, 0)] source3/smbd/smb1_trans2.c:232(send_trans2_replies)
  t2_rep: params_to_send = 2, data_to_send = 112, paramsize = 2, datasize = 112
[2026/05/20 17:13:56.986088,  5, pid=4018094, effective(65534, 65534), real(65534, 0)] source3/lib/util.c:150(show_msg)
  size=172
  smb_com=0x32
  smb_rcls=0
  smb_reh=0
  smb_err=0
  smb_flg=128
  smb_flg2=51203
  smb_tid=47115
  smb_pid=1778
  smb_uid=10914
  smb_mid=126
  smt_wct=10
  smb_vwv[ 0]=    2 (0x2)
  smb_vwv[ 1]=  112 (0x70)
  smb_vwv[ 2]=    0 (0x0)
  smb_vwv[ 3]=    2 (0x2)
  smb_vwv[ 4]=   56 (0x38)
  smb_vwv[ 5]=    0 (0x0)
  smb_vwv[ 6]=  112 (0x70)
  smb_vwv[ 7]=   60 (0x3C)
  smb_vwv[ 8]=    0 (0x0)
  smb_vwv[ 9]=    0 (0x0)
  smb_bcc=117
[2026/05/20 17:13:56.986186, 10, pid=4018094, effective(65534, 65534), real(65534, 0)] lib/util/util.c:578(dump_data)
  [0000] 00 00 00 00 00 01 00 68   A3 01 00 00 00 00 02 00   .......h ........
  [0010] 00 00 00 20 2F 00 00 00   00 00 10 20 2F 00 00 00   ... /... ... /...
  [0020] 00 BB AC 26 51 54 A3 DC   01 8A 31 A8 A3 2C E8 DC   ...&QT.. ..1..,..
  [0030] 01 BB AC 26 51 54 A3 DC   01 E8 03 00 00 00 00 00   ...&QT.. ........
  [0040] 00 E8 03 00 00 00 00 00   00 00 00 00 00 FC 00 00   ........ ........
  [0050] 00 00 00 00 00 00 00 00   00 00 00 00 00 07 00 02   ........ ........
  [0060] 01 00 00 00 00 B4 01 00   00 00 00 00 00 01 00 00   ........ ........
  [0070] 00 00 00 00 00                                      .....
[2026/05/20 17:13:56.986411,  5, pid=4018094, effective(65534, 65534), real(65534, 0)] source3/smbd/files.c:1985(file_free)
  file_free: freed files structure 0 (1 used)
[2026/05/20 17:13:57.301499, 10, pid=4018094, effective(65534, 65534), real(65534, 0)] source3/lib/util_sock.c:180(read_smb_length_return_keepalive)
  got smb length of 41
[2026/05/20 17:13:57.301650,  6, pid=4018094, effective(65534, 65534), real(65534, 0)] source3/smbd/smb2_process.c:574(process_smb)
  got message type 0x0 of len 0x29
[2026/05/20 17:13:57.301670,  3, pid=4018094, effective(65534, 65534), real(65534, 0)] source3/smbd/smb2_process.c:576(process_smb)
  Transaction 126 of length 45 (0 toread)
[2026/05/20 17:13:57.301702,  5, pid=4018094, effective(65534, 65534), real(65534, 0)] source3/lib/util.c:150(show_msg)
  size=41
  smb_com=0x4
  smb_rcls=0
  smb_reh=0
  smb_err=0
  smb_flg=0
  smb_flg2=49153
  smb_tid=47115
  smb_pid=1778
  smb_uid=10914
  smb_mid=127
  smt_wct=3
  smb_vwv[ 0]=41832 (0xA368)
  smb_vwv[ 1]=65535 (0xFFFF)
  smb_vwv[ 2]=65535 (0xFFFF)
  smb_bcc=0
[2026/05/20 17:13:57.301793,  3, pid=4018094, effective(65534, 65534), real(65534, 0)] source3/smbd/smb1_process.c:1112(switch_message)
  switch message SMBclose (pid 4018094) conn 0x6087dc17b920
[2026/05/20 17:13:57.301817,  5, pid=4018094, effective(65534, 65534), real(65534, 0)] source3/smbd/uid.c:327(change_to_user_impersonate)
  change_to_user_impersonate: Skipping user change - already user
[2026/05/20 17:13:57.301838,  4, pid=4018094, effective(65534, 65534), real(65534, 0), class=vfs] source3/smbd/vfs.c:937(vfs_ChDir)
  vfs_ChDir to /var/samba/public
[2026/05/20 17:13:57.301905,  5, pid=4018094, effective(65534, 65534), real(65534, 0), class=vfs] source3/smbd/vfs.c:999(vfs_ChDir)
  vfs_ChDir: vfs_ChDir got /var/samba/public
[2026/05/20 17:13:57.301935,  5, pid=4018094, effective(65534, 65534), real(65534, 0)] source3/smbd/uid.c:294(print_impersonation_info)
  print_impersonation_info: Impersonated user: uid=(65534,65534), gid=(0,65534), cwd=[/var/samba/public]
[2026/05/20 17:13:57.301962,  3, pid=4018094, effective(65534, 65534), real(65534, 0)] source3/smbd/smb1_reply.c:5097(reply_close)
  reply_close: Close file fd=30 fnum 41832 (numopen=1)
[2026/05/20 17:13:57.301983,  6, pid=4018094, effective(65534, 65534), real(65534, 0)] source3/smbd/close.c:656(set_close_write_time)
  close_write_time: Thu Jan  1 09:00:01 1970
[2026/05/20 17:13:57.302023,  5, pid=4018094, effective(65534, 65534), real(65534, 0)] lib/dbwrap/dbwrap.c:172(dbwrap_lock_order_lock)
  dbwrap_lock_order_lock: check lock order 1 for /run/samba/locking.tdb
[2026/05/20 17:13:57.302042, 10, pid=4018094, effective(65534, 65534), real(65534, 0)] lib/dbwrap/dbwrap.c:157(debug_lock_order)
  lock order:  1:/run/samba/locking.tdb 2:<none> 3:<none> 4:<none>
[2026/05/20 17:13:57.302068, 10, pid=4018094, effective(65534, 65534), real(65534, 0), class=locking] source3/locking/share_mode_lock.c:322(share_mode_memcache_fetch)
  share_mode_memcache_fetch: fetched entry for file debian-13.3.0-amd64-netinst.iso epoch 6e864e78aa294584 key 64512:16908295:0
[2026/05/20 17:13:57.302090, 10, pid=4018094, effective(65534, 65534), real(65534, 0), class=locking] source3/locking/share_mode_lock.c:990(get_share_mode_lock_internal)
  get_share_mode_lock_internal: Returning 64512:16908295:0 (data_cached=1 key_refcount=1)
[2026/05/20 17:13:57.302112, 10, pid=4018094, effective(65534, 65534), real(65534, 0), class=locking] source3/locking/share_mode_lock.c:2388(share_mode_entry_do)
  share_mode_entry_do: num_share_modes=1
[2026/05/20 17:13:57.302130, 10, pid=4018094, effective(65534, 65534), real(65534, 0), class=locking] source3/locking/share_mode_lock.c:1941(share_mode_entry_find)
  share_mode_entry_find: left=0, right=0, middle=0, middle_ptr=0x6087dc181b38
[2026/05/20 17:13:57.302157, 10, pid=4018094, effective(65534, 65534), real(65534, 0), class=locking] source3/locking/share_mode_lock.c:2404(share_mode_entry_do)
  share_mode_entry_do: entry[0]:
[2026/05/20 17:13:57.302175,  1, pid=4018094, effective(65534, 65534), real(65534, 0), class=rpc_parse] source3/locking/share_mode_lock.c:2405(share_mode_entry_do)
       &e: struct share_mode_entry
          pid: struct server_id
              pid                      : 0x00000000003d4fae (4018094)
              task_id                  : 0x00000000 (0)
              vnn                      : 0xffffffff (4294967295)
              unique_id                : 0xec85a3fb311857e1 (-1403535409600243743)
          op_mid                   : 0x000000000000007e (126)
          op_type                  : SHARE_MODE_ENTRY_OP_TYPE_EXCLUSIVE (1)
          client_guid              : 00000000-0000-0000-0000-000000000000
          lease_key: struct smb2_lease_key
              data: ARRAY(2)
                  data                     : 0x0000000000000000 (0)
                  data                     : 0x0000000000000000 (0)
          access_mask              : 0x00000089 (137)
          share_access             : 0x00000007 (7)
          private_options          : 0x00000000 (0)
          time                     : Wed May 20 05:13:56 PM 2026 JST.982123
          share_file_id            : 0x00000000000000c6 (198)
          uid                      : 0x0000fffe (65534)
          flags                    : 0x0001 (1)
          name_hash                : 0x620a2ea9 (1644834473)
          stale                    : 0x00 (0)
[2026/05/20 17:13:57.302343, 10, pid=4018094, effective(65534, 65534), real(65534, 0), class=locking] source3/locking/share_mode_lock.c:2410(share_mode_entry_do)
  share_mode_entry_do: entry[0]: modified=1, e.stale=0
[2026/05/20 17:13:57.302361, 10, pid=4018094, effective(65534, 65534), real(65534, 0), class=locking] source3/locking/share_mode_lock.c:349(share_mode_entry_put)
  share_mode_entry_put: share_mode_entry:
[2026/05/20 17:13:57.302378,  1, pid=4018094, effective(65534, 65534), real(65534, 0), class=rpc_parse] source3/locking/share_mode_lock.c:350(share_mode_entry_put)
       discard_const_p(void, e): struct share_mode_entry
          pid: struct server_id
              pid                      : 0x00000000003d4fae (4018094)
              task_id                  : 0x00000000 (0)
              vnn                      : 0xffffffff (4294967295)
              unique_id                : 0xec85a3fb311857e1 (-1403535409600243743)
          op_mid                   : 0x000000000000007e (126)
          op_type                  : SHARE_MODE_ENTRY_OP_TYPE_NONE (0)
          client_guid              : 00000000-0000-0000-0000-000000000000
          lease_key: struct smb2_lease_key
              data: ARRAY(2)
                  data                     : 0x0000000000000000 (0)
                  data                     : 0x0000000000000000 (0)
          access_mask              : 0x00000089 (137)
          share_access             : 0x00000007 (7)
          private_options          : 0x00000000 (0)
          time                     : Wed May 20 05:13:56 PM 2026 JST.982123
          share_file_id            : 0x00000000000000c6 (198)
          uid                      : 0x0000fffe (65534)
          flags                    : 0x0001 (1)
          name_hash                : 0x620a2ea9 (1644834473)
          stale                    : 0x00 (0)
[2026/05/20 17:13:57.302521, 10, pid=4018094, effective(65534, 65534), real(65534, 0), class=locking] source3/locking/share_mode_lock.c:619(share_mode_data_ltdb_store)
  share_mode_data_ltdb_store: share_mode_data not modified
[2026/05/20 17:13:57.302541, 10, pid=4018094, effective(65534, 65534), real(65534, 0), class=locking] source3/locking/share_mode_lock.c:990(get_share_mode_lock_internal)
  get_share_mode_lock_internal: Returning 64512:16908295:0 (data_cached=1 key_refcount=2)
[2026/05/20 17:13:57.302570, 10, pid=4018094, effective(65534, 65534), real(65534, 0), class=locking] source3/locking/locking.c:1007(find_delete_on_close_token)
  find_delete_on_close_token: name_hash = 0x620a2ea9
[2026/05/20 17:13:57.302590, 10, pid=4018094, effective(65534, 65534), real(65534, 0), class=locking] source3/locking/share_mode_lock.c:2388(share_mode_entry_do)
  share_mode_entry_do: num_share_modes=1
[2026/05/20 17:13:57.302613, 10, pid=4018094, effective(65534, 65534), real(65534, 0), class=locking] source3/locking/share_mode_lock.c:1941(share_mode_entry_find)
  share_mode_entry_find: left=0, right=0, middle=0, middle_ptr=0x6087dc181eb8
[2026/05/20 17:13:57.302633, 10, pid=4018094, effective(65534, 65534), real(65534, 0), class=locking] source3/locking/share_mode_lock.c:2404(share_mode_entry_do)
  share_mode_entry_do: entry[0]:
[2026/05/20 17:13:57.302651,  1, pid=4018094, effective(65534, 65534), real(65534, 0), class=rpc_parse] source3/locking/share_mode_lock.c:2405(share_mode_entry_do)
       &e: struct share_mode_entry
          pid: struct server_id
              pid                      : 0x00000000003d4fae (4018094)
              task_id                  : 0x00000000 (0)
              vnn                      : 0xffffffff (4294967295)
              unique_id                : 0xec85a3fb311857e1 (-1403535409600243743)
          op_mid                   : 0x000000000000007e (126)
          op_type                  : SHARE_MODE_ENTRY_OP_TYPE_NONE (0)
          client_guid              : 00000000-0000-0000-0000-000000000000
          lease_key: struct smb2_lease_key
              data: ARRAY(2)
                  data                     : 0x0000000000000000 (0)
                  data                     : 0x0000000000000000 (0)
          access_mask              : 0x00000089 (137)
          share_access             : 0x00000007 (7)
          private_options          : 0x00000000 (0)
          time                     : Wed May 20 05:13:56 PM 2026 JST.982123
          share_file_id            : 0x00000000000000c6 (198)
          uid                      : 0x0000fffe (65534)
          flags                    : 0x0001 (1)
          name_hash                : 0x620a2ea9 (1644834473)
          stale                    : 0x00 (0)
[2026/05/20 17:13:57.302789, 10, pid=4018094, effective(65534, 65534), real(65534, 0), class=locking] source3/locking/share_mode_lock.c:2410(share_mode_entry_do)
  share_mode_entry_do: entry[0]: modified=0, e.stale=1
[2026/05/20 17:13:57.302806, 10, pid=4018094, effective(65534, 65534), real(65534, 0), class=locking] source3/locking/share_mode_lock.c:2444(share_mode_entry_do)
  share_mode_entry_do: share_mode_entry:
[2026/05/20 17:13:57.302824,  1, pid=4018094, effective(65534, 65534), real(65534, 0), class=rpc_parse] source3/locking/share_mode_lock.c:2445(share_mode_entry_do)
       &e: struct share_mode_entry
          pid: struct server_id
              pid                      : 0x00000000003d4fae (4018094)
              task_id                  : 0x00000000 (0)
              vnn                      : 0xffffffff (4294967295)
              unique_id                : 0xec85a3fb311857e1 (-1403535409600243743)
          op_mid                   : 0x000000000000007e (126)
          op_type                  : SHARE_MODE_ENTRY_OP_TYPE_NONE (0)
          client_guid              : 00000000-0000-0000-0000-000000000000
          lease_key: struct smb2_lease_key
              data: ARRAY(2)
                  data                     : 0x0000000000000000 (0)
                  data                     : 0x0000000000000000 (0)
          access_mask              : 0x00000089 (137)
          share_access             : 0x00000007 (7)
          private_options          : 0x00000000 (0)
          time                     : Wed May 20 05:13:56 PM 2026 JST.982123
          share_file_id            : 0x00000000000000c6 (198)
          uid                      : 0x0000fffe (65534)
          flags                    : 0x0001 (1)
          name_hash                : 0x620a2ea9 (1644834473)
          stale                    : 0x01 (1)
[2026/05/20 17:13:57.302976, 10, pid=4018094, effective(65534, 65534), real(65534, 0), class=locking] source3/locking/share_mode_lock.c:626(share_mode_data_ltdb_store)
  share_mode_data_ltdb_store: 
[2026/05/20 17:13:57.302993,  1, pid=4018094, effective(65534, 65534), real(65534, 0), class=rpc_parse] source3/locking/share_mode_lock.c:627(share_mode_data_ltdb_store)
       d: struct share_mode_data
          unique_content_epoch     : 0x6e864e78aa294587 (7964139271209174407)
          flags                    : 0x01cb (459)
                 1: SHARE_MODE_SHARE_DELETE  
                 1: SHARE_MODE_SHARE_WRITE   
                 1: SHARE_MODE_SHARE_READ    
                 0: SHARE_MODE_ACCESS_DELETE 
                 0: SHARE_MODE_ACCESS_WRITE  
                 1: SHARE_MODE_ACCESS_READ   
                 0: SHARE_MODE_LEASE_HANDLE  
                 1: SHARE_MODE_LEASE_WRITE   
                 1: SHARE_MODE_LEASE_READ    
          servicepath              : *
              servicepath              : '/var/samba/public'
          base_name                : *
              base_name                : 'debian-13.3.0-amd64-netinst.iso'
          stream_name              : NULL
          num_delete_tokens        : 0x00000000 (0)
          delete_tokens: ARRAY(0)
          old_write_time           : Sun Feb 22 02:05:45 AM 2026 JST
          changed_write_time       : NTTIME(0)
          not_stored               : 0x00 (0)
          modified                 : 0x01 (1)
          id: struct file_id
              devid                    : 0x000000000000fc00 (64512)
              inode                    : 0x0000000001020007 (16908295)
              extid                    : 0x0000000000000000 (0)
[2026/05/20 17:13:57.303163, 10, pid=4018094, effective(65534, 65534), real(65534, 0), class=locking] source3/locking/share_mode_lock.c:676(share_mode_data_store)
  share_mode_data_store: not modified
[2026/05/20 17:13:57.303182,  5, pid=4018094, effective(65534, 65534), real(65534, 0)] lib/dbwrap/dbwrap.c:204(dbwrap_lock_order_unlock)
  dbwrap_lock_order_unlock: release lock order 1 for /run/samba/locking.tdb
[2026/05/20 17:13:57.303200, 10, pid=4018094, effective(65534, 65534), real(65534, 0)] source3/lib/dbwrap/dbwrap_watch.c:507(dbwrap_watched_record_prepare_wakeup)
  dbwrap_watched_record_prepare_wakeup: No watchers
[2026/05/20 17:13:57.303223, 10, pid=4018094, effective(65534, 65534), real(65534, 0)] source3/lib/dbwrap/dbwrap_watch.c:487(dbwrap_watched_do_locked)
  dbwrap_watched_do_locked: dbwrap_watched_do_locked_fn returned
[2026/05/20 17:13:57.303240, 10, pid=4018094, effective(65534, 65534), real(65534, 0)] source3/lib/dbwrap/dbwrap_watch.c:550(dbwrap_watched_trigger_wakeup)
  dbwrap_watched_trigger_wakeup: No one to wakeup
[2026/05/20 17:13:57.303258, 10, pid=4018094, effective(65534, 65534), real(65534, 0)] source3/lib/g_lock.c:1275(g_lock_lock)
  g_lock_lock: status=NT_STATUS_OK, state.status=NT_STATUS_WAS_UNLOCKED
[2026/05/20 17:13:57.303294,  2, pid=4018094, effective(65534, 65534), real(65534, 0)] source3/smbd/close.c:934(close_normal_file)
  nobody closed file debian-13.3.0-amd64-netinst.iso (numopen=0) NT_STATUS_OK
[2026/05/20 17:13:57.303317,  5, pid=4018094, effective(65534, 65534), real(65534, 0)] lib/dbwrap/dbwrap.c:172(dbwrap_lock_order_lock)
  dbwrap_lock_order_lock: check lock order 1 for /run/samba/smbXsrv_open_global.tdb
[2026/05/20 17:13:57.303335, 10, pid=4018094, effective(65534, 65534), real(65534, 0)] lib/dbwrap/dbwrap.c:157(debug_lock_order)
  lock order:  1:/run/samba/smbXsrv_open_global.tdb 2:<none> 3:<none> 4:<none>
[2026/05/20 17:13:57.303357,  5, pid=4018094, effective(65534, 65534), real(65534, 0)] lib/dbwrap/dbwrap.c:204(dbwrap_lock_order_unlock)
  dbwrap_lock_order_unlock: release lock order 1 for /run/samba/smbXsrv_open_global.tdb
[2026/05/20 17:13:57.303379,  5, pid=4018094, effective(65534, 65534), real(65534, 0)] source3/smbd/files.c:1985(file_free)
  file_free: freed files structure 41832 (0 used)
[2026/05/20 17:13:57.303411,  5, pid=4018094, effective(65534, 65534), real(65534, 0)] source3/lib/util.c:150(show_msg)
  size=35
  smb_com=0x4
  smb_rcls=0
  smb_reh=0
  smb_err=0
  smb_flg=128
  smb_flg2=51203
  smb_tid=47115
  smb_pid=1778
  smb_uid=10914
  smb_mid=127
  smt_wct=0
  smb_bcc=0
[2026/05/20 17:14:30.309619, 10, pid=4018094, effective(65534, 65534), real(65534, 0)] source3/lib/util_event.c:42(smbd_idle_event_handler)
  smbd_idle_event_handler: idle_evt(deadtime) (nil) called
[2026/05/20 17:14:30.309756, 10, pid=4018094, effective(65534, 65534), real(65534, 0)] source3/lib/util_event.c:53(smbd_idle_event_handler)
  smbd_idle_event_handler: idle_evt(deadtime) (nil) rescheduled
[2026/05/20 17:14:30.309790, 10, pid=4018094, effective(65534, 65534), real(65534, 0)] source3/lib/util_event.c:42(smbd_idle_event_handler)
  smbd_idle_event_handler: idle_evt(housekeeping) (nil) called
[2026/05/20 17:14:30.309808,  5, pid=4018094, effective(65534, 65534), real(65534, 0)] source3/smbd/smb2_process.c:1582(housekeeping_fn)
  housekeeping
[2026/05/20 17:14:30.309828,  4, pid=4018094, effective(65534, 65534), real(65534, 0)] source3/smbd/sec_ctx.c:317(set_sec_ctx_internal)
  setting sec ctx (0, 0) - sec_ctx_stack_ndx = 0
[2026/05/20 17:14:30.309859,  5, pid=4018094, effective(65534, 65534), real(65534, 0)] libcli/security/security_token.c:49(security_token_debug)
  Security token: (NULL)
[2026/05/20 17:14:30.309904,  5, pid=4018094, effective(65534, 65534), real(65534, 0)] source3/auth/token_util.c:873(debug_unix_user_token)
  UNIX token of user 0
  Primary group is 0 and contains 0 supplementary groups
[2026/05/20 17:14:30.309967,  5, pid=4018094, effective(0, 0), real(0, 0)] source3/smbd/uid.c:494(smbd_change_to_root_user)
  change_to_root_user: now uid=(0,0) gid=(0,0)
[2026/05/20 17:14:30.310001, 10, pid=4018094, effective(0, 0), real(0, 0)] source3/lib/util_event.c:53(smbd_idle_event_handler)
  smbd_idle_event_handler: idle_evt(housekeeping) (nil) rescheduled
[2026/05/20 17:14:39.862446, 10, pid=4018094, effective(0, 0), real(0, 0)] source3/lib/util_sock.c:180(read_smb_length_return_keepalive)
  got smb length of 68
[2026/05/20 17:14:39.862614,  6, pid=4018094, effective(0, 0), real(0, 0)] source3/smbd/smb2_process.c:574(process_smb)
  got message type 0x0 of len 0x44
[2026/05/20 17:14:39.862653,  3, pid=4018094, effective(0, 0), real(0, 0)] source3/smbd/smb2_process.c:576(process_smb)
  Transaction 127 of length 72 (0 toread)
[2026/05/20 17:14:39.862687,  5, pid=4018094, effective(0, 0), real(0, 0)] source3/lib/util.c:150(show_msg)
  size=68
  smb_com=0x32
  smb_rcls=0
  smb_reh=0
  smb_err=0
  smb_flg=0
  smb_flg2=49153
  smb_tid=47115
  smb_pid=13051
  smb_uid=10914
  smb_mid=128
  smt_wct=15
  smb_vwv[ 0]=    2 (0x2)
  smb_vwv[ 1]=    0 (0x0)
  smb_vwv[ 2]=    2 (0x2)
  smb_vwv[ 3]=  100 (0x64)
  smb_vwv[ 4]=    0 (0x0)
  smb_vwv[ 5]=    0 (0x0)
  smb_vwv[ 6]=    0 (0x0)
  smb_vwv[ 7]=    0 (0x0)
  smb_vwv[ 8]=    0 (0x0)
  smb_vwv[ 9]=    2 (0x2)
  smb_vwv[10]=   66 (0x42)
  smb_vwv[11]=    0 (0x0)
  smb_vwv[12]=    0 (0x0)
  smb_vwv[13]=    1 (0x1)
  smb_vwv[14]=    3 (0x3)
  smb_bcc=3
[2026/05/20 17:14:39.862844, 10, pid=4018094, effective(0, 0), real(0, 0)] lib/util/util.c:578(dump_data)
  [0000] 00 01 02                                            ...
[2026/05/20 17:14:39.862881,  3, pid=4018094, effective(0, 0), real(0, 0)] source3/smbd/smb1_process.c:1112(switch_message)
  switch message SMBtrans2 (pid 4018094) conn 0x6087dc17b920
[2026/05/20 17:14:39.862966,  4, pid=4018094, effective(0, 0), real(0, 0)] source3/smbd/sec_ctx.c:317(set_sec_ctx_internal)
  setting sec ctx (65534, 65534) - sec_ctx_stack_ndx = 0
[2026/05/20 17:14:39.862988,  5, pid=4018094, effective(0, 0), real(0, 0)] libcli/security/security_token.c:53(security_token_debug)
  Security token SIDs (7):
    SID[  0]: S-1-5-21-2342536155-1022706741-2866312864-501
    SID[  1]: S-1-5-21-2342536155-1022706741-2866312864-514
    SID[  2]: S-1-22-2-65534
    SID[  3]: S-1-1-0
    SID[  4]: S-1-5-2
    SID[  5]: S-1-5-32-546
    SID[  6]: S-1-22-1-65534
   Privileges (0x               0):
   Rights (0x               0):
[2026/05/20 17:14:39.863090,  5, pid=4018094, effective(0, 0), real(0, 0)] source3/auth/token_util.c:873(debug_unix_user_token)
  UNIX token of user 65534
  Primary group is 65534 and contains 1 supplementary groups
  Group[  0]: 65534
[2026/05/20 17:14:39.863159,  4, pid=4018094, effective(65534, 65534), real(65534, 0), class=vfs] source3/smbd/vfs.c:937(vfs_ChDir)
  vfs_ChDir to /var/samba/public
[2026/05/20 17:14:39.863233,  5, pid=4018094, effective(65534, 65534), real(65534, 0), class=vfs] source3/smbd/vfs.c:999(vfs_ChDir)
  vfs_ChDir: vfs_ChDir got /var/samba/public
[2026/05/20 17:14:39.863261,  5, pid=4018094, effective(65534, 65534), real(65534, 0)] source3/smbd/uid.c:294(print_impersonation_info)
  print_impersonation_info: Impersonated user: uid=(65534,65534), gid=(0,65534), cwd=[/var/samba/public]
[2026/05/20 17:14:39.863288,  3, pid=4018094, effective(65534, 65534), real(65534, 0)] source3/smbd/smb1_trans2.c:1676(call_trans2qfsinfo)
  call_trans2qfsinfo: level = 513
[2026/05/20 17:14:39.863310,  3, pid=4018094, effective(65534, 65534), real(65534, 0)] source3/smbd/smb2_trans2.c:2078(smbd_do_qfsinfo)
  smbd_do_qfsinfo: level = 513
[2026/05/20 17:14:39.863336,  3, pid=4018094, effective(65534, 65534), real(65534, 0)] source3/smbd/error.c:78(error_packet_set)
  NT error packet at source3/smbd/smb1_trans2.c(1686) cmd=50 (SMBtrans2) NT_STATUS_INVALID_LEVEL
[2026/05/20 17:14:39.863373,  5, pid=4018094, effective(65534, 65534), real(65534, 0)] source3/lib/util.c:150(show_msg)
  size=35
  smb_com=0x32
  smb_rcls=72
  smb_reh=1
  smb_err=49152
  smb_flg=128
  smb_flg2=51203
  smb_tid=47115
  smb_pid=13051
  smb_uid=10914
  smb_mid=128
  smt_wct=0
  smb_bcc=0
[2026/05/20 17:14:40.179961, 10, pid=4018094, effective(65534, 65534), real(65534, 0)] source3/lib/util_sock.c:180(read_smb_length_return_keepalive)
  got smb length of 68
[2026/05/20 17:14:40.180042,  6, pid=4018094, effective(65534, 65534), real(65534, 0)] source3/smbd/smb2_process.c:574(process_smb)
  got message type 0x0 of len 0x44
[2026/05/20 17:14:40.180063,  3, pid=4018094, effective(65534, 65534), real(65534, 0)] source3/smbd/smb2_process.c:576(process_smb)
  Transaction 128 of length 72 (0 toread)
[2026/05/20 17:14:40.180095,  5, pid=4018094, effective(65534, 65534), real(65534, 0)] source3/lib/util.c:150(show_msg)
  size=68
  smb_com=0x32
  smb_rcls=0
  smb_reh=0
  smb_err=0
  smb_flg=0
  smb_flg2=49153
  smb_tid=47115
  smb_pid=13051
  smb_uid=10914
  smb_mid=129
  smt_wct=15
  smb_vwv[ 0]=    2 (0x2)
  smb_vwv[ 1]=    0 (0x0)
  smb_vwv[ 2]=    2 (0x2)
  smb_vwv[ 3]= 1000 (0x3E8)
  smb_vwv[ 4]=    0 (0x0)
  smb_vwv[ 5]=    0 (0x0)
  smb_vwv[ 6]=    0 (0x0)
  smb_vwv[ 7]=    0 (0x0)
  smb_vwv[ 8]=    0 (0x0)
  smb_vwv[ 9]=    2 (0x2)
  smb_vwv[10]=   66 (0x42)
  smb_vwv[11]=    0 (0x0)
  smb_vwv[12]=    0 (0x0)
  smb_vwv[13]=    1 (0x1)
  smb_vwv[14]=    3 (0x3)
  smb_bcc=3
[2026/05/20 17:14:40.180213, 10, pid=4018094, effective(65534, 65534), real(65534, 0)] lib/util/util.c:578(dump_data)
  [0000] 00 03 01                                            ...
[2026/05/20 17:14:40.180249,  3, pid=4018094, effective(65534, 65534), real(65534, 0)] source3/smbd/smb1_process.c:1112(switch_message)
  switch message SMBtrans2 (pid 4018094) conn 0x6087dc17b920
[2026/05/20 17:14:40.180274,  5, pid=4018094, effective(65534, 65534), real(65534, 0)] source3/smbd/uid.c:327(change_to_user_impersonate)
  change_to_user_impersonate: Skipping user change - already user
[2026/05/20 17:14:40.180317,  5, pid=4018094, effective(65534, 65534), real(65534, 0)] source3/smbd/uid.c:294(print_impersonation_info)
  print_impersonation_info: Impersonated user: uid=(65534,65534), gid=(0,65534), cwd=[/var/samba/public]
[2026/05/20 17:14:40.180344,  3, pid=4018094, effective(65534, 65534), real(65534, 0)] source3/smbd/smb1_trans2.c:1676(call_trans2qfsinfo)
  call_trans2qfsinfo: level = 259
[2026/05/20 17:14:40.180369,  3, pid=4018094, effective(65534, 65534), real(65534, 0)] source3/smbd/smb2_trans2.c:2078(smbd_do_qfsinfo)
  smbd_do_qfsinfo: level = 259
[2026/05/20 17:14:40.180575, 10, pid=4018094, effective(65534, 65534), real(65534, 0), class=quota] source3/lib/sysquotas.c:513(sys_get_quota)
  sys_get_quota() uid(65534, 65534), fs(ext4)
[2026/05/20 17:14:40.180597, 10, pid=4018094, effective(65534, 65534), real(65534, 0), class=quota] source3/lib/sysquotas_linux.c:80(sys_get_vfs_quota)
  sys_get_vfs_quota: path[/] bdev[/dev/mapper/ubuntu--vg-ubuntu--lv] SMB_USER_FS_QUOTA_TYPE (uid[65534])
[2026/05/20 17:14:40.180659, 10, pid=4018094, effective(65534, 65534), real(65534, 0), class=quota] source3/lib/sysquotas.c:537(sys_get_quota)
  sys_get_vfs_quota() called for mntpath[/] bdev[/dev/mapper/ubuntu--vg-ubuntu--lv] qtype[1] id[-1].
[2026/05/20 17:14:40.180741, 10, pid=4018094, effective(65534, 65534), real(65534, 0), class=quota] source3/lib/sysquotas.c:513(sys_get_quota)
  sys_get_quota() uid(65534, 65534), fs(ext4)
[2026/05/20 17:14:40.180761, 10, pid=4018094, effective(65534, 65534), real(65534, 0), class=quota] source3/lib/sysquotas_linux.c:93(sys_get_vfs_quota)
  sys_get_vfs_quota: path[/] bdev[/dev/mapper/ubuntu--vg-ubuntu--lv] SMB_GROUP_FS_QUOTA_TYPE (gid[65534])
[2026/05/20 17:14:40.180786, 10, pid=4018094, effective(65534, 65534), real(65534, 0), class=quota] source3/lib/sysquotas.c:537(sys_get_quota)
  sys_get_vfs_quota() called for mntpath[/] bdev[/dev/mapper/ubuntu--vg-ubuntu--lv] qtype[3] id[-1].
[2026/05/20 17:14:40.180805,  5, pid=4018094, effective(65534, 65534), real(65534, 0)] source3/smbd/smb2_trans2.c:2297(smbd_do_qfsinfo)
  smbd_do_qfsinfo : SMB_QUERY_FS_SIZE_INFO bsize=1024, cSectorUnit=2, cBytesSector=512, cUnitTotal=2111122464, cUnitAvail=1024902852
[2026/05/20 17:14:40.180825,  9, pid=4018094, effective(65534, 65534), real(65534, 0)] source3/smbd/smb1_trans2.c:230(send_trans2_replies)
  t2_rep: params_sent_thistime = 0, data_sent_thistime = 24, useable_space = 16408
[2026/05/20 17:14:40.180843,  9, pid=4018094, effective(65534, 65534), real(65534, 0)] source3/smbd/smb1_trans2.c:232(send_trans2_replies)
  t2_rep: params_to_send = 0, data_to_send = 24, paramsize = 0, datasize = 24
[2026/05/20 17:14:40.180905,  5, pid=4018094, effective(65534, 65534), real(65534, 0)] source3/lib/util.c:150(show_msg)
  size=80
  smb_com=0x32
  smb_rcls=0
  smb_reh=0
  smb_err=0
  smb_flg=128
  smb_flg2=51203
  smb_tid=47115
  smb_pid=13051
  smb_uid=10914
  smb_mid=129
  smt_wct=10
  smb_vwv[ 0]=    0 (0x0)
  smb_vwv[ 1]=   24 (0x18)
  smb_vwv[ 2]=    0 (0x0)
  smb_vwv[ 3]=    0 (0x0)
  smb_vwv[ 4]=   56 (0x38)
  smb_vwv[ 5]=    0 (0x0)
  smb_vwv[ 6]=   24 (0x18)
  smb_vwv[ 7]=   56 (0x38)
  smb_vwv[ 8]=    0 (0x0)
  smb_vwv[ 9]=    0 (0x0)
  smb_bcc=25
[2026/05/20 17:14:40.181019, 10, pid=4018094, effective(65534, 65534), real(65534, 0)] lib/util/util.c:578(dump_data)
  [0000] 00 20 2C D5 7D 00 00 00   00 C4 C6 16 3D 00 00 00   . ,.}... ....=...
  [0010] 00 02 00 00 00 00 02 00   00                        ........ .
[2026/05/20 17:14:40.181109,  4, pid=4018094, effective(65534, 65534), real(65534, 0)] source3/smbd/smb1_trans2.c:1693(call_trans2qfsinfo)
  SMBtrans2 info_level = 259
[2026/05/20 17:14:57.461658, 10, pid=4018094, effective(65534, 65534), real(65534, 0)] source3/lib/util_sock.c:180(read_smb_length_return_keepalive)
  got smb length of 138
[2026/05/20 17:14:57.461744,  6, pid=4018094, effective(65534, 65534), real(65534, 0)] source3/smbd/smb2_process.c:574(process_smb)
  got message type 0x0 of len 0x8a
[2026/05/20 17:14:57.461766,  3, pid=4018094, effective(65534, 65534), real(65534, 0)] source3/smbd/smb2_process.c:576(process_smb)
  Transaction 129 of length 142 (0 toread)
[2026/05/20 17:14:57.461799,  5, pid=4018094, effective(65534, 65534), real(65534, 0)] source3/lib/util.c:150(show_msg)
  size=138
  smb_com=0x32
  smb_rcls=0
  smb_reh=0
  smb_err=0
  smb_flg=0
  smb_flg2=49153
  smb_tid=47115
  smb_pid=1778
  smb_uid=10914
  smb_mid=130
  smt_wct=15
  smb_vwv[ 0]=   72 (0x48)
  smb_vwv[ 1]=    0 (0x0)
  smb_vwv[ 2]=    2 (0x2)
  smb_vwv[ 3]= 4000 (0xFA0)
  smb_vwv[ 4]=    0 (0x0)
  smb_vwv[ 5]=    0 (0x0)
  smb_vwv[ 6]=    0 (0x0)
  smb_vwv[ 7]=    0 (0x0)
  smb_vwv[ 8]=    0 (0x0)
  smb_vwv[ 9]=   72 (0x48)
  smb_vwv[10]=   66 (0x42)
  smb_vwv[11]=    0 (0x0)
  smb_vwv[12]=    0 (0x0)
  smb_vwv[13]=    1 (0x1)
  smb_vwv[14]=    5 (0x5)
  smb_bcc=73
[2026/05/20 17:14:57.461943, 10, pid=4018094, effective(65534, 65534), real(65534, 0)] lib/util/util.c:578(dump_data)
  [0000] 00 00 02 00 00 00 00 2F   00 64 00 65 00 62 00 69   ......./ .d.e.b.i
  [0010] 00 61 00 6E 00 2D 00 31   00 33 00 2E 00 33 00 2E   .a.n.-.1 .3...3..
  [0020] 00 30 00 2D 00 61 00 6D   00 64 00 36 00 34 00 2D   .0.-.a.m .d.6.4.-
  [0030] 00 6E 00 65 00 74 00 69   00 6E 00 73 00 74 00 2E   .n.e.t.i .n.s.t..
  [0040] 00 69 00 73 00 6F 00 00   00                        .i.s.o.. .
[2026/05/20 17:14:57.462099,  3, pid=4018094, effective(65534, 65534), real(65534, 0)] source3/smbd/smb1_process.c:1112(switch_message)
  switch message SMBtrans2 (pid 4018094) conn 0x6087dc17b920
[2026/05/20 17:14:57.462124,  5, pid=4018094, effective(65534, 65534), real(65534, 0)] source3/smbd/uid.c:327(change_to_user_impersonate)
  change_to_user_impersonate: Skipping user change - already user
[2026/05/20 17:14:57.462167,  5, pid=4018094, effective(65534, 65534), real(65534, 0)] source3/smbd/uid.c:294(print_impersonation_info)
  print_impersonation_info: Impersonated user: uid=(65534,65534), gid=(0,65534), cwd=[/var/samba/public]
[2026/05/20 17:14:57.462195,  3, pid=4018094, effective(65534, 65534), real(65534, 0)] source3/smbd/smb1_trans2.c:2645(call_trans2qpathinfo)
  call_trans2qpathinfo: TRANSACT2_QPATHINFO: level = 512
[2026/05/20 17:14:57.462222, 10, pid=4018094, effective(65534, 65534), real(65534, 0)] source3/smbd/files.c:562(openat_pathref_fsp)
  openat_pathref_fsp: smb_fname [.]
[2026/05/20 17:14:57.462242, 10, pid=4018094, effective(65534, 65534), real(65534, 0)] source3/smbd/files.c:462(openat_pathref_fullname)
  openat_pathref_fullname: smb_fname [.]
[2026/05/20 17:14:57.462262,  5, pid=4018094, effective(65534, 65534), real(65534, 0)] source3/smbd/files.c:77(fsp_new)
  fsp_new: allocated files structure (1 used)
[2026/05/20 17:14:57.462283, 10, pid=4018094, effective(65534, 65534), real(65534, 0)] source3/smbd/files.c:2198(file_name_hash)
  file_name_hash: /var/samba/public/. hash 0xb9bae796
[2026/05/20 17:14:57.462325, 10, pid=4018094, effective(65534, 65534), real(65534, 0)] source3/smbd/open.c:930(fd_openat)
  fd_openat: name ., flags = 04000 mode = 00, fd = 14
[2026/05/20 17:14:57.462345, 10, pid=4018094, effective(65534, 65534), real(65534, 0)] source3/smbd/files.c:531(openat_pathref_fullname)
  openat_pathref_fullname: fsp [.]: OK
[2026/05/20 17:14:57.462364, 10, pid=4018094, effective(65534, 65534), real(65534, 0)] source3/smbd/files.c:562(openat_pathref_fsp)
  openat_pathref_fsp: smb_fname [debian-13.3.0-amd64-netinst.iso]
[2026/05/20 17:14:57.462383, 10, pid=4018094, effective(65534, 65534), real(65534, 0)] source3/smbd/files.c:462(openat_pathref_fullname)
  openat_pathref_fullname: smb_fname [debian-13.3.0-amd64-netinst.iso]
[2026/05/20 17:14:57.462402,  5, pid=4018094, effective(65534, 65534), real(65534, 0)] source3/smbd/files.c:77(fsp_new)
  fsp_new: allocated files structure (2 used)
[2026/05/20 17:14:57.462420, 10, pid=4018094, effective(65534, 65534), real(65534, 0)] source3/smbd/files.c:2198(file_name_hash)
  file_name_hash: /var/samba/public/debian-13.3.0-amd64-netinst.iso hash 0x620a2ea9
[2026/05/20 17:14:57.462446, 10, pid=4018094, effective(65534, 65534), real(65534, 0)] source3/smbd/open.c:930(fd_openat)
  fd_openat: name debian-13.3.0-amd64-netinst.iso, flags = 04000 mode = 00, fd = 28
[2026/05/20 17:14:57.462465, 10, pid=4018094, effective(65534, 65534), real(65534, 0)] source3/smbd/files.c:531(openat_pathref_fullname)
  openat_pathref_fullname: fsp [debian-13.3.0-amd64-netinst.iso]: OK
[2026/05/20 17:14:57.462485, 10, pid=4018094, effective(65534, 65534), real(65534, 0)] source3/smbd/files.c:2198(file_name_hash)
  file_name_hash: /var/samba/public/debian-13.3.0-amd64-netinst.iso hash 0x620a2ea9
[2026/05/20 17:14:57.462512, 10, pid=4018094, effective(65534, 65534), real(65534, 0)] source3/lib/g_lock.c:1655(g_lock_dump)
  g_lock_dump: dbwrap_parse_record returned NT_STATUS_NOT_FOUND
[2026/05/20 17:14:57.462535, 10, pid=4018094, effective(65534, 65534), real(65534, 0), class=locking] source3/locking/share_mode_lock.c:1570(fetch_share_mode_unlocked)
  fetch_share_mode_unlocked: g_lock_dump failed: NT_STATUS_NOT_FOUND
[2026/05/20 17:14:57.462563, 10, pid=4018094, effective(65534, 65534), real(65534, 0)] source3/smbd/smb2_trans2.c:2779(store_file_unix_basic)
  store_file_unix_basic: SMB_QUERY_FILE_UNIX_BASIC
[2026/05/20 17:14:57.462580,  4, pid=4018094, effective(65534, 65534), real(65534, 0)] source3/smbd/smb2_trans2.c:2780(store_file_unix_basic)
  store_file_unix_basic: st_mode=100664
[2026/05/20 17:14:57.462603,  9, pid=4018094, effective(65534, 65534), real(65534, 0)] source3/smbd/smb1_trans2.c:230(send_trans2_replies)
  t2_rep: params_sent_thistime = 2, data_sent_thistime = 100, useable_space = 16406
[2026/05/20 17:14:57.462621,  9, pid=4018094, effective(65534, 65534), real(65534, 0)] source3/smbd/smb1_trans2.c:232(send_trans2_replies)
  t2_rep: params_to_send = 2, data_to_send = 100, paramsize = 2, datasize = 100
[2026/05/20 17:14:57.462651,  5, pid=4018094, effective(65534, 65534), real(65534, 0)] source3/lib/util.c:150(show_msg)
  size=160
  smb_com=0x32
  smb_rcls=0
  smb_reh=0
  smb_err=0
  smb_flg=128
  smb_flg2=51203
  smb_tid=47115
  smb_pid=1778
  smb_uid=10914
  smb_mid=130
  smt_wct=10
  smb_vwv[ 0]=    2 (0x2)
  smb_vwv[ 1]=  100 (0x64)
  smb_vwv[ 2]=    0 (0x0)
  smb_vwv[ 3]=    2 (0x2)
  smb_vwv[ 4]=   56 (0x38)
  smb_vwv[ 5]=    0 (0x0)
  smb_vwv[ 6]=  100 (0x64)
  smb_vwv[ 7]=   60 (0x3C)
  smb_vwv[ 8]=    0 (0x0)
  smb_vwv[ 9]=    0 (0x0)
  smb_bcc=105
[2026/05/20 17:14:57.462747, 10, pid=4018094, effective(65534, 65534), real(65534, 0)] lib/util/util.c:578(dump_data)
  [0000] 00 00 00 00 00 00 00 20   2F 00 00 00 00 00 10 20   .......  /...... 
  [0010] 2F 00 00 00 00 BB AC 26   51 54 A3 DC 01 8A 31 A8   /......& QT....1.
  [0020] A3 2C E8 DC 01 BB AC 26   51 54 A3 DC 01 E8 03 00   .,.....& QT......
  [0030] 00 00 00 00 00 E8 03 00   00 00 00 00 00 00 00 00   ........ ........
  [0040] 00 FC 00 00 00 00 00 00   00 00 00 00 00 00 00 00   ........ ........
  [0050] 00 07 00 02 01 00 00 00   00 B4 01 00 00 00 00 00   ........ ........
  [0060] 00 01 00 00 00 00 00 00   00                        ........ .
[2026/05/20 17:14:57.462961,  5, pid=4018094, effective(65534, 65534), real(65534, 0)] source3/smbd/files.c:1985(file_free)
  file_free: freed files structure 0 (1 used)
[2026/05/20 17:14:57.462985,  5, pid=4018094, effective(65534, 65534), real(65534, 0)] source3/smbd/files.c:1985(file_free)
  file_free: freed files structure 0 (0 used)
[2026/05/20 17:14:57.780026, 10, pid=4018094, effective(65534, 65534), real(65534, 0)] source3/lib/util_sock.c:180(read_smb_length_return_keepalive)
  got smb length of 158
[2026/05/20 17:14:57.780116,  6, pid=4018094, effective(65534, 65534), real(65534, 0)] source3/smbd/smb2_process.c:574(process_smb)
  got message type 0x0 of len 0x9e
[2026/05/20 17:14:57.780137,  3, pid=4018094, effective(65534, 65534), real(65534, 0)] source3/smbd/smb2_process.c:576(process_smb)
  Transaction 130 of length 162 (0 toread)
[2026/05/20 17:14:57.780169,  5, pid=4018094, effective(65534, 65534), real(65534, 0)] source3/lib/util.c:150(show_msg)
  size=158
  smb_com=0x32
  smb_rcls=0
  smb_reh=0
  smb_err=0
  smb_flg=0
  smb_flg2=49153
  smb_tid=47115
  smb_pid=1778
  smb_uid=10914
  smb_mid=131
  smt_wct=15
  smb_vwv[ 0]=   72 (0x48)
  smb_vwv[ 1]=   18 (0x12)
  smb_vwv[ 2]=    2 (0x2)
  smb_vwv[ 3]= 1000 (0x3E8)
  smb_vwv[ 4]=    0 (0x0)
  smb_vwv[ 5]=    0 (0x0)
  smb_vwv[ 6]=    0 (0x0)
  smb_vwv[ 7]=    0 (0x0)
  smb_vwv[ 8]=    0 (0x0)
  smb_vwv[ 9]=   72 (0x48)
  smb_vwv[10]=   68 (0x44)
  smb_vwv[11]=   18 (0x12)
  smb_vwv[12]=  140 (0x8C)
  smb_vwv[13]=    1 (0x1)
  smb_vwv[14]=    6 (0x6)
  smb_bcc=93
[2026/05/20 17:14:57.780288, 10, pid=4018094, effective(65534, 65534), real(65534, 0)] lib/util/util.c:578(dump_data)
  [0000] 00 00 00 09 02 00 00 00   00 2F 00 64 00 65 00 62   ........ ./.d.e.b
  [0010] 00 69 00 61 00 6E 00 2D   00 31 00 33 00 2E 00 33   .i.a.n.- .1.3...3
  [0020] 00 2E 00 30 00 2D 00 61   00 6D 00 64 00 36 00 34   ...0.-.a .m.d.6.4
  [0030] 00 2D 00 6E 00 65 00 74   00 69 00 6E 00 73 00 74   .-.n.e.t .i.n.s.t
  [0040] 00 2E 00 69 00 73 00 6F   00 00 00 02 00 00 00 01   ...i.s.o ........
  [0050] 04 00 00 ED 01 00 00 00   00 00 00 00 02            ........ .....
[2026/05/20 17:14:57.780454,  3, pid=4018094, effective(65534, 65534), real(65534, 0)] source3/smbd/smb1_process.c:1112(switch_message)
  switch message SMBtrans2 (pid 4018094) conn 0x6087dc17b920
[2026/05/20 17:14:57.780478,  5, pid=4018094, effective(65534, 65534), real(65534, 0)] source3/smbd/uid.c:327(change_to_user_impersonate)
  change_to_user_impersonate: Skipping user change - already user
[2026/05/20 17:14:57.780519,  5, pid=4018094, effective(65534, 65534), real(65534, 0)] source3/smbd/uid.c:294(print_impersonation_info)
  print_impersonation_info: Impersonated user: uid=(65534,65534), gid=(0,65534), cwd=[/var/samba/public]
[2026/05/20 17:14:57.780551,  3, pid=4018094, effective(65534, 65534), real(65534, 0)] source3/smbd/smb1_trans2.c:4513(call_trans2setpathinfo)
  call_trans2setpathinfo: fname=debian-13.3.0-amd64-netinst.iso info_level=521 totdata=18
[2026/05/20 17:14:57.780574, 10, pid=4018094, effective(65534, 65534), real(65534, 0)] source3/smbd/files.c:562(openat_pathref_fsp)
  openat_pathref_fsp: smb_fname [.]
[2026/05/20 17:14:57.780595, 10, pid=4018094, effective(65534, 65534), real(65534, 0)] source3/smbd/files.c:462(openat_pathref_fullname)
  openat_pathref_fullname: smb_fname [.]
[2026/05/20 17:14:57.780614,  5, pid=4018094, effective(65534, 65534), real(65534, 0)] source3/smbd/files.c:77(fsp_new)
  fsp_new: allocated files structure (1 used)
[2026/05/20 17:14:57.780636, 10, pid=4018094, effective(65534, 65534), real(65534, 0)] source3/smbd/files.c:2198(file_name_hash)
  file_name_hash: /var/samba/public/. hash 0xb9bae796
[2026/05/20 17:14:57.780676, 10, pid=4018094, effective(65534, 65534), real(65534, 0)] source3/smbd/open.c:930(fd_openat)
  fd_openat: name ., flags = 04000 mode = 00, fd = 14
[2026/05/20 17:14:57.780695, 10, pid=4018094, effective(65534, 65534), real(65534, 0)] source3/smbd/files.c:531(openat_pathref_fullname)
  openat_pathref_fullname: fsp [.]: OK
[2026/05/20 17:14:57.780715, 10, pid=4018094, effective(65534, 65534), real(65534, 0)] source3/smbd/files.c:562(openat_pathref_fsp)
  openat_pathref_fsp: smb_fname [debian-13.3.0-amd64-netinst.iso]
[2026/05/20 17:14:57.780734, 10, pid=4018094, effective(65534, 65534), real(65534, 0)] source3/smbd/files.c:462(openat_pathref_fullname)
  openat_pathref_fullname: smb_fname [debian-13.3.0-amd64-netinst.iso]
[2026/05/20 17:14:57.780753,  5, pid=4018094, effective(65534, 65534), real(65534, 0)] source3/smbd/files.c:77(fsp_new)
  fsp_new: allocated files structure (2 used)
[2026/05/20 17:14:57.780771, 10, pid=4018094, effective(65534, 65534), real(65534, 0)] source3/smbd/files.c:2198(file_name_hash)
  file_name_hash: /var/samba/public/debian-13.3.0-amd64-netinst.iso hash 0x620a2ea9
[2026/05/20 17:14:57.780796, 10, pid=4018094, effective(65534, 65534), real(65534, 0)] source3/smbd/open.c:930(fd_openat)
  fd_openat: name debian-13.3.0-amd64-netinst.iso, flags = 04000 mode = 00, fd = 28
[2026/05/20 17:14:57.780815, 10, pid=4018094, effective(65534, 65534), real(65534, 0)] source3/smbd/files.c:531(openat_pathref_fullname)
  openat_pathref_fullname: fsp [debian-13.3.0-amd64-netinst.iso]: OK
[2026/05/20 17:14:57.780839, 10, pid=4018094, effective(65534, 65534), real(65534, 0)] source3/smbd/smb1_trans2.c:3477(smb_posix_open)
  smb_posix_open: file debian-13.3.0-amd64-netinst.iso, smb_posix_flags = 1024, mode 0755
[2026/05/20 17:14:57.780858, 10, pid=4018094, effective(65534, 65534), real(65534, 0)] source3/smbd/open.c:6509(create_file_default)
  create_file_default: create_file: access_mask = 0x89 file_attributes = 0x0, share_access = 0x7, create_disposition = 0x1 create_options = 0x40 oplock_request = 0x1 private_flags = 0x0 ea_list = (nil), sd = (nil), fname = debian-13.3.0-amd64-netinst.iso
[2026/05/20 17:14:57.780913, 10, pid=4018094, effective(65534, 65534), real(65534, 0)] source3/smbd/open.c:5926(create_file_unixpath)
  create_file_unixpath: access_mask = 0x89 file_attributes = 0x10001a4 share_access = 0x7 create_disposition = 0x1 create_options = 0x40 oplock_request = 0x1 private_flags = 0x0 ea_list = (nil), sd = (nil), fname = debian-13.3.0-amd64-netinst.iso
[2026/05/20 17:14:57.780959,  5, pid=4018094, effective(65534, 65534), real(65534, 0)] lib/dbwrap/dbwrap.c:172(dbwrap_lock_order_lock)
  dbwrap_lock_order_lock: check lock order 1 for /run/samba/smbXsrv_open_global.tdb
[2026/05/20 17:14:57.780978, 10, pid=4018094, effective(65534, 65534), real(65534, 0)] lib/dbwrap/dbwrap.c:157(debug_lock_order)
  lock order:  1:/run/samba/smbXsrv_open_global.tdb 2:<none> 3:<none> 4:<none>
[2026/05/20 17:14:57.781024, 10, pid=4018094, effective(65534, 65534), real(65534, 0)] source3/smbd/smbXsrv_open.c:349(smbXsrv_open_global_store)
  smbXsrv_open_global_store: key '3A6B4A30' stored
[2026/05/20 17:14:57.781045,  1, pid=4018094, effective(65534, 65534), real(65534, 0), class=rpc_parse] source3/smbd/smbXsrv_open.c:350(smbXsrv_open_global_store)
       &global_blob: struct smbXsrv_open_globalB
          version                  : SMBXSRV_VERSION_0 (0)
          seqnum                   : 0x00000001 (1)
          info                     : union smbXsrv_open_globalU(case 0)
          info0                    : *
              info0: struct smbXsrv_open_global0
                  server_id: struct server_id
                      pid                      : 0x00000000003d4fae (4018094)
                      task_id                  : 0x00000000 (0)
                      vnn                      : 0xffffffff (4294967295)
                      unique_id                : 0xec85a3fb311857e1 (-1403535409600243743)
                  open_global_id           : 0x3a6b4a30 (980109872)
                  open_persistent_id       : 0x000000003a6b4a30 (980109872)
                  open_volatile_id         : 0x0000000000001db5 (7605)
                  open_owner               : S-1-5-21-2342536155-1022706741-2866312864-501
                  open_time                : Wed May 20 05:14:58 PM 2026 JST
                  create_guid              : 00000000-0000-0000-0000-000000000000
                  client_guid              : 00000000-0000-0000-0000-000000000000
                  app_instance_id          : 00000000-0000-0000-0000-000000000000
                  disconnect_time          : NTTIME(0)
                  durable_timeout_msec     : 0x00000000 (0)
                  durable                  : 0x00 (0)
                  backend_cookie           : DATA_BLOB length=0
                  channel_sequence         : 0x0000 (0)
                  channel_generation       : 0x0000000000000000 (0)
                  lock_sequence_array: ARRAY(64)
  [0000] FF FF FF FF FF FF FF FF   FF FF FF FF FF FF FF FF   ........ ........
  [0010] FF FF FF FF FF FF FF FF   FF FF FF FF FF FF FF FF   ........ ........
  [0020] FF FF FF FF FF FF FF FF   FF FF FF FF FF FF FF FF   ........ ........
  [0030] FF FF FF FF FF FF FF FF   FF FF FF FF FF FF FF FF   ........ ........
[2026/05/20 17:14:57.781361,  5, pid=4018094, effective(65534, 65534), real(65534, 0)] lib/dbwrap/dbwrap.c:204(dbwrap_lock_order_unlock)
  dbwrap_lock_order_unlock: release lock order 1 for /run/samba/smbXsrv_open_global.tdb
[2026/05/20 17:14:57.781379, 10, pid=4018094, effective(65534, 65534), real(65534, 0)] source3/smbd/smbXsrv_open.c:466(smbXsrv_open_global_allocate)
  smbXsrv_open_global_allocate: Found slot 980109872
[2026/05/20 17:14:57.781397, 10, pid=4018094, effective(65534, 65534), real(65534, 0)] source3/smbd/smbXsrv_open.c:614(smbXsrv_open_create)
  smbXsrv_open_create: global_id (0x3a6b4a30) stored
[2026/05/20 17:14:57.781415,  1, pid=4018094, effective(65534, 65534), real(65534, 0), class=rpc_parse] source3/smbd/smbXsrv_open.c:616(smbXsrv_open_create)
       &open_blob: struct smbXsrv_openB
          version                  : SMBXSRV_VERSION_0 (0)
          reserved                 : 0x00000000 (0)
          info                     : union smbXsrv_openU(case 0)
          info0                    : *
              info0: struct smbXsrv_open
                  table                    : *
                  local_id                 : 0x00001db5 (7605)
                  global                   : *
                      global: struct smbXsrv_open_global0
                          server_id: struct server_id
                              pid                      : 0x00000000003d4fae (4018094)
                              task_id                  : 0x00000000 (0)
                              vnn                      : 0xffffffff (4294967295)
                              unique_id                : 0xec85a3fb311857e1 (-1403535409600243743)
                          open_global_id           : 0x3a6b4a30 (980109872)
                          open_persistent_id       : 0x000000003a6b4a30 (980109872)
                          open_volatile_id         : 0x0000000000001db5 (7605)
                          open_owner               : S-1-5-21-2342536155-1022706741-2866312864-501
                          open_time                : Wed May 20 05:14:58 PM 2026 JST
                          create_guid              : 00000000-0000-0000-0000-000000000000
                          client_guid              : 00000000-0000-0000-0000-000000000000
                          app_instance_id          : 00000000-0000-0000-0000-000000000000
                          disconnect_time          : NTTIME(0)
                          durable_timeout_msec     : 0x00000000 (0)
                          durable                  : 0x00 (0)
                          backend_cookie           : DATA_BLOB length=0
                          channel_sequence         : 0x0000 (0)
                          channel_generation       : 0x0000000000000000 (0)
                          lock_sequence_array: ARRAY(64)
  [0000] FF FF FF FF FF FF FF FF   FF FF FF FF FF FF FF FF   ........ ........
  [0010] FF FF FF FF FF FF FF FF   FF FF FF FF FF FF FF FF   ........ ........
  [0020] FF FF FF FF FF FF FF FF   FF FF FF FF FF FF FF FF   ........ ........
  [0030] FF FF FF FF FF FF FF FF   FF FF FF FF FF FF FF FF   ........ ........
                  status                   : NT_STATUS_OK
                  idle_time                : Wed May 20 05:14:58 PM 2026 JST
                  compat                   : NULL
                  flags                    : 0x00 (0)
                         0: SMBXSRV_OPEN_NEED_REPLAY_CACHE
                         0: SMBXSRV_OPEN_HAVE_REPLAY_CACHE
                  create_action            : 0x00000000 (0)
                  request_count            : 0x0000000000000000 (0)
                  pre_request_count        : 0x0000000000000000 (0)
[2026/05/20 17:14:57.781798, 10, pid=4018094, effective(65534, 65534), real(65534, 0)] source3/smbd/files.c:135(fsp_bind_smb)
  fsp_bind_smb: fsp [debian-13.3.0-amd64-netinst.iso] mid [131]
[2026/05/20 17:14:57.781818, 10, pid=4018094, effective(65534, 65534), real(65534, 0)] source3/smbd/files.c:562(openat_pathref_fsp)
  openat_pathref_fsp: smb_fname [.]
[2026/05/20 17:14:57.781837, 10, pid=4018094, effective(65534, 65534), real(65534, 0)] source3/smbd/files.c:462(openat_pathref_fullname)
  openat_pathref_fullname: smb_fname [.]
[2026/05/20 17:14:57.781856,  5, pid=4018094, effective(65534, 65534), real(65534, 0)] source3/smbd/files.c:77(fsp_new)
  fsp_new: allocated files structure (3 used)
[2026/05/20 17:14:57.781890, 10, pid=4018094, effective(65534, 65534), real(65534, 0)] source3/smbd/files.c:2198(file_name_hash)
  file_name_hash: /var/samba/public/. hash 0xb9bae796
[2026/05/20 17:14:57.781922, 10, pid=4018094, effective(65534, 65534), real(65534, 0)] source3/smbd/open.c:930(fd_openat)
  fd_openat: name ., flags = 04000 mode = 00, fd = 29
[2026/05/20 17:14:57.781941, 10, pid=4018094, effective(65534, 65534), real(65534, 0)] source3/smbd/files.c:531(openat_pathref_fullname)
  openat_pathref_fullname: fsp [.]: OK
[2026/05/20 17:14:57.781961, 10, pid=4018094, effective(65534, 65534), real(65534, 0)] source3/smbd/files.c:2198(file_name_hash)
  file_name_hash: /var/samba/public/. hash 0xb9bae796
[2026/05/20 17:14:57.781979, 10, pid=4018094, effective(65534, 65534), real(65534, 0)] source3/smbd/open.c:3837(open_file_ntcreate)
  open_file_ntcreate: fname=debian-13.3.0-amd64-netinst.iso, dos_attrs=0x0 access_mask=0x89 share_access=0x7 create_disposition = 0x1 create_options=0x40 unix mode=0644 oplock_request=1 private_flags = 0x0
[2026/05/20 17:14:57.782007, 10, pid=4018094, effective(65534, 65534), real(65534, 0)] source3/smbd/open.c:4036(open_file_ntcreate)
  open_file_ntcreate: fname=debian-13.3.0-amd64-netinst.iso, after mapping access_mask=0x89
[2026/05/20 17:14:57.782025,  4, pid=4018094, effective(65534, 65534), real(65534, 0)] source3/smbd/open.c:4138(open_file_ntcreate)
  calling open_file with flags=0x0 flags2=0x800 mode=0644, access_mask = 0x89, open_access_mask = 0x89
[2026/05/20 17:14:57.782046, 10, pid=4018094, effective(65534, 65534), real(65534, 0), class=acls] source3/smbd/posix_acls.c:3366(posix_fget_nt_acl)
  posix_fget_nt_acl: called for file debian-13.3.0-amd64-netinst.iso
[2026/05/20 17:14:57.782206,  4, pid=4018094, effective(65534, 65534), real(65534, 0)] source3/smbd/sec_ctx.c:206(push_sec_ctx)
  push_sec_ctx(65534, 65534) : sec_ctx_stack_ndx = 1
[2026/05/20 17:14:57.782230,  4, pid=4018094, effective(65534, 65534), real(65534, 0)] source3/smbd/uid.c:566(push_conn_ctx)
  push_conn_ctx(10914) : conn_ctx_stack_ndx = 0
[2026/05/20 17:14:57.782248,  4, pid=4018094, effective(65534, 65534), real(65534, 0)] source3/smbd/sec_ctx.c:317(set_sec_ctx_internal)
  setting sec ctx (0, 0) - sec_ctx_stack_ndx = 1
[2026/05/20 17:14:57.782266,  5, pid=4018094, effective(65534, 65534), real(65534, 0)] libcli/security/security_token.c:49(security_token_debug)
  Security token: (NULL)
[2026/05/20 17:14:57.782285,  5, pid=4018094, effective(65534, 65534), real(65534, 0)] source3/auth/token_util.c:873(debug_unix_user_token)
  UNIX token of user 0
  Primary group is 0 and contains 0 supplementary groups
[2026/05/20 17:14:57.782391,  4, pid=4018094, effective(0, 0), real(0, 0)] source3/smbd/sec_ctx.c:206(push_sec_ctx)
  push_sec_ctx(0, 0) : sec_ctx_stack_ndx = 2
[2026/05/20 17:14:57.782416,  4, pid=4018094, effective(0, 0), real(0, 0)] source3/smbd/uid.c:566(push_conn_ctx)
  push_conn_ctx(10914) : conn_ctx_stack_ndx = 1
[2026/05/20 17:14:57.782434,  4, pid=4018094, effective(0, 0), real(0, 0)] source3/smbd/sec_ctx.c:317(set_sec_ctx_internal)
  setting sec ctx (0, 0) - sec_ctx_stack_ndx = 2
[2026/05/20 17:14:57.782451,  5, pid=4018094, effective(0, 0), real(0, 0)] libcli/security/security_token.c:49(security_token_debug)
  Security token: (NULL)
[2026/05/20 17:14:57.782468,  5, pid=4018094, effective(0, 0), real(0, 0)] source3/auth/token_util.c:873(debug_unix_user_token)
  UNIX token of user 0
  Primary group is 0 and contains 0 supplementary groups
[2026/05/20 17:14:57.782527,  5, pid=4018094, effective(0, 0), real(0, 0), class=passdb] source3/passdb/pdb_tdb.c:602(tdbsam_getsampwnam)
  pdb_getsampwnam (TDB): error fetching database.
   Key: USER_ubuntu
[2026/05/20 17:14:57.782558,  4, pid=4018094, effective(0, 0), real(0, 0)] source3/smbd/sec_ctx.c:443(pop_sec_ctx)
  pop_sec_ctx (0, 0) - sec_ctx_stack_ndx = 1
[2026/05/20 17:14:57.782578,  5, pid=4018094, effective(0, 0), real(0, 0), class=passdb] source3/passdb/pdb_interface.c:1439(pdb_default_uid_to_sid)
  pdb_default_uid_to_sid: Did not find user ubuntu (1000)
[2026/05/20 17:14:57.782608,  4, pid=4018094, effective(65534, 65534), real(65534, 0)] source3/smbd/sec_ctx.c:443(pop_sec_ctx)
  pop_sec_ctx (65534, 65534) - sec_ctx_stack_ndx = 0
[2026/05/20 17:14:57.782631, 10, pid=4018094, effective(65534, 65534), real(65534, 0)] source3/passdb/lookup_sid.c:1256(xid_to_sid)
  xid_to_sid: UID 1000 -> S-1-22-1-1000 fallback
[2026/05/20 17:14:57.782679,  4, pid=4018094, effective(65534, 65534), real(65534, 0)] source3/smbd/sec_ctx.c:206(push_sec_ctx)
  push_sec_ctx(65534, 65534) : sec_ctx_stack_ndx = 1
[2026/05/20 17:14:57.782700,  4, pid=4018094, effective(65534, 65534), real(65534, 0)] source3/smbd/uid.c:566(push_conn_ctx)
  push_conn_ctx(10914) : conn_ctx_stack_ndx = 0
[2026/05/20 17:14:57.782717,  4, pid=4018094, effective(65534, 65534), real(65534, 0)] source3/smbd/sec_ctx.c:317(set_sec_ctx_internal)
  setting sec ctx (0, 0) - sec_ctx_stack_ndx = 1
[2026/05/20 17:14:57.782741,  5, pid=4018094, effective(65534, 65534), real(65534, 0)] libcli/security/security_token.c:49(security_token_debug)
  Security token: (NULL)
[2026/05/20 17:14:57.782758,  5, pid=4018094, effective(65534, 65534), real(65534, 0)] source3/auth/token_util.c:873(debug_unix_user_token)
  UNIX token of user 0
  Primary group is 0 and contains 0 supplementary groups
[2026/05/20 17:14:57.782816,  4, pid=4018094, effective(65534, 65534), real(65534, 0)] source3/smbd/sec_ctx.c:443(pop_sec_ctx)
  pop_sec_ctx (65534, 65534) - sec_ctx_stack_ndx = 0
[2026/05/20 17:14:57.782836, 10, pid=4018094, effective(65534, 65534), real(65534, 0)] source3/passdb/lookup_sid.c:1256(xid_to_sid)
  xid_to_sid: GID 1000 -> S-1-22-2-1000 fallback
[2026/05/20 17:14:57.782857, 10, pid=4018094, effective(65534, 65534), real(65534, 0), class=acls] source3/smbd/posix_acls.c:2692(canonicalise_acl)
  canonicalise_acl: Access ace entries before arrange :
[2026/05/20 17:14:57.782900, 10, pid=4018094, effective(65534, 65534), real(65534, 0), class=acls] source3/smbd/posix_acls.c:2705(canonicalise_acl)
  canon_ace index 0. Type = allow SID = S-1-1-0 other SMB_ACL_OTHER ace_flags = 0x0 perms r--
[2026/05/20 17:14:57.782922, 10, pid=4018094, effective(65534, 65534), real(65534, 0), class=acls] source3/smbd/posix_acls.c:2705(canonicalise_acl)
  canon_ace index 1. Type = allow SID = S-1-22-2-1000 gid 1000 SMB_ACL_GROUP_OBJ ace_flags = 0x0 perms rw-
[2026/05/20 17:14:57.782943, 10, pid=4018094, effective(65534, 65534), real(65534, 0), class=acls] source3/smbd/posix_acls.c:2705(canonicalise_acl)
  canon_ace index 2. Type = allow SID = S-1-22-1-1000 uid 1000 SMB_ACL_USER_OBJ ace_flags = 0x0 perms rw-
[2026/05/20 17:14:57.782964, 10, pid=4018094, effective(65534, 65534), real(65534, 0), class=acls] source3/smbd/posix_acls.c:766(print_canon_ace_list)
  print_canon_ace_list: canonicalise_acl: ace entries after arrange
  canon_ace index 0. Type = allow SID = S-1-22-1-1000 uid 1000 SMB_ACL_USER_OBJ ace_flags = 0x0 perms rw-
  canon_ace index 1. Type = allow SID = S-1-22-2-1000 gid 1000 SMB_ACL_GROUP_OBJ ace_flags = 0x0 perms rw-
  canon_ace index 2. Type = allow SID = S-1-1-0 other SMB_ACL_OTHER ace_flags = 0x0 perms r--
[2026/05/20 17:14:57.783004, 10, pid=4018094, effective(65534, 65534), real(65534, 0), class=acls] source3/smbd/posix_acls.c:1029(map_canon_ace_perms)
  map_canon_ace_perms: Mapped (UNIX) 180 to (NT) 12019f
[2026/05/20 17:14:57.783022, 10, pid=4018094, effective(65534, 65534), real(65534, 0), class=acls] source3/smbd/posix_acls.c:1029(map_canon_ace_perms)
  map_canon_ace_perms: Mapped (UNIX) 180 to (NT) 12019f
[2026/05/20 17:14:57.783040, 10, pid=4018094, effective(65534, 65534), real(65534, 0), class=acls] source3/smbd/posix_acls.c:1029(map_canon_ace_perms)
  map_canon_ace_perms: Mapped (UNIX) 100 to (NT) 120089
[2026/05/20 17:14:57.783069, 10, pid=4018094, effective(65534, 65534), real(65534, 0)] source3/smbd/open.c:180(smbd_check_access_rights_sd)
  smbd_check_access_rights_sd: File [debian-13.3.0-amd64-netinst.iso] requesting [0x89] returning [0x9] (NT_STATUS_OK)
[2026/05/20 17:14:57.783122,  2, pid=4018094, effective(65534, 65534), real(65534, 0)] source3/smbd/open.c:1649(open_file)
  nobody opened file debian-13.3.0-amd64-netinst.iso read=Yes write=No (numopen=3)
[2026/05/20 17:14:57.783150,  5, pid=4018094, effective(65534, 65534), real(65534, 0)] lib/dbwrap/dbwrap.c:172(dbwrap_lock_order_lock)
  dbwrap_lock_order_lock: check lock order 1 for /run/samba/locking.tdb
[2026/05/20 17:14:57.783168, 10, pid=4018094, effective(65534, 65534), real(65534, 0)] lib/dbwrap/dbwrap.c:157(debug_lock_order)
  lock order:  1:/run/samba/locking.tdb 2:<none> 3:<none> 4:<none>
[2026/05/20 17:14:57.783190, 10, pid=4018094, effective(65534, 65534), real(65534, 0), class=locking] source3/locking/share_mode_lock.c:990(get_share_mode_lock_internal)
  get_share_mode_lock_internal: Returning 64512:16908295:0 (data_cached=1 key_refcount=1)
[2026/05/20 17:14:57.783212, 10, pid=4018094, effective(65534, 65534), real(65534, 0), class=locking] source3/locking/locking.c:1007(find_delete_on_close_token)
  find_delete_on_close_token: name_hash = 0x620a2ea9
[2026/05/20 17:14:57.783237, 10, pid=4018094, effective(65534, 65534), real(65534, 0)] source3/smbd/open.c:1712(share_conflict)
  share_conflict: existing access_mask = 0x0, existing share access = 0x7, access_mask = 0x89, share_access = 0x7
[2026/05/20 17:14:57.783256, 10, pid=4018094, effective(65534, 65534), real(65534, 0)] source3/smbd/open.c:1722(share_conflict)
  share_conflict: No conflict due to existing access_mask = 0x0
[2026/05/20 17:14:57.783273, 10, pid=4018094, effective(65534, 65534), real(65534, 0)] source3/smbd/open.c:1988(open_mode_check)
  open_mode_check: No conflict due to share_mode_flags access
[2026/05/20 17:14:57.783294, 10, pid=4018094, effective(65534, 65534), real(65534, 0), class=locking] source3/locking/share_mode_lock.c:2258(share_mode_forall_entries)
  share_mode_forall_entries: num_share_modes=0
[2026/05/20 17:14:57.783312, 10, pid=4018094, effective(65534, 65534), real(65534, 0), class=locking] source3/locking/share_mode_lock.c:2277(share_mode_forall_entries)
  share_mode_forall_entries: num_share_entries=0, writeback=0
[2026/05/20 17:14:57.783331, 10, pid=4018094, effective(65534, 65534), real(65534, 0), class=locking] source3/locking/brlock.c:1868(brl_get_locks_readonly)
  seqnum=0, fsp->brlock_seqnum=0
[2026/05/20 17:14:57.783353, 10, pid=4018094, effective(65534, 65534), real(65534, 0)] source3/smbd/open.c:2811(delay_for_oplock)
  delay_for_oplock: oplock type 0x0 granted (RW)(0x5), on file debian-13.3.0-amd64-netinst.iso, requested 0x1 (RW)(0x5) => total (RW)(0x5)
[2026/05/20 17:14:57.783375, 10, pid=4018094, effective(65534, 65534), real(65534, 0), class=locking] source3/locking/share_mode_lock.c:1999(set_share_mode)
  set_share_mode: num_share_modes=0
[2026/05/20 17:14:57.783394, 10, pid=4018094, effective(65534, 65534), real(65534, 0), class=locking] source3/locking/share_mode_lock.c:349(share_mode_entry_put)
  share_mode_entry_put: share_mode_entry:
[2026/05/20 17:14:57.783412,  1, pid=4018094, effective(65534, 65534), real(65534, 0), class=rpc_parse] source3/locking/share_mode_lock.c:350(share_mode_entry_put)
       discard_const_p(void, e): struct share_mode_entry
          pid: struct server_id
              pid                      : 0x00000000003d4fae (4018094)
              task_id                  : 0x00000000 (0)
              vnn                      : 0xffffffff (4294967295)
              unique_id                : 0xec85a3fb311857e1 (-1403535409600243743)
          op_mid                   : 0x0000000000000083 (131)
          op_type                  : SHARE_MODE_ENTRY_OP_TYPE_EXCLUSIVE (1)
          client_guid              : 00000000-0000-0000-0000-000000000000
          lease_key: struct smb2_lease_key
              data: ARRAY(2)
                  data                     : 0x0000000000000000 (0)
                  data                     : 0x0000000000000000 (0)
          access_mask              : 0x00000089 (137)
          share_access             : 0x00000007 (7)
          private_options          : 0x00000000 (0)
          time                     : Wed May 20 05:14:57 PM 2026 JST.780770
          share_file_id            : 0x00000000000000cb (203)
          uid                      : 0x0000fffe (65534)
          flags                    : 0x0001 (1)
          name_hash                : 0x620a2ea9 (1644834473)
          stale                    : 0x00 (0)
[2026/05/20 17:14:57.783561, 10, pid=4018094, effective(65534, 65534), real(65534, 0), class=locking] source3/locking/share_mode_lock.c:2043(set_share_mode)
  set_share_mode: idx=0, found=0
[2026/05/20 17:14:57.783579, 10, pid=4018094, effective(65534, 65534), real(65534, 0), class=locking] source3/locking/share_mode_lock.c:2071(set_share_mode)
  set_share_mode: dbufs[0]=(0x7ffc78fcd220, 132)
[2026/05/20 17:14:57.783598, 10, pid=4018094, effective(65534, 65534), real(65534, 0), class=locking] source3/locking/share_mode_lock.c:626(share_mode_data_ltdb_store)
  share_mode_data_ltdb_store: 
[2026/05/20 17:14:57.783620,  1, pid=4018094, effective(65534, 65534), real(65534, 0), class=rpc_parse] source3/locking/share_mode_lock.c:627(share_mode_data_ltdb_store)
       d: struct share_mode_data
          unique_content_epoch     : 0x6e864e78aa29458c (7964139271209174412)
          flags                    : 0x01cb (459)
                 1: SHARE_MODE_SHARE_DELETE  
                 1: SHARE_MODE_SHARE_WRITE   
                 1: SHARE_MODE_SHARE_READ    
                 0: SHARE_MODE_ACCESS_DELETE 
                 0: SHARE_MODE_ACCESS_WRITE  
                 1: SHARE_MODE_ACCESS_READ   
                 0: SHARE_MODE_LEASE_HANDLE  
                 1: SHARE_MODE_LEASE_WRITE   
                 1: SHARE_MODE_LEASE_READ    
          servicepath              : *
              servicepath              : '/var/samba/public'
          base_name                : *
              base_name                : 'debian-13.3.0-amd64-netinst.iso'
          stream_name              : NULL
          num_delete_tokens        : 0x00000000 (0)
          delete_tokens: ARRAY(0)
          old_write_time           : Sun Feb 22 02:05:45 AM 2026 JST
          changed_write_time       : NTTIME(0)
          not_stored               : 0x01 (1)
          modified                 : 0x01 (1)
          id: struct file_id
              devid                    : 0x000000000000fc00 (64512)
              inode                    : 0x0000000001020007 (16908295)
              extid                    : 0x0000000000000000 (0)
[2026/05/20 17:14:57.783792, 10, pid=4018094, effective(65534, 65534), real(65534, 0), class=locking] source3/locking/share_mode_lock.c:676(share_mode_data_store)
  share_mode_data_store: not modified
[2026/05/20 17:14:57.783811, 10, pid=4018094, effective(65534, 65534), real(65534, 0), class=locking] source3/locking/share_mode_lock.c:207(share_mode_memcache_store)
  share_mode_memcache_store: stored entry for file debian-13.3.0-amd64-netinst.iso epoch 6e864e78aa29458c key 64512:16908295:0
[2026/05/20 17:14:57.783832,  5, pid=4018094, effective(65534, 65534), real(65534, 0)] lib/dbwrap/dbwrap.c:204(dbwrap_lock_order_unlock)
  dbwrap_lock_order_unlock: release lock order 1 for /run/samba/locking.tdb
[2026/05/20 17:14:57.783850, 10, pid=4018094, effective(65534, 65534), real(65534, 0)] source3/lib/dbwrap/dbwrap_watch.c:507(dbwrap_watched_record_prepare_wakeup)
  dbwrap_watched_record_prepare_wakeup: No watchers
[2026/05/20 17:14:57.783889, 10, pid=4018094, effective(65534, 65534), real(65534, 0)] source3/lib/dbwrap/dbwrap_watch.c:487(dbwrap_watched_do_locked)
  dbwrap_watched_do_locked: dbwrap_watched_do_locked_fn returned
[2026/05/20 17:14:57.783907, 10, pid=4018094, effective(65534, 65534), real(65534, 0)] source3/lib/dbwrap/dbwrap_watch.c:550(dbwrap_watched_trigger_wakeup)
  dbwrap_watched_trigger_wakeup: No one to wakeup
[2026/05/20 17:14:57.783925, 10, pid=4018094, effective(65534, 65534), real(65534, 0)] source3/lib/g_lock.c:1275(g_lock_lock)
  g_lock_lock: status=NT_STATUS_OK, state.status=NT_STATUS_WAS_UNLOCKED
[2026/05/20 17:14:57.783945,  5, pid=4018094, effective(65534, 65534), real(65534, 0), class=locking] source3/smbd/smb2_oplock.c:86(set_file_oplock)
  set_file_oplock: granted oplock on file debian-13.3.0-amd64-netinst.iso, 64512:16908295:0/203, tv_sec = 6a0d6d81, tv_usec = be9e2
[2026/05/20 17:14:57.783967, 10, pid=4018094, effective(65534, 65534), real(65534, 0)] source3/smbd/open.c:6446(create_file_unixpath)
  create_file_unixpath: info=1
[2026/05/20 17:14:57.783992,  5, pid=4018094, effective(65534, 65534), real(65534, 0)] source3/smbd/files.c:1985(file_free)
  file_free: freed files structure 0 (2 used)
[2026/05/20 17:14:57.784011, 10, pid=4018094, effective(65534, 65534), real(65534, 0)] source3/smbd/open.c:6642(create_file_default)
  create_file: info=1
[2026/05/20 17:14:57.784031, 10, pid=4018094, effective(65534, 65534), real(65534, 0)] source3/smbd/smb2_trans2.c:2779(store_file_unix_basic)
  store_file_unix_basic: SMB_QUERY_FILE_UNIX_BASIC
[2026/05/20 17:14:57.784048,  4, pid=4018094, effective(65534, 65534), real(65534, 0)] source3/smbd/smb2_trans2.c:2780(store_file_unix_basic)
  store_file_unix_basic: st_mode=100664
[2026/05/20 17:14:57.784084,  9, pid=4018094, effective(65534, 65534), real(65534, 0)] source3/smbd/smb1_trans2.c:230(send_trans2_replies)
  t2_rep: params_sent_thistime = 2, data_sent_thistime = 112, useable_space = 16406
[2026/05/20 17:14:57.784103,  9, pid=4018094, effective(65534, 65534), real(65534, 0)] source3/smbd/smb1_trans2.c:232(send_trans2_replies)
  t2_rep: params_to_send = 2, data_to_send = 112, paramsize = 2, datasize = 112
[2026/05/20 17:14:57.784134,  5, pid=4018094, effective(65534, 65534), real(65534, 0)] source3/lib/util.c:150(show_msg)
  size=172
  smb_com=0x32
  smb_rcls=0
  smb_reh=0
  smb_err=0
  smb_flg=128
  smb_flg2=51203
  smb_tid=47115
  smb_pid=1778
  smb_uid=10914
  smb_mid=131
  smt_wct=10
  smb_vwv[ 0]=    2 (0x2)
  smb_vwv[ 1]=  112 (0x70)
  smb_vwv[ 2]=    0 (0x0)
  smb_vwv[ 3]=    2 (0x2)
  smb_vwv[ 4]=   56 (0x38)
  smb_vwv[ 5]=    0 (0x0)
  smb_vwv[ 6]=  112 (0x70)
  smb_vwv[ 7]=   60 (0x3C)
  smb_vwv[ 8]=    0 (0x0)
  smb_vwv[ 9]=    0 (0x0)
  smb_bcc=117
[2026/05/20 17:14:57.784232, 10, pid=4018094, effective(65534, 65534), real(65534, 0)] lib/util/util.c:578(dump_data)
  [0000] 00 00 00 00 00 01 00 B5   1D 01 00 00 00 00 02 00   ........ ........
  [0010] 00 00 00 20 2F 00 00 00   00 00 10 20 2F 00 00 00   ... /... ... /...
  [0020] 00 BB AC 26 51 54 A3 DC   01 8A 31 A8 A3 2C E8 DC   ...&QT.. ..1..,..
  [0030] 01 BB AC 26 51 54 A3 DC   01 E8 03 00 00 00 00 00   ...&QT.. ........
  [0040] 00 E8 03 00 00 00 00 00   00 00 00 00 00 FC 00 00   ........ ........
  [0050] 00 00 00 00 00 00 00 00   00 00 00 00 00 07 00 02   ........ ........
  [0060] 01 00 00 00 00 B4 01 00   00 00 00 00 00 01 00 00   ........ ........
  [0070] 00 00 00 00 00                                      .....
[2026/05/20 17:14:57.784451,  5, pid=4018094, effective(65534, 65534), real(65534, 0)] source3/smbd/files.c:1985(file_free)
  file_free: freed files structure 0 (1 used)
[2026/05/20 17:14:58.100914, 10, pid=4018094, effective(65534, 65534), real(65534, 0)] source3/lib/util_sock.c:180(read_smb_length_return_keepalive)
  got smb length of 41
[2026/05/20 17:14:58.100986,  6, pid=4018094, effective(65534, 65534), real(65534, 0)] source3/smbd/smb2_process.c:574(process_smb)
  got message type 0x0 of len 0x29
[2026/05/20 17:14:58.101006,  3, pid=4018094, effective(65534, 65534), real(65534, 0)] source3/smbd/smb2_process.c:576(process_smb)
  Transaction 131 of length 45 (0 toread)
[2026/05/20 17:14:58.101038,  5, pid=4018094, effective(65534, 65534), real(65534, 0)] source3/lib/util.c:150(show_msg)
  size=41
  smb_com=0x4
  smb_rcls=0
  smb_reh=0
  smb_err=0
  smb_flg=0
  smb_flg2=49153
  smb_tid=47115
  smb_pid=1778
  smb_uid=10914
  smb_mid=132
  smt_wct=3
  smb_vwv[ 0]= 7605 (0x1DB5)
  smb_vwv[ 1]=65535 (0xFFFF)
  smb_vwv[ 2]=65535 (0xFFFF)
  smb_bcc=0
[2026/05/20 17:14:58.101148,  3, pid=4018094, effective(65534, 65534), real(65534, 0)] source3/smbd/smb1_process.c:1112(switch_message)
  switch message SMBclose (pid 4018094) conn 0x6087dc17b920
[2026/05/20 17:14:58.101172,  5, pid=4018094, effective(65534, 65534), real(65534, 0)] source3/smbd/uid.c:327(change_to_user_impersonate)
  change_to_user_impersonate: Skipping user change - already user
[2026/05/20 17:14:58.101192,  4, pid=4018094, effective(65534, 65534), real(65534, 0), class=vfs] source3/smbd/vfs.c:937(vfs_ChDir)
  vfs_ChDir to /var/samba/public
[2026/05/20 17:14:58.101235,  5, pid=4018094, effective(65534, 65534), real(65534, 0), class=vfs] source3/smbd/vfs.c:999(vfs_ChDir)
  vfs_ChDir: vfs_ChDir got /var/samba/public
[2026/05/20 17:14:58.101262,  5, pid=4018094, effective(65534, 65534), real(65534, 0)] source3/smbd/uid.c:294(print_impersonation_info)
  print_impersonation_info: Impersonated user: uid=(65534,65534), gid=(0,65534), cwd=[/var/samba/public]
[2026/05/20 17:14:58.101289,  3, pid=4018094, effective(65534, 65534), real(65534, 0)] source3/smbd/smb1_reply.c:5097(reply_close)
  reply_close: Close file fd=30 fnum 7605 (numopen=1)
[2026/05/20 17:14:58.101324,  6, pid=4018094, effective(65534, 65534), real(65534, 0)] source3/smbd/close.c:656(set_close_write_time)
  close_write_time: Thu Jan  1 09:00:01 1970
[2026/05/20 17:14:58.101364,  5, pid=4018094, effective(65534, 65534), real(65534, 0)] lib/dbwrap/dbwrap.c:172(dbwrap_lock_order_lock)
  dbwrap_lock_order_lock: check lock order 1 for /run/samba/locking.tdb
[2026/05/20 17:14:58.101382, 10, pid=4018094, effective(65534, 65534), real(65534, 0)] lib/dbwrap/dbwrap.c:157(debug_lock_order)
  lock order:  1:/run/samba/locking.tdb 2:<none> 3:<none> 4:<none>
[2026/05/20 17:14:58.101408, 10, pid=4018094, effective(65534, 65534), real(65534, 0), class=locking] source3/locking/share_mode_lock.c:322(share_mode_memcache_fetch)
  share_mode_memcache_fetch: fetched entry for file debian-13.3.0-amd64-netinst.iso epoch 6e864e78aa29458c key 64512:16908295:0
[2026/05/20 17:14:58.101430, 10, pid=4018094, effective(65534, 65534), real(65534, 0), class=locking] source3/locking/share_mode_lock.c:990(get_share_mode_lock_internal)
  get_share_mode_lock_internal: Returning 64512:16908295:0 (data_cached=1 key_refcount=1)
[2026/05/20 17:14:58.101452, 10, pid=4018094, effective(65534, 65534), real(65534, 0), class=locking] source3/locking/share_mode_lock.c:2388(share_mode_entry_do)
  share_mode_entry_do: num_share_modes=1
[2026/05/20 17:14:58.101470, 10, pid=4018094, effective(65534, 65534), real(65534, 0), class=locking] source3/locking/share_mode_lock.c:1941(share_mode_entry_find)
  share_mode_entry_find: left=0, right=0, middle=0, middle_ptr=0x6087dc181b38
[2026/05/20 17:14:58.101497, 10, pid=4018094, effective(65534, 65534), real(65534, 0), class=locking] source3/locking/share_mode_lock.c:2404(share_mode_entry_do)
  share_mode_entry_do: entry[0]:
[2026/05/20 17:14:58.101515,  1, pid=4018094, effective(65534, 65534), real(65534, 0), class=rpc_parse] source3/locking/share_mode_lock.c:2405(share_mode_entry_do)
       &e: struct share_mode_entry
          pid: struct server_id
              pid                      : 0x00000000003d4fae (4018094)
              task_id                  : 0x00000000 (0)
              vnn                      : 0xffffffff (4294967295)
              unique_id                : 0xec85a3fb311857e1 (-1403535409600243743)
          op_mid                   : 0x0000000000000083 (131)
          op_type                  : SHARE_MODE_ENTRY_OP_TYPE_EXCLUSIVE (1)
          client_guid              : 00000000-0000-0000-0000-000000000000
          lease_key: struct smb2_lease_key
              data: ARRAY(2)
                  data                     : 0x0000000000000000 (0)
                  data                     : 0x0000000000000000 (0)
          access_mask              : 0x00000089 (137)
          share_access             : 0x00000007 (7)
          private_options          : 0x00000000 (0)
          time                     : Wed May 20 05:14:57 PM 2026 JST.780770
          share_file_id            : 0x00000000000000cb (203)
          uid                      : 0x0000fffe (65534)
          flags                    : 0x0001 (1)
          name_hash                : 0x620a2ea9 (1644834473)
          stale                    : 0x00 (0)
[2026/05/20 17:14:58.101667, 10, pid=4018094, effective(65534, 65534), real(65534, 0), class=locking] source3/locking/share_mode_lock.c:2410(share_mode_entry_do)
  share_mode_entry_do: entry[0]: modified=1, e.stale=0
[2026/05/20 17:14:58.101686, 10, pid=4018094, effective(65534, 65534), real(65534, 0), class=locking] source3/locking/share_mode_lock.c:349(share_mode_entry_put)
  share_mode_entry_put: share_mode_entry:
[2026/05/20 17:14:58.101703,  1, pid=4018094, effective(65534, 65534), real(65534, 0), class=rpc_parse] source3/locking/share_mode_lock.c:350(share_mode_entry_put)
       discard_const_p(void, e): struct share_mode_entry
          pid: struct server_id
              pid                      : 0x00000000003d4fae (4018094)
              task_id                  : 0x00000000 (0)
              vnn                      : 0xffffffff (4294967295)
              unique_id                : 0xec85a3fb311857e1 (-1403535409600243743)
          op_mid                   : 0x0000000000000083 (131)
          op_type                  : SHARE_MODE_ENTRY_OP_TYPE_NONE (0)
          client_guid              : 00000000-0000-0000-0000-000000000000
          lease_key: struct smb2_lease_key
              data: ARRAY(2)
                  data                     : 0x0000000000000000 (0)
                  data                     : 0x0000000000000000 (0)
          access_mask              : 0x00000089 (137)
          share_access             : 0x00000007 (7)
          private_options          : 0x00000000 (0)
          time                     : Wed May 20 05:14:57 PM 2026 JST.780770
          share_file_id            : 0x00000000000000cb (203)
          uid                      : 0x0000fffe (65534)
          flags                    : 0x0001 (1)
          name_hash                : 0x620a2ea9 (1644834473)
          stale                    : 0x00 (0)
[2026/05/20 17:14:58.101861, 10, pid=4018094, effective(65534, 65534), real(65534, 0), class=locking] source3/locking/share_mode_lock.c:619(share_mode_data_ltdb_store)
  share_mode_data_ltdb_store: share_mode_data not modified
[2026/05/20 17:14:58.101900, 10, pid=4018094, effective(65534, 65534), real(65534, 0), class=locking] source3/locking/share_mode_lock.c:990(get_share_mode_lock_internal)
  get_share_mode_lock_internal: Returning 64512:16908295:0 (data_cached=1 key_refcount=2)
[2026/05/20 17:14:58.101920, 10, pid=4018094, effective(65534, 65534), real(65534, 0), class=locking] source3/locking/locking.c:1007(find_delete_on_close_token)
  find_delete_on_close_token: name_hash = 0x620a2ea9
[2026/05/20 17:14:58.101940, 10, pid=4018094, effective(65534, 65534), real(65534, 0), class=locking] source3/locking/share_mode_lock.c:2388(share_mode_entry_do)
  share_mode_entry_do: num_share_modes=1
[2026/05/20 17:14:58.101958, 10, pid=4018094, effective(65534, 65534), real(65534, 0), class=locking] source3/locking/share_mode_lock.c:1941(share_mode_entry_find)
  share_mode_entry_find: left=0, right=0, middle=0, middle_ptr=0x6087dc181eb8
[2026/05/20 17:14:58.101977, 10, pid=4018094, effective(65534, 65534), real(65534, 0), class=locking] source3/locking/share_mode_lock.c:2404(share_mode_entry_do)
  share_mode_entry_do: entry[0]:
[2026/05/20 17:14:58.101995,  1, pid=4018094, effective(65534, 65534), real(65534, 0), class=rpc_parse] source3/locking/share_mode_lock.c:2405(share_mode_entry_do)
       &e: struct share_mode_entry
          pid: struct server_id
              pid                      : 0x00000000003d4fae (4018094)
              task_id                  : 0x00000000 (0)
              vnn                      : 0xffffffff (4294967295)
              unique_id                : 0xec85a3fb311857e1 (-1403535409600243743)
          op_mid                   : 0x0000000000000083 (131)
          op_type                  : SHARE_MODE_ENTRY_OP_TYPE_NONE (0)
          client_guid              : 00000000-0000-0000-0000-000000000000
          lease_key: struct smb2_lease_key
              data: ARRAY(2)
                  data                     : 0x0000000000000000 (0)
                  data                     : 0x0000000000000000 (0)
          access_mask              : 0x00000089 (137)
          share_access             : 0x00000007 (7)
          private_options          : 0x00000000 (0)
          time                     : Wed May 20 05:14:57 PM 2026 JST.780770
          share_file_id            : 0x00000000000000cb (203)
          uid                      : 0x0000fffe (65534)
          flags                    : 0x0001 (1)
          name_hash                : 0x620a2ea9 (1644834473)
          stale                    : 0x00 (0)
[2026/05/20 17:14:58.102143, 10, pid=4018094, effective(65534, 65534), real(65534, 0), class=locking] source3/locking/share_mode_lock.c:2410(share_mode_entry_do)
  share_mode_entry_do: entry[0]: modified=0, e.stale=1
[2026/05/20 17:14:58.102160, 10, pid=4018094, effective(65534, 65534), real(65534, 0), class=locking] source3/locking/share_mode_lock.c:2444(share_mode_entry_do)
  share_mode_entry_do: share_mode_entry:
[2026/05/20 17:14:58.102187,  1, pid=4018094, effective(65534, 65534), real(65534, 0), class=rpc_parse] source3/locking/share_mode_lock.c:2445(share_mode_entry_do)
       &e: struct share_mode_entry
          pid: struct server_id
              pid                      : 0x00000000003d4fae (4018094)
              task_id                  : 0x00000000 (0)
              vnn                      : 0xffffffff (4294967295)
              unique_id                : 0xec85a3fb311857e1 (-1403535409600243743)
          op_mid                   : 0x0000000000000083 (131)
          op_type                  : SHARE_MODE_ENTRY_OP_TYPE_NONE (0)
          client_guid              : 00000000-0000-0000-0000-000000000000
          lease_key: struct smb2_lease_key
              data: ARRAY(2)
                  data                     : 0x0000000000000000 (0)
                  data                     : 0x0000000000000000 (0)
          access_mask              : 0x00000089 (137)
          share_access             : 0x00000007 (7)
          private_options          : 0x00000000 (0)
          time                     : Wed May 20 05:14:57 PM 2026 JST.780770
          share_file_id            : 0x00000000000000cb (203)
          uid                      : 0x0000fffe (65534)
          flags                    : 0x0001 (1)
          name_hash                : 0x620a2ea9 (1644834473)
          stale                    : 0x01 (1)
[2026/05/20 17:14:58.102325, 10, pid=4018094, effective(65534, 65534), real(65534, 0), class=locking] source3/locking/share_mode_lock.c:626(share_mode_data_ltdb_store)
  share_mode_data_ltdb_store: 
[2026/05/20 17:14:58.102342,  1, pid=4018094, effective(65534, 65534), real(65534, 0), class=rpc_parse] source3/locking/share_mode_lock.c:627(share_mode_data_ltdb_store)
       d: struct share_mode_data
          unique_content_epoch     : 0x6e864e78aa29458f (7964139271209174415)
          flags                    : 0x01cb (459)
                 1: SHARE_MODE_SHARE_DELETE  
                 1: SHARE_MODE_SHARE_WRITE   
                 1: SHARE_MODE_SHARE_READ    
                 0: SHARE_MODE_ACCESS_DELETE 
                 0: SHARE_MODE_ACCESS_WRITE  
                 1: SHARE_MODE_ACCESS_READ   
                 0: SHARE_MODE_LEASE_HANDLE  
                 1: SHARE_MODE_LEASE_WRITE   
                 1: SHARE_MODE_LEASE_READ    
          servicepath              : *
              servicepath              : '/var/samba/public'
          base_name                : *
              base_name                : 'debian-13.3.0-amd64-netinst.iso'
          stream_name              : NULL
          num_delete_tokens        : 0x00000000 (0)
          delete_tokens: ARRAY(0)
          old_write_time           : Sun Feb 22 02:05:45 AM 2026 JST
          changed_write_time       : NTTIME(0)
          not_stored               : 0x00 (0)
          modified                 : 0x01 (1)
          id: struct file_id
              devid                    : 0x000000000000fc00 (64512)
              inode                    : 0x0000000001020007 (16908295)
              extid                    : 0x0000000000000000 (0)
[2026/05/20 17:14:58.102506, 10, pid=4018094, effective(65534, 65534), real(65534, 0), class=locking] source3/locking/share_mode_lock.c:676(share_mode_data_store)
  share_mode_data_store: not modified
[2026/05/20 17:14:58.102524,  5, pid=4018094, effective(65534, 65534), real(65534, 0)] lib/dbwrap/dbwrap.c:204(dbwrap_lock_order_unlock)
  dbwrap_lock_order_unlock: release lock order 1 for /run/samba/locking.tdb
[2026/05/20 17:14:58.102542, 10, pid=4018094, effective(65534, 65534), real(65534, 0)] source3/lib/dbwrap/dbwrap_watch.c:507(dbwrap_watched_record_prepare_wakeup)
  dbwrap_watched_record_prepare_wakeup: No watchers
[2026/05/20 17:14:58.102564, 10, pid=4018094, effective(65534, 65534), real(65534, 0)] source3/lib/dbwrap/dbwrap_watch.c:487(dbwrap_watched_do_locked)
  dbwrap_watched_do_locked: dbwrap_watched_do_locked_fn returned
[2026/05/20 17:14:58.102582, 10, pid=4018094, effective(65534, 65534), real(65534, 0)] source3/lib/dbwrap/dbwrap_watch.c:550(dbwrap_watched_trigger_wakeup)
  dbwrap_watched_trigger_wakeup: No one to wakeup
[2026/05/20 17:14:58.102604, 10, pid=4018094, effective(65534, 65534), real(65534, 0)] source3/lib/g_lock.c:1275(g_lock_lock)
  g_lock_lock: status=NT_STATUS_OK, state.status=NT_STATUS_WAS_UNLOCKED
[2026/05/20 17:14:58.102639,  2, pid=4018094, effective(65534, 65534), real(65534, 0)] source3/smbd/close.c:934(close_normal_file)
  nobody closed file debian-13.3.0-amd64-netinst.iso (numopen=0) NT_STATUS_OK
[2026/05/20 17:14:58.102662,  5, pid=4018094, effective(65534, 65534), real(65534, 0)] lib/dbwrap/dbwrap.c:172(dbwrap_lock_order_lock)
  dbwrap_lock_order_lock: check lock order 1 for /run/samba/smbXsrv_open_global.tdb
[2026/05/20 17:14:58.102679, 10, pid=4018094, effective(65534, 65534), real(65534, 0)] lib/dbwrap/dbwrap.c:157(debug_lock_order)
  lock order:  1:/run/samba/smbXsrv_open_global.tdb 2:<none> 3:<none> 4:<none>
[2026/05/20 17:14:58.102703,  5, pid=4018094, effective(65534, 65534), real(65534, 0)] lib/dbwrap/dbwrap.c:204(dbwrap_lock_order_unlock)
  dbwrap_lock_order_unlock: release lock order 1 for /run/samba/smbXsrv_open_global.tdb
[2026/05/20 17:14:58.102723,  5, pid=4018094, effective(65534, 65534), real(65534, 0)] source3/smbd/files.c:1985(file_free)
  file_free: freed files structure 7605 (0 used)
[2026/05/20 17:14:58.102756,  5, pid=4018094, effective(65534, 65534), real(65534, 0)] source3/lib/util.c:150(show_msg)
  size=35
  smb_com=0x4
  smb_rcls=0
  smb_reh=0
  smb_err=0
  smb_flg=128
  smb_flg2=51203
  smb_tid=47115
  smb_pid=1778
  smb_uid=10914
  smb_mid=132
  smt_wct=0
  smb_bcc=0
[2026/05/20 17:15:29.581404, 10, pid=4018094, effective(65534, 65534), real(65534, 0)] source3/lib/util_event.c:42(smbd_idle_event_handler)
  smbd_idle_event_handler: idle_evt(keepalive) (nil) called
[2026/05/20 17:15:29.581536, 10, pid=4018094, effective(65534, 65534), real(65534, 0)] source3/lib/util_event.c:53(smbd_idle_event_handler)
  smbd_idle_event_handler: idle_evt(keepalive) (nil) rescheduled
[2026/05/20 17:15:30.311364, 10, pid=4018094, effective(65534, 65534), real(65534, 0)] source3/lib/util_event.c:42(smbd_idle_event_handler)
  smbd_idle_event_handler: idle_evt(deadtime) (nil) called
[2026/05/20 17:15:30.311445, 10, pid=4018094, effective(65534, 65534), real(65534, 0)] source3/lib/util_event.c:53(smbd_idle_event_handler)
  smbd_idle_event_handler: idle_evt(deadtime) (nil) rescheduled
[2026/05/20 17:15:30.311480, 10, pid=4018094, effective(65534, 65534), real(65534, 0)] source3/lib/util_event.c:42(smbd_idle_event_handler)
  smbd_idle_event_handler: idle_evt(housekeeping) (nil) called
[2026/05/20 17:15:30.311500,  5, pid=4018094, effective(65534, 65534), real(65534, 0)] source3/smbd/smb2_process.c:1582(housekeeping_fn)
  housekeeping
[2026/05/20 17:15:30.311523,  4, pid=4018094, effective(65534, 65534), real(65534, 0)] source3/smbd/sec_ctx.c:317(set_sec_ctx_internal)
  setting sec ctx (0, 0) - sec_ctx_stack_ndx = 0
[2026/05/20 17:15:30.311544,  5, pid=4018094, effective(65534, 65534), real(65534, 0)] libcli/security/security_token.c:49(security_token_debug)
  Security token: (NULL)
[2026/05/20 17:15:30.311565,  5, pid=4018094, effective(65534, 65534), real(65534, 0)] source3/auth/token_util.c:873(debug_unix_user_token)
  UNIX token of user 0
  Primary group is 0 and contains 0 supplementary groups
[2026/05/20 17:15:30.311629,  5, pid=4018094, effective(0, 0), real(0, 0)] source3/smbd/uid.c:494(smbd_change_to_root_user)
  change_to_root_user: now uid=(0,0) gid=(0,0)
[2026/05/20 17:15:30.311664, 10, pid=4018094, effective(0, 0), real(0, 0)] source3/lib/util_event.c:53(smbd_idle_event_handler)
  smbd_idle_event_handler: idle_evt(housekeeping) (nil) rescheduled
[2026/05/20 17:15:58.261167, 10, pid=4018094, effective(0, 0), real(0, 0)] source3/lib/util_sock.c:180(read_smb_length_return_keepalive)
  got smb length of 138
[2026/05/20 17:15:58.261263,  6, pid=4018094, effective(0, 0), real(0, 0)] source3/smbd/smb2_process.c:574(process_smb)
  got message type 0x0 of len 0x8a
[2026/05/20 17:15:58.261307,  3, pid=4018094, effective(0, 0), real(0, 0)] source3/smbd/smb2_process.c:576(process_smb)
  Transaction 132 of length 142 (0 toread)
[2026/05/20 17:15:58.261340,  5, pid=4018094, effective(0, 0), real(0, 0)] source3/lib/util.c:150(show_msg)
  size=138
  smb_com=0x32
  smb_rcls=0
  smb_reh=0
  smb_err=0
  smb_flg=0
  smb_flg2=49153
  smb_tid=47115
  smb_pid=1778
  smb_uid=10914
  smb_mid=133
  smt_wct=15
  smb_vwv[ 0]=   72 (0x48)
  smb_vwv[ 1]=    0 (0x0)
  smb_vwv[ 2]=    2 (0x2)
  smb_vwv[ 3]= 4000 (0xFA0)
  smb_vwv[ 4]=    0 (0x0)
  smb_vwv[ 5]=    0 (0x0)
  smb_vwv[ 6]=    0 (0x0)
  smb_vwv[ 7]=    0 (0x0)
  smb_vwv[ 8]=    0 (0x0)
  smb_vwv[ 9]=   72 (0x48)
  smb_vwv[10]=   66 (0x42)
  smb_vwv[11]=    0 (0x0)
  smb_vwv[12]=    0 (0x0)
  smb_vwv[13]=    1 (0x1)
  smb_vwv[14]=    5 (0x5)
  smb_bcc=73
[2026/05/20 17:15:58.261460, 10, pid=4018094, effective(0, 0), real(0, 0)] lib/util/util.c:578(dump_data)
  [0000] 00 00 02 00 00 00 00 2F   00 64 00 65 00 62 00 69   ......./ .d.e.b.i
  [0010] 00 61 00 6E 00 2D 00 31   00 33 00 2E 00 33 00 2E   .a.n.-.1 .3...3..
  [0020] 00 30 00 2D 00 61 00 6D   00 64 00 36 00 34 00 2D   .0.-.a.m .d.6.4.-
  [0030] 00 6E 00 65 00 74 00 69   00 6E 00 73 00 74 00 2E   .n.e.t.i .n.s.t..
  [0040] 00 69 00 73 00 6F 00 00   00                        .i.s.o.. .
[2026/05/20 17:15:58.261606,  3, pid=4018094, effective(0, 0), real(0, 0)] source3/smbd/smb1_process.c:1112(switch_message)
  switch message SMBtrans2 (pid 4018094) conn 0x6087dc17b920
[2026/05/20 17:15:58.261640,  4, pid=4018094, effective(0, 0), real(0, 0)] source3/smbd/sec_ctx.c:317(set_sec_ctx_internal)
  setting sec ctx (65534, 65534) - sec_ctx_stack_ndx = 0
[2026/05/20 17:15:58.261660,  5, pid=4018094, effective(0, 0), real(0, 0)] libcli/security/security_token.c:53(security_token_debug)
  Security token SIDs (7):
    SID[  0]: S-1-5-21-2342536155-1022706741-2866312864-501
    SID[  1]: S-1-5-21-2342536155-1022706741-2866312864-514
    SID[  2]: S-1-22-2-65534
    SID[  3]: S-1-1-0
    SID[  4]: S-1-5-2
    SID[  5]: S-1-5-32-546
    SID[  6]: S-1-22-1-65534
   Privileges (0x               0):
   Rights (0x               0):
[2026/05/20 17:15:58.261725,  5, pid=4018094, effective(0, 0), real(0, 0)] source3/auth/token_util.c:873(debug_unix_user_token)
  UNIX token of user 65534
  Primary group is 65534 and contains 1 supplementary groups
  Group[  0]: 65534
[2026/05/20 17:15:58.261789,  4, pid=4018094, effective(65534, 65534), real(65534, 0), class=vfs] source3/smbd/vfs.c:937(vfs_ChDir)
  vfs_ChDir to /var/samba/public
[2026/05/20 17:15:58.261833,  5, pid=4018094, effective(65534, 65534), real(65534, 0), class=vfs] source3/smbd/vfs.c:999(vfs_ChDir)
  vfs_ChDir: vfs_ChDir got /var/samba/public
[2026/05/20 17:15:58.261861,  5, pid=4018094, effective(65534, 65534), real(65534, 0)] source3/smbd/uid.c:294(print_impersonation_info)
  print_impersonation_info: Impersonated user: uid=(65534,65534), gid=(0,65534), cwd=[/var/samba/public]
[2026/05/20 17:15:58.261986,  3, pid=4018094, effective(65534, 65534), real(65534, 0)] source3/smbd/smb1_trans2.c:2645(call_trans2qpathinfo)
  call_trans2qpathinfo: TRANSACT2_QPATHINFO: level = 512
[2026/05/20 17:15:58.262015, 10, pid=4018094, effective(65534, 65534), real(65534, 0)] source3/smbd/files.c:562(openat_pathref_fsp)
  openat_pathref_fsp: smb_fname [.]
[2026/05/20 17:15:58.262035, 10, pid=4018094, effective(65534, 65534), real(65534, 0)] source3/smbd/files.c:462(openat_pathref_fullname)
  openat_pathref_fullname: smb_fname [.]
[2026/05/20 17:15:58.262054,  5, pid=4018094, effective(65534, 65534), real(65534, 0)] source3/smbd/files.c:77(fsp_new)
  fsp_new: allocated files structure (1 used)
[2026/05/20 17:15:58.262075, 10, pid=4018094, effective(65534, 65534), real(65534, 0)] source3/smbd/files.c:2198(file_name_hash)
  file_name_hash: /var/samba/public/. hash 0xb9bae796
[2026/05/20 17:15:58.262116, 10, pid=4018094, effective(65534, 65534), real(65534, 0)] source3/smbd/open.c:930(fd_openat)
  fd_openat: name ., flags = 04000 mode = 00, fd = 14
[2026/05/20 17:15:58.262143, 10, pid=4018094, effective(65534, 65534), real(65534, 0)] source3/smbd/files.c:531(openat_pathref_fullname)
  openat_pathref_fullname: fsp [.]: OK
[2026/05/20 17:15:58.262163, 10, pid=4018094, effective(65534, 65534), real(65534, 0)] source3/smbd/files.c:562(openat_pathref_fsp)
  openat_pathref_fsp: smb_fname [debian-13.3.0-amd64-netinst.iso]
[2026/05/20 17:15:58.262182, 10, pid=4018094, effective(65534, 65534), real(65534, 0)] source3/smbd/files.c:462(openat_pathref_fullname)
  openat_pathref_fullname: smb_fname [debian-13.3.0-amd64-netinst.iso]
[2026/05/20 17:15:58.262201,  5, pid=4018094, effective(65534, 65534), real(65534, 0)] source3/smbd/files.c:77(fsp_new)
  fsp_new: allocated files structure (2 used)
[2026/05/20 17:15:58.262220, 10, pid=4018094, effective(65534, 65534), real(65534, 0)] source3/smbd/files.c:2198(file_name_hash)
  file_name_hash: /var/samba/public/debian-13.3.0-amd64-netinst.iso hash 0x620a2ea9
[2026/05/20 17:15:58.262245, 10, pid=4018094, effective(65534, 65534), real(65534, 0)] source3/smbd/open.c:930(fd_openat)
  fd_openat: name debian-13.3.0-amd64-netinst.iso, flags = 04000 mode = 00, fd = 28
[2026/05/20 17:15:58.262264, 10, pid=4018094, effective(65534, 65534), real(65534, 0)] source3/smbd/files.c:531(openat_pathref_fullname)
  openat_pathref_fullname: fsp [debian-13.3.0-amd64-netinst.iso]: OK
[2026/05/20 17:15:58.262284, 10, pid=4018094, effective(65534, 65534), real(65534, 0)] source3/smbd/files.c:2198(file_name_hash)
  file_name_hash: /var/samba/public/debian-13.3.0-amd64-netinst.iso hash 0x620a2ea9
[2026/05/20 17:15:58.262310, 10, pid=4018094, effective(65534, 65534), real(65534, 0)] source3/lib/g_lock.c:1655(g_lock_dump)
  g_lock_dump: dbwrap_parse_record returned NT_STATUS_NOT_FOUND
[2026/05/20 17:15:58.262333, 10, pid=4018094, effective(65534, 65534), real(65534, 0), class=locking] source3/locking/share_mode_lock.c:1570(fetch_share_mode_unlocked)
  fetch_share_mode_unlocked: g_lock_dump failed: NT_STATUS_NOT_FOUND
[2026/05/20 17:15:58.262354, 10, pid=4018094, effective(65534, 65534), real(65534, 0)] source3/smbd/smb2_trans2.c:2779(store_file_unix_basic)
  store_file_unix_basic: SMB_QUERY_FILE_UNIX_BASIC
[2026/05/20 17:15:58.262371,  4, pid=4018094, effective(65534, 65534), real(65534, 0)] source3/smbd/smb2_trans2.c:2780(store_file_unix_basic)
  store_file_unix_basic: st_mode=100664
[2026/05/20 17:15:58.262394,  9, pid=4018094, effective(65534, 65534), real(65534, 0)] source3/smbd/smb1_trans2.c:230(send_trans2_replies)
  t2_rep: params_sent_thistime = 2, data_sent_thistime = 100, useable_space = 16406
[2026/05/20 17:15:58.262411,  9, pid=4018094, effective(65534, 65534), real(65534, 0)] source3/smbd/smb1_trans2.c:232(send_trans2_replies)
  t2_rep: params_to_send = 2, data_to_send = 100, paramsize = 2, datasize = 100
[2026/05/20 17:15:58.262442,  5, pid=4018094, effective(65534, 65534), real(65534, 0)] source3/lib/util.c:150(show_msg)
  size=160
  smb_com=0x32
  smb_rcls=0
  smb_reh=0
  smb_err=0
  smb_flg=128
  smb_flg2=51203
  smb_tid=47115
  smb_pid=1778
  smb_uid=10914
  smb_mid=133
  smt_wct=10
  smb_vwv[ 0]=    2 (0x2)
  smb_vwv[ 1]=  100 (0x64)
  smb_vwv[ 2]=    0 (0x0)
  smb_vwv[ 3]=    2 (0x2)
  smb_vwv[ 4]=   56 (0x38)
  smb_vwv[ 5]=    0 (0x0)
  smb_vwv[ 6]=  100 (0x64)
  smb_vwv[ 7]=   60 (0x3C)
  smb_vwv[ 8]=    0 (0x0)
  smb_vwv[ 9]=    0 (0x0)
  smb_bcc=105
[2026/05/20 17:15:58.262549, 10, pid=4018094, effective(65534, 65534), real(65534, 0)] lib/util/util.c:578(dump_data)
  [0000] 00 00 00 00 00 00 00 20   2F 00 00 00 00 00 10 20   .......  /...... 
  [0010] 2F 00 00 00 00 BB AC 26   51 54 A3 DC 01 8A 31 A8   /......& QT....1.
  [0020] A3 2C E8 DC 01 BB AC 26   51 54 A3 DC 01 E8 03 00   .,.....& QT......
  [0030] 00 00 00 00 00 E8 03 00   00 00 00 00 00 00 00 00   ........ ........
  [0040] 00 FC 00 00 00 00 00 00   00 00 00 00 00 00 00 00   ........ ........
  [0050] 00 07 00 02 01 00 00 00   00 B4 01 00 00 00 00 00   ........ ........
  [0060] 00 01 00 00 00 00 00 00   00                        ........ .
[2026/05/20 17:15:58.262761,  5, pid=4018094, effective(65534, 65534), real(65534, 0)] source3/smbd/files.c:1985(file_free)
  file_free: freed files structure 0 (1 used)
[2026/05/20 17:15:58.262790,  5, pid=4018094, effective(65534, 65534), real(65534, 0)] source3/smbd/files.c:1985(file_free)
  file_free: freed files structure 0 (0 used)
[2026/05/20 17:15:58.578968, 10, pid=4018094, effective(65534, 65534), real(65534, 0)] source3/lib/util_sock.c:180(read_smb_length_return_keepalive)
  got smb length of 158
[2026/05/20 17:15:58.579081,  6, pid=4018094, effective(65534, 65534), real(65534, 0)] source3/smbd/smb2_process.c:574(process_smb)
  got message type 0x0 of len 0x9e
[2026/05/20 17:15:58.579136,  3, pid=4018094, effective(65534, 65534), real(65534, 0)] source3/smbd/smb2_process.c:576(process_smb)
  Transaction 133 of length 162 (0 toread)
[2026/05/20 17:15:58.579227,  5, pid=4018094, effective(65534, 65534), real(65534, 0)] source3/lib/util.c:150(show_msg)
  size=158
  smb_com=0x32
  smb_rcls=0
  smb_reh=0
  smb_err=0
  smb_flg=0
  smb_flg2=49153
  smb_tid=47115
  smb_pid=1778
  smb_uid=10914
  smb_mid=134
  smt_wct=15
  smb_vwv[ 0]=   72 (0x48)
  smb_vwv[ 1]=   18 (0x12)
  smb_vwv[ 2]=    2 (0x2)
  smb_vwv[ 3]= 1000 (0x3E8)
  smb_vwv[ 4]=    0 (0x0)
  smb_vwv[ 5]=    0 (0x0)
  smb_vwv[ 6]=    0 (0x0)
  smb_vwv[ 7]=    0 (0x0)
  smb_vwv[ 8]=    0 (0x0)
  smb_vwv[ 9]=   72 (0x48)
  smb_vwv[10]=   68 (0x44)
  smb_vwv[11]=   18 (0x12)
  smb_vwv[12]=  140 (0x8C)
  smb_vwv[13]=    1 (0x1)
  smb_vwv[14]=    6 (0x6)
  smb_bcc=93
[2026/05/20 17:15:58.579384, 10, pid=4018094, effective(65534, 65534), real(65534, 0)] lib/util/util.c:578(dump_data)
  [0000] 00 00 00 09 02 00 00 00   00 2F 00 64 00 65 00 62   ........ ./.d.e.b
  [0010] 00 69 00 61 00 6E 00 2D   00 31 00 33 00 2E 00 33   .i.a.n.- .1.3...3
  [0020] 00 2E 00 30 00 2D 00 61   00 6D 00 64 00 36 00 34   ...0.-.a .m.d.6.4
  [0030] 00 2D 00 6E 00 65 00 74   00 69 00 6E 00 73 00 74   .-.n.e.t .i.n.s.t
  [0040] 00 2E 00 69 00 73 00 6F   00 00 00 02 00 00 00 01   ...i.s.o ........
  [0050] 04 00 00 ED 01 00 00 00   00 00 00 00 02            ........ .....
[2026/05/20 17:15:58.579519,  3, pid=4018094, effective(65534, 65534), real(65534, 0)] source3/smbd/smb1_process.c:1112(switch_message)
  switch message SMBtrans2 (pid 4018094) conn 0x6087dc17b920
[2026/05/20 17:15:58.579559,  5, pid=4018094, effective(65534, 65534), real(65534, 0)] source3/smbd/uid.c:327(change_to_user_impersonate)
  change_to_user_impersonate: Skipping user change - already user
[2026/05/20 17:15:58.579593,  5, pid=4018094, effective(65534, 65534), real(65534, 0)] source3/smbd/uid.c:294(print_impersonation_info)
  print_impersonation_info: Impersonated user: uid=(65534,65534), gid=(0,65534), cwd=[/var/samba/public]
[2026/05/20 17:15:58.579623,  3, pid=4018094, effective(65534, 65534), real(65534, 0)] source3/smbd/smb1_trans2.c:4513(call_trans2setpathinfo)
  call_trans2setpathinfo: fname=debian-13.3.0-amd64-netinst.iso info_level=521 totdata=18
[2026/05/20 17:15:58.579644, 10, pid=4018094, effective(65534, 65534), real(65534, 0)] source3/smbd/files.c:562(openat_pathref_fsp)
  openat_pathref_fsp: smb_fname [.]
[2026/05/20 17:15:58.579664, 10, pid=4018094, effective(65534, 65534), real(65534, 0)] source3/smbd/files.c:462(openat_pathref_fullname)
  openat_pathref_fullname: smb_fname [.]
[2026/05/20 17:15:58.579683,  5, pid=4018094, effective(65534, 65534), real(65534, 0)] source3/smbd/files.c:77(fsp_new)
  fsp_new: allocated files structure (1 used)
[2026/05/20 17:15:58.579702, 10, pid=4018094, effective(65534, 65534), real(65534, 0)] source3/smbd/files.c:2198(file_name_hash)
  file_name_hash: /var/samba/public/. hash 0xb9bae796
[2026/05/20 17:15:58.579739, 10, pid=4018094, effective(65534, 65534), real(65534, 0)] source3/smbd/open.c:930(fd_openat)
  fd_openat: name ., flags = 04000 mode = 00, fd = 14
[2026/05/20 17:15:58.579759, 10, pid=4018094, effective(65534, 65534), real(65534, 0)] source3/smbd/files.c:531(openat_pathref_fullname)
  openat_pathref_fullname: fsp [.]: OK
[2026/05/20 17:15:58.579778, 10, pid=4018094, effective(65534, 65534), real(65534, 0)] source3/smbd/files.c:562(openat_pathref_fsp)
  openat_pathref_fsp: smb_fname [debian-13.3.0-amd64-netinst.iso]
[2026/05/20 17:15:58.579807, 10, pid=4018094, effective(65534, 65534), real(65534, 0)] source3/smbd/files.c:462(openat_pathref_fullname)
  openat_pathref_fullname: smb_fname [debian-13.3.0-amd64-netinst.iso]
[2026/05/20 17:15:58.579826,  5, pid=4018094, effective(65534, 65534), real(65534, 0)] source3/smbd/files.c:77(fsp_new)
  fsp_new: allocated files structure (2 used)
[2026/05/20 17:15:58.579845, 10, pid=4018094, effective(65534, 65534), real(65534, 0)] source3/smbd/files.c:2198(file_name_hash)
  file_name_hash: /var/samba/public/debian-13.3.0-amd64-netinst.iso hash 0x620a2ea9
[2026/05/20 17:15:58.579888, 10, pid=4018094, effective(65534, 65534), real(65534, 0)] source3/smbd/open.c:930(fd_openat)
  fd_openat: name debian-13.3.0-amd64-netinst.iso, flags = 04000 mode = 00, fd = 28
[2026/05/20 17:15:58.579910, 10, pid=4018094, effective(65534, 65534), real(65534, 0)] source3/smbd/files.c:531(openat_pathref_fullname)
  openat_pathref_fullname: fsp [debian-13.3.0-amd64-netinst.iso]: OK
[2026/05/20 17:15:58.579934, 10, pid=4018094, effective(65534, 65534), real(65534, 0)] source3/smbd/smb1_trans2.c:3477(smb_posix_open)
  smb_posix_open: file debian-13.3.0-amd64-netinst.iso, smb_posix_flags = 1024, mode 0755
[2026/05/20 17:15:58.579953, 10, pid=4018094, effective(65534, 65534), real(65534, 0)] source3/smbd/open.c:6509(create_file_default)
  create_file_default: create_file: access_mask = 0x89 file_attributes = 0x0, share_access = 0x7, create_disposition = 0x1 create_options = 0x40 oplock_request = 0x1 private_flags = 0x0 ea_list = (nil), sd = (nil), fname = debian-13.3.0-amd64-netinst.iso
[2026/05/20 17:15:58.579977, 10, pid=4018094, effective(65534, 65534), real(65534, 0)] source3/smbd/open.c:5926(create_file_unixpath)
  create_file_unixpath: access_mask = 0x89 file_attributes = 0x10001a4 share_access = 0x7 create_disposition = 0x1 create_options = 0x40 oplock_request = 0x1 private_flags = 0x0 ea_list = (nil), sd = (nil), fname = debian-13.3.0-amd64-netinst.iso
[2026/05/20 17:15:58.580009,  5, pid=4018094, effective(65534, 65534), real(65534, 0)] lib/dbwrap/dbwrap.c:172(dbwrap_lock_order_lock)
  dbwrap_lock_order_lock: check lock order 1 for /run/samba/smbXsrv_open_global.tdb
[2026/05/20 17:15:58.580028, 10, pid=4018094, effective(65534, 65534), real(65534, 0)] lib/dbwrap/dbwrap.c:157(debug_lock_order)
  lock order:  1:/run/samba/smbXsrv_open_global.tdb 2:<none> 3:<none> 4:<none>
[2026/05/20 17:15:58.580105, 10, pid=4018094, effective(65534, 65534), real(65534, 0)] source3/smbd/smbXsrv_open.c:349(smbXsrv_open_global_store)
  smbXsrv_open_global_store: key 'C085261E' stored
[2026/05/20 17:15:58.580127,  1, pid=4018094, effective(65534, 65534), real(65534, 0), class=rpc_parse] source3/smbd/smbXsrv_open.c:350(smbXsrv_open_global_store)
       &global_blob: struct smbXsrv_open_globalB
          version                  : SMBXSRV_VERSION_0 (0)
          seqnum                   : 0x00000001 (1)
          info                     : union smbXsrv_open_globalU(case 0)
          info0                    : *
              info0: struct smbXsrv_open_global0
                  server_id: struct server_id
                      pid                      : 0x00000000003d4fae (4018094)
                      task_id                  : 0x00000000 (0)
                      vnn                      : 0xffffffff (4294967295)
                      unique_id                : 0xec85a3fb311857e1 (-1403535409600243743)
                  open_global_id           : 0xc085261e (3229951518)
                  open_persistent_id       : 0x00000000c085261e (3229951518)
                  open_volatile_id         : 0x0000000000001d42 (7490)
                  open_owner               : S-1-5-21-2342536155-1022706741-2866312864-501
                  open_time                : Wed May 20 05:15:59 PM 2026 JST
                  create_guid              : 00000000-0000-0000-0000-000000000000
                  client_guid              : 00000000-0000-0000-0000-000000000000
                  app_instance_id          : 00000000-0000-0000-0000-000000000000
                  disconnect_time          : NTTIME(0)
                  durable_timeout_msec     : 0x00000000 (0)
                  durable                  : 0x00 (0)
                  backend_cookie           : DATA_BLOB length=0
                  channel_sequence         : 0x0000 (0)
                  channel_generation       : 0x0000000000000000 (0)
                  lock_sequence_array: ARRAY(64)
  [0000] FF FF FF FF FF FF FF FF   FF FF FF FF FF FF FF FF   ........ ........
  [0010] FF FF FF FF FF FF FF FF   FF FF FF FF FF FF FF FF   ........ ........
  [0020] FF FF FF FF FF FF FF FF   FF FF FF FF FF FF FF FF   ........ ........
  [0030] FF FF FF FF FF FF FF FF   FF FF FF FF FF FF FF FF   ........ ........
[2026/05/20 17:15:58.580438,  5, pid=4018094, effective(65534, 65534), real(65534, 0)] lib/dbwrap/dbwrap.c:204(dbwrap_lock_order_unlock)
  dbwrap_lock_order_unlock: release lock order 1 for /run/samba/smbXsrv_open_global.tdb
[2026/05/20 17:15:58.580457, 10, pid=4018094, effective(65534, 65534), real(65534, 0)] source3/smbd/smbXsrv_open.c:466(smbXsrv_open_global_allocate)
  smbXsrv_open_global_allocate: Found slot 3229951518
[2026/05/20 17:15:58.580474, 10, pid=4018094, effective(65534, 65534), real(65534, 0)] source3/smbd/smbXsrv_open.c:614(smbXsrv_open_create)
  smbXsrv_open_create: global_id (0xc085261e) stored
[2026/05/20 17:15:58.580492,  1, pid=4018094, effective(65534, 65534), real(65534, 0), class=rpc_parse] source3/smbd/smbXsrv_open.c:616(smbXsrv_open_create)
       &open_blob: struct smbXsrv_openB
          version                  : SMBXSRV_VERSION_0 (0)
          reserved                 : 0x00000000 (0)
          info                     : union smbXsrv_openU(case 0)
          info0                    : *
              info0: struct smbXsrv_open
                  table                    : *
                  local_id                 : 0x00001d42 (7490)
                  global                   : *
                      global: struct smbXsrv_open_global0
                          server_id: struct server_id
                              pid                      : 0x00000000003d4fae (4018094)
                              task_id                  : 0x00000000 (0)
                              vnn                      : 0xffffffff (4294967295)
                              unique_id                : 0xec85a3fb311857e1 (-1403535409600243743)
                          open_global_id           : 0xc085261e (3229951518)
                          open_persistent_id       : 0x00000000c085261e (3229951518)
                          open_volatile_id         : 0x0000000000001d42 (7490)
                          open_owner               : S-1-5-21-2342536155-1022706741-2866312864-501
                          open_time                : Wed May 20 05:15:59 PM 2026 JST
                          create_guid              : 00000000-0000-0000-0000-000000000000
                          client_guid              : 00000000-0000-0000-0000-000000000000
                          app_instance_id          : 00000000-0000-0000-0000-000000000000
                          disconnect_time          : NTTIME(0)
                          durable_timeout_msec     : 0x00000000 (0)
                          durable                  : 0x00 (0)
                          backend_cookie           : DATA_BLOB length=0
                          channel_sequence         : 0x0000 (0)
                          channel_generation       : 0x0000000000000000 (0)
                          lock_sequence_array: ARRAY(64)
  [0000] FF FF FF FF FF FF FF FF   FF FF FF FF FF FF FF FF   ........ ........
  [0010] FF FF FF FF FF FF FF FF   FF FF FF FF FF FF FF FF   ........ ........
  [0020] FF FF FF FF FF FF FF FF   FF FF FF FF FF FF FF FF   ........ ........
  [0030] FF FF FF FF FF FF FF FF   FF FF FF FF FF FF FF FF   ........ ........
                  status                   : NT_STATUS_OK
                  idle_time                : Wed May 20 05:15:59 PM 2026 JST
                  compat                   : NULL
                  flags                    : 0x00 (0)
                         0: SMBXSRV_OPEN_NEED_REPLAY_CACHE
                         0: SMBXSRV_OPEN_HAVE_REPLAY_CACHE
                  create_action            : 0x00000000 (0)
                  request_count            : 0x0000000000000000 (0)
                  pre_request_count        : 0x0000000000000000 (0)
[2026/05/20 17:15:58.580901, 10, pid=4018094, effective(65534, 65534), real(65534, 0)] source3/smbd/files.c:135(fsp_bind_smb)
  fsp_bind_smb: fsp [debian-13.3.0-amd64-netinst.iso] mid [134]
[2026/05/20 17:15:58.580922, 10, pid=4018094, effective(65534, 65534), real(65534, 0)] source3/smbd/files.c:562(openat_pathref_fsp)
  openat_pathref_fsp: smb_fname [.]
[2026/05/20 17:15:58.580941, 10, pid=4018094, effective(65534, 65534), real(65534, 0)] source3/smbd/files.c:462(openat_pathref_fullname)
  openat_pathref_fullname: smb_fname [.]
[2026/05/20 17:15:58.580960,  5, pid=4018094, effective(65534, 65534), real(65534, 0)] source3/smbd/files.c:77(fsp_new)
  fsp_new: allocated files structure (3 used)
[2026/05/20 17:15:58.580979, 10, pid=4018094, effective(65534, 65534), real(65534, 0)] source3/smbd/files.c:2198(file_name_hash)
  file_name_hash: /var/samba/public/. hash 0xb9bae796
[2026/05/20 17:15:58.581010, 10, pid=4018094, effective(65534, 65534), real(65534, 0)] source3/smbd/open.c:930(fd_openat)
  fd_openat: name ., flags = 04000 mode = 00, fd = 29
[2026/05/20 17:15:58.581029, 10, pid=4018094, effective(65534, 65534), real(65534, 0)] source3/smbd/files.c:531(openat_pathref_fullname)
  openat_pathref_fullname: fsp [.]: OK
[2026/05/20 17:15:58.581049, 10, pid=4018094, effective(65534, 65534), real(65534, 0)] source3/smbd/files.c:2198(file_name_hash)
  file_name_hash: /var/samba/public/. hash 0xb9bae796
[2026/05/20 17:15:58.581068, 10, pid=4018094, effective(65534, 65534), real(65534, 0)] source3/smbd/open.c:3837(open_file_ntcreate)
  open_file_ntcreate: fname=debian-13.3.0-amd64-netinst.iso, dos_attrs=0x0 access_mask=0x89 share_access=0x7 create_disposition = 0x1 create_options=0x40 unix mode=0644 oplock_request=1 private_flags = 0x0
[2026/05/20 17:15:58.581091, 10, pid=4018094, effective(65534, 65534), real(65534, 0)] source3/smbd/open.c:4036(open_file_ntcreate)
  open_file_ntcreate: fname=debian-13.3.0-amd64-netinst.iso, after mapping access_mask=0x89
[2026/05/20 17:15:58.581110,  4, pid=4018094, effective(65534, 65534), real(65534, 0)] source3/smbd/open.c:4138(open_file_ntcreate)
  calling open_file with flags=0x0 flags2=0x800 mode=0644, access_mask = 0x89, open_access_mask = 0x89
[2026/05/20 17:15:58.581130, 10, pid=4018094, effective(65534, 65534), real(65534, 0), class=acls] source3/smbd/posix_acls.c:3366(posix_fget_nt_acl)
  posix_fget_nt_acl: called for file debian-13.3.0-amd64-netinst.iso
[2026/05/20 17:15:58.581286,  4, pid=4018094, effective(65534, 65534), real(65534, 0)] source3/smbd/sec_ctx.c:206(push_sec_ctx)
  push_sec_ctx(65534, 65534) : sec_ctx_stack_ndx = 1
[2026/05/20 17:15:58.581310,  4, pid=4018094, effective(65534, 65534), real(65534, 0)] source3/smbd/uid.c:566(push_conn_ctx)
  push_conn_ctx(10914) : conn_ctx_stack_ndx = 0
[2026/05/20 17:15:58.581328,  4, pid=4018094, effective(65534, 65534), real(65534, 0)] source3/smbd/sec_ctx.c:317(set_sec_ctx_internal)
  setting sec ctx (0, 0) - sec_ctx_stack_ndx = 1
[2026/05/20 17:15:58.581346,  5, pid=4018094, effective(65534, 65534), real(65534, 0)] libcli/security/security_token.c:49(security_token_debug)
  Security token: (NULL)
[2026/05/20 17:15:58.581364,  5, pid=4018094, effective(65534, 65534), real(65534, 0)] source3/auth/token_util.c:873(debug_unix_user_token)
  UNIX token of user 0
  Primary group is 0 and contains 0 supplementary groups
[2026/05/20 17:15:58.581460,  4, pid=4018094, effective(0, 0), real(0, 0)] source3/smbd/sec_ctx.c:206(push_sec_ctx)
  push_sec_ctx(0, 0) : sec_ctx_stack_ndx = 2
[2026/05/20 17:15:58.581485,  4, pid=4018094, effective(0, 0), real(0, 0)] source3/smbd/uid.c:566(push_conn_ctx)
  push_conn_ctx(10914) : conn_ctx_stack_ndx = 1
[2026/05/20 17:15:58.581509,  4, pid=4018094, effective(0, 0), real(0, 0)] source3/smbd/sec_ctx.c:317(set_sec_ctx_internal)
  setting sec ctx (0, 0) - sec_ctx_stack_ndx = 2
[2026/05/20 17:15:58.581526,  5, pid=4018094, effective(0, 0), real(0, 0)] libcli/security/security_token.c:49(security_token_debug)
  Security token: (NULL)
[2026/05/20 17:15:58.581552,  5, pid=4018094, effective(0, 0), real(0, 0)] source3/auth/token_util.c:873(debug_unix_user_token)
  UNIX token of user 0
  Primary group is 0 and contains 0 supplementary groups
[2026/05/20 17:15:58.581597,  5, pid=4018094, effective(0, 0), real(0, 0), class=passdb] source3/passdb/pdb_tdb.c:602(tdbsam_getsampwnam)
  pdb_getsampwnam (TDB): error fetching database.
   Key: USER_ubuntu
[2026/05/20 17:15:58.581628,  4, pid=4018094, effective(0, 0), real(0, 0)] source3/smbd/sec_ctx.c:443(pop_sec_ctx)
  pop_sec_ctx (0, 0) - sec_ctx_stack_ndx = 1
[2026/05/20 17:15:58.581648,  5, pid=4018094, effective(0, 0), real(0, 0), class=passdb] source3/passdb/pdb_interface.c:1439(pdb_default_uid_to_sid)
  pdb_default_uid_to_sid: Did not find user ubuntu (1000)
[2026/05/20 17:15:58.581679,  4, pid=4018094, effective(65534, 65534), real(65534, 0)] source3/smbd/sec_ctx.c:443(pop_sec_ctx)
  pop_sec_ctx (65534, 65534) - sec_ctx_stack_ndx = 0
[2026/05/20 17:15:58.581701, 10, pid=4018094, effective(65534, 65534), real(65534, 0)] source3/passdb/lookup_sid.c:1256(xid_to_sid)
  xid_to_sid: UID 1000 -> S-1-22-1-1000 fallback
[2026/05/20 17:15:58.581749,  4, pid=4018094, effective(65534, 65534), real(65534, 0)] source3/smbd/sec_ctx.c:206(push_sec_ctx)
  push_sec_ctx(65534, 65534) : sec_ctx_stack_ndx = 1
[2026/05/20 17:15:58.581770,  4, pid=4018094, effective(65534, 65534), real(65534, 0)] source3/smbd/uid.c:566(push_conn_ctx)
  push_conn_ctx(10914) : conn_ctx_stack_ndx = 0
[2026/05/20 17:15:58.581786,  4, pid=4018094, effective(65534, 65534), real(65534, 0)] source3/smbd/sec_ctx.c:317(set_sec_ctx_internal)
  setting sec ctx (0, 0) - sec_ctx_stack_ndx = 1
[2026/05/20 17:15:58.581803,  5, pid=4018094, effective(65534, 65534), real(65534, 0)] libcli/security/security_token.c:49(security_token_debug)
  Security token: (NULL)
[2026/05/20 17:15:58.581820,  5, pid=4018094, effective(65534, 65534), real(65534, 0)] source3/auth/token_util.c:873(debug_unix_user_token)
  UNIX token of user 0
  Primary group is 0 and contains 0 supplementary groups
[2026/05/20 17:15:58.581900,  4, pid=4018094, effective(65534, 65534), real(65534, 0)] source3/smbd/sec_ctx.c:443(pop_sec_ctx)
  pop_sec_ctx (65534, 65534) - sec_ctx_stack_ndx = 0
[2026/05/20 17:15:58.581925, 10, pid=4018094, effective(65534, 65534), real(65534, 0)] source3/passdb/lookup_sid.c:1256(xid_to_sid)
  xid_to_sid: GID 1000 -> S-1-22-2-1000 fallback
[2026/05/20 17:15:58.581946, 10, pid=4018094, effective(65534, 65534), real(65534, 0), class=acls] source3/smbd/posix_acls.c:2692(canonicalise_acl)
  canonicalise_acl: Access ace entries before arrange :
[2026/05/20 17:15:58.581963, 10, pid=4018094, effective(65534, 65534), real(65534, 0), class=acls] source3/smbd/posix_acls.c:2705(canonicalise_acl)
  canon_ace index 0. Type = allow SID = S-1-1-0 other SMB_ACL_OTHER ace_flags = 0x0 perms r--
[2026/05/20 17:15:58.581985, 10, pid=4018094, effective(65534, 65534), real(65534, 0), class=acls] source3/smbd/posix_acls.c:2705(canonicalise_acl)
  canon_ace index 1. Type = allow SID = S-1-22-2-1000 gid 1000 SMB_ACL_GROUP_OBJ ace_flags = 0x0 perms rw-
[2026/05/20 17:15:58.582005, 10, pid=4018094, effective(65534, 65534), real(65534, 0), class=acls] source3/smbd/posix_acls.c:2705(canonicalise_acl)
  canon_ace index 2. Type = allow SID = S-1-22-1-1000 uid 1000 SMB_ACL_USER_OBJ ace_flags = 0x0 perms rw-
[2026/05/20 17:15:58.582026, 10, pid=4018094, effective(65534, 65534), real(65534, 0), class=acls] source3/smbd/posix_acls.c:766(print_canon_ace_list)
  print_canon_ace_list: canonicalise_acl: ace entries after arrange
  canon_ace index 0. Type = allow SID = S-1-22-1-1000 uid 1000 SMB_ACL_USER_OBJ ace_flags = 0x0 perms rw-
  canon_ace index 1. Type = allow SID = S-1-22-2-1000 gid 1000 SMB_ACL_GROUP_OBJ ace_flags = 0x0 perms rw-
  canon_ace index 2. Type = allow SID = S-1-1-0 other SMB_ACL_OTHER ace_flags = 0x0 perms r--
[2026/05/20 17:15:58.582071, 10, pid=4018094, effective(65534, 65534), real(65534, 0), class=acls] source3/smbd/posix_acls.c:1029(map_canon_ace_perms)
  map_canon_ace_perms: Mapped (UNIX) 180 to (NT) 12019f
[2026/05/20 17:15:58.582090, 10, pid=4018094, effective(65534, 65534), real(65534, 0), class=acls] source3/smbd/posix_acls.c:1029(map_canon_ace_perms)
  map_canon_ace_perms: Mapped (UNIX) 180 to (NT) 12019f
[2026/05/20 17:15:58.582107, 10, pid=4018094, effective(65534, 65534), real(65534, 0), class=acls] source3/smbd/posix_acls.c:1029(map_canon_ace_perms)
  map_canon_ace_perms: Mapped (UNIX) 100 to (NT) 120089
[2026/05/20 17:15:58.582130, 10, pid=4018094, effective(65534, 65534), real(65534, 0)] source3/smbd/open.c:180(smbd_check_access_rights_sd)
  smbd_check_access_rights_sd: File [debian-13.3.0-amd64-netinst.iso] requesting [0x89] returning [0x9] (NT_STATUS_OK)
[2026/05/20 17:15:58.582170,  2, pid=4018094, effective(65534, 65534), real(65534, 0)] source3/smbd/open.c:1649(open_file)
  nobody opened file debian-13.3.0-amd64-netinst.iso read=Yes write=No (numopen=3)
[2026/05/20 17:15:58.582197,  5, pid=4018094, effective(65534, 65534), real(65534, 0)] lib/dbwrap/dbwrap.c:172(dbwrap_lock_order_lock)
  dbwrap_lock_order_lock: check lock order 1 for /run/samba/locking.tdb
[2026/05/20 17:15:58.582215, 10, pid=4018094, effective(65534, 65534), real(65534, 0)] lib/dbwrap/dbwrap.c:157(debug_lock_order)
  lock order:  1:/run/samba/locking.tdb 2:<none> 3:<none> 4:<none>
[2026/05/20 17:15:58.582238, 10, pid=4018094, effective(65534, 65534), real(65534, 0), class=locking] source3/locking/share_mode_lock.c:990(get_share_mode_lock_internal)
  get_share_mode_lock_internal: Returning 64512:16908295:0 (data_cached=1 key_refcount=1)
[2026/05/20 17:15:58.582259, 10, pid=4018094, effective(65534, 65534), real(65534, 0), class=locking] source3/locking/locking.c:1007(find_delete_on_close_token)
  find_delete_on_close_token: name_hash = 0x620a2ea9
[2026/05/20 17:15:58.582277, 10, pid=4018094, effective(65534, 65534), real(65534, 0)] source3/smbd/open.c:1712(share_conflict)
  share_conflict: existing access_mask = 0x0, existing share access = 0x7, access_mask = 0x89, share_access = 0x7
[2026/05/20 17:15:58.582296, 10, pid=4018094, effective(65534, 65534), real(65534, 0)] source3/smbd/open.c:1722(share_conflict)
  share_conflict: No conflict due to existing access_mask = 0x0
[2026/05/20 17:15:58.582313, 10, pid=4018094, effective(65534, 65534), real(65534, 0)] source3/smbd/open.c:1988(open_mode_check)
  open_mode_check: No conflict due to share_mode_flags access
[2026/05/20 17:15:58.582333, 10, pid=4018094, effective(65534, 65534), real(65534, 0), class=locking] source3/locking/share_mode_lock.c:2258(share_mode_forall_entries)
  share_mode_forall_entries: num_share_modes=0
[2026/05/20 17:15:58.582351, 10, pid=4018094, effective(65534, 65534), real(65534, 0), class=locking] source3/locking/share_mode_lock.c:2277(share_mode_forall_entries)
  share_mode_forall_entries: num_share_entries=0, writeback=0
[2026/05/20 17:15:58.582370, 10, pid=4018094, effective(65534, 65534), real(65534, 0), class=locking] source3/locking/brlock.c:1868(brl_get_locks_readonly)
  seqnum=0, fsp->brlock_seqnum=0
[2026/05/20 17:15:58.582391, 10, pid=4018094, effective(65534, 65534), real(65534, 0)] source3/smbd/open.c:2811(delay_for_oplock)
  delay_for_oplock: oplock type 0x0 granted (RW)(0x5), on file debian-13.3.0-amd64-netinst.iso, requested 0x1 (RW)(0x5) => total (RW)(0x5)
[2026/05/20 17:15:58.582414, 10, pid=4018094, effective(65534, 65534), real(65534, 0), class=locking] source3/locking/share_mode_lock.c:1999(set_share_mode)
  set_share_mode: num_share_modes=0
[2026/05/20 17:15:58.582432, 10, pid=4018094, effective(65534, 65534), real(65534, 0), class=locking] source3/locking/share_mode_lock.c:349(share_mode_entry_put)
  share_mode_entry_put: share_mode_entry:
[2026/05/20 17:15:58.582455,  1, pid=4018094, effective(65534, 65534), real(65534, 0), class=rpc_parse] source3/locking/share_mode_lock.c:350(share_mode_entry_put)
       discard_const_p(void, e): struct share_mode_entry
          pid: struct server_id
              pid                      : 0x00000000003d4fae (4018094)
              task_id                  : 0x00000000 (0)
              vnn                      : 0xffffffff (4294967295)
              unique_id                : 0xec85a3fb311857e1 (-1403535409600243743)
          op_mid                   : 0x0000000000000086 (134)
          op_type                  : SHARE_MODE_ENTRY_OP_TYPE_EXCLUSIVE (1)
          client_guid              : 00000000-0000-0000-0000-000000000000
          lease_key: struct smb2_lease_key
              data: ARRAY(2)
                  data                     : 0x0000000000000000 (0)
                  data                     : 0x0000000000000000 (0)
          access_mask              : 0x00000089 (137)
          share_access             : 0x00000007 (7)
          private_options          : 0x00000000 (0)
          time                     : Wed May 20 05:15:58 PM 2026 JST.579843
          share_file_id            : 0x00000000000000d0 (208)
          uid                      : 0x0000fffe (65534)
          flags                    : 0x0001 (1)
          name_hash                : 0x620a2ea9 (1644834473)
          stale                    : 0x00 (0)
[2026/05/20 17:15:58.582616, 10, pid=4018094, effective(65534, 65534), real(65534, 0), class=locking] source3/locking/share_mode_lock.c:2043(set_share_mode)
  set_share_mode: idx=0, found=0
[2026/05/20 17:15:58.582635, 10, pid=4018094, effective(65534, 65534), real(65534, 0), class=locking] source3/locking/share_mode_lock.c:2071(set_share_mode)
  set_share_mode: dbufs[0]=(0x7ffc78fcd220, 132)
[2026/05/20 17:15:58.582653, 10, pid=4018094, effective(65534, 65534), real(65534, 0), class=locking] source3/locking/share_mode_lock.c:626(share_mode_data_ltdb_store)
  share_mode_data_ltdb_store: 
[2026/05/20 17:15:58.582670,  1, pid=4018094, effective(65534, 65534), real(65534, 0), class=rpc_parse] source3/locking/share_mode_lock.c:627(share_mode_data_ltdb_store)
       d: struct share_mode_data
          unique_content_epoch     : 0x6e864e78aa294594 (7964139271209174420)
          flags                    : 0x01cb (459)
                 1: SHARE_MODE_SHARE_DELETE  
                 1: SHARE_MODE_SHARE_WRITE   
                 1: SHARE_MODE_SHARE_READ    
                 0: SHARE_MODE_ACCESS_DELETE 
                 0: SHARE_MODE_ACCESS_WRITE  
                 1: SHARE_MODE_ACCESS_READ   
                 0: SHARE_MODE_LEASE_HANDLE  
                 1: SHARE_MODE_LEASE_WRITE   
                 1: SHARE_MODE_LEASE_READ    
          servicepath              : *
              servicepath              : '/var/samba/public'
          base_name                : *
              base_name                : 'debian-13.3.0-amd64-netinst.iso'
          stream_name              : NULL
          num_delete_tokens        : 0x00000000 (0)
          delete_tokens: ARRAY(0)
          old_write_time           : Sun Feb 22 02:05:45 AM 2026 JST
          changed_write_time       : NTTIME(0)
          not_stored               : 0x01 (1)
          modified                 : 0x01 (1)
          id: struct file_id
              devid                    : 0x000000000000fc00 (64512)
              inode                    : 0x0000000001020007 (16908295)
              extid                    : 0x0000000000000000 (0)
[2026/05/20 17:15:58.582842, 10, pid=4018094, effective(65534, 65534), real(65534, 0), class=locking] source3/locking/share_mode_lock.c:676(share_mode_data_store)
  share_mode_data_store: not modified
[2026/05/20 17:15:58.582860, 10, pid=4018094, effective(65534, 65534), real(65534, 0), class=locking] source3/locking/share_mode_lock.c:207(share_mode_memcache_store)
  share_mode_memcache_store: stored entry for file debian-13.3.0-amd64-netinst.iso epoch 6e864e78aa294594 key 64512:16908295:0
[2026/05/20 17:15:58.582899,  5, pid=4018094, effective(65534, 65534), real(65534, 0)] lib/dbwrap/dbwrap.c:204(dbwrap_lock_order_unlock)
  dbwrap_lock_order_unlock: release lock order 1 for /run/samba/locking.tdb
[2026/05/20 17:15:58.582922, 10, pid=4018094, effective(65534, 65534), real(65534, 0)] source3/lib/dbwrap/dbwrap_watch.c:507(dbwrap_watched_record_prepare_wakeup)
  dbwrap_watched_record_prepare_wakeup: No watchers
[2026/05/20 17:15:58.582945, 10, pid=4018094, effective(65534, 65534), real(65534, 0)] source3/lib/dbwrap/dbwrap_watch.c:487(dbwrap_watched_do_locked)
  dbwrap_watched_do_locked: dbwrap_watched_do_locked_fn returned
[2026/05/20 17:15:58.582962, 10, pid=4018094, effective(65534, 65534), real(65534, 0)] source3/lib/dbwrap/dbwrap_watch.c:550(dbwrap_watched_trigger_wakeup)
  dbwrap_watched_trigger_wakeup: No one to wakeup
[2026/05/20 17:15:58.582980, 10, pid=4018094, effective(65534, 65534), real(65534, 0)] source3/lib/g_lock.c:1275(g_lock_lock)
  g_lock_lock: status=NT_STATUS_OK, state.status=NT_STATUS_WAS_UNLOCKED
[2026/05/20 17:15:58.583000,  5, pid=4018094, effective(65534, 65534), real(65534, 0), class=locking] source3/smbd/smb2_oplock.c:86(set_file_oplock)
  set_file_oplock: granted oplock on file debian-13.3.0-amd64-netinst.iso, 64512:16908295:0/208, tv_sec = 6a0d6dbe, tv_usec = 8d903
[2026/05/20 17:15:58.583022, 10, pid=4018094, effective(65534, 65534), real(65534, 0)] source3/smbd/open.c:6446(create_file_unixpath)
  create_file_unixpath: info=1
[2026/05/20 17:15:58.583045,  5, pid=4018094, effective(65534, 65534), real(65534, 0)] source3/smbd/files.c:1985(file_free)
  file_free: freed files structure 0 (2 used)
[2026/05/20 17:15:58.583064, 10, pid=4018094, effective(65534, 65534), real(65534, 0)] source3/smbd/open.c:6642(create_file_default)
  create_file: info=1
[2026/05/20 17:15:58.583083, 10, pid=4018094, effective(65534, 65534), real(65534, 0)] source3/smbd/smb2_trans2.c:2779(store_file_unix_basic)
  store_file_unix_basic: SMB_QUERY_FILE_UNIX_BASIC
[2026/05/20 17:15:58.583100,  4, pid=4018094, effective(65534, 65534), real(65534, 0)] source3/smbd/smb2_trans2.c:2780(store_file_unix_basic)
  store_file_unix_basic: st_mode=100664
[2026/05/20 17:15:58.583122,  9, pid=4018094, effective(65534, 65534), real(65534, 0)] source3/smbd/smb1_trans2.c:230(send_trans2_replies)
  t2_rep: params_sent_thistime = 2, data_sent_thistime = 112, useable_space = 16406
[2026/05/20 17:15:58.583140,  9, pid=4018094, effective(65534, 65534), real(65534, 0)] source3/smbd/smb1_trans2.c:232(send_trans2_replies)
  t2_rep: params_to_send = 2, data_to_send = 112, paramsize = 2, datasize = 112
[2026/05/20 17:15:58.583170,  5, pid=4018094, effective(65534, 65534), real(65534, 0)] source3/lib/util.c:150(show_msg)
  size=172
  smb_com=0x32
  smb_rcls=0
  smb_reh=0
  smb_err=0
  smb_flg=128
  smb_flg2=51203
  smb_tid=47115
  smb_pid=1778
  smb_uid=10914
  smb_mid=134
  smt_wct=10
  smb_vwv[ 0]=    2 (0x2)
  smb_vwv[ 1]=  112 (0x70)
  smb_vwv[ 2]=    0 (0x0)
  smb_vwv[ 3]=    2 (0x2)
  smb_vwv[ 4]=   56 (0x38)
  smb_vwv[ 5]=    0 (0x0)
  smb_vwv[ 6]=  112 (0x70)
  smb_vwv[ 7]=   60 (0x3C)
  smb_vwv[ 8]=    0 (0x0)
  smb_vwv[ 9]=    0 (0x0)
  smb_bcc=117
[2026/05/20 17:15:58.583269, 10, pid=4018094, effective(65534, 65534), real(65534, 0)] lib/util/util.c:578(dump_data)
  [0000] 00 00 00 00 00 01 00 42   1D 01 00 00 00 00 02 00   .......B ........
  [0010] 00 00 00 20 2F 00 00 00   00 00 10 20 2F 00 00 00   ... /... ... /...
  [0020] 00 BB AC 26 51 54 A3 DC   01 8A 31 A8 A3 2C E8 DC   ...&QT.. ..1..,..
  [0030] 01 BB AC 26 51 54 A3 DC   01 E8 03 00 00 00 00 00   ...&QT.. ........
  [0040] 00 E8 03 00 00 00 00 00   00 00 00 00 00 FC 00 00   ........ ........
  [0050] 00 00 00 00 00 00 00 00   00 00 00 00 00 07 00 02   ........ ........
  [0060] 01 00 00 00 00 B4 01 00   00 00 00 00 00 01 00 00   ........ ........
  [0070] 00 00 00 00 00                                      .....
[2026/05/20 17:15:58.583473,  5, pid=4018094, effective(65534, 65534), real(65534, 0)] source3/smbd/files.c:1985(file_free)
  file_free: freed files structure 0 (1 used)
[2026/05/20 17:15:58.900434, 10, pid=4018094, effective(65534, 65534), real(65534, 0)] source3/lib/util_sock.c:180(read_smb_length_return_keepalive)
  got smb length of 41
[2026/05/20 17:15:58.900497,  6, pid=4018094, effective(65534, 65534), real(65534, 0)] source3/smbd/smb2_process.c:574(process_smb)
  got message type 0x0 of len 0x29
[2026/05/20 17:15:58.900515,  3, pid=4018094, effective(65534, 65534), real(65534, 0)] source3/smbd/smb2_process.c:576(process_smb)
  Transaction 134 of length 45 (0 toread)
[2026/05/20 17:15:58.900558,  5, pid=4018094, effective(65534, 65534), real(65534, 0)] source3/lib/util.c:150(show_msg)
  size=41
  smb_com=0x4
  smb_rcls=0
  smb_reh=0
  smb_err=0
  smb_flg=0
  smb_flg2=49153
  smb_tid=47115
  smb_pid=1778
  smb_uid=10914
  smb_mid=135
  smt_wct=3
  smb_vwv[ 0]= 7490 (0x1D42)
  smb_vwv[ 1]=65535 (0xFFFF)
  smb_vwv[ 2]=65535 (0xFFFF)
  smb_bcc=0
[2026/05/20 17:15:58.900646,  3, pid=4018094, effective(65534, 65534), real(65534, 0)] source3/smbd/smb1_process.c:1112(switch_message)
  switch message SMBclose (pid 4018094) conn 0x6087dc17b920
[2026/05/20 17:15:58.900670,  5, pid=4018094, effective(65534, 65534), real(65534, 0)] source3/smbd/uid.c:327(change_to_user_impersonate)
  change_to_user_impersonate: Skipping user change - already user
[2026/05/20 17:15:58.900691,  4, pid=4018094, effective(65534, 65534), real(65534, 0), class=vfs] source3/smbd/vfs.c:937(vfs_ChDir)
  vfs_ChDir to /var/samba/public
[2026/05/20 17:15:58.900733,  5, pid=4018094, effective(65534, 65534), real(65534, 0), class=vfs] source3/smbd/vfs.c:999(vfs_ChDir)
  vfs_ChDir: vfs_ChDir got /var/samba/public
[2026/05/20 17:15:58.900760,  5, pid=4018094, effective(65534, 65534), real(65534, 0)] source3/smbd/uid.c:294(print_impersonation_info)
  print_impersonation_info: Impersonated user: uid=(65534,65534), gid=(0,65534), cwd=[/var/samba/public]
[2026/05/20 17:15:58.900786,  3, pid=4018094, effective(65534, 65534), real(65534, 0)] source3/smbd/smb1_reply.c:5097(reply_close)
  reply_close: Close file fd=30 fnum 7490 (numopen=1)
[2026/05/20 17:15:58.900807,  6, pid=4018094, effective(65534, 65534), real(65534, 0)] source3/smbd/close.c:656(set_close_write_time)
  close_write_time: Thu Jan  1 09:00:01 1970
[2026/05/20 17:15:58.900844,  5, pid=4018094, effective(65534, 65534), real(65534, 0)] lib/dbwrap/dbwrap.c:172(dbwrap_lock_order_lock)
  dbwrap_lock_order_lock: check lock order 1 for /run/samba/locking.tdb
[2026/05/20 17:15:58.900863, 10, pid=4018094, effective(65534, 65534), real(65534, 0)] lib/dbwrap/dbwrap.c:157(debug_lock_order)
  lock order:  1:/run/samba/locking.tdb 2:<none> 3:<none> 4:<none>
[2026/05/20 17:15:58.900917, 10, pid=4018094, effective(65534, 65534), real(65534, 0), class=locking] source3/locking/share_mode_lock.c:322(share_mode_memcache_fetch)
  share_mode_memcache_fetch: fetched entry for file debian-13.3.0-amd64-netinst.iso epoch 6e864e78aa294594 key 64512:16908295:0
[2026/05/20 17:15:58.900939, 10, pid=4018094, effective(65534, 65534), real(65534, 0), class=locking] source3/locking/share_mode_lock.c:990(get_share_mode_lock_internal)
  get_share_mode_lock_internal: Returning 64512:16908295:0 (data_cached=1 key_refcount=1)
[2026/05/20 17:15:58.900962, 10, pid=4018094, effective(65534, 65534), real(65534, 0), class=locking] source3/locking/share_mode_lock.c:2388(share_mode_entry_do)
  share_mode_entry_do: num_share_modes=1
[2026/05/20 17:15:58.900980, 10, pid=4018094, effective(65534, 65534), real(65534, 0), class=locking] source3/locking/share_mode_lock.c:1941(share_mode_entry_find)
  share_mode_entry_find: left=0, right=0, middle=0, middle_ptr=0x6087dc181b38
[2026/05/20 17:15:58.901006, 10, pid=4018094, effective(65534, 65534), real(65534, 0), class=locking] source3/locking/share_mode_lock.c:2404(share_mode_entry_do)
  share_mode_entry_do: entry[0]:
[2026/05/20 17:15:58.901024,  1, pid=4018094, effective(65534, 65534), real(65534, 0), class=rpc_parse] source3/locking/share_mode_lock.c:2405(share_mode_entry_do)
       &e: struct share_mode_entry
          pid: struct server_id
              pid                      : 0x00000000003d4fae (4018094)
              task_id                  : 0x00000000 (0)
              vnn                      : 0xffffffff (4294967295)
              unique_id                : 0xec85a3fb311857e1 (-1403535409600243743)
          op_mid                   : 0x0000000000000086 (134)
          op_type                  : SHARE_MODE_ENTRY_OP_TYPE_EXCLUSIVE (1)
          client_guid              : 00000000-0000-0000-0000-000000000000
          lease_key: struct smb2_lease_key
              data: ARRAY(2)
                  data                     : 0x0000000000000000 (0)
                  data                     : 0x0000000000000000 (0)
          access_mask              : 0x00000089 (137)
          share_access             : 0x00000007 (7)
          private_options          : 0x00000000 (0)
          time                     : Wed May 20 05:15:58 PM 2026 JST.579843
          share_file_id            : 0x00000000000000d0 (208)
          uid                      : 0x0000fffe (65534)
          flags                    : 0x0001 (1)
          name_hash                : 0x620a2ea9 (1644834473)
          stale                    : 0x00 (0)
[2026/05/20 17:15:58.901187, 10, pid=4018094, effective(65534, 65534), real(65534, 0), class=locking] source3/locking/share_mode_lock.c:2410(share_mode_entry_do)
  share_mode_entry_do: entry[0]: modified=1, e.stale=0
[2026/05/20 17:15:58.901205, 10, pid=4018094, effective(65534, 65534), real(65534, 0), class=locking] source3/locking/share_mode_lock.c:349(share_mode_entry_put)
  share_mode_entry_put: share_mode_entry:
[2026/05/20 17:15:58.901222,  1, pid=4018094, effective(65534, 65534), real(65534, 0), class=rpc_parse] source3/locking/share_mode_lock.c:350(share_mode_entry_put)
       discard_const_p(void, e): struct share_mode_entry
          pid: struct server_id
              pid                      : 0x00000000003d4fae (4018094)
              task_id                  : 0x00000000 (0)
              vnn                      : 0xffffffff (4294967295)
              unique_id                : 0xec85a3fb311857e1 (-1403535409600243743)
          op_mid                   : 0x0000000000000086 (134)
          op_type                  : SHARE_MODE_ENTRY_OP_TYPE_NONE (0)
          client_guid              : 00000000-0000-0000-0000-000000000000
          lease_key: struct smb2_lease_key
              data: ARRAY(2)
                  data                     : 0x0000000000000000 (0)
                  data                     : 0x0000000000000000 (0)
          access_mask              : 0x00000089 (137)
          share_access             : 0x00000007 (7)
          private_options          : 0x00000000 (0)
          time                     : Wed May 20 05:15:58 PM 2026 JST.579843
          share_file_id            : 0x00000000000000d0 (208)
          uid                      : 0x0000fffe (65534)
          flags                    : 0x0001 (1)
          name_hash                : 0x620a2ea9 (1644834473)
          stale                    : 0x00 (0)
[2026/05/20 17:15:58.901365, 10, pid=4018094, effective(65534, 65534), real(65534, 0), class=locking] source3/locking/share_mode_lock.c:619(share_mode_data_ltdb_store)
  share_mode_data_ltdb_store: share_mode_data not modified
[2026/05/20 17:15:58.901385, 10, pid=4018094, effective(65534, 65534), real(65534, 0), class=locking] source3/locking/share_mode_lock.c:990(get_share_mode_lock_internal)
  get_share_mode_lock_internal: Returning 64512:16908295:0 (data_cached=1 key_refcount=2)
[2026/05/20 17:15:58.901405, 10, pid=4018094, effective(65534, 65534), real(65534, 0), class=locking] source3/locking/locking.c:1007(find_delete_on_close_token)
  find_delete_on_close_token: name_hash = 0x620a2ea9
[2026/05/20 17:15:58.901424, 10, pid=4018094, effective(65534, 65534), real(65534, 0), class=locking] source3/locking/share_mode_lock.c:2388(share_mode_entry_do)
  share_mode_entry_do: num_share_modes=1
[2026/05/20 17:15:58.901442, 10, pid=4018094, effective(65534, 65534), real(65534, 0), class=locking] source3/locking/share_mode_lock.c:1941(share_mode_entry_find)
  share_mode_entry_find: left=0, right=0, middle=0, middle_ptr=0x6087dc181eb8
[2026/05/20 17:15:58.901468, 10, pid=4018094, effective(65534, 65534), real(65534, 0), class=locking] source3/locking/share_mode_lock.c:2404(share_mode_entry_do)
  share_mode_entry_do: entry[0]:
[2026/05/20 17:15:58.901486,  1, pid=4018094, effective(65534, 65534), real(65534, 0), class=rpc_parse] source3/locking/share_mode_lock.c:2405(share_mode_entry_do)
       &e: struct share_mode_entry
          pid: struct server_id
              pid                      : 0x00000000003d4fae (4018094)
              task_id                  : 0x00000000 (0)
              vnn                      : 0xffffffff (4294967295)
              unique_id                : 0xec85a3fb311857e1 (-1403535409600243743)
          op_mid                   : 0x0000000000000086 (134)
          op_type                  : SHARE_MODE_ENTRY_OP_TYPE_NONE (0)
          client_guid              : 00000000-0000-0000-0000-000000000000
          lease_key: struct smb2_lease_key
              data: ARRAY(2)
                  data                     : 0x0000000000000000 (0)
                  data                     : 0x0000000000000000 (0)
          access_mask              : 0x00000089 (137)
          share_access             : 0x00000007 (7)
          private_options          : 0x00000000 (0)
          time                     : Wed May 20 05:15:58 PM 2026 JST.579843
          share_file_id            : 0x00000000000000d0 (208)
          uid                      : 0x0000fffe (65534)
          flags                    : 0x0001 (1)
          name_hash                : 0x620a2ea9 (1644834473)
          stale                    : 0x00 (0)
[2026/05/20 17:15:58.901634, 10, pid=4018094, effective(65534, 65534), real(65534, 0), class=locking] source3/locking/share_mode_lock.c:2410(share_mode_entry_do)
  share_mode_entry_do: entry[0]: modified=0, e.stale=1
[2026/05/20 17:15:58.901652, 10, pid=4018094, effective(65534, 65534), real(65534, 0), class=locking] source3/locking/share_mode_lock.c:2444(share_mode_entry_do)
  share_mode_entry_do: share_mode_entry:
[2026/05/20 17:15:58.901669,  1, pid=4018094, effective(65534, 65534), real(65534, 0), class=rpc_parse] source3/locking/share_mode_lock.c:2445(share_mode_entry_do)
       &e: struct share_mode_entry
          pid: struct server_id
              pid                      : 0x00000000003d4fae (4018094)
              task_id                  : 0x00000000 (0)
              vnn                      : 0xffffffff (4294967295)
              unique_id                : 0xec85a3fb311857e1 (-1403535409600243743)
          op_mid                   : 0x0000000000000086 (134)
          op_type                  : SHARE_MODE_ENTRY_OP_TYPE_NONE (0)
          client_guid              : 00000000-0000-0000-0000-000000000000
          lease_key: struct smb2_lease_key
              data: ARRAY(2)
                  data                     : 0x0000000000000000 (0)
                  data                     : 0x0000000000000000 (0)
          access_mask              : 0x00000089 (137)
          share_access             : 0x00000007 (7)
          private_options          : 0x00000000 (0)
          time                     : Wed May 20 05:15:58 PM 2026 JST.579843
          share_file_id            : 0x00000000000000d0 (208)
          uid                      : 0x0000fffe (65534)
          flags                    : 0x0001 (1)
          name_hash                : 0x620a2ea9 (1644834473)
          stale                    : 0x01 (1)
[2026/05/20 17:15:58.901806, 10, pid=4018094, effective(65534, 65534), real(65534, 0), class=locking] source3/locking/share_mode_lock.c:626(share_mode_data_ltdb_store)
  share_mode_data_ltdb_store: 
[2026/05/20 17:15:58.901823,  1, pid=4018094, effective(65534, 65534), real(65534, 0), class=rpc_parse] source3/locking/share_mode_lock.c:627(share_mode_data_ltdb_store)
       d: struct share_mode_data
          unique_content_epoch     : 0x6e864e78aa294597 (7964139271209174423)
          flags                    : 0x01cb (459)
                 1: SHARE_MODE_SHARE_DELETE  
                 1: SHARE_MODE_SHARE_WRITE   
                 1: SHARE_MODE_SHARE_READ    
                 0: SHARE_MODE_ACCESS_DELETE 
                 0: SHARE_MODE_ACCESS_WRITE  
                 1: SHARE_MODE_ACCESS_READ   
                 0: SHARE_MODE_LEASE_HANDLE  
                 1: SHARE_MODE_LEASE_WRITE   
                 1: SHARE_MODE_LEASE_READ    
          servicepath              : *
              servicepath              : '/var/samba/public'
          base_name                : *
              base_name                : 'debian-13.3.0-amd64-netinst.iso'
          stream_name              : NULL
          num_delete_tokens        : 0x00000000 (0)
          delete_tokens: ARRAY(0)
          old_write_time           : Sun Feb 22 02:05:45 AM 2026 JST
          changed_write_time       : NTTIME(0)
          not_stored               : 0x00 (0)
          modified                 : 0x01 (1)
          id: struct file_id
              devid                    : 0x000000000000fc00 (64512)
              inode                    : 0x0000000001020007 (16908295)
              extid                    : 0x0000000000000000 (0)
[2026/05/20 17:15:58.902005, 10, pid=4018094, effective(65534, 65534), real(65534, 0), class=locking] source3/locking/share_mode_lock.c:676(share_mode_data_store)
  share_mode_data_store: not modified
[2026/05/20 17:15:58.902024,  5, pid=4018094, effective(65534, 65534), real(65534, 0)] lib/dbwrap/dbwrap.c:204(dbwrap_lock_order_unlock)
  dbwrap_lock_order_unlock: release lock order 1 for /run/samba/locking.tdb
[2026/05/20 17:15:58.902042, 10, pid=4018094, effective(65534, 65534), real(65534, 0)] source3/lib/dbwrap/dbwrap_watch.c:507(dbwrap_watched_record_prepare_wakeup)
  dbwrap_watched_record_prepare_wakeup: No watchers
[2026/05/20 17:15:58.902064, 10, pid=4018094, effective(65534, 65534), real(65534, 0)] source3/lib/dbwrap/dbwrap_watch.c:487(dbwrap_watched_do_locked)
  dbwrap_watched_do_locked: dbwrap_watched_do_locked_fn returned
[2026/05/20 17:15:58.902081, 10, pid=4018094, effective(65534, 65534), real(65534, 0)] source3/lib/dbwrap/dbwrap_watch.c:550(dbwrap_watched_trigger_wakeup)
  dbwrap_watched_trigger_wakeup: No one to wakeup
[2026/05/20 17:15:58.902099, 10, pid=4018094, effective(65534, 65534), real(65534, 0)] source3/lib/g_lock.c:1275(g_lock_lock)
  g_lock_lock: status=NT_STATUS_OK, state.status=NT_STATUS_WAS_UNLOCKED
[2026/05/20 17:15:58.902133,  2, pid=4018094, effective(65534, 65534), real(65534, 0)] source3/smbd/close.c:934(close_normal_file)
  nobody closed file debian-13.3.0-amd64-netinst.iso (numopen=0) NT_STATUS_OK
[2026/05/20 17:15:58.902154,  5, pid=4018094, effective(65534, 65534), real(65534, 0)] lib/dbwrap/dbwrap.c:172(dbwrap_lock_order_lock)
  dbwrap_lock_order_lock: check lock order 1 for /run/samba/smbXsrv_open_global.tdb
[2026/05/20 17:15:58.902172, 10, pid=4018094, effective(65534, 65534), real(65534, 0)] lib/dbwrap/dbwrap.c:157(debug_lock_order)
  lock order:  1:/run/samba/smbXsrv_open_global.tdb 2:<none> 3:<none> 4:<none>
[2026/05/20 17:15:58.902195,  5, pid=4018094, effective(65534, 65534), real(65534, 0)] lib/dbwrap/dbwrap.c:204(dbwrap_lock_order_unlock)
  dbwrap_lock_order_unlock: release lock order 1 for /run/samba/smbXsrv_open_global.tdb
[2026/05/20 17:15:58.902216,  5, pid=4018094, effective(65534, 65534), real(65534, 0)] source3/smbd/files.c:1985(file_free)
  file_free: freed files structure 7490 (0 used)
[2026/05/20 17:15:58.902248,  5, pid=4018094, effective(65534, 65534), real(65534, 0)] source3/lib/util.c:150(show_msg)
  size=35
  smb_com=0x4
  smb_rcls=0
  smb_reh=0
  smb_err=0
  smb_flg=128
  smb_flg2=51203
  smb_tid=47115
  smb_pid=1778
  smb_uid=10914
  smb_mid=135
  smt_wct=0
  smb_bcc=0
[2026/05/20 17:16:30.342935, 10, pid=4018094, effective(65534, 65534), real(65534, 0)] source3/lib/util_event.c:42(smbd_idle_event_handler)
  smbd_idle_event_handler: idle_evt(deadtime) (nil) called
[2026/05/20 17:16:30.343103, 10, pid=4018094, effective(65534, 65534), real(65534, 0)] source3/lib/util_event.c:53(smbd_idle_event_handler)
  smbd_idle_event_handler: idle_evt(deadtime) (nil) rescheduled
[2026/05/20 17:16:30.343185, 10, pid=4018094, effective(65534, 65534), real(65534, 0)] source3/lib/util_event.c:42(smbd_idle_event_handler)
  smbd_idle_event_handler: idle_evt(housekeeping) (nil) called
[2026/05/20 17:16:30.343204,  5, pid=4018094, effective(65534, 65534), real(65534, 0)] source3/smbd/smb2_process.c:1582(housekeeping_fn)
  housekeeping
[2026/05/20 17:16:30.343225,  4, pid=4018094, effective(65534, 65534), real(65534, 0)] source3/smbd/sec_ctx.c:317(set_sec_ctx_internal)
  setting sec ctx (0, 0) - sec_ctx_stack_ndx = 0
[2026/05/20 17:16:30.343244,  5, pid=4018094, effective(65534, 65534), real(65534, 0)] libcli/security/security_token.c:49(security_token_debug)
  Security token: (NULL)
[2026/05/20 17:16:30.343264,  5, pid=4018094, effective(65534, 65534), real(65534, 0)] source3/auth/token_util.c:873(debug_unix_user_token)
  UNIX token of user 0
  Primary group is 0 and contains 0 supplementary groups
[2026/05/20 17:16:30.343319,  5, pid=4018094, effective(0, 0), real(0, 0)] source3/smbd/uid.c:494(smbd_change_to_root_user)
  change_to_root_user: now uid=(0,0) gid=(0,0)
[2026/05/20 17:16:30.343392,  5, pid=4018094, effective(0, 0), real(0, 0)] lib/util/debug.c:931(debug_dump_status)
  INFO: Current debug levels:
    all: 10
    tdb: 10
    printdrivers: 10
    lanman: 10
    smb: 10
    rpc_parse: 10
    rpc_srv: 10
    rpc_cli: 10
    passdb: 10
    sam: 10
    auth: 10
    winbind: 10
    vfs: 10
    idmap: 10
    quota: 10
    acls: 10
    locking: 10
    msdfs: 10
    dmapi: 10
    registry: 10
    scavenger: 10
    dns: 10
    ldb: 10
    tevent: 10
    auth_audit: 10
    auth_json_audit: 10
    kerberos: 10
    drs_repl: 10
    smb2: 10
    smb2_credits: 10
    dsdb_audit: 10
    dsdb_json_audit: 10
    dsdb_password_audit: 10
    dsdb_password_json_audit: 10
    dsdb_transaction_audit: 10
    dsdb_transaction_json_audit: 10
    dsdb_group_audit: 10
    dsdb_group_json_audit: 10
[2026/05/20 17:16:30.343575,  6, pid=4018094, effective(0, 0), real(0, 0)] source3/param/loadparm.c:2398(lp_file_list_changed)
  lp_file_list_changed()
  file /etc/samba/smb.conf -> /etc/samba/smb.conf  last mod_time: 2026-05-20 16:45:05.795595113
[2026/05/20 17:16:30.343618, 10, pid=4018094, effective(0, 0), real(0, 0)] source3/lib/util_event.c:53(smbd_idle_event_handler)
  smbd_idle_event_handler: idle_evt(housekeeping) (nil) rescheduled
[2026/05/20 17:16:38.268625, 10, pid=4018094, effective(0, 0), real(0, 0)] source3/lib/util_sock.c:180(read_smb_length_return_keepalive)
  got smb length of 68
[2026/05/20 17:16:38.268719,  6, pid=4018094, effective(0, 0), real(0, 0)] source3/smbd/smb2_process.c:574(process_smb)
  got message type 0x0 of len 0x44
[2026/05/20 17:16:38.268740,  3, pid=4018094, effective(0, 0), real(0, 0)] source3/smbd/smb2_process.c:576(process_smb)
  Transaction 135 of length 72 (0 toread)
[2026/05/20 17:16:38.268773,  5, pid=4018094, effective(0, 0), real(0, 0)] source3/lib/util.c:150(show_msg)
  size=68
  smb_com=0x32
  smb_rcls=0
  smb_reh=0
  smb_err=0
  smb_flg=0
  smb_flg2=49153
  smb_tid=47115
  smb_pid=13437
  smb_uid=10914
  smb_mid=136
  smt_wct=15
  smb_vwv[ 0]=    2 (0x2)
  smb_vwv[ 1]=    0 (0x0)
  smb_vwv[ 2]=    2 (0x2)
  smb_vwv[ 3]=  100 (0x64)
  smb_vwv[ 4]=    0 (0x0)
  smb_vwv[ 5]=    0 (0x0)
  smb_vwv[ 6]=    0 (0x0)
  smb_vwv[ 7]=    0 (0x0)
  smb_vwv[ 8]=    0 (0x0)
  smb_vwv[ 9]=    2 (0x2)
  smb_vwv[10]=   66 (0x42)
  smb_vwv[11]=    0 (0x0)
  smb_vwv[12]=    0 (0x0)
  smb_vwv[13]=    1 (0x1)
  smb_vwv[14]=    3 (0x3)
  smb_bcc=3
[2026/05/20 17:16:38.268931, 10, pid=4018094, effective(0, 0), real(0, 0)] lib/util/util.c:578(dump_data)
  [0000] 00 01 02                                            ...
[2026/05/20 17:16:38.268968,  3, pid=4018094, effective(0, 0), real(0, 0)] source3/smbd/smb1_process.c:1112(switch_message)
  switch message SMBtrans2 (pid 4018094) conn 0x6087dc17b920
[2026/05/20 17:16:38.269002,  4, pid=4018094, effective(0, 0), real(0, 0)] source3/smbd/sec_ctx.c:317(set_sec_ctx_internal)
  setting sec ctx (65534, 65534) - sec_ctx_stack_ndx = 0
[2026/05/20 17:16:38.269039,  5, pid=4018094, effective(0, 0), real(0, 0)] libcli/security/security_token.c:53(security_token_debug)
  Security token SIDs (7):
    SID[  0]: S-1-5-21-2342536155-1022706741-2866312864-501
    SID[  1]: S-1-5-21-2342536155-1022706741-2866312864-514
    SID[  2]: S-1-22-2-65534
    SID[  3]: S-1-1-0
    SID[  4]: S-1-5-2
    SID[  5]: S-1-5-32-546
    SID[  6]: S-1-22-1-65534
   Privileges (0x               0):
   Rights (0x               0):
[2026/05/20 17:16:38.269105,  5, pid=4018094, effective(0, 0), real(0, 0)] source3/auth/token_util.c:873(debug_unix_user_token)
  UNIX token of user 65534
  Primary group is 65534 and contains 1 supplementary groups
  Group[  0]: 65534
[2026/05/20 17:16:38.269169,  4, pid=4018094, effective(65534, 65534), real(65534, 0), class=vfs] source3/smbd/vfs.c:937(vfs_ChDir)
  vfs_ChDir to /var/samba/public
[2026/05/20 17:16:38.269213,  5, pid=4018094, effective(65534, 65534), real(65534, 0), class=vfs] source3/smbd/vfs.c:999(vfs_ChDir)
  vfs_ChDir: vfs_ChDir got /var/samba/public
[2026/05/20 17:16:38.269241,  5, pid=4018094, effective(65534, 65534), real(65534, 0)] source3/smbd/uid.c:294(print_impersonation_info)
  print_impersonation_info: Impersonated user: uid=(65534,65534), gid=(0,65534), cwd=[/var/samba/public]
[2026/05/20 17:16:38.269268,  3, pid=4018094, effective(65534, 65534), real(65534, 0)] source3/smbd/smb1_trans2.c:1676(call_trans2qfsinfo)
  call_trans2qfsinfo: level = 513
[2026/05/20 17:16:38.269289,  3, pid=4018094, effective(65534, 65534), real(65534, 0)] source3/smbd/smb2_trans2.c:2078(smbd_do_qfsinfo)
  smbd_do_qfsinfo: level = 513
[2026/05/20 17:16:38.269315,  3, pid=4018094, effective(65534, 65534), real(65534, 0)] source3/smbd/error.c:78(error_packet_set)
  NT error packet at source3/smbd/smb1_trans2.c(1686) cmd=50 (SMBtrans2) NT_STATUS_INVALID_LEVEL
[2026/05/20 17:16:38.269352,  5, pid=4018094, effective(65534, 65534), real(65534, 0)] source3/lib/util.c:150(show_msg)
  size=35
  smb_com=0x32
  smb_rcls=72
  smb_reh=1
  smb_err=49152
  smb_flg=128
  smb_flg2=51203
  smb_tid=47115
  smb_pid=13437
  smb_uid=10914
  smb_mid=136
  smt_wct=0
  smb_bcc=0
[2026/05/20 17:16:38.585759, 10, pid=4018094, effective(65534, 65534), real(65534, 0)] source3/lib/util_sock.c:180(read_smb_length_return_keepalive)
  got smb length of 68
[2026/05/20 17:16:38.585849,  6, pid=4018094, effective(65534, 65534), real(65534, 0)] source3/smbd/smb2_process.c:574(process_smb)
  got message type 0x0 of len 0x44
[2026/05/20 17:16:38.585897,  3, pid=4018094, effective(65534, 65534), real(65534, 0)] source3/smbd/smb2_process.c:576(process_smb)
  Transaction 136 of length 72 (0 toread)
[2026/05/20 17:16:38.585930,  5, pid=4018094, effective(65534, 65534), real(65534, 0)] source3/lib/util.c:150(show_msg)
  size=68
  smb_com=0x32
  smb_rcls=0
  smb_reh=0
  smb_err=0
  smb_flg=0
  smb_flg2=49153
  smb_tid=47115
  smb_pid=13437
  smb_uid=10914
  smb_mid=137
  smt_wct=15
  smb_vwv[ 0]=    2 (0x2)
  smb_vwv[ 1]=    0 (0x0)
  smb_vwv[ 2]=    2 (0x2)
  smb_vwv[ 3]= 1000 (0x3E8)
  smb_vwv[ 4]=    0 (0x0)
  smb_vwv[ 5]=    0 (0x0)
  smb_vwv[ 6]=    0 (0x0)
  smb_vwv[ 7]=    0 (0x0)
  smb_vwv[ 8]=    0 (0x0)
  smb_vwv[ 9]=    2 (0x2)
  smb_vwv[10]=   66 (0x42)
  smb_vwv[11]=    0 (0x0)
  smb_vwv[12]=    0 (0x0)
  smb_vwv[13]=    1 (0x1)
  smb_vwv[14]=    3 (0x3)
  smb_bcc=3
[2026/05/20 17:16:38.586050, 10, pid=4018094, effective(65534, 65534), real(65534, 0)] lib/util/util.c:578(dump_data)
  [0000] 00 03 01                                            ...
[2026/05/20 17:16:38.586084,  3, pid=4018094, effective(65534, 65534), real(65534, 0)] source3/smbd/smb1_process.c:1112(switch_message)
  switch message SMBtrans2 (pid 4018094) conn 0x6087dc17b920
[2026/05/20 17:16:38.586110,  5, pid=4018094, effective(65534, 65534), real(65534, 0)] source3/smbd/uid.c:327(change_to_user_impersonate)
  change_to_user_impersonate: Skipping user change - already user
[2026/05/20 17:16:38.586150,  5, pid=4018094, effective(65534, 65534), real(65534, 0)] source3/smbd/uid.c:294(print_impersonation_info)
  print_impersonation_info: Impersonated user: uid=(65534,65534), gid=(0,65534), cwd=[/var/samba/public]
[2026/05/20 17:16:38.586194,  3, pid=4018094, effective(65534, 65534), real(65534, 0)] source3/smbd/smb1_trans2.c:1676(call_trans2qfsinfo)
  call_trans2qfsinfo: level = 259
[2026/05/20 17:16:38.586220,  3, pid=4018094, effective(65534, 65534), real(65534, 0)] source3/smbd/smb2_trans2.c:2078(smbd_do_qfsinfo)
  smbd_do_qfsinfo: level = 259
[2026/05/20 17:16:38.586386, 10, pid=4018094, effective(65534, 65534), real(65534, 0), class=quota] source3/lib/sysquotas.c:513(sys_get_quota)
  sys_get_quota() uid(65534, 65534), fs(ext4)
[2026/05/20 17:16:38.586407, 10, pid=4018094, effective(65534, 65534), real(65534, 0), class=quota] source3/lib/sysquotas_linux.c:80(sys_get_vfs_quota)
  sys_get_vfs_quota: path[/] bdev[/dev/mapper/ubuntu--vg-ubuntu--lv] SMB_USER_FS_QUOTA_TYPE (uid[65534])
[2026/05/20 17:16:38.586439, 10, pid=4018094, effective(65534, 65534), real(65534, 0), class=quota] source3/lib/sysquotas.c:537(sys_get_quota)
  sys_get_vfs_quota() called for mntpath[/] bdev[/dev/mapper/ubuntu--vg-ubuntu--lv] qtype[1] id[-1].
[2026/05/20 17:16:38.586519, 10, pid=4018094, effective(65534, 65534), real(65534, 0), class=quota] source3/lib/sysquotas.c:513(sys_get_quota)
  sys_get_quota() uid(65534, 65534), fs(ext4)
[2026/05/20 17:16:38.586539, 10, pid=4018094, effective(65534, 65534), real(65534, 0), class=quota] source3/lib/sysquotas_linux.c:93(sys_get_vfs_quota)
  sys_get_vfs_quota: path[/] bdev[/dev/mapper/ubuntu--vg-ubuntu--lv] SMB_GROUP_FS_QUOTA_TYPE (gid[65534])
[2026/05/20 17:16:38.586564, 10, pid=4018094, effective(65534, 65534), real(65534, 0), class=quota] source3/lib/sysquotas.c:537(sys_get_quota)
  sys_get_vfs_quota() called for mntpath[/] bdev[/dev/mapper/ubuntu--vg-ubuntu--lv] qtype[3] id[-1].
[2026/05/20 17:16:38.586583,  5, pid=4018094, effective(65534, 65534), real(65534, 0)] source3/smbd/smb2_trans2.c:2297(smbd_do_qfsinfo)
  smbd_do_qfsinfo : SMB_QUERY_FS_SIZE_INFO bsize=1024, cSectorUnit=2, cBytesSector=512, cUnitTotal=2111122464, cUnitAvail=1024902720
[2026/05/20 17:16:38.586603,  9, pid=4018094, effective(65534, 65534), real(65534, 0)] source3/smbd/smb1_trans2.c:230(send_trans2_replies)
  t2_rep: params_sent_thistime = 0, data_sent_thistime = 24, useable_space = 16408
[2026/05/20 17:16:38.586621,  9, pid=4018094, effective(65534, 65534), real(65534, 0)] source3/smbd/smb1_trans2.c:232(send_trans2_replies)
  t2_rep: params_to_send = 0, data_to_send = 24, paramsize = 0, datasize = 24
[2026/05/20 17:16:38.586652,  5, pid=4018094, effective(65534, 65534), real(65534, 0)] source3/lib/util.c:150(show_msg)
  size=80
  smb_com=0x32
  smb_rcls=0
  smb_reh=0
  smb_err=0
  smb_flg=128
  smb_flg2=51203
  smb_tid=47115
  smb_pid=13437
  smb_uid=10914
  smb_mid=137
  smt_wct=10
  smb_vwv[ 0]=    0 (0x0)
  smb_vwv[ 1]=   24 (0x18)
  smb_vwv[ 2]=    0 (0x0)
  smb_vwv[ 3]=    0 (0x0)
  smb_vwv[ 4]=   56 (0x38)
  smb_vwv[ 5]=    0 (0x0)
  smb_vwv[ 6]=   24 (0x18)
  smb_vwv[ 7]=   56 (0x38)
  smb_vwv[ 8]=    0 (0x0)
  smb_vwv[ 9]=    0 (0x0)
  smb_bcc=25
[2026/05/20 17:16:38.586751, 10, pid=4018094, effective(65534, 65534), real(65534, 0)] lib/util/util.c:578(dump_data)
  [0000] 00 20 2C D5 7D 00 00 00   00 40 C6 16 3D 00 00 00   . ,.}... .@..=...
  [0010] 00 02 00 00 00 00 02 00   00                        ........ .
[2026/05/20 17:16:38.586850,  4, pid=4018094, effective(65534, 65534), real(65534, 0)] source3/smbd/smb1_trans2.c:1693(call_trans2qfsinfo)
  SMBtrans2 info_level = 259
[2026/05/20 17:16:59.062478, 10, pid=4018094, effective(65534, 65534), real(65534, 0)] source3/lib/util_sock.c:180(read_smb_length_return_keepalive)
  got smb length of 138
[2026/05/20 17:16:59.062600,  6, pid=4018094, effective(65534, 65534), real(65534, 0)] source3/smbd/smb2_process.c:574(process_smb)
  got message type 0x0 of len 0x8a
[2026/05/20 17:16:59.062622,  3, pid=4018094, effective(65534, 65534), real(65534, 0)] source3/smbd/smb2_process.c:576(process_smb)
  Transaction 137 of length 142 (0 toread)
[2026/05/20 17:16:59.062674,  5, pid=4018094, effective(65534, 65534), real(65534, 0)] source3/lib/util.c:150(show_msg)
  size=138
  smb_com=0x32
  smb_rcls=0
  smb_reh=0
  smb_err=0
  smb_flg=0
  smb_flg2=49153
  smb_tid=47115
  smb_pid=1778
  smb_uid=10914
  smb_mid=138
  smt_wct=15
  smb_vwv[ 0]=   72 (0x48)
  smb_vwv[ 1]=    0 (0x0)
  smb_vwv[ 2]=    2 (0x2)
  smb_vwv[ 3]= 4000 (0xFA0)
  smb_vwv[ 4]=    0 (0x0)
  smb_vwv[ 5]=    0 (0x0)
  smb_vwv[ 6]=    0 (0x0)
  smb_vwv[ 7]=    0 (0x0)
  smb_vwv[ 8]=    0 (0x0)
  smb_vwv[ 9]=   72 (0x48)
  smb_vwv[10]=   66 (0x42)
  smb_vwv[11]=    0 (0x0)
  smb_vwv[12]=    0 (0x0)
  smb_vwv[13]=    1 (0x1)
  smb_vwv[14]=    5 (0x5)
  smb_bcc=73
[2026/05/20 17:16:59.062794, 10, pid=4018094, effective(65534, 65534), real(65534, 0)] lib/util/util.c:578(dump_data)
  [0000] 00 00 02 00 00 00 00 2F   00 64 00 65 00 62 00 69   ......./ .d.e.b.i
  [0010] 00 61 00 6E 00 2D 00 31   00 33 00 2E 00 33 00 2E   .a.n.-.1 .3...3..
  [0020] 00 30 00 2D 00 61 00 6D   00 64 00 36 00 34 00 2D   .0.-.a.m .d.6.4.-
  [0030] 00 6E 00 65 00 74 00 69   00 6E 00 73 00 74 00 2E   .n.e.t.i .n.s.t..
  [0040] 00 69 00 73 00 6F 00 00   00                        .i.s.o.. .
[2026/05/20 17:16:59.062939,  3, pid=4018094, effective(65534, 65534), real(65534, 0)] source3/smbd/smb1_process.c:1112(switch_message)
  switch message SMBtrans2 (pid 4018094) conn 0x6087dc17b920
[2026/05/20 17:16:59.062976,  5, pid=4018094, effective(65534, 65534), real(65534, 0)] source3/smbd/uid.c:327(change_to_user_impersonate)
  change_to_user_impersonate: Skipping user change - already user
[2026/05/20 17:16:59.063019,  5, pid=4018094, effective(65534, 65534), real(65534, 0)] source3/smbd/uid.c:294(print_impersonation_info)
  print_impersonation_info: Impersonated user: uid=(65534,65534), gid=(0,65534), cwd=[/var/samba/public]
[2026/05/20 17:16:59.063047,  3, pid=4018094, effective(65534, 65534), real(65534, 0)] source3/smbd/smb1_trans2.c:2645(call_trans2qpathinfo)
  call_trans2qpathinfo: TRANSACT2_QPATHINFO: level = 512
[2026/05/20 17:16:59.063074, 10, pid=4018094, effective(65534, 65534), real(65534, 0)] source3/smbd/files.c:562(openat_pathref_fsp)
  openat_pathref_fsp: smb_fname [.]
[2026/05/20 17:16:59.063095, 10, pid=4018094, effective(65534, 65534), real(65534, 0)] source3/smbd/files.c:462(openat_pathref_fullname)
  openat_pathref_fullname: smb_fname [.]
[2026/05/20 17:16:59.063114,  5, pid=4018094, effective(65534, 65534), real(65534, 0)] source3/smbd/files.c:77(fsp_new)
  fsp_new: allocated files structure (1 used)
[2026/05/20 17:16:59.063136, 10, pid=4018094, effective(65534, 65534), real(65534, 0)] source3/smbd/files.c:2198(file_name_hash)
  file_name_hash: /var/samba/public/. hash 0xb9bae796
[2026/05/20 17:16:59.063179, 10, pid=4018094, effective(65534, 65534), real(65534, 0)] source3/smbd/open.c:930(fd_openat)
  fd_openat: name ., flags = 04000 mode = 00, fd = 14
[2026/05/20 17:16:59.063198, 10, pid=4018094, effective(65534, 65534), real(65534, 0)] source3/smbd/files.c:531(openat_pathref_fullname)
  openat_pathref_fullname: fsp [.]: OK
[2026/05/20 17:16:59.063218, 10, pid=4018094, effective(65534, 65534), real(65534, 0)] source3/smbd/files.c:562(openat_pathref_fsp)
  openat_pathref_fsp: smb_fname [debian-13.3.0-amd64-netinst.iso]
[2026/05/20 17:16:59.063237, 10, pid=4018094, effective(65534, 65534), real(65534, 0)] source3/smbd/files.c:462(openat_pathref_fullname)
  openat_pathref_fullname: smb_fname [debian-13.3.0-amd64-netinst.iso]
[2026/05/20 17:16:59.063256,  5, pid=4018094, effective(65534, 65534), real(65534, 0)] source3/smbd/files.c:77(fsp_new)
  fsp_new: allocated files structure (2 used)
[2026/05/20 17:16:59.063275, 10, pid=4018094, effective(65534, 65534), real(65534, 0)] source3/smbd/files.c:2198(file_name_hash)
  file_name_hash: /var/samba/public/debian-13.3.0-amd64-netinst.iso hash 0x620a2ea9
[2026/05/20 17:16:59.063300, 10, pid=4018094, effective(65534, 65534), real(65534, 0)] source3/smbd/open.c:930(fd_openat)
  fd_openat: name debian-13.3.0-amd64-netinst.iso, flags = 04000 mode = 00, fd = 28
[2026/05/20 17:16:59.063319, 10, pid=4018094, effective(65534, 65534), real(65534, 0)] source3/smbd/files.c:531(openat_pathref_fullname)
  openat_pathref_fullname: fsp [debian-13.3.0-amd64-netinst.iso]: OK
[2026/05/20 17:16:59.063346, 10, pid=4018094, effective(65534, 65534), real(65534, 0)] source3/smbd/files.c:2198(file_name_hash)
  file_name_hash: /var/samba/public/debian-13.3.0-amd64-netinst.iso hash 0x620a2ea9
[2026/05/20 17:16:59.063372, 10, pid=4018094, effective(65534, 65534), real(65534, 0)] source3/lib/g_lock.c:1655(g_lock_dump)
  g_lock_dump: dbwrap_parse_record returned NT_STATUS_NOT_FOUND
[2026/05/20 17:16:59.063396, 10, pid=4018094, effective(65534, 65534), real(65534, 0), class=locking] source3/locking/share_mode_lock.c:1570(fetch_share_mode_unlocked)
  fetch_share_mode_unlocked: g_lock_dump failed: NT_STATUS_NOT_FOUND
[2026/05/20 17:16:59.063417, 10, pid=4018094, effective(65534, 65534), real(65534, 0)] source3/smbd/smb2_trans2.c:2779(store_file_unix_basic)
  store_file_unix_basic: SMB_QUERY_FILE_UNIX_BASIC
[2026/05/20 17:16:59.063435,  4, pid=4018094, effective(65534, 65534), real(65534, 0)] source3/smbd/smb2_trans2.c:2780(store_file_unix_basic)
  store_file_unix_basic: st_mode=100664
[2026/05/20 17:16:59.063458,  9, pid=4018094, effective(65534, 65534), real(65534, 0)] source3/smbd/smb1_trans2.c:230(send_trans2_replies)
  t2_rep: params_sent_thistime = 2, data_sent_thistime = 100, useable_space = 16406
[2026/05/20 17:16:59.063476,  9, pid=4018094, effective(65534, 65534), real(65534, 0)] source3/smbd/smb1_trans2.c:232(send_trans2_replies)
  t2_rep: params_to_send = 2, data_to_send = 100, paramsize = 2, datasize = 100
[2026/05/20 17:16:59.063506,  5, pid=4018094, effective(65534, 65534), real(65534, 0)] source3/lib/util.c:150(show_msg)
  size=160
  smb_com=0x32
  smb_rcls=0
  smb_reh=0
  smb_err=0
  smb_flg=128
  smb_flg2=51203
  smb_tid=47115
  smb_pid=1778
  smb_uid=10914
  smb_mid=138
  smt_wct=10
  smb_vwv[ 0]=    2 (0x2)
  smb_vwv[ 1]=  100 (0x64)
  smb_vwv[ 2]=    0 (0x0)
  smb_vwv[ 3]=    2 (0x2)
  smb_vwv[ 4]=   56 (0x38)
  smb_vwv[ 5]=    0 (0x0)
  smb_vwv[ 6]=  100 (0x64)
  smb_vwv[ 7]=   60 (0x3C)
  smb_vwv[ 8]=    0 (0x0)
  smb_vwv[ 9]=    0 (0x0)
  smb_bcc=105
[2026/05/20 17:16:59.063604, 10, pid=4018094, effective(65534, 65534), real(65534, 0)] lib/util/util.c:578(dump_data)
  [0000] 00 00 00 00 00 00 00 20   2F 00 00 00 00 00 10 20   .......  /...... 
  [0010] 2F 00 00 00 00 BB AC 26   51 54 A3 DC 01 8A 31 A8   /......& QT....1.
  [0020] A3 2C E8 DC 01 BB AC 26   51 54 A3 DC 01 E8 03 00   .,.....& QT......
  [0030] 00 00 00 00 00 E8 03 00   00 00 00 00 00 00 00 00   ........ ........
  [0040] 00 FC 00 00 00 00 00 00   00 00 00 00 00 00 00 00   ........ ........
  [0050] 00 07 00 02 01 00 00 00   00 B4 01 00 00 00 00 00   ........ ........
  [0060] 00 01 00 00 00 00 00 00   00                        ........ .
[2026/05/20 17:16:59.063806,  5, pid=4018094, effective(65534, 65534), real(65534, 0)] source3/smbd/files.c:1985(file_free)
  file_free: freed files structure 0 (1 used)
[2026/05/20 17:16:59.063829,  5, pid=4018094, effective(65534, 65534), real(65534, 0)] source3/smbd/files.c:1985(file_free)
  file_free: freed files structure 0 (0 used)
[2026/05/20 17:16:59.378504, 10, pid=4018094, effective(65534, 65534), real(65534, 0)] source3/lib/util_sock.c:180(read_smb_length_return_keepalive)
  got smb length of 158
[2026/05/20 17:16:59.378569,  6, pid=4018094, effective(65534, 65534), real(65534, 0)] source3/smbd/smb2_process.c:574(process_smb)
  got message type 0x0 of len 0x9e
[2026/05/20 17:16:59.378589,  3, pid=4018094, effective(65534, 65534), real(65534, 0)] source3/smbd/smb2_process.c:576(process_smb)
  Transaction 138 of length 162 (0 toread)
[2026/05/20 17:16:59.378620,  5, pid=4018094, effective(65534, 65534), real(65534, 0)] source3/lib/util.c:150(show_msg)
  size=158
  smb_com=0x32
  smb_rcls=0
  smb_reh=0
  smb_err=0
  smb_flg=0
  smb_flg2=49153
  smb_tid=47115
  smb_pid=1778
  smb_uid=10914
  smb_mid=139
  smt_wct=15
  smb_vwv[ 0]=   72 (0x48)
  smb_vwv[ 1]=   18 (0x12)
  smb_vwv[ 2]=    2 (0x2)
  smb_vwv[ 3]= 1000 (0x3E8)
  smb_vwv[ 4]=    0 (0x0)
  smb_vwv[ 5]=    0 (0x0)
  smb_vwv[ 6]=    0 (0x0)
  smb_vwv[ 7]=    0 (0x0)
  smb_vwv[ 8]=    0 (0x0)
  smb_vwv[ 9]=   72 (0x48)
  smb_vwv[10]=   68 (0x44)
  smb_vwv[11]=   18 (0x12)
  smb_vwv[12]=  140 (0x8C)
  smb_vwv[13]=    1 (0x1)
  smb_vwv[14]=    6 (0x6)
  smb_bcc=93
[2026/05/20 17:16:59.378752, 10, pid=4018094, effective(65534, 65534), real(65534, 0)] lib/util/util.c:578(dump_data)
  [0000] 00 00 00 09 02 00 00 00   00 2F 00 64 00 65 00 62   ........ ./.d.e.b
  [0010] 00 69 00 61 00 6E 00 2D   00 31 00 33 00 2E 00 33   .i.a.n.- .1.3...3
  [0020] 00 2E 00 30 00 2D 00 61   00 6D 00 64 00 36 00 34   ...0.-.a .m.d.6.4
  [0030] 00 2D 00 6E 00 65 00 74   00 69 00 6E 00 73 00 74   .-.n.e.t .i.n.s.t
  [0040] 00 2E 00 69 00 73 00 6F   00 00 00 02 00 00 00 01   ...i.s.o ........
  [0050] 04 00 00 ED 01 00 00 00   00 00 00 00 02            ........ .....
[2026/05/20 17:16:59.378921,  3, pid=4018094, effective(65534, 65534), real(65534, 0)] source3/smbd/smb1_process.c:1112(switch_message)
  switch message SMBtrans2 (pid 4018094) conn 0x6087dc17b920
[2026/05/20 17:16:59.378945,  5, pid=4018094, effective(65534, 65534), real(65534, 0)] source3/smbd/uid.c:327(change_to_user_impersonate)
  change_to_user_impersonate: Skipping user change - already user
[2026/05/20 17:16:59.378996,  5, pid=4018094, effective(65534, 65534), real(65534, 0)] source3/smbd/uid.c:294(print_impersonation_info)
  print_impersonation_info: Impersonated user: uid=(65534,65534), gid=(0,65534), cwd=[/var/samba/public]
[2026/05/20 17:16:59.379028,  3, pid=4018094, effective(65534, 65534), real(65534, 0)] source3/smbd/smb1_trans2.c:4513(call_trans2setpathinfo)
  call_trans2setpathinfo: fname=debian-13.3.0-amd64-netinst.iso info_level=521 totdata=18
[2026/05/20 17:16:59.379051, 10, pid=4018094, effective(65534, 65534), real(65534, 0)] source3/smbd/files.c:562(openat_pathref_fsp)
  openat_pathref_fsp: smb_fname [.]
[2026/05/20 17:16:59.379071, 10, pid=4018094, effective(65534, 65534), real(65534, 0)] source3/smbd/files.c:462(openat_pathref_fullname)
  openat_pathref_fullname: smb_fname [.]
[2026/05/20 17:16:59.379090,  5, pid=4018094, effective(65534, 65534), real(65534, 0)] source3/smbd/files.c:77(fsp_new)
  fsp_new: allocated files structure (1 used)
[2026/05/20 17:16:59.379111, 10, pid=4018094, effective(65534, 65534), real(65534, 0)] source3/smbd/files.c:2198(file_name_hash)
  file_name_hash: /var/samba/public/. hash 0xb9bae796
[2026/05/20 17:16:59.379150, 10, pid=4018094, effective(65534, 65534), real(65534, 0)] source3/smbd/open.c:930(fd_openat)
  fd_openat: name ., flags = 04000 mode = 00, fd = 14
[2026/05/20 17:16:59.379170, 10, pid=4018094, effective(65534, 65534), real(65534, 0)] source3/smbd/files.c:531(openat_pathref_fullname)
  openat_pathref_fullname: fsp [.]: OK
[2026/05/20 17:16:59.379189, 10, pid=4018094, effective(65534, 65534), real(65534, 0)] source3/smbd/files.c:562(openat_pathref_fsp)
  openat_pathref_fsp: smb_fname [debian-13.3.0-amd64-netinst.iso]
[2026/05/20 17:16:59.379208, 10, pid=4018094, effective(65534, 65534), real(65534, 0)] source3/smbd/files.c:462(openat_pathref_fullname)
  openat_pathref_fullname: smb_fname [debian-13.3.0-amd64-netinst.iso]
[2026/05/20 17:16:59.379226,  5, pid=4018094, effective(65534, 65534), real(65534, 0)] source3/smbd/files.c:77(fsp_new)
  fsp_new: allocated files structure (2 used)
[2026/05/20 17:16:59.379245, 10, pid=4018094, effective(65534, 65534), real(65534, 0)] source3/smbd/files.c:2198(file_name_hash)
  file_name_hash: /var/samba/public/debian-13.3.0-amd64-netinst.iso hash 0x620a2ea9
[2026/05/20 17:16:59.379269, 10, pid=4018094, effective(65534, 65534), real(65534, 0)] source3/smbd/open.c:930(fd_openat)
  fd_openat: name debian-13.3.0-amd64-netinst.iso, flags = 04000 mode = 00, fd = 28
[2026/05/20 17:16:59.379289, 10, pid=4018094, effective(65534, 65534), real(65534, 0)] source3/smbd/files.c:531(openat_pathref_fullname)
  openat_pathref_fullname: fsp [debian-13.3.0-amd64-netinst.iso]: OK
[2026/05/20 17:16:59.379312, 10, pid=4018094, effective(65534, 65534), real(65534, 0)] source3/smbd/smb1_trans2.c:3477(smb_posix_open)
  smb_posix_open: file debian-13.3.0-amd64-netinst.iso, smb_posix_flags = 1024, mode 0755
[2026/05/20 17:16:59.379338, 10, pid=4018094, effective(65534, 65534), real(65534, 0)] source3/smbd/open.c:6509(create_file_default)
  create_file_default: create_file: access_mask = 0x89 file_attributes = 0x0, share_access = 0x7, create_disposition = 0x1 create_options = 0x40 oplock_request = 0x1 private_flags = 0x0 ea_list = (nil), sd = (nil), fname = debian-13.3.0-amd64-netinst.iso
[2026/05/20 17:16:59.379362, 10, pid=4018094, effective(65534, 65534), real(65534, 0)] source3/smbd/open.c:5926(create_file_unixpath)
  create_file_unixpath: access_mask = 0x89 file_attributes = 0x10001a4 share_access = 0x7 create_disposition = 0x1 create_options = 0x40 oplock_request = 0x1 private_flags = 0x0 ea_list = (nil), sd = (nil), fname = debian-13.3.0-amd64-netinst.iso
[2026/05/20 17:16:59.379393,  5, pid=4018094, effective(65534, 65534), real(65534, 0)] lib/dbwrap/dbwrap.c:172(dbwrap_lock_order_lock)
  dbwrap_lock_order_lock: check lock order 1 for /run/samba/smbXsrv_open_global.tdb
[2026/05/20 17:16:59.379412, 10, pid=4018094, effective(65534, 65534), real(65534, 0)] lib/dbwrap/dbwrap.c:157(debug_lock_order)
  lock order:  1:/run/samba/smbXsrv_open_global.tdb 2:<none> 3:<none> 4:<none>
[2026/05/20 17:16:59.379504, 10, pid=4018094, effective(65534, 65534), real(65534, 0)] source3/smbd/smbXsrv_open.c:349(smbXsrv_open_global_store)
  smbXsrv_open_global_store: key '2EB6A3E9' stored
[2026/05/20 17:16:59.379527,  1, pid=4018094, effective(65534, 65534), real(65534, 0), class=rpc_parse] source3/smbd/smbXsrv_open.c:350(smbXsrv_open_global_store)
       &global_blob: struct smbXsrv_open_globalB
          version                  : SMBXSRV_VERSION_0 (0)
          seqnum                   : 0x00000001 (1)
          info                     : union smbXsrv_open_globalU(case 0)
          info0                    : *
              info0: struct smbXsrv_open_global0
                  server_id: struct server_id
                      pid                      : 0x00000000003d4fae (4018094)
                      task_id                  : 0x00000000 (0)
                      vnn                      : 0xffffffff (4294967295)
                      unique_id                : 0xec85a3fb311857e1 (-1403535409600243743)
                  open_global_id           : 0x2eb6a3e9 (783721449)
                  open_persistent_id       : 0x000000002eb6a3e9 (783721449)
                  open_volatile_id         : 0x000000000000e8d6 (59606)
                  open_owner               : S-1-5-21-2342536155-1022706741-2866312864-501
                  open_time                : Wed May 20 05:16:59 PM 2026 JST
                  create_guid              : 00000000-0000-0000-0000-000000000000
                  client_guid              : 00000000-0000-0000-0000-000000000000
                  app_instance_id          : 00000000-0000-0000-0000-000000000000
                  disconnect_time          : NTTIME(0)
                  durable_timeout_msec     : 0x00000000 (0)
                  durable                  : 0x00 (0)
                  backend_cookie           : DATA_BLOB length=0
                  channel_sequence         : 0x0000 (0)
                  channel_generation       : 0x0000000000000000 (0)
                  lock_sequence_array: ARRAY(64)
  [0000] FF FF FF FF FF FF FF FF   FF FF FF FF FF FF FF FF   ........ ........
  [0010] FF FF FF FF FF FF FF FF   FF FF FF FF FF FF FF FF   ........ ........
  [0020] FF FF FF FF FF FF FF FF   FF FF FF FF FF FF FF FF   ........ ........
  [0030] FF FF FF FF FF FF FF FF   FF FF FF FF FF FF FF FF   ........ ........
[2026/05/20 17:16:59.379830,  5, pid=4018094, effective(65534, 65534), real(65534, 0)] lib/dbwrap/dbwrap.c:204(dbwrap_lock_order_unlock)
  dbwrap_lock_order_unlock: release lock order 1 for /run/samba/smbXsrv_open_global.tdb
[2026/05/20 17:16:59.379849, 10, pid=4018094, effective(65534, 65534), real(65534, 0)] source3/smbd/smbXsrv_open.c:466(smbXsrv_open_global_allocate)
  smbXsrv_open_global_allocate: Found slot 783721449
[2026/05/20 17:16:59.379893, 10, pid=4018094, effective(65534, 65534), real(65534, 0)] source3/smbd/smbXsrv_open.c:614(smbXsrv_open_create)
  smbXsrv_open_create: global_id (0x2eb6a3e9) stored
[2026/05/20 17:16:59.379911,  1, pid=4018094, effective(65534, 65534), real(65534, 0), class=rpc_parse] source3/smbd/smbXsrv_open.c:616(smbXsrv_open_create)
       &open_blob: struct smbXsrv_openB
          version                  : SMBXSRV_VERSION_0 (0)
          reserved                 : 0x00000000 (0)
          info                     : union smbXsrv_openU(case 0)
          info0                    : *
              info0: struct smbXsrv_open
                  table                    : *
                  local_id                 : 0x0000e8d6 (59606)
                  global                   : *
                      global: struct smbXsrv_open_global0
                          server_id: struct server_id
                              pid                      : 0x00000000003d4fae (4018094)
                              task_id                  : 0x00000000 (0)
                              vnn                      : 0xffffffff (4294967295)
                              unique_id                : 0xec85a3fb311857e1 (-1403535409600243743)
                          open_global_id           : 0x2eb6a3e9 (783721449)
                          open_persistent_id       : 0x000000002eb6a3e9 (783721449)
                          open_volatile_id         : 0x000000000000e8d6 (59606)
                          open_owner               : S-1-5-21-2342536155-1022706741-2866312864-501
                          open_time                : Wed May 20 05:16:59 PM 2026 JST
                          create_guid              : 00000000-0000-0000-0000-000000000000
                          client_guid              : 00000000-0000-0000-0000-000000000000
                          app_instance_id          : 00000000-0000-0000-0000-000000000000
                          disconnect_time          : NTTIME(0)
                          durable_timeout_msec     : 0x00000000 (0)
                          durable                  : 0x00 (0)
                          backend_cookie           : DATA_BLOB length=0
                          channel_sequence         : 0x0000 (0)
                          channel_generation       : 0x0000000000000000 (0)
                          lock_sequence_array: ARRAY(64)
  [0000] FF FF FF FF FF FF FF FF   FF FF FF FF FF FF FF FF   ........ ........
  [0010] FF FF FF FF FF FF FF FF   FF FF FF FF FF FF FF FF   ........ ........
  [0020] FF FF FF FF FF FF FF FF   FF FF FF FF FF FF FF FF   ........ ........
  [0030] FF FF FF FF FF FF FF FF   FF FF FF FF FF FF FF FF   ........ ........
                  status                   : NT_STATUS_OK
                  idle_time                : Wed May 20 05:16:59 PM 2026 JST
                  compat                   : NULL
                  flags                    : 0x00 (0)
                         0: SMBXSRV_OPEN_NEED_REPLAY_CACHE
                         0: SMBXSRV_OPEN_HAVE_REPLAY_CACHE
                  create_action            : 0x00000000 (0)
                  request_count            : 0x0000000000000000 (0)
                  pre_request_count        : 0x0000000000000000 (0)
[2026/05/20 17:16:59.380299, 10, pid=4018094, effective(65534, 65534), real(65534, 0)] source3/smbd/files.c:135(fsp_bind_smb)
  fsp_bind_smb: fsp [debian-13.3.0-amd64-netinst.iso] mid [139]
[2026/05/20 17:16:59.380319, 10, pid=4018094, effective(65534, 65534), real(65534, 0)] source3/smbd/files.c:562(openat_pathref_fsp)
  openat_pathref_fsp: smb_fname [.]
[2026/05/20 17:16:59.380338, 10, pid=4018094, effective(65534, 65534), real(65534, 0)] source3/smbd/files.c:462(openat_pathref_fullname)
  openat_pathref_fullname: smb_fname [.]
[2026/05/20 17:16:59.380357,  5, pid=4018094, effective(65534, 65534), real(65534, 0)] source3/smbd/files.c:77(fsp_new)
  fsp_new: allocated files structure (3 used)
[2026/05/20 17:16:59.380376, 10, pid=4018094, effective(65534, 65534), real(65534, 0)] source3/smbd/files.c:2198(file_name_hash)
  file_name_hash: /var/samba/public/. hash 0xb9bae796
[2026/05/20 17:16:59.380412, 10, pid=4018094, effective(65534, 65534), real(65534, 0)] source3/smbd/open.c:930(fd_openat)
  fd_openat: name ., flags = 04000 mode = 00, fd = 29
[2026/05/20 17:16:59.380432, 10, pid=4018094, effective(65534, 65534), real(65534, 0)] source3/smbd/files.c:531(openat_pathref_fullname)
  openat_pathref_fullname: fsp [.]: OK
[2026/05/20 17:16:59.380452, 10, pid=4018094, effective(65534, 65534), real(65534, 0)] source3/smbd/files.c:2198(file_name_hash)
  file_name_hash: /var/samba/public/. hash 0xb9bae796
[2026/05/20 17:16:59.380470, 10, pid=4018094, effective(65534, 65534), real(65534, 0)] source3/smbd/open.c:3837(open_file_ntcreate)
  open_file_ntcreate: fname=debian-13.3.0-amd64-netinst.iso, dos_attrs=0x0 access_mask=0x89 share_access=0x7 create_disposition = 0x1 create_options=0x40 unix mode=0644 oplock_request=1 private_flags = 0x0
[2026/05/20 17:16:59.380493, 10, pid=4018094, effective(65534, 65534), real(65534, 0)] source3/smbd/open.c:4036(open_file_ntcreate)
  open_file_ntcreate: fname=debian-13.3.0-amd64-netinst.iso, after mapping access_mask=0x89
[2026/05/20 17:16:59.380512,  4, pid=4018094, effective(65534, 65534), real(65534, 0)] source3/smbd/open.c:4138(open_file_ntcreate)
  calling open_file with flags=0x0 flags2=0x800 mode=0644, access_mask = 0x89, open_access_mask = 0x89
[2026/05/20 17:16:59.380532, 10, pid=4018094, effective(65534, 65534), real(65534, 0), class=acls] source3/smbd/posix_acls.c:3366(posix_fget_nt_acl)
  posix_fget_nt_acl: called for file debian-13.3.0-amd64-netinst.iso
[2026/05/20 17:16:59.380687,  4, pid=4018094, effective(65534, 65534), real(65534, 0)] source3/smbd/sec_ctx.c:206(push_sec_ctx)
  push_sec_ctx(65534, 65534) : sec_ctx_stack_ndx = 1
[2026/05/20 17:16:59.380712,  4, pid=4018094, effective(65534, 65534), real(65534, 0)] source3/smbd/uid.c:566(push_conn_ctx)
  push_conn_ctx(10914) : conn_ctx_stack_ndx = 0
[2026/05/20 17:16:59.380729,  4, pid=4018094, effective(65534, 65534), real(65534, 0)] source3/smbd/sec_ctx.c:317(set_sec_ctx_internal)
  setting sec ctx (0, 0) - sec_ctx_stack_ndx = 1
[2026/05/20 17:16:59.380747,  5, pid=4018094, effective(65534, 65534), real(65534, 0)] libcli/security/security_token.c:49(security_token_debug)
  Security token: (NULL)
[2026/05/20 17:16:59.380765,  5, pid=4018094, effective(65534, 65534), real(65534, 0)] source3/auth/token_util.c:873(debug_unix_user_token)
  UNIX token of user 0
  Primary group is 0 and contains 0 supplementary groups
[2026/05/20 17:16:59.380893,  4, pid=4018094, effective(0, 0), real(0, 0)] source3/smbd/sec_ctx.c:206(push_sec_ctx)
  push_sec_ctx(0, 0) : sec_ctx_stack_ndx = 2
[2026/05/20 17:16:59.380923,  4, pid=4018094, effective(0, 0), real(0, 0)] source3/smbd/uid.c:566(push_conn_ctx)
  push_conn_ctx(10914) : conn_ctx_stack_ndx = 1
[2026/05/20 17:16:59.380941,  4, pid=4018094, effective(0, 0), real(0, 0)] source3/smbd/sec_ctx.c:317(set_sec_ctx_internal)
  setting sec ctx (0, 0) - sec_ctx_stack_ndx = 2
[2026/05/20 17:16:59.380968,  5, pid=4018094, effective(0, 0), real(0, 0)] libcli/security/security_token.c:49(security_token_debug)
  Security token: (NULL)
[2026/05/20 17:16:59.380985,  5, pid=4018094, effective(0, 0), real(0, 0)] source3/auth/token_util.c:873(debug_unix_user_token)
  UNIX token of user 0
  Primary group is 0 and contains 0 supplementary groups
[2026/05/20 17:16:59.381030,  5, pid=4018094, effective(0, 0), real(0, 0), class=passdb] source3/passdb/pdb_tdb.c:602(tdbsam_getsampwnam)
  pdb_getsampwnam (TDB): error fetching database.
   Key: USER_ubuntu
[2026/05/20 17:16:59.381062,  4, pid=4018094, effective(0, 0), real(0, 0)] source3/smbd/sec_ctx.c:443(pop_sec_ctx)
  pop_sec_ctx (0, 0) - sec_ctx_stack_ndx = 1
[2026/05/20 17:16:59.381081,  5, pid=4018094, effective(0, 0), real(0, 0), class=passdb] source3/passdb/pdb_interface.c:1439(pdb_default_uid_to_sid)
  pdb_default_uid_to_sid: Did not find user ubuntu (1000)
[2026/05/20 17:16:59.381113,  4, pid=4018094, effective(65534, 65534), real(65534, 0)] source3/smbd/sec_ctx.c:443(pop_sec_ctx)
  pop_sec_ctx (65534, 65534) - sec_ctx_stack_ndx = 0
[2026/05/20 17:16:59.381143, 10, pid=4018094, effective(65534, 65534), real(65534, 0)] source3/passdb/lookup_sid.c:1256(xid_to_sid)
  xid_to_sid: UID 1000 -> S-1-22-1-1000 fallback
[2026/05/20 17:16:59.381197,  4, pid=4018094, effective(65534, 65534), real(65534, 0)] source3/smbd/sec_ctx.c:206(push_sec_ctx)
  push_sec_ctx(65534, 65534) : sec_ctx_stack_ndx = 1
[2026/05/20 17:16:59.381218,  4, pid=4018094, effective(65534, 65534), real(65534, 0)] source3/smbd/uid.c:566(push_conn_ctx)
  push_conn_ctx(10914) : conn_ctx_stack_ndx = 0
[2026/05/20 17:16:59.381235,  4, pid=4018094, effective(65534, 65534), real(65534, 0)] source3/smbd/sec_ctx.c:317(set_sec_ctx_internal)
  setting sec ctx (0, 0) - sec_ctx_stack_ndx = 1
[2026/05/20 17:16:59.381252,  5, pid=4018094, effective(65534, 65534), real(65534, 0)] libcli/security/security_token.c:49(security_token_debug)
  Security token: (NULL)
[2026/05/20 17:16:59.381269,  5, pid=4018094, effective(65534, 65534), real(65534, 0)] source3/auth/token_util.c:873(debug_unix_user_token)
  UNIX token of user 0
  Primary group is 0 and contains 0 supplementary groups
[2026/05/20 17:16:59.381328,  4, pid=4018094, effective(65534, 65534), real(65534, 0)] source3/smbd/sec_ctx.c:443(pop_sec_ctx)
  pop_sec_ctx (65534, 65534) - sec_ctx_stack_ndx = 0
[2026/05/20 17:16:59.381348, 10, pid=4018094, effective(65534, 65534), real(65534, 0)] source3/passdb/lookup_sid.c:1256(xid_to_sid)
  xid_to_sid: GID 1000 -> S-1-22-2-1000 fallback
[2026/05/20 17:16:59.381369, 10, pid=4018094, effective(65534, 65534), real(65534, 0), class=acls] source3/smbd/posix_acls.c:2692(canonicalise_acl)
  canonicalise_acl: Access ace entries before arrange :
[2026/05/20 17:16:59.381386, 10, pid=4018094, effective(65534, 65534), real(65534, 0), class=acls] source3/smbd/posix_acls.c:2705(canonicalise_acl)
  canon_ace index 0. Type = allow SID = S-1-1-0 other SMB_ACL_OTHER ace_flags = 0x0 perms r--
[2026/05/20 17:16:59.381408, 10, pid=4018094, effective(65534, 65534), real(65534, 0), class=acls] source3/smbd/posix_acls.c:2705(canonicalise_acl)
  canon_ace index 1. Type = allow SID = S-1-22-2-1000 gid 1000 SMB_ACL_GROUP_OBJ ace_flags = 0x0 perms rw-
[2026/05/20 17:16:59.381428, 10, pid=4018094, effective(65534, 65534), real(65534, 0), class=acls] source3/smbd/posix_acls.c:2705(canonicalise_acl)
  canon_ace index 2. Type = allow SID = S-1-22-1-1000 uid 1000 SMB_ACL_USER_OBJ ace_flags = 0x0 perms rw-
[2026/05/20 17:16:59.381449, 10, pid=4018094, effective(65534, 65534), real(65534, 0), class=acls] source3/smbd/posix_acls.c:766(print_canon_ace_list)
  print_canon_ace_list: canonicalise_acl: ace entries after arrange
  canon_ace index 0. Type = allow SID = S-1-22-1-1000 uid 1000 SMB_ACL_USER_OBJ ace_flags = 0x0 perms rw-
  canon_ace index 1. Type = allow SID = S-1-22-2-1000 gid 1000 SMB_ACL_GROUP_OBJ ace_flags = 0x0 perms rw-
  canon_ace index 2. Type = allow SID = S-1-1-0 other SMB_ACL_OTHER ace_flags = 0x0 perms r--
[2026/05/20 17:16:59.381489, 10, pid=4018094, effective(65534, 65534), real(65534, 0), class=acls] source3/smbd/posix_acls.c:1029(map_canon_ace_perms)
  map_canon_ace_perms: Mapped (UNIX) 180 to (NT) 12019f
[2026/05/20 17:16:59.381507, 10, pid=4018094, effective(65534, 65534), real(65534, 0), class=acls] source3/smbd/posix_acls.c:1029(map_canon_ace_perms)
  map_canon_ace_perms: Mapped (UNIX) 180 to (NT) 12019f
[2026/05/20 17:16:59.381524, 10, pid=4018094, effective(65534, 65534), real(65534, 0), class=acls] source3/smbd/posix_acls.c:1029(map_canon_ace_perms)
  map_canon_ace_perms: Mapped (UNIX) 100 to (NT) 120089
[2026/05/20 17:16:59.381548, 10, pid=4018094, effective(65534, 65534), real(65534, 0)] source3/smbd/open.c:180(smbd_check_access_rights_sd)
  smbd_check_access_rights_sd: File [debian-13.3.0-amd64-netinst.iso] requesting [0x89] returning [0x9] (NT_STATUS_OK)
[2026/05/20 17:16:59.381589,  2, pid=4018094, effective(65534, 65534), real(65534, 0)] source3/smbd/open.c:1649(open_file)
  nobody opened file debian-13.3.0-amd64-netinst.iso read=Yes write=No (numopen=3)
[2026/05/20 17:16:59.381622,  5, pid=4018094, effective(65534, 65534), real(65534, 0)] lib/dbwrap/dbwrap.c:172(dbwrap_lock_order_lock)
  dbwrap_lock_order_lock: check lock order 1 for /run/samba/locking.tdb
[2026/05/20 17:16:59.381640, 10, pid=4018094, effective(65534, 65534), real(65534, 0)] lib/dbwrap/dbwrap.c:157(debug_lock_order)
  lock order:  1:/run/samba/locking.tdb 2:<none> 3:<none> 4:<none>
[2026/05/20 17:16:59.381662, 10, pid=4018094, effective(65534, 65534), real(65534, 0), class=locking] source3/locking/share_mode_lock.c:990(get_share_mode_lock_internal)
  get_share_mode_lock_internal: Returning 64512:16908295:0 (data_cached=1 key_refcount=1)
[2026/05/20 17:16:59.381699, 10, pid=4018094, effective(65534, 65534), real(65534, 0), class=locking] source3/locking/locking.c:1007(find_delete_on_close_token)
  find_delete_on_close_token: name_hash = 0x620a2ea9
[2026/05/20 17:16:59.381718, 10, pid=4018094, effective(65534, 65534), real(65534, 0)] source3/smbd/open.c:1712(share_conflict)
  share_conflict: existing access_mask = 0x0, existing share access = 0x7, access_mask = 0x89, share_access = 0x7
[2026/05/20 17:16:59.381737, 10, pid=4018094, effective(65534, 65534), real(65534, 0)] source3/smbd/open.c:1722(share_conflict)
  share_conflict: No conflict due to existing access_mask = 0x0
[2026/05/20 17:16:59.381754, 10, pid=4018094, effective(65534, 65534), real(65534, 0)] source3/smbd/open.c:1988(open_mode_check)
  open_mode_check: No conflict due to share_mode_flags access
[2026/05/20 17:16:59.381774, 10, pid=4018094, effective(65534, 65534), real(65534, 0), class=locking] source3/locking/share_mode_lock.c:2258(share_mode_forall_entries)
  share_mode_forall_entries: num_share_modes=0
[2026/05/20 17:16:59.381792, 10, pid=4018094, effective(65534, 65534), real(65534, 0), class=locking] source3/locking/share_mode_lock.c:2277(share_mode_forall_entries)
  share_mode_forall_entries: num_share_entries=0, writeback=0
[2026/05/20 17:16:59.381811, 10, pid=4018094, effective(65534, 65534), real(65534, 0), class=locking] source3/locking/brlock.c:1868(brl_get_locks_readonly)
  seqnum=0, fsp->brlock_seqnum=0
[2026/05/20 17:16:59.381833, 10, pid=4018094, effective(65534, 65534), real(65534, 0)] source3/smbd/open.c:2811(delay_for_oplock)
  delay_for_oplock: oplock type 0x0 granted (RW)(0x5), on file debian-13.3.0-amd64-netinst.iso, requested 0x1 (RW)(0x5) => total (RW)(0x5)
[2026/05/20 17:16:59.381855, 10, pid=4018094, effective(65534, 65534), real(65534, 0), class=locking] source3/locking/share_mode_lock.c:1999(set_share_mode)
  set_share_mode: num_share_modes=0
[2026/05/20 17:16:59.381892, 10, pid=4018094, effective(65534, 65534), real(65534, 0), class=locking] source3/locking/share_mode_lock.c:349(share_mode_entry_put)
  share_mode_entry_put: share_mode_entry:
[2026/05/20 17:16:59.381911,  1, pid=4018094, effective(65534, 65534), real(65534, 0), class=rpc_parse] source3/locking/share_mode_lock.c:350(share_mode_entry_put)
       discard_const_p(void, e): struct share_mode_entry
          pid: struct server_id
              pid                      : 0x00000000003d4fae (4018094)
              task_id                  : 0x00000000 (0)
              vnn                      : 0xffffffff (4294967295)
              unique_id                : 0xec85a3fb311857e1 (-1403535409600243743)
          op_mid                   : 0x000000000000008b (139)
          op_type                  : SHARE_MODE_ENTRY_OP_TYPE_EXCLUSIVE (1)
          client_guid              : 00000000-0000-0000-0000-000000000000
          lease_key: struct smb2_lease_key
              data: ARRAY(2)
                  data                     : 0x0000000000000000 (0)
                  data                     : 0x0000000000000000 (0)
          access_mask              : 0x00000089 (137)
          share_access             : 0x00000007 (7)
          private_options          : 0x00000000 (0)
          time                     : Wed May 20 05:16:59 PM 2026 JST.379243
          share_file_id            : 0x00000000000000d5 (213)
          uid                      : 0x0000fffe (65534)
          flags                    : 0x0001 (1)
          name_hash                : 0x620a2ea9 (1644834473)
          stale                    : 0x00 (0)
[2026/05/20 17:16:59.382076, 10, pid=4018094, effective(65534, 65534), real(65534, 0), class=locking] source3/locking/share_mode_lock.c:2043(set_share_mode)
  set_share_mode: idx=0, found=0
[2026/05/20 17:16:59.382094, 10, pid=4018094, effective(65534, 65534), real(65534, 0), class=locking] source3/locking/share_mode_lock.c:2071(set_share_mode)
  set_share_mode: dbufs[0]=(0x7ffc78fcd220, 132)
[2026/05/20 17:16:59.382113, 10, pid=4018094, effective(65534, 65534), real(65534, 0), class=locking] source3/locking/share_mode_lock.c:626(share_mode_data_ltdb_store)
  share_mode_data_ltdb_store: 
[2026/05/20 17:16:59.382130,  1, pid=4018094, effective(65534, 65534), real(65534, 0), class=rpc_parse] source3/locking/share_mode_lock.c:627(share_mode_data_ltdb_store)
       d: struct share_mode_data
          unique_content_epoch     : 0x6e864e78aa29459c (7964139271209174428)
          flags                    : 0x01cb (459)
                 1: SHARE_MODE_SHARE_DELETE  
                 1: SHARE_MODE_SHARE_WRITE   
                 1: SHARE_MODE_SHARE_READ    
                 0: SHARE_MODE_ACCESS_DELETE 
                 0: SHARE_MODE_ACCESS_WRITE  
                 1: SHARE_MODE_ACCESS_READ   
                 0: SHARE_MODE_LEASE_HANDLE  
                 1: SHARE_MODE_LEASE_WRITE   
                 1: SHARE_MODE_LEASE_READ    
          servicepath              : *
              servicepath              : '/var/samba/public'
          base_name                : *
              base_name                : 'debian-13.3.0-amd64-netinst.iso'
          stream_name              : NULL
          num_delete_tokens        : 0x00000000 (0)
          delete_tokens: ARRAY(0)
          old_write_time           : Sun Feb 22 02:05:45 AM 2026 JST
          changed_write_time       : NTTIME(0)
          not_stored               : 0x01 (1)
          modified                 : 0x01 (1)
          id: struct file_id
              devid                    : 0x000000000000fc00 (64512)
              inode                    : 0x0000000001020007 (16908295)
              extid                    : 0x0000000000000000 (0)
[2026/05/20 17:16:59.382302, 10, pid=4018094, effective(65534, 65534), real(65534, 0), class=locking] source3/locking/share_mode_lock.c:676(share_mode_data_store)
  share_mode_data_store: not modified
[2026/05/20 17:16:59.382320, 10, pid=4018094, effective(65534, 65534), real(65534, 0), class=locking] source3/locking/share_mode_lock.c:207(share_mode_memcache_store)
  share_mode_memcache_store: stored entry for file debian-13.3.0-amd64-netinst.iso epoch 6e864e78aa29459c key 64512:16908295:0
[2026/05/20 17:16:59.382342,  5, pid=4018094, effective(65534, 65534), real(65534, 0)] lib/dbwrap/dbwrap.c:204(dbwrap_lock_order_unlock)
  dbwrap_lock_order_unlock: release lock order 1 for /run/samba/locking.tdb
[2026/05/20 17:16:59.382360, 10, pid=4018094, effective(65534, 65534), real(65534, 0)] source3/lib/dbwrap/dbwrap_watch.c:507(dbwrap_watched_record_prepare_wakeup)
  dbwrap_watched_record_prepare_wakeup: No watchers
[2026/05/20 17:16:59.382382, 10, pid=4018094, effective(65534, 65534), real(65534, 0)] source3/lib/dbwrap/dbwrap_watch.c:487(dbwrap_watched_do_locked)
  dbwrap_watched_do_locked: dbwrap_watched_do_locked_fn returned
[2026/05/20 17:16:59.382400, 10, pid=4018094, effective(65534, 65534), real(65534, 0)] source3/lib/dbwrap/dbwrap_watch.c:550(dbwrap_watched_trigger_wakeup)
  dbwrap_watched_trigger_wakeup: No one to wakeup
[2026/05/20 17:16:59.382417, 10, pid=4018094, effective(65534, 65534), real(65534, 0)] source3/lib/g_lock.c:1275(g_lock_lock)
  g_lock_lock: status=NT_STATUS_OK, state.status=NT_STATUS_WAS_UNLOCKED
[2026/05/20 17:16:59.382438,  5, pid=4018094, effective(65534, 65534), real(65534, 0), class=locking] source3/smbd/smb2_oplock.c:86(set_file_oplock)
  set_file_oplock: granted oplock on file debian-13.3.0-amd64-netinst.iso, 64512:16908295:0/213, tv_sec = 6a0d6dfb, tv_usec = 5c96b
[2026/05/20 17:16:59.382465, 10, pid=4018094, effective(65534, 65534), real(65534, 0)] source3/smbd/open.c:6446(create_file_unixpath)
  create_file_unixpath: info=1
[2026/05/20 17:16:59.382490,  5, pid=4018094, effective(65534, 65534), real(65534, 0)] source3/smbd/files.c:1985(file_free)
  file_free: freed files structure 0 (2 used)
[2026/05/20 17:16:59.382509, 10, pid=4018094, effective(65534, 65534), real(65534, 0)] source3/smbd/open.c:6642(create_file_default)
  create_file: info=1
[2026/05/20 17:16:59.382529, 10, pid=4018094, effective(65534, 65534), real(65534, 0)] source3/smbd/smb2_trans2.c:2779(store_file_unix_basic)
  store_file_unix_basic: SMB_QUERY_FILE_UNIX_BASIC
[2026/05/20 17:16:59.382547,  4, pid=4018094, effective(65534, 65534), real(65534, 0)] source3/smbd/smb2_trans2.c:2780(store_file_unix_basic)
  store_file_unix_basic: st_mode=100664
[2026/05/20 17:16:59.382569,  9, pid=4018094, effective(65534, 65534), real(65534, 0)] source3/smbd/smb1_trans2.c:230(send_trans2_replies)
  t2_rep: params_sent_thistime = 2, data_sent_thistime = 112, useable_space = 16406
[2026/05/20 17:16:59.382587,  9, pid=4018094, effective(65534, 65534), real(65534, 0)] source3/smbd/smb1_trans2.c:232(send_trans2_replies)
  t2_rep: params_to_send = 2, data_to_send = 112, paramsize = 2, datasize = 112
[2026/05/20 17:16:59.382618,  5, pid=4018094, effective(65534, 65534), real(65534, 0)] source3/lib/util.c:150(show_msg)
  size=172
  smb_com=0x32
  smb_rcls=0
  smb_reh=0
  smb_err=0
  smb_flg=128
  smb_flg2=51203
  smb_tid=47115
  smb_pid=1778
  smb_uid=10914
  smb_mid=139
  smt_wct=10
  smb_vwv[ 0]=    2 (0x2)
  smb_vwv[ 1]=  112 (0x70)
  smb_vwv[ 2]=    0 (0x0)
  smb_vwv[ 3]=    2 (0x2)
  smb_vwv[ 4]=   56 (0x38)
  smb_vwv[ 5]=    0 (0x0)
  smb_vwv[ 6]=  112 (0x70)
  smb_vwv[ 7]=   60 (0x3C)
  smb_vwv[ 8]=    0 (0x0)
  smb_vwv[ 9]=    0 (0x0)
  smb_bcc=117
[2026/05/20 17:16:59.382715, 10, pid=4018094, effective(65534, 65534), real(65534, 0)] lib/util/util.c:578(dump_data)
  [0000] 00 00 00 00 00 01 00 D6   E8 01 00 00 00 00 02 00   ........ ........
  [0010] 00 00 00 20 2F 00 00 00   00 00 10 20 2F 00 00 00   ... /... ... /...
  [0020] 00 BB AC 26 51 54 A3 DC   01 8A 31 A8 A3 2C E8 DC   ...&QT.. ..1..,..
  [0030] 01 BB AC 26 51 54 A3 DC   01 E8 03 00 00 00 00 00   ...&QT.. ........
  [0040] 00 E8 03 00 00 00 00 00   00 00 00 00 00 FC 00 00   ........ ........
  [0050] 00 00 00 00 00 00 00 00   00 00 00 00 00 07 00 02   ........ ........
  [0060] 01 00 00 00 00 B4 01 00   00 00 00 00 00 01 00 00   ........ ........
  [0070] 00 00 00 00 00                                      .....
[2026/05/20 17:16:59.382938,  5, pid=4018094, effective(65534, 65534), real(65534, 0)] source3/smbd/files.c:1985(file_free)
  file_free: freed files structure 0 (1 used)
[2026/05/20 17:16:59.697369, 10, pid=4018094, effective(65534, 65534), real(65534, 0)] source3/lib/util_sock.c:180(read_smb_length_return_keepalive)
  got smb length of 41
[2026/05/20 17:16:59.697417,  6, pid=4018094, effective(65534, 65534), real(65534, 0)] source3/smbd/smb2_process.c:574(process_smb)
  got message type 0x0 of len 0x29
[2026/05/20 17:16:59.697436,  3, pid=4018094, effective(65534, 65534), real(65534, 0)] source3/smbd/smb2_process.c:576(process_smb)
  Transaction 139 of length 45 (0 toread)
[2026/05/20 17:16:59.697467,  5, pid=4018094, effective(65534, 65534), real(65534, 0)] source3/lib/util.c:150(show_msg)
  size=41
  smb_com=0x4
  smb_rcls=0
  smb_reh=0
  smb_err=0
  smb_flg=0
  smb_flg2=49153
  smb_tid=47115
  smb_pid=1778
  smb_uid=10914
  smb_mid=140
  smt_wct=3
  smb_vwv[ 0]=59606 (0xE8D6)
  smb_vwv[ 1]=65535 (0xFFFF)
  smb_vwv[ 2]=65535 (0xFFFF)
  smb_bcc=0
[2026/05/20 17:16:59.697553,  3, pid=4018094, effective(65534, 65534), real(65534, 0)] source3/smbd/smb1_process.c:1112(switch_message)
  switch message SMBclose (pid 4018094) conn 0x6087dc17b920
[2026/05/20 17:16:59.697574,  5, pid=4018094, effective(65534, 65534), real(65534, 0)] source3/smbd/uid.c:327(change_to_user_impersonate)
  change_to_user_impersonate: Skipping user change - already user
[2026/05/20 17:16:59.697604,  4, pid=4018094, effective(65534, 65534), real(65534, 0), class=vfs] source3/smbd/vfs.c:937(vfs_ChDir)
  vfs_ChDir to /var/samba/public
[2026/05/20 17:16:59.697641,  5, pid=4018094, effective(65534, 65534), real(65534, 0), class=vfs] source3/smbd/vfs.c:999(vfs_ChDir)
  vfs_ChDir: vfs_ChDir got /var/samba/public
[2026/05/20 17:16:59.697668,  5, pid=4018094, effective(65534, 65534), real(65534, 0)] source3/smbd/uid.c:294(print_impersonation_info)
  print_impersonation_info: Impersonated user: uid=(65534,65534), gid=(0,65534), cwd=[/var/samba/public]
[2026/05/20 17:16:59.697695,  3, pid=4018094, effective(65534, 65534), real(65534, 0)] source3/smbd/smb1_reply.c:5097(reply_close)
  reply_close: Close file fd=30 fnum 59606 (numopen=1)
[2026/05/20 17:16:59.697715,  6, pid=4018094, effective(65534, 65534), real(65534, 0)] source3/smbd/close.c:656(set_close_write_time)
  close_write_time: Thu Jan  1 09:00:01 1970
[2026/05/20 17:16:59.697748,  5, pid=4018094, effective(65534, 65534), real(65534, 0)] lib/dbwrap/dbwrap.c:172(dbwrap_lock_order_lock)
  dbwrap_lock_order_lock: check lock order 1 for /run/samba/locking.tdb
[2026/05/20 17:16:59.697766, 10, pid=4018094, effective(65534, 65534), real(65534, 0)] lib/dbwrap/dbwrap.c:157(debug_lock_order)
  lock order:  1:/run/samba/locking.tdb 2:<none> 3:<none> 4:<none>
[2026/05/20 17:16:59.697790, 10, pid=4018094, effective(65534, 65534), real(65534, 0), class=locking] source3/locking/share_mode_lock.c:322(share_mode_memcache_fetch)
  share_mode_memcache_fetch: fetched entry for file debian-13.3.0-amd64-netinst.iso epoch 6e864e78aa29459c key 64512:16908295:0
[2026/05/20 17:16:59.697811, 10, pid=4018094, effective(65534, 65534), real(65534, 0), class=locking] source3/locking/share_mode_lock.c:990(get_share_mode_lock_internal)
  get_share_mode_lock_internal: Returning 64512:16908295:0 (data_cached=1 key_refcount=1)
[2026/05/20 17:16:59.697832, 10, pid=4018094, effective(65534, 65534), real(65534, 0), class=locking] source3/locking/share_mode_lock.c:2388(share_mode_entry_do)
  share_mode_entry_do: num_share_modes=1
[2026/05/20 17:16:59.697851, 10, pid=4018094, effective(65534, 65534), real(65534, 0), class=locking] source3/locking/share_mode_lock.c:1941(share_mode_entry_find)
  share_mode_entry_find: left=0, right=0, middle=0, middle_ptr=0x6087dc181b38
[2026/05/20 17:16:59.697901, 10, pid=4018094, effective(65534, 65534), real(65534, 0), class=locking] source3/locking/share_mode_lock.c:2404(share_mode_entry_do)
  share_mode_entry_do: entry[0]:
[2026/05/20 17:16:59.697919,  1, pid=4018094, effective(65534, 65534), real(65534, 0), class=rpc_parse] source3/locking/share_mode_lock.c:2405(share_mode_entry_do)
       &e: struct share_mode_entry
          pid: struct server_id
              pid                      : 0x00000000003d4fae (4018094)
              task_id                  : 0x00000000 (0)
              vnn                      : 0xffffffff (4294967295)
              unique_id                : 0xec85a3fb311857e1 (-1403535409600243743)
          op_mid                   : 0x000000000000008b (139)
          op_type                  : SHARE_MODE_ENTRY_OP_TYPE_EXCLUSIVE (1)
          client_guid              : 00000000-0000-0000-0000-000000000000
          lease_key: struct smb2_lease_key
              data: ARRAY(2)
                  data                     : 0x0000000000000000 (0)
                  data                     : 0x0000000000000000 (0)
          access_mask              : 0x00000089 (137)
          share_access             : 0x00000007 (7)
          private_options          : 0x00000000 (0)
          time                     : Wed May 20 05:16:59 PM 2026 JST.379243
          share_file_id            : 0x00000000000000d5 (213)
          uid                      : 0x0000fffe (65534)
          flags                    : 0x0001 (1)
          name_hash                : 0x620a2ea9 (1644834473)
          stale                    : 0x00 (0)
[2026/05/20 17:16:59.698085, 10, pid=4018094, effective(65534, 65534), real(65534, 0), class=locking] source3/locking/share_mode_lock.c:2410(share_mode_entry_do)
  share_mode_entry_do: entry[0]: modified=1, e.stale=0
[2026/05/20 17:16:59.698109, 10, pid=4018094, effective(65534, 65534), real(65534, 0), class=locking] source3/locking/share_mode_lock.c:349(share_mode_entry_put)
  share_mode_entry_put: share_mode_entry:
[2026/05/20 17:16:59.698127,  1, pid=4018094, effective(65534, 65534), real(65534, 0), class=rpc_parse] source3/locking/share_mode_lock.c:350(share_mode_entry_put)
       discard_const_p(void, e): struct share_mode_entry
          pid: struct server_id
              pid                      : 0x00000000003d4fae (4018094)
              task_id                  : 0x00000000 (0)
              vnn                      : 0xffffffff (4294967295)
              unique_id                : 0xec85a3fb311857e1 (-1403535409600243743)
          op_mid                   : 0x000000000000008b (139)
          op_type                  : SHARE_MODE_ENTRY_OP_TYPE_NONE (0)
          client_guid              : 00000000-0000-0000-0000-000000000000
          lease_key: struct smb2_lease_key
              data: ARRAY(2)
                  data                     : 0x0000000000000000 (0)
                  data                     : 0x0000000000000000 (0)
          access_mask              : 0x00000089 (137)
          share_access             : 0x00000007 (7)
          private_options          : 0x00000000 (0)
          time                     : Wed May 20 05:16:59 PM 2026 JST.379243
          share_file_id            : 0x00000000000000d5 (213)
          uid                      : 0x0000fffe (65534)
          flags                    : 0x0001 (1)
          name_hash                : 0x620a2ea9 (1644834473)
          stale                    : 0x00 (0)
[2026/05/20 17:16:59.698268, 10, pid=4018094, effective(65534, 65534), real(65534, 0), class=locking] source3/locking/share_mode_lock.c:619(share_mode_data_ltdb_store)
  share_mode_data_ltdb_store: share_mode_data not modified
[2026/05/20 17:16:59.698288, 10, pid=4018094, effective(65534, 65534), real(65534, 0), class=locking] source3/locking/share_mode_lock.c:990(get_share_mode_lock_internal)
  get_share_mode_lock_internal: Returning 64512:16908295:0 (data_cached=1 key_refcount=2)
[2026/05/20 17:16:59.698308, 10, pid=4018094, effective(65534, 65534), real(65534, 0), class=locking] source3/locking/locking.c:1007(find_delete_on_close_token)
  find_delete_on_close_token: name_hash = 0x620a2ea9
[2026/05/20 17:16:59.698328, 10, pid=4018094, effective(65534, 65534), real(65534, 0), class=locking] source3/locking/share_mode_lock.c:2388(share_mode_entry_do)
  share_mode_entry_do: num_share_modes=1
[2026/05/20 17:16:59.698346, 10, pid=4018094, effective(65534, 65534), real(65534, 0), class=locking] source3/locking/share_mode_lock.c:1941(share_mode_entry_find)
  share_mode_entry_find: left=0, right=0, middle=0, middle_ptr=0x6087dc181eb8
[2026/05/20 17:16:59.698365, 10, pid=4018094, effective(65534, 65534), real(65534, 0), class=locking] source3/locking/share_mode_lock.c:2404(share_mode_entry_do)
  share_mode_entry_do: entry[0]:
[2026/05/20 17:16:59.698383,  1, pid=4018094, effective(65534, 65534), real(65534, 0), class=rpc_parse] source3/locking/share_mode_lock.c:2405(share_mode_entry_do)
       &e: struct share_mode_entry
          pid: struct server_id
              pid                      : 0x00000000003d4fae (4018094)
              task_id                  : 0x00000000 (0)
              vnn                      : 0xffffffff (4294967295)
              unique_id                : 0xec85a3fb311857e1 (-1403535409600243743)
          op_mid                   : 0x000000000000008b (139)
          op_type                  : SHARE_MODE_ENTRY_OP_TYPE_NONE (0)
          client_guid              : 00000000-0000-0000-0000-000000000000
          lease_key: struct smb2_lease_key
              data: ARRAY(2)
                  data                     : 0x0000000000000000 (0)
                  data                     : 0x0000000000000000 (0)
          access_mask              : 0x00000089 (137)
          share_access             : 0x00000007 (7)
          private_options          : 0x00000000 (0)
          time                     : Wed May 20 05:16:59 PM 2026 JST.379243
          share_file_id            : 0x00000000000000d5 (213)
          uid                      : 0x0000fffe (65534)
          flags                    : 0x0001 (1)
          name_hash                : 0x620a2ea9 (1644834473)
          stale                    : 0x00 (0)
[2026/05/20 17:16:59.698526, 10, pid=4018094, effective(65534, 65534), real(65534, 0), class=locking] source3/locking/share_mode_lock.c:2410(share_mode_entry_do)
  share_mode_entry_do: entry[0]: modified=0, e.stale=1
[2026/05/20 17:16:59.698544, 10, pid=4018094, effective(65534, 65534), real(65534, 0), class=locking] source3/locking/share_mode_lock.c:2444(share_mode_entry_do)
  share_mode_entry_do: share_mode_entry:
[2026/05/20 17:16:59.698561,  1, pid=4018094, effective(65534, 65534), real(65534, 0), class=rpc_parse] source3/locking/share_mode_lock.c:2445(share_mode_entry_do)
       &e: struct share_mode_entry
          pid: struct server_id
              pid                      : 0x00000000003d4fae (4018094)
              task_id                  : 0x00000000 (0)
              vnn                      : 0xffffffff (4294967295)
              unique_id                : 0xec85a3fb311857e1 (-1403535409600243743)
          op_mid                   : 0x000000000000008b (139)
          op_type                  : SHARE_MODE_ENTRY_OP_TYPE_NONE (0)
          client_guid              : 00000000-0000-0000-0000-000000000000
          lease_key: struct smb2_lease_key
              data: ARRAY(2)
                  data                     : 0x0000000000000000 (0)
                  data                     : 0x0000000000000000 (0)
          access_mask              : 0x00000089 (137)
          share_access             : 0x00000007 (7)
          private_options          : 0x00000000 (0)
          time                     : Wed May 20 05:16:59 PM 2026 JST.379243
          share_file_id            : 0x00000000000000d5 (213)
          uid                      : 0x0000fffe (65534)
          flags                    : 0x0001 (1)
          name_hash                : 0x620a2ea9 (1644834473)
          stale                    : 0x01 (1)
[2026/05/20 17:16:59.698699, 10, pid=4018094, effective(65534, 65534), real(65534, 0), class=locking] source3/locking/share_mode_lock.c:626(share_mode_data_ltdb_store)
  share_mode_data_ltdb_store: 
[2026/05/20 17:16:59.698716,  1, pid=4018094, effective(65534, 65534), real(65534, 0), class=rpc_parse] source3/locking/share_mode_lock.c:627(share_mode_data_ltdb_store)
       d: struct share_mode_data
          unique_content_epoch     : 0x6e864e78aa29459f (7964139271209174431)
          flags                    : 0x01cb (459)
                 1: SHARE_MODE_SHARE_DELETE  
                 1: SHARE_MODE_SHARE_WRITE   
                 1: SHARE_MODE_SHARE_READ    
                 0: SHARE_MODE_ACCESS_DELETE 
                 0: SHARE_MODE_ACCESS_WRITE  
                 1: SHARE_MODE_ACCESS_READ   
                 0: SHARE_MODE_LEASE_HANDLE  
                 1: SHARE_MODE_LEASE_WRITE   
                 1: SHARE_MODE_LEASE_READ    
          servicepath              : *
              servicepath              : '/var/samba/public'
          base_name                : *
              base_name                : 'debian-13.3.0-amd64-netinst.iso'
          stream_name              : NULL
          num_delete_tokens        : 0x00000000 (0)
          delete_tokens: ARRAY(0)
          old_write_time           : Sun Feb 22 02:05:45 AM 2026 JST
          changed_write_time       : NTTIME(0)
          not_stored               : 0x00 (0)
          modified                 : 0x01 (1)
          id: struct file_id
              devid                    : 0x000000000000fc00 (64512)
              inode                    : 0x0000000001020007 (16908295)
              extid                    : 0x0000000000000000 (0)
[2026/05/20 17:16:59.698896, 10, pid=4018094, effective(65534, 65534), real(65534, 0), class=locking] source3/locking/share_mode_lock.c:676(share_mode_data_store)
  share_mode_data_store: not modified
[2026/05/20 17:16:59.698920,  5, pid=4018094, effective(65534, 65534), real(65534, 0)] lib/dbwrap/dbwrap.c:204(dbwrap_lock_order_unlock)
  dbwrap_lock_order_unlock: release lock order 1 for /run/samba/locking.tdb
[2026/05/20 17:16:59.698938, 10, pid=4018094, effective(65534, 65534), real(65534, 0)] source3/lib/dbwrap/dbwrap_watch.c:507(dbwrap_watched_record_prepare_wakeup)
  dbwrap_watched_record_prepare_wakeup: No watchers
[2026/05/20 17:16:59.698967, 10, pid=4018094, effective(65534, 65534), real(65534, 0)] source3/lib/dbwrap/dbwrap_watch.c:487(dbwrap_watched_do_locked)
  dbwrap_watched_do_locked: dbwrap_watched_do_locked_fn returned
[2026/05/20 17:16:59.698984, 10, pid=4018094, effective(65534, 65534), real(65534, 0)] source3/lib/dbwrap/dbwrap_watch.c:550(dbwrap_watched_trigger_wakeup)
  dbwrap_watched_trigger_wakeup: No one to wakeup
[2026/05/20 17:16:59.699001, 10, pid=4018094, effective(65534, 65534), real(65534, 0)] source3/lib/g_lock.c:1275(g_lock_lock)
  g_lock_lock: status=NT_STATUS_OK, state.status=NT_STATUS_WAS_UNLOCKED
[2026/05/20 17:16:59.699031,  2, pid=4018094, effective(65534, 65534), real(65534, 0)] source3/smbd/close.c:934(close_normal_file)
  nobody closed file debian-13.3.0-amd64-netinst.iso (numopen=0) NT_STATUS_OK
[2026/05/20 17:16:59.699053,  5, pid=4018094, effective(65534, 65534), real(65534, 0)] lib/dbwrap/dbwrap.c:172(dbwrap_lock_order_lock)
  dbwrap_lock_order_lock: check lock order 1 for /run/samba/smbXsrv_open_global.tdb
[2026/05/20 17:16:59.699070, 10, pid=4018094, effective(65534, 65534), real(65534, 0)] lib/dbwrap/dbwrap.c:157(debug_lock_order)
  lock order:  1:/run/samba/smbXsrv_open_global.tdb 2:<none> 3:<none> 4:<none>
[2026/05/20 17:16:59.699093,  5, pid=4018094, effective(65534, 65534), real(65534, 0)] lib/dbwrap/dbwrap.c:204(dbwrap_lock_order_unlock)
  dbwrap_lock_order_unlock: release lock order 1 for /run/samba/smbXsrv_open_global.tdb
[2026/05/20 17:16:59.699114,  5, pid=4018094, effective(65534, 65534), real(65534, 0)] source3/smbd/files.c:1985(file_free)
  file_free: freed files structure 59606 (0 used)
[2026/05/20 17:16:59.699146,  5, pid=4018094, effective(65534, 65534), real(65534, 0)] source3/lib/util.c:150(show_msg)
  size=35
  smb_com=0x4
  smb_rcls=0
  smb_reh=0
  smb_err=0
  smb_flg=128
  smb_flg2=51203
  smb_tid=47115
  smb_pid=1778
  smb_uid=10914
  smb_mid=140
  smt_wct=0
  smb_bcc=0
[2026/05/20 17:17:30.374013, 10, pid=4018094, effective(65534, 65534), real(65534, 0)] source3/lib/util_event.c:42(smbd_idle_event_handler)
  smbd_idle_event_handler: idle_evt(deadtime) (nil) called
[2026/05/20 17:17:30.374178, 10, pid=4018094, effective(65534, 65534), real(65534, 0)] source3/lib/util_event.c:53(smbd_idle_event_handler)
  smbd_idle_event_handler: idle_evt(deadtime) (nil) rescheduled
[2026/05/20 17:17:30.374214, 10, pid=4018094, effective(65534, 65534), real(65534, 0)] source3/lib/util_event.c:42(smbd_idle_event_handler)
  smbd_idle_event_handler: idle_evt(housekeeping) (nil) called
[2026/05/20 17:17:30.374234,  5, pid=4018094, effective(65534, 65534), real(65534, 0)] source3/smbd/smb2_process.c:1582(housekeeping_fn)
  housekeeping
[2026/05/20 17:17:30.374256,  4, pid=4018094, effective(65534, 65534), real(65534, 0)] source3/smbd/sec_ctx.c:317(set_sec_ctx_internal)
  setting sec ctx (0, 0) - sec_ctx_stack_ndx = 0
[2026/05/20 17:17:30.374277,  5, pid=4018094, effective(65534, 65534), real(65534, 0)] libcli/security/security_token.c:49(security_token_debug)
  Security token: (NULL)
[2026/05/20 17:17:30.374298,  5, pid=4018094, effective(65534, 65534), real(65534, 0)] source3/auth/token_util.c:873(debug_unix_user_token)
  UNIX token of user 0
  Primary group is 0 and contains 0 supplementary groups
[2026/05/20 17:17:30.374358,  5, pid=4018094, effective(0, 0), real(0, 0)] source3/smbd/uid.c:494(smbd_change_to_root_user)
  change_to_root_user: now uid=(0,0) gid=(0,0)
[2026/05/20 17:17:30.374392, 10, pid=4018094, effective(0, 0), real(0, 0)] source3/lib/util_event.c:53(smbd_idle_event_handler)
  smbd_idle_event_handler: idle_evt(housekeeping) (nil) rescheduled
[2026/05/20 17:17:59.863666, 10, pid=4018094, effective(0, 0), real(0, 0)] source3/lib/util_sock.c:180(read_smb_length_return_keepalive)
  got smb length of 138
[2026/05/20 17:17:59.863757,  6, pid=4018094, effective(0, 0), real(0, 0)] source3/smbd/smb2_process.c:574(process_smb)
  got message type 0x0 of len 0x8a
[2026/05/20 17:17:59.863779,  3, pid=4018094, effective(0, 0), real(0, 0)] source3/smbd/smb2_process.c:576(process_smb)
  Transaction 140 of length 142 (0 toread)
[2026/05/20 17:17:59.863811,  5, pid=4018094, effective(0, 0), real(0, 0)] source3/lib/util.c:150(show_msg)
  size=138
  smb_com=0x32
  smb_rcls=0
  smb_reh=0
  smb_err=0
  smb_flg=0
  smb_flg2=49153
  smb_tid=47115
  smb_pid=1778
  smb_uid=10914
  smb_mid=141
  smt_wct=15
  smb_vwv[ 0]=   72 (0x48)
  smb_vwv[ 1]=    0 (0x0)
  smb_vwv[ 2]=    2 (0x2)
  smb_vwv[ 3]= 4000 (0xFA0)
  smb_vwv[ 4]=    0 (0x0)
  smb_vwv[ 5]=    0 (0x0)
  smb_vwv[ 6]=    0 (0x0)
  smb_vwv[ 7]=    0 (0x0)
  smb_vwv[ 8]=    0 (0x0)
  smb_vwv[ 9]=   72 (0x48)
  smb_vwv[10]=   66 (0x42)
  smb_vwv[11]=    0 (0x0)
  smb_vwv[12]=    0 (0x0)
  smb_vwv[13]=    1 (0x1)
  smb_vwv[14]=    5 (0x5)
  smb_bcc=73
[2026/05/20 17:17:59.863960, 10, pid=4018094, effective(0, 0), real(0, 0)] lib/util/util.c:578(dump_data)
  [0000] 00 00 02 00 00 00 00 2F   00 64 00 65 00 62 00 69   ......./ .d.e.b.i
  [0010] 00 61 00 6E 00 2D 00 31   00 33 00 2E 00 33 00 2E   .a.n.-.1 .3...3..
  [0020] 00 30 00 2D 00 61 00 6D   00 64 00 36 00 34 00 2D   .0.-.a.m .d.6.4.-
  [0030] 00 6E 00 65 00 74 00 69   00 6E 00 73 00 74 00 2E   .n.e.t.i .n.s.t..
  [0040] 00 69 00 73 00 6F 00 00   00                        .i.s.o.. .
[2026/05/20 17:17:59.864080,  3, pid=4018094, effective(0, 0), real(0, 0)] source3/smbd/smb1_process.c:1112(switch_message)
  switch message SMBtrans2 (pid 4018094) conn 0x6087dc17b920
[2026/05/20 17:17:59.864115,  4, pid=4018094, effective(0, 0), real(0, 0)] source3/smbd/sec_ctx.c:317(set_sec_ctx_internal)
  setting sec ctx (65534, 65534) - sec_ctx_stack_ndx = 0
[2026/05/20 17:17:59.864135,  5, pid=4018094, effective(0, 0), real(0, 0)] libcli/security/security_token.c:53(security_token_debug)
  Security token SIDs (7):
    SID[  0]: S-1-5-21-2342536155-1022706741-2866312864-501
    SID[  1]: S-1-5-21-2342536155-1022706741-2866312864-514
    SID[  2]: S-1-22-2-65534
    SID[  3]: S-1-1-0
    SID[  4]: S-1-5-2
    SID[  5]: S-1-5-32-546
    SID[  6]: S-1-22-1-65534
   Privileges (0x               0):
   Rights (0x               0):
[2026/05/20 17:17:59.864201,  5, pid=4018094, effective(0, 0), real(0, 0)] source3/auth/token_util.c:873(debug_unix_user_token)
  UNIX token of user 65534
  Primary group is 65534 and contains 1 supplementary groups
  Group[  0]: 65534
[2026/05/20 17:17:59.864269,  4, pid=4018094, effective(65534, 65534), real(65534, 0), class=vfs] source3/smbd/vfs.c:937(vfs_ChDir)
  vfs_ChDir to /var/samba/public
[2026/05/20 17:17:59.864313,  5, pid=4018094, effective(65534, 65534), real(65534, 0), class=vfs] source3/smbd/vfs.c:999(vfs_ChDir)
  vfs_ChDir: vfs_ChDir got /var/samba/public
[2026/05/20 17:17:59.864353,  5, pid=4018094, effective(65534, 65534), real(65534, 0)] source3/smbd/uid.c:294(print_impersonation_info)
  print_impersonation_info: Impersonated user: uid=(65534,65534), gid=(0,65534), cwd=[/var/samba/public]
[2026/05/20 17:17:59.864381,  3, pid=4018094, effective(65534, 65534), real(65534, 0)] source3/smbd/smb1_trans2.c:2645(call_trans2qpathinfo)
  call_trans2qpathinfo: TRANSACT2_QPATHINFO: level = 512
[2026/05/20 17:17:59.864407, 10, pid=4018094, effective(65534, 65534), real(65534, 0)] source3/smbd/files.c:562(openat_pathref_fsp)
  openat_pathref_fsp: smb_fname [.]
[2026/05/20 17:17:59.864427, 10, pid=4018094, effective(65534, 65534), real(65534, 0)] source3/smbd/files.c:462(openat_pathref_fullname)
  openat_pathref_fullname: smb_fname [.]
[2026/05/20 17:17:59.864446,  5, pid=4018094, effective(65534, 65534), real(65534, 0)] source3/smbd/files.c:77(fsp_new)
  fsp_new: allocated files structure (1 used)
[2026/05/20 17:17:59.864484, 10, pid=4018094, effective(65534, 65534), real(65534, 0)] source3/smbd/files.c:2198(file_name_hash)
  file_name_hash: /var/samba/public/. hash 0xb9bae796
[2026/05/20 17:17:59.864524, 10, pid=4018094, effective(65534, 65534), real(65534, 0)] source3/smbd/open.c:930(fd_openat)
  fd_openat: name ., flags = 04000 mode = 00, fd = 14
[2026/05/20 17:17:59.864544, 10, pid=4018094, effective(65534, 65534), real(65534, 0)] source3/smbd/files.c:531(openat_pathref_fullname)
  openat_pathref_fullname: fsp [.]: OK
[2026/05/20 17:17:59.864563, 10, pid=4018094, effective(65534, 65534), real(65534, 0)] source3/smbd/files.c:562(openat_pathref_fsp)
  openat_pathref_fsp: smb_fname [debian-13.3.0-amd64-netinst.iso]
[2026/05/20 17:17:59.864582, 10, pid=4018094, effective(65534, 65534), real(65534, 0)] source3/smbd/files.c:462(openat_pathref_fullname)
  openat_pathref_fullname: smb_fname [debian-13.3.0-amd64-netinst.iso]
[2026/05/20 17:17:59.864601,  5, pid=4018094, effective(65534, 65534), real(65534, 0)] source3/smbd/files.c:77(fsp_new)
  fsp_new: allocated files structure (2 used)
[2026/05/20 17:17:59.864619, 10, pid=4018094, effective(65534, 65534), real(65534, 0)] source3/smbd/files.c:2198(file_name_hash)
  file_name_hash: /var/samba/public/debian-13.3.0-amd64-netinst.iso hash 0x620a2ea9
[2026/05/20 17:17:59.864645, 10, pid=4018094, effective(65534, 65534), real(65534, 0)] source3/smbd/open.c:930(fd_openat)
  fd_openat: name debian-13.3.0-amd64-netinst.iso, flags = 04000 mode = 00, fd = 28
[2026/05/20 17:17:59.864664, 10, pid=4018094, effective(65534, 65534), real(65534, 0)] source3/smbd/files.c:531(openat_pathref_fullname)
  openat_pathref_fullname: fsp [debian-13.3.0-amd64-netinst.iso]: OK
[2026/05/20 17:17:59.864684, 10, pid=4018094, effective(65534, 65534), real(65534, 0)] source3/smbd/files.c:2198(file_name_hash)
  file_name_hash: /var/samba/public/debian-13.3.0-amd64-netinst.iso hash 0x620a2ea9
[2026/05/20 17:17:59.864711, 10, pid=4018094, effective(65534, 65534), real(65534, 0)] source3/lib/g_lock.c:1655(g_lock_dump)
  g_lock_dump: dbwrap_parse_record returned NT_STATUS_NOT_FOUND
[2026/05/20 17:17:59.864733, 10, pid=4018094, effective(65534, 65534), real(65534, 0), class=locking] source3/locking/share_mode_lock.c:1570(fetch_share_mode_unlocked)
  fetch_share_mode_unlocked: g_lock_dump failed: NT_STATUS_NOT_FOUND
[2026/05/20 17:17:59.864754, 10, pid=4018094, effective(65534, 65534), real(65534, 0)] source3/smbd/smb2_trans2.c:2779(store_file_unix_basic)
  store_file_unix_basic: SMB_QUERY_FILE_UNIX_BASIC
[2026/05/20 17:17:59.864772,  4, pid=4018094, effective(65534, 65534), real(65534, 0)] source3/smbd/smb2_trans2.c:2780(store_file_unix_basic)
  store_file_unix_basic: st_mode=100664
[2026/05/20 17:17:59.864794,  9, pid=4018094, effective(65534, 65534), real(65534, 0)] source3/smbd/smb1_trans2.c:230(send_trans2_replies)
  t2_rep: params_sent_thistime = 2, data_sent_thistime = 100, useable_space = 16406
[2026/05/20 17:17:59.864812,  9, pid=4018094, effective(65534, 65534), real(65534, 0)] source3/smbd/smb1_trans2.c:232(send_trans2_replies)
  t2_rep: params_to_send = 2, data_to_send = 100, paramsize = 2, datasize = 100
[2026/05/20 17:17:59.864842,  5, pid=4018094, effective(65534, 65534), real(65534, 0)] source3/lib/util.c:150(show_msg)
  size=160
  smb_com=0x32
  smb_rcls=0
  smb_reh=0
  smb_err=0
  smb_flg=128
  smb_flg2=51203
  smb_tid=47115
  smb_pid=1778
  smb_uid=10914
  smb_mid=141
  smt_wct=10
  smb_vwv[ 0]=    2 (0x2)
  smb_vwv[ 1]=  100 (0x64)
  smb_vwv[ 2]=    0 (0x0)
  smb_vwv[ 3]=    2 (0x2)
  smb_vwv[ 4]=   56 (0x38)
  smb_vwv[ 5]=    0 (0x0)
  smb_vwv[ 6]=  100 (0x64)
  smb_vwv[ 7]=   60 (0x3C)
  smb_vwv[ 8]=    0 (0x0)
  smb_vwv[ 9]=    0 (0x0)
  smb_bcc=105
[2026/05/20 17:17:59.864960, 10, pid=4018094, effective(65534, 65534), real(65534, 0)] lib/util/util.c:578(dump_data)
  [0000] 00 00 00 00 00 00 00 20   2F 00 00 00 00 00 10 20   .......  /...... 
  [0010] 2F 00 00 00 00 BB AC 26   51 54 A3 DC 01 8A 31 A8   /......& QT....1.
  [0020] A3 2C E8 DC 01 BB AC 26   51 54 A3 DC 01 E8 03 00   .,.....& QT......
  [0030] 00 00 00 00 00 E8 03 00   00 00 00 00 00 00 00 00   ........ ........
  [0040] 00 FC 00 00 00 00 00 00   00 00 00 00 00 00 00 00   ........ ........
  [0050] 00 07 00 02 01 00 00 00   00 B4 01 00 00 00 00 00   ........ ........
  [0060] 00 01 00 00 00 00 00 00   00                        ........ .
[2026/05/20 17:17:59.865175,  5, pid=4018094, effective(65534, 65534), real(65534, 0)] source3/smbd/files.c:1985(file_free)
  file_free: freed files structure 0 (1 used)
[2026/05/20 17:17:59.865199,  5, pid=4018094, effective(65534, 65534), real(65534, 0)] source3/smbd/files.c:1985(file_free)
  file_free: freed files structure 0 (0 used)
[2026/05/20 17:18:00.186216, 10, pid=4018094, effective(65534, 65534), real(65534, 0)] source3/lib/util_sock.c:180(read_smb_length_return_keepalive)
  got smb length of 158
[2026/05/20 17:18:00.186287,  6, pid=4018094, effective(65534, 65534), real(65534, 0)] source3/smbd/smb2_process.c:574(process_smb)
  got message type 0x0 of len 0x9e
[2026/05/20 17:18:00.186306,  3, pid=4018094, effective(65534, 65534), real(65534, 0)] source3/smbd/smb2_process.c:576(process_smb)
  Transaction 141 of length 162 (0 toread)
[2026/05/20 17:18:00.186352,  5, pid=4018094, effective(65534, 65534), real(65534, 0)] source3/lib/util.c:150(show_msg)
  size=158
  smb_com=0x32
  smb_rcls=0
  smb_reh=0
  smb_err=0
  smb_flg=0
  smb_flg2=49153
  smb_tid=47115
  smb_pid=1778
  smb_uid=10914
  smb_mid=142
  smt_wct=15
  smb_vwv[ 0]=   72 (0x48)
  smb_vwv[ 1]=   18 (0x12)
  smb_vwv[ 2]=    2 (0x2)
  smb_vwv[ 3]= 1000 (0x3E8)
  smb_vwv[ 4]=    0 (0x0)
  smb_vwv[ 5]=    0 (0x0)
  smb_vwv[ 6]=    0 (0x0)
  smb_vwv[ 7]=    0 (0x0)
  smb_vwv[ 8]=    0 (0x0)
  smb_vwv[ 9]=   72 (0x48)
  smb_vwv[10]=   68 (0x44)
  smb_vwv[11]=   18 (0x12)
  smb_vwv[12]=  140 (0x8C)
  smb_vwv[13]=    1 (0x1)
  smb_vwv[14]=    6 (0x6)
  smb_bcc=93
[2026/05/20 17:18:00.186473, 10, pid=4018094, effective(65534, 65534), real(65534, 0)] lib/util/util.c:578(dump_data)
  [0000] 00 00 00 09 02 00 00 00   00 2F 00 64 00 65 00 62   ........ ./.d.e.b
  [0010] 00 69 00 61 00 6E 00 2D   00 31 00 33 00 2E 00 33   .i.a.n.- .1.3...3
  [0020] 00 2E 00 30 00 2D 00 61   00 6D 00 64 00 36 00 34   ...0.-.a .m.d.6.4
  [0030] 00 2D 00 6E 00 65 00 74   00 69 00 6E 00 73 00 74   .-.n.e.t .i.n.s.t
  [0040] 00 2E 00 69 00 73 00 6F   00 00 00 02 00 00 00 01   ...i.s.o ........
  [0050] 04 00 00 ED 01 00 00 00   00 00 00 00 02            ........ .....
[2026/05/20 17:18:00.186612,  3, pid=4018094, effective(65534, 65534), real(65534, 0)] source3/smbd/smb1_process.c:1112(switch_message)
  switch message SMBtrans2 (pid 4018094) conn 0x6087dc17b920
[2026/05/20 17:18:00.186635,  5, pid=4018094, effective(65534, 65534), real(65534, 0)] source3/smbd/uid.c:327(change_to_user_impersonate)
  change_to_user_impersonate: Skipping user change - already user
[2026/05/20 17:18:00.186676,  5, pid=4018094, effective(65534, 65534), real(65534, 0)] source3/smbd/uid.c:294(print_impersonation_info)
  print_impersonation_info: Impersonated user: uid=(65534,65534), gid=(0,65534), cwd=[/var/samba/public]
[2026/05/20 17:18:00.186708,  3, pid=4018094, effective(65534, 65534), real(65534, 0)] source3/smbd/smb1_trans2.c:4513(call_trans2setpathinfo)
  call_trans2setpathinfo: fname=debian-13.3.0-amd64-netinst.iso info_level=521 totdata=18
[2026/05/20 17:18:00.186731, 10, pid=4018094, effective(65534, 65534), real(65534, 0)] source3/smbd/files.c:562(openat_pathref_fsp)
  openat_pathref_fsp: smb_fname [.]
[2026/05/20 17:18:00.186752, 10, pid=4018094, effective(65534, 65534), real(65534, 0)] source3/smbd/files.c:462(openat_pathref_fullname)
  openat_pathref_fullname: smb_fname [.]
[2026/05/20 17:18:00.186771,  5, pid=4018094, effective(65534, 65534), real(65534, 0)] source3/smbd/files.c:77(fsp_new)
  fsp_new: allocated files structure (1 used)
[2026/05/20 17:18:00.186792, 10, pid=4018094, effective(65534, 65534), real(65534, 0)] source3/smbd/files.c:2198(file_name_hash)
  file_name_hash: /var/samba/public/. hash 0xb9bae796
[2026/05/20 17:18:00.186848, 10, pid=4018094, effective(65534, 65534), real(65534, 0)] source3/smbd/open.c:930(fd_openat)
  fd_openat: name ., flags = 04000 mode = 00, fd = 14
[2026/05/20 17:18:00.186896, 10, pid=4018094, effective(65534, 65534), real(65534, 0)] source3/smbd/files.c:531(openat_pathref_fullname)
  openat_pathref_fullname: fsp [.]: OK
[2026/05/20 17:18:00.186920, 10, pid=4018094, effective(65534, 65534), real(65534, 0)] source3/smbd/files.c:562(openat_pathref_fsp)
  openat_pathref_fsp: smb_fname [debian-13.3.0-amd64-netinst.iso]
[2026/05/20 17:18:00.186940, 10, pid=4018094, effective(65534, 65534), real(65534, 0)] source3/smbd/files.c:462(openat_pathref_fullname)
  openat_pathref_fullname: smb_fname [debian-13.3.0-amd64-netinst.iso]
[2026/05/20 17:18:00.186959,  5, pid=4018094, effective(65534, 65534), real(65534, 0)] source3/smbd/files.c:77(fsp_new)
  fsp_new: allocated files structure (2 used)
[2026/05/20 17:18:00.186978, 10, pid=4018094, effective(65534, 65534), real(65534, 0)] source3/smbd/files.c:2198(file_name_hash)
  file_name_hash: /var/samba/public/debian-13.3.0-amd64-netinst.iso hash 0x620a2ea9
[2026/05/20 17:18:00.187004, 10, pid=4018094, effective(65534, 65534), real(65534, 0)] source3/smbd/open.c:930(fd_openat)
  fd_openat: name debian-13.3.0-amd64-netinst.iso, flags = 04000 mode = 00, fd = 28
[2026/05/20 17:18:00.187023, 10, pid=4018094, effective(65534, 65534), real(65534, 0)] source3/smbd/files.c:531(openat_pathref_fullname)
  openat_pathref_fullname: fsp [debian-13.3.0-amd64-netinst.iso]: OK
[2026/05/20 17:18:00.187046, 10, pid=4018094, effective(65534, 65534), real(65534, 0)] source3/smbd/smb1_trans2.c:3477(smb_posix_open)
  smb_posix_open: file debian-13.3.0-amd64-netinst.iso, smb_posix_flags = 1024, mode 0755
[2026/05/20 17:18:00.187065, 10, pid=4018094, effective(65534, 65534), real(65534, 0)] source3/smbd/open.c:6509(create_file_default)
  create_file_default: create_file: access_mask = 0x89 file_attributes = 0x0, share_access = 0x7, create_disposition = 0x1 create_options = 0x40 oplock_request = 0x1 private_flags = 0x0 ea_list = (nil), sd = (nil), fname = debian-13.3.0-amd64-netinst.iso
[2026/05/20 17:18:00.187090, 10, pid=4018094, effective(65534, 65534), real(65534, 0)] source3/smbd/open.c:5926(create_file_unixpath)
  create_file_unixpath: access_mask = 0x89 file_attributes = 0x10001a4 share_access = 0x7 create_disposition = 0x1 create_options = 0x40 oplock_request = 0x1 private_flags = 0x0 ea_list = (nil), sd = (nil), fname = debian-13.3.0-amd64-netinst.iso
[2026/05/20 17:18:00.187122,  5, pid=4018094, effective(65534, 65534), real(65534, 0)] lib/dbwrap/dbwrap.c:172(dbwrap_lock_order_lock)
  dbwrap_lock_order_lock: check lock order 1 for /run/samba/smbXsrv_open_global.tdb
[2026/05/20 17:18:00.187141, 10, pid=4018094, effective(65534, 65534), real(65534, 0)] lib/dbwrap/dbwrap.c:157(debug_lock_order)
  lock order:  1:/run/samba/smbXsrv_open_global.tdb 2:<none> 3:<none> 4:<none>
[2026/05/20 17:18:00.187195, 10, pid=4018094, effective(65534, 65534), real(65534, 0)] source3/smbd/smbXsrv_open.c:349(smbXsrv_open_global_store)
  smbXsrv_open_global_store: key 'F6FBEBE5' stored
[2026/05/20 17:18:00.187217,  1, pid=4018094, effective(65534, 65534), real(65534, 0), class=rpc_parse] source3/smbd/smbXsrv_open.c:350(smbXsrv_open_global_store)
       &global_blob: struct smbXsrv_open_globalB
          version                  : SMBXSRV_VERSION_0 (0)
          seqnum                   : 0x00000001 (1)
          info                     : union smbXsrv_open_globalU(case 0)
          info0                    : *
              info0: struct smbXsrv_open_global0
                  server_id: struct server_id
                      pid                      : 0x00000000003d4fae (4018094)
                      task_id                  : 0x00000000 (0)
                      vnn                      : 0xffffffff (4294967295)
                      unique_id                : 0xec85a3fb311857e1 (-1403535409600243743)
                  open_global_id           : 0xf6fbebe5 (4143705061)
                  open_persistent_id       : 0x00000000f6fbebe5 (4143705061)
                  open_volatile_id         : 0x000000000000add8 (44504)
                  open_owner               : S-1-5-21-2342536155-1022706741-2866312864-501
                  open_time                : Wed May 20 05:18:00 PM 2026 JST
                  create_guid              : 00000000-0000-0000-0000-000000000000
                  client_guid              : 00000000-0000-0000-0000-000000000000
                  app_instance_id          : 00000000-0000-0000-0000-000000000000
                  disconnect_time          : NTTIME(0)
                  durable_timeout_msec     : 0x00000000 (0)
                  durable                  : 0x00 (0)
                  backend_cookie           : DATA_BLOB length=0
                  channel_sequence         : 0x0000 (0)
                  channel_generation       : 0x0000000000000000 (0)
                  lock_sequence_array: ARRAY(64)
  [0000] FF FF FF FF FF FF FF FF   FF FF FF FF FF FF FF FF   ........ ........
  [0010] FF FF FF FF FF FF FF FF   FF FF FF FF FF FF FF FF   ........ ........
  [0020] FF FF FF FF FF FF FF FF   FF FF FF FF FF FF FF FF   ........ ........
  [0030] FF FF FF FF FF FF FF FF   FF FF FF FF FF FF FF FF   ........ ........
[2026/05/20 17:18:00.187536,  5, pid=4018094, effective(65534, 65534), real(65534, 0)] lib/dbwrap/dbwrap.c:204(dbwrap_lock_order_unlock)
  dbwrap_lock_order_unlock: release lock order 1 for /run/samba/smbXsrv_open_global.tdb
[2026/05/20 17:18:00.187555, 10, pid=4018094, effective(65534, 65534), real(65534, 0)] source3/smbd/smbXsrv_open.c:466(smbXsrv_open_global_allocate)
  smbXsrv_open_global_allocate: Found slot 4143705061
[2026/05/20 17:18:00.187573, 10, pid=4018094, effective(65534, 65534), real(65534, 0)] source3/smbd/smbXsrv_open.c:614(smbXsrv_open_create)
  smbXsrv_open_create: global_id (0xf6fbebe5) stored
[2026/05/20 17:18:00.187590,  1, pid=4018094, effective(65534, 65534), real(65534, 0), class=rpc_parse] source3/smbd/smbXsrv_open.c:616(smbXsrv_open_create)
       &open_blob: struct smbXsrv_openB
          version                  : SMBXSRV_VERSION_0 (0)
          reserved                 : 0x00000000 (0)
          info                     : union smbXsrv_openU(case 0)
          info0                    : *
              info0: struct smbXsrv_open
                  table                    : *
                  local_id                 : 0x0000add8 (44504)
                  global                   : *
                      global: struct smbXsrv_open_global0
                          server_id: struct server_id
                              pid                      : 0x00000000003d4fae (4018094)
                              task_id                  : 0x00000000 (0)
                              vnn                      : 0xffffffff (4294967295)
                              unique_id                : 0xec85a3fb311857e1 (-1403535409600243743)
                          open_global_id           : 0xf6fbebe5 (4143705061)
                          open_persistent_id       : 0x00000000f6fbebe5 (4143705061)
                          open_volatile_id         : 0x000000000000add8 (44504)
                          open_owner               : S-1-5-21-2342536155-1022706741-2866312864-501
                          open_time                : Wed May 20 05:18:00 PM 2026 JST
                          create_guid              : 00000000-0000-0000-0000-000000000000
                          client_guid              : 00000000-0000-0000-0000-000000000000
                          app_instance_id          : 00000000-0000-0000-0000-000000000000
                          disconnect_time          : NTTIME(0)
                          durable_timeout_msec     : 0x00000000 (0)
                          durable                  : 0x00 (0)
                          backend_cookie           : DATA_BLOB length=0
                          channel_sequence         : 0x0000 (0)
                          channel_generation       : 0x0000000000000000 (0)
                          lock_sequence_array: ARRAY(64)
  [0000] FF FF FF FF FF FF FF FF   FF FF FF FF FF FF FF FF   ........ ........
  [0010] FF FF FF FF FF FF FF FF   FF FF FF FF FF FF FF FF   ........ ........
  [0020] FF FF FF FF FF FF FF FF   FF FF FF FF FF FF FF FF   ........ ........
  [0030] FF FF FF FF FF FF FF FF   FF FF FF FF FF FF FF FF   ........ ........
                  status                   : NT_STATUS_OK
                  idle_time                : Wed May 20 05:18:00 PM 2026 JST
                  compat                   : NULL
                  flags                    : 0x00 (0)
                         0: SMBXSRV_OPEN_NEED_REPLAY_CACHE
                         0: SMBXSRV_OPEN_HAVE_REPLAY_CACHE
                  create_action            : 0x00000000 (0)
                  request_count            : 0x0000000000000000 (0)
                  pre_request_count        : 0x0000000000000000 (0)
[2026/05/20 17:18:00.187991, 10, pid=4018094, effective(65534, 65534), real(65534, 0)] source3/smbd/files.c:135(fsp_bind_smb)
  fsp_bind_smb: fsp [debian-13.3.0-amd64-netinst.iso] mid [142]
[2026/05/20 17:18:00.188011, 10, pid=4018094, effective(65534, 65534), real(65534, 0)] source3/smbd/files.c:562(openat_pathref_fsp)
  openat_pathref_fsp: smb_fname [.]
[2026/05/20 17:18:00.188030, 10, pid=4018094, effective(65534, 65534), real(65534, 0)] source3/smbd/files.c:462(openat_pathref_fullname)
  openat_pathref_fullname: smb_fname [.]
[2026/05/20 17:18:00.188049,  5, pid=4018094, effective(65534, 65534), real(65534, 0)] source3/smbd/files.c:77(fsp_new)
  fsp_new: allocated files structure (3 used)
[2026/05/20 17:18:00.188068, 10, pid=4018094, effective(65534, 65534), real(65534, 0)] source3/smbd/files.c:2198(file_name_hash)
  file_name_hash: /var/samba/public/. hash 0xb9bae796
[2026/05/20 17:18:00.188099, 10, pid=4018094, effective(65534, 65534), real(65534, 0)] source3/smbd/open.c:930(fd_openat)
  fd_openat: name ., flags = 04000 mode = 00, fd = 29
[2026/05/20 17:18:00.188119, 10, pid=4018094, effective(65534, 65534), real(65534, 0)] source3/smbd/files.c:531(openat_pathref_fullname)
  openat_pathref_fullname: fsp [.]: OK
[2026/05/20 17:18:00.188138, 10, pid=4018094, effective(65534, 65534), real(65534, 0)] source3/smbd/files.c:2198(file_name_hash)
  file_name_hash: /var/samba/public/. hash 0xb9bae796
[2026/05/20 17:18:00.188157, 10, pid=4018094, effective(65534, 65534), real(65534, 0)] source3/smbd/open.c:3837(open_file_ntcreate)
  open_file_ntcreate: fname=debian-13.3.0-amd64-netinst.iso, dos_attrs=0x0 access_mask=0x89 share_access=0x7 create_disposition = 0x1 create_options=0x40 unix mode=0644 oplock_request=1 private_flags = 0x0
[2026/05/20 17:18:00.188180, 10, pid=4018094, effective(65534, 65534), real(65534, 0)] source3/smbd/open.c:4036(open_file_ntcreate)
  open_file_ntcreate: fname=debian-13.3.0-amd64-netinst.iso, after mapping access_mask=0x89
[2026/05/20 17:18:00.188199,  4, pid=4018094, effective(65534, 65534), real(65534, 0)] source3/smbd/open.c:4138(open_file_ntcreate)
  calling open_file with flags=0x0 flags2=0x800 mode=0644, access_mask = 0x89, open_access_mask = 0x89
[2026/05/20 17:18:00.188220, 10, pid=4018094, effective(65534, 65534), real(65534, 0), class=acls] source3/smbd/posix_acls.c:3366(posix_fget_nt_acl)
  posix_fget_nt_acl: called for file debian-13.3.0-amd64-netinst.iso
[2026/05/20 17:18:00.188364,  4, pid=4018094, effective(65534, 65534), real(65534, 0)] source3/smbd/sec_ctx.c:206(push_sec_ctx)
  push_sec_ctx(65534, 65534) : sec_ctx_stack_ndx = 1
[2026/05/20 17:18:00.188388,  4, pid=4018094, effective(65534, 65534), real(65534, 0)] source3/smbd/uid.c:566(push_conn_ctx)
  push_conn_ctx(10914) : conn_ctx_stack_ndx = 0
[2026/05/20 17:18:00.188406,  4, pid=4018094, effective(65534, 65534), real(65534, 0)] source3/smbd/sec_ctx.c:317(set_sec_ctx_internal)
  setting sec ctx (0, 0) - sec_ctx_stack_ndx = 1
[2026/05/20 17:18:00.188424,  5, pid=4018094, effective(65534, 65534), real(65534, 0)] libcli/security/security_token.c:49(security_token_debug)
  Security token: (NULL)
[2026/05/20 17:18:00.188442,  5, pid=4018094, effective(65534, 65534), real(65534, 0)] source3/auth/token_util.c:873(debug_unix_user_token)
  UNIX token of user 0
  Primary group is 0 and contains 0 supplementary groups
[2026/05/20 17:18:00.188551,  4, pid=4018094, effective(0, 0), real(0, 0)] source3/smbd/sec_ctx.c:206(push_sec_ctx)
  push_sec_ctx(0, 0) : sec_ctx_stack_ndx = 2
[2026/05/20 17:18:00.188576,  4, pid=4018094, effective(0, 0), real(0, 0)] source3/smbd/uid.c:566(push_conn_ctx)
  push_conn_ctx(10914) : conn_ctx_stack_ndx = 1
[2026/05/20 17:18:00.188593,  4, pid=4018094, effective(0, 0), real(0, 0)] source3/smbd/sec_ctx.c:317(set_sec_ctx_internal)
  setting sec ctx (0, 0) - sec_ctx_stack_ndx = 2
[2026/05/20 17:18:00.188610,  5, pid=4018094, effective(0, 0), real(0, 0)] libcli/security/security_token.c:49(security_token_debug)
  Security token: (NULL)
[2026/05/20 17:18:00.188627,  5, pid=4018094, effective(0, 0), real(0, 0)] source3/auth/token_util.c:873(debug_unix_user_token)
  UNIX token of user 0
  Primary group is 0 and contains 0 supplementary groups
[2026/05/20 17:18:00.188672,  5, pid=4018094, effective(0, 0), real(0, 0), class=passdb] source3/passdb/pdb_tdb.c:602(tdbsam_getsampwnam)
  pdb_getsampwnam (TDB): error fetching database.
   Key: USER_ubuntu
[2026/05/20 17:18:00.188703,  4, pid=4018094, effective(0, 0), real(0, 0)] source3/smbd/sec_ctx.c:443(pop_sec_ctx)
  pop_sec_ctx (0, 0) - sec_ctx_stack_ndx = 1
[2026/05/20 17:18:00.188724,  5, pid=4018094, effective(0, 0), real(0, 0), class=passdb] source3/passdb/pdb_interface.c:1439(pdb_default_uid_to_sid)
  pdb_default_uid_to_sid: Did not find user ubuntu (1000)
[2026/05/20 17:18:00.188755,  4, pid=4018094, effective(65534, 65534), real(65534, 0)] source3/smbd/sec_ctx.c:443(pop_sec_ctx)
  pop_sec_ctx (65534, 65534) - sec_ctx_stack_ndx = 0
[2026/05/20 17:18:00.188777, 10, pid=4018094, effective(65534, 65534), real(65534, 0)] source3/passdb/lookup_sid.c:1256(xid_to_sid)
  xid_to_sid: UID 1000 -> S-1-22-1-1000 fallback
[2026/05/20 17:18:00.188824,  4, pid=4018094, effective(65534, 65534), real(65534, 0)] source3/smbd/sec_ctx.c:206(push_sec_ctx)
  push_sec_ctx(65534, 65534) : sec_ctx_stack_ndx = 1
[2026/05/20 17:18:00.188845,  4, pid=4018094, effective(65534, 65534), real(65534, 0)] source3/smbd/uid.c:566(push_conn_ctx)
  push_conn_ctx(10914) : conn_ctx_stack_ndx = 0
[2026/05/20 17:18:00.188862,  4, pid=4018094, effective(65534, 65534), real(65534, 0)] source3/smbd/sec_ctx.c:317(set_sec_ctx_internal)
  setting sec ctx (0, 0) - sec_ctx_stack_ndx = 1
[2026/05/20 17:18:00.188903,  5, pid=4018094, effective(65534, 65534), real(65534, 0)] libcli/security/security_token.c:49(security_token_debug)
  Security token: (NULL)
[2026/05/20 17:18:00.188921,  5, pid=4018094, effective(65534, 65534), real(65534, 0)] source3/auth/token_util.c:873(debug_unix_user_token)
  UNIX token of user 0
  Primary group is 0 and contains 0 supplementary groups
[2026/05/20 17:18:00.188979,  4, pid=4018094, effective(65534, 65534), real(65534, 0)] source3/smbd/sec_ctx.c:443(pop_sec_ctx)
  pop_sec_ctx (65534, 65534) - sec_ctx_stack_ndx = 0
[2026/05/20 17:18:00.188999, 10, pid=4018094, effective(65534, 65534), real(65534, 0)] source3/passdb/lookup_sid.c:1256(xid_to_sid)
  xid_to_sid: GID 1000 -> S-1-22-2-1000 fallback
[2026/05/20 17:18:00.189020, 10, pid=4018094, effective(65534, 65534), real(65534, 0), class=acls] source3/smbd/posix_acls.c:2692(canonicalise_acl)
  canonicalise_acl: Access ace entries before arrange :
[2026/05/20 17:18:00.189037, 10, pid=4018094, effective(65534, 65534), real(65534, 0), class=acls] source3/smbd/posix_acls.c:2705(canonicalise_acl)
  canon_ace index 0. Type = allow SID = S-1-1-0 other SMB_ACL_OTHER ace_flags = 0x0 perms r--
[2026/05/20 17:18:00.189059, 10, pid=4018094, effective(65534, 65534), real(65534, 0), class=acls] source3/smbd/posix_acls.c:2705(canonicalise_acl)
  canon_ace index 1. Type = allow SID = S-1-22-2-1000 gid 1000 SMB_ACL_GROUP_OBJ ace_flags = 0x0 perms rw-
[2026/05/20 17:18:00.189079, 10, pid=4018094, effective(65534, 65534), real(65534, 0), class=acls] source3/smbd/posix_acls.c:2705(canonicalise_acl)
  canon_ace index 2. Type = allow SID = S-1-22-1-1000 uid 1000 SMB_ACL_USER_OBJ ace_flags = 0x0 perms rw-
[2026/05/20 17:18:00.189106, 10, pid=4018094, effective(65534, 65534), real(65534, 0), class=acls] source3/smbd/posix_acls.c:766(print_canon_ace_list)
  print_canon_ace_list: canonicalise_acl: ace entries after arrange
  canon_ace index 0. Type = allow SID = S-1-22-1-1000 uid 1000 SMB_ACL_USER_OBJ ace_flags = 0x0 perms rw-
  canon_ace index 1. Type = allow SID = S-1-22-2-1000 gid 1000 SMB_ACL_GROUP_OBJ ace_flags = 0x0 perms rw-
  canon_ace index 2. Type = allow SID = S-1-1-0 other SMB_ACL_OTHER ace_flags = 0x0 perms r--
[2026/05/20 17:18:00.189147, 10, pid=4018094, effective(65534, 65534), real(65534, 0), class=acls] source3/smbd/posix_acls.c:1029(map_canon_ace_perms)
  map_canon_ace_perms: Mapped (UNIX) 180 to (NT) 12019f
[2026/05/20 17:18:00.189165, 10, pid=4018094, effective(65534, 65534), real(65534, 0), class=acls] source3/smbd/posix_acls.c:1029(map_canon_ace_perms)
  map_canon_ace_perms: Mapped (UNIX) 180 to (NT) 12019f
[2026/05/20 17:18:00.189182, 10, pid=4018094, effective(65534, 65534), real(65534, 0), class=acls] source3/smbd/posix_acls.c:1029(map_canon_ace_perms)
  map_canon_ace_perms: Mapped (UNIX) 100 to (NT) 120089
[2026/05/20 17:18:00.189206, 10, pid=4018094, effective(65534, 65534), real(65534, 0)] source3/smbd/open.c:180(smbd_check_access_rights_sd)
  smbd_check_access_rights_sd: File [debian-13.3.0-amd64-netinst.iso] requesting [0x89] returning [0x9] (NT_STATUS_OK)
[2026/05/20 17:18:00.189247,  2, pid=4018094, effective(65534, 65534), real(65534, 0)] source3/smbd/open.c:1649(open_file)
  nobody opened file debian-13.3.0-amd64-netinst.iso read=Yes write=No (numopen=3)
[2026/05/20 17:18:00.189275,  5, pid=4018094, effective(65534, 65534), real(65534, 0)] lib/dbwrap/dbwrap.c:172(dbwrap_lock_order_lock)
  dbwrap_lock_order_lock: check lock order 1 for /run/samba/locking.tdb
[2026/05/20 17:18:00.189293, 10, pid=4018094, effective(65534, 65534), real(65534, 0)] lib/dbwrap/dbwrap.c:157(debug_lock_order)
  lock order:  1:/run/samba/locking.tdb 2:<none> 3:<none> 4:<none>
[2026/05/20 17:18:00.189315, 10, pid=4018094, effective(65534, 65534), real(65534, 0), class=locking] source3/locking/share_mode_lock.c:990(get_share_mode_lock_internal)
  get_share_mode_lock_internal: Returning 64512:16908295:0 (data_cached=1 key_refcount=1)
[2026/05/20 17:18:00.189347, 10, pid=4018094, effective(65534, 65534), real(65534, 0), class=locking] source3/locking/locking.c:1007(find_delete_on_close_token)
  find_delete_on_close_token: name_hash = 0x620a2ea9
[2026/05/20 17:18:00.189366, 10, pid=4018094, effective(65534, 65534), real(65534, 0)] source3/smbd/open.c:1712(share_conflict)
  share_conflict: existing access_mask = 0x0, existing share access = 0x7, access_mask = 0x89, share_access = 0x7
[2026/05/20 17:18:00.189384, 10, pid=4018094, effective(65534, 65534), real(65534, 0)] source3/smbd/open.c:1722(share_conflict)
  share_conflict: No conflict due to existing access_mask = 0x0
[2026/05/20 17:18:00.189401, 10, pid=4018094, effective(65534, 65534), real(65534, 0)] source3/smbd/open.c:1988(open_mode_check)
  open_mode_check: No conflict due to share_mode_flags access
[2026/05/20 17:18:00.189421, 10, pid=4018094, effective(65534, 65534), real(65534, 0), class=locking] source3/locking/share_mode_lock.c:2258(share_mode_forall_entries)
  share_mode_forall_entries: num_share_modes=0
[2026/05/20 17:18:00.189440, 10, pid=4018094, effective(65534, 65534), real(65534, 0), class=locking] source3/locking/share_mode_lock.c:2277(share_mode_forall_entries)
  share_mode_forall_entries: num_share_entries=0, writeback=0
[2026/05/20 17:18:00.189459, 10, pid=4018094, effective(65534, 65534), real(65534, 0), class=locking] source3/locking/brlock.c:1868(brl_get_locks_readonly)
  seqnum=0, fsp->brlock_seqnum=0
[2026/05/20 17:18:00.189480, 10, pid=4018094, effective(65534, 65534), real(65534, 0)] source3/smbd/open.c:2811(delay_for_oplock)
  delay_for_oplock: oplock type 0x0 granted (RW)(0x5), on file debian-13.3.0-amd64-netinst.iso, requested 0x1 (RW)(0x5) => total (RW)(0x5)
[2026/05/20 17:18:00.189510, 10, pid=4018094, effective(65534, 65534), real(65534, 0), class=locking] source3/locking/share_mode_lock.c:1999(set_share_mode)
  set_share_mode: num_share_modes=0
[2026/05/20 17:18:00.189529, 10, pid=4018094, effective(65534, 65534), real(65534, 0), class=locking] source3/locking/share_mode_lock.c:349(share_mode_entry_put)
  share_mode_entry_put: share_mode_entry:
[2026/05/20 17:18:00.189548,  1, pid=4018094, effective(65534, 65534), real(65534, 0), class=rpc_parse] source3/locking/share_mode_lock.c:350(share_mode_entry_put)
       discard_const_p(void, e): struct share_mode_entry
          pid: struct server_id
              pid                      : 0x00000000003d4fae (4018094)
              task_id                  : 0x00000000 (0)
              vnn                      : 0xffffffff (4294967295)
              unique_id                : 0xec85a3fb311857e1 (-1403535409600243743)
          op_mid                   : 0x000000000000008e (142)
          op_type                  : SHARE_MODE_ENTRY_OP_TYPE_EXCLUSIVE (1)
          client_guid              : 00000000-0000-0000-0000-000000000000
          lease_key: struct smb2_lease_key
              data: ARRAY(2)
                  data                     : 0x0000000000000000 (0)
                  data                     : 0x0000000000000000 (0)
          access_mask              : 0x00000089 (137)
          share_access             : 0x00000007 (7)
          private_options          : 0x00000000 (0)
          time                     : Wed May 20 05:18:00 PM 2026 JST.186976
          share_file_id            : 0x00000000000000da (218)
          uid                      : 0x0000fffe (65534)
          flags                    : 0x0001 (1)
          name_hash                : 0x620a2ea9 (1644834473)
          stale                    : 0x00 (0)
[2026/05/20 17:18:00.189699, 10, pid=4018094, effective(65534, 65534), real(65534, 0), class=locking] source3/locking/share_mode_lock.c:2043(set_share_mode)
  set_share_mode: idx=0, found=0
[2026/05/20 17:18:00.189717, 10, pid=4018094, effective(65534, 65534), real(65534, 0), class=locking] source3/locking/share_mode_lock.c:2071(set_share_mode)
  set_share_mode: dbufs[0]=(0x7ffc78fcd220, 132)
[2026/05/20 17:18:00.189736, 10, pid=4018094, effective(65534, 65534), real(65534, 0), class=locking] source3/locking/share_mode_lock.c:626(share_mode_data_ltdb_store)
  share_mode_data_ltdb_store: 
[2026/05/20 17:18:00.189753,  1, pid=4018094, effective(65534, 65534), real(65534, 0), class=rpc_parse] source3/locking/share_mode_lock.c:627(share_mode_data_ltdb_store)
       d: struct share_mode_data
          unique_content_epoch     : 0x6e864e78aa2945a4 (7964139271209174436)
          flags                    : 0x01cb (459)
                 1: SHARE_MODE_SHARE_DELETE  
                 1: SHARE_MODE_SHARE_WRITE   
                 1: SHARE_MODE_SHARE_READ    
                 0: SHARE_MODE_ACCESS_DELETE 
                 0: SHARE_MODE_ACCESS_WRITE  
                 1: SHARE_MODE_ACCESS_READ   
                 0: SHARE_MODE_LEASE_HANDLE  
                 1: SHARE_MODE_LEASE_WRITE   
                 1: SHARE_MODE_LEASE_READ    
          servicepath              : *
              servicepath              : '/var/samba/public'
          base_name                : *
              base_name                : 'debian-13.3.0-amd64-netinst.iso'
          stream_name              : NULL
          num_delete_tokens        : 0x00000000 (0)
          delete_tokens: ARRAY(0)
          old_write_time           : Sun Feb 22 02:05:45 AM 2026 JST
          changed_write_time       : NTTIME(0)
          not_stored               : 0x01 (1)
          modified                 : 0x01 (1)
          id: struct file_id
              devid                    : 0x000000000000fc00 (64512)
              inode                    : 0x0000000001020007 (16908295)
              extid                    : 0x0000000000000000 (0)
[2026/05/20 17:18:00.189941, 10, pid=4018094, effective(65534, 65534), real(65534, 0), class=locking] source3/locking/share_mode_lock.c:676(share_mode_data_store)
  share_mode_data_store: not modified
[2026/05/20 17:18:00.189966, 10, pid=4018094, effective(65534, 65534), real(65534, 0), class=locking] source3/locking/share_mode_lock.c:207(share_mode_memcache_store)
  share_mode_memcache_store: stored entry for file debian-13.3.0-amd64-netinst.iso epoch 6e864e78aa2945a4 key 64512:16908295:0
[2026/05/20 17:18:00.189988,  5, pid=4018094, effective(65534, 65534), real(65534, 0)] lib/dbwrap/dbwrap.c:204(dbwrap_lock_order_unlock)
  dbwrap_lock_order_unlock: release lock order 1 for /run/samba/locking.tdb
[2026/05/20 17:18:00.190006, 10, pid=4018094, effective(65534, 65534), real(65534, 0)] source3/lib/dbwrap/dbwrap_watch.c:507(dbwrap_watched_record_prepare_wakeup)
  dbwrap_watched_record_prepare_wakeup: No watchers
[2026/05/20 17:18:00.190029, 10, pid=4018094, effective(65534, 65534), real(65534, 0)] source3/lib/dbwrap/dbwrap_watch.c:487(dbwrap_watched_do_locked)
  dbwrap_watched_do_locked: dbwrap_watched_do_locked_fn returned
[2026/05/20 17:18:00.190047, 10, pid=4018094, effective(65534, 65534), real(65534, 0)] source3/lib/dbwrap/dbwrap_watch.c:550(dbwrap_watched_trigger_wakeup)
  dbwrap_watched_trigger_wakeup: No one to wakeup
[2026/05/20 17:18:00.190065, 10, pid=4018094, effective(65534, 65534), real(65534, 0)] source3/lib/g_lock.c:1275(g_lock_lock)
  g_lock_lock: status=NT_STATUS_OK, state.status=NT_STATUS_WAS_UNLOCKED
[2026/05/20 17:18:00.190085,  5, pid=4018094, effective(65534, 65534), real(65534, 0), class=locking] source3/smbd/smb2_oplock.c:86(set_file_oplock)
  set_file_oplock: granted oplock on file debian-13.3.0-amd64-netinst.iso, 64512:16908295:0/218, tv_sec = 6a0d6e38, tv_usec = 2da60
[2026/05/20 17:18:00.190108, 10, pid=4018094, effective(65534, 65534), real(65534, 0)] source3/smbd/open.c:6446(create_file_unixpath)
  create_file_unixpath: info=1
[2026/05/20 17:18:00.190132,  5, pid=4018094, effective(65534, 65534), real(65534, 0)] source3/smbd/files.c:1985(file_free)
  file_free: freed files structure 0 (2 used)
[2026/05/20 17:18:00.190151, 10, pid=4018094, effective(65534, 65534), real(65534, 0)] source3/smbd/open.c:6642(create_file_default)
  create_file: info=1
[2026/05/20 17:18:00.190170, 10, pid=4018094, effective(65534, 65534), real(65534, 0)] source3/smbd/smb2_trans2.c:2779(store_file_unix_basic)
  store_file_unix_basic: SMB_QUERY_FILE_UNIX_BASIC
[2026/05/20 17:18:00.190188,  4, pid=4018094, effective(65534, 65534), real(65534, 0)] source3/smbd/smb2_trans2.c:2780(store_file_unix_basic)
  store_file_unix_basic: st_mode=100664
[2026/05/20 17:18:00.190210,  9, pid=4018094, effective(65534, 65534), real(65534, 0)] source3/smbd/smb1_trans2.c:230(send_trans2_replies)
  t2_rep: params_sent_thistime = 2, data_sent_thistime = 112, useable_space = 16406
[2026/05/20 17:18:00.190228,  9, pid=4018094, effective(65534, 65534), real(65534, 0)] source3/smbd/smb1_trans2.c:232(send_trans2_replies)
  t2_rep: params_to_send = 2, data_to_send = 112, paramsize = 2, datasize = 112
[2026/05/20 17:18:00.190258,  5, pid=4018094, effective(65534, 65534), real(65534, 0)] source3/lib/util.c:150(show_msg)
  size=172
  smb_com=0x32
  smb_rcls=0
  smb_reh=0
  smb_err=0
  smb_flg=128
  smb_flg2=51203
  smb_tid=47115
  smb_pid=1778
  smb_uid=10914
  smb_mid=142
  smt_wct=10
  smb_vwv[ 0]=    2 (0x2)
  smb_vwv[ 1]=  112 (0x70)
  smb_vwv[ 2]=    0 (0x0)
  smb_vwv[ 3]=    2 (0x2)
  smb_vwv[ 4]=   56 (0x38)
  smb_vwv[ 5]=    0 (0x0)
  smb_vwv[ 6]=  112 (0x70)
  smb_vwv[ 7]=   60 (0x3C)
  smb_vwv[ 8]=    0 (0x0)
  smb_vwv[ 9]=    0 (0x0)
  smb_bcc=117
[2026/05/20 17:18:00.190366, 10, pid=4018094, effective(65534, 65534), real(65534, 0)] lib/util/util.c:578(dump_data)
  [0000] 00 00 00 00 00 01 00 D8   AD 01 00 00 00 00 02 00   ........ ........
  [0010] 00 00 00 20 2F 00 00 00   00 00 10 20 2F 00 00 00   ... /... ... /...
  [0020] 00 BB AC 26 51 54 A3 DC   01 8A 31 A8 A3 2C E8 DC   ...&QT.. ..1..,..
  [0030] 01 BB AC 26 51 54 A3 DC   01 E8 03 00 00 00 00 00   ...&QT.. ........
  [0040] 00 E8 03 00 00 00 00 00   00 00 00 00 00 FC 00 00   ........ ........
  [0050] 00 00 00 00 00 00 00 00   00 00 00 00 00 07 00 02   ........ ........
  [0060] 01 00 00 00 00 B4 01 00   00 00 00 00 00 01 00 00   ........ ........
  [0070] 00 00 00 00 00                                      .....
[2026/05/20 17:18:00.190591,  5, pid=4018094, effective(65534, 65534), real(65534, 0)] source3/smbd/files.c:1985(file_free)
  file_free: freed files structure 0 (1 used)
[2026/05/20 17:18:00.498981, 10, pid=4018094, effective(65534, 65534), real(65534, 0)] source3/lib/util_sock.c:180(read_smb_length_return_keepalive)
  got smb length of 41
[2026/05/20 17:18:00.499116,  6, pid=4018094, effective(65534, 65534), real(65534, 0)] source3/smbd/smb2_process.c:574(process_smb)
  got message type 0x0 of len 0x29
[2026/05/20 17:18:00.499174,  3, pid=4018094, effective(65534, 65534), real(65534, 0)] source3/smbd/smb2_process.c:576(process_smb)
  Transaction 142 of length 45 (0 toread)
[2026/05/20 17:18:00.499270,  5, pid=4018094, effective(65534, 65534), real(65534, 0)] source3/lib/util.c:150(show_msg)
  size=41
  smb_com=0x4
  smb_rcls=0
  smb_reh=0
  smb_err=0
  smb_flg=0
  smb_flg2=49153
  smb_tid=47115
  smb_pid=1778
  smb_uid=10914
  smb_mid=143
  smt_wct=3
  smb_vwv[ 0]=44504 (0xADD8)
  smb_vwv[ 1]=65535 (0xFFFF)
  smb_vwv[ 2]=65535 (0xFFFF)
  smb_bcc=0
[2026/05/20 17:18:00.499397,  3, pid=4018094, effective(65534, 65534), real(65534, 0)] source3/smbd/smb1_process.c:1112(switch_message)
  switch message SMBclose (pid 4018094) conn 0x6087dc17b920
[2026/05/20 17:18:00.499421,  5, pid=4018094, effective(65534, 65534), real(65534, 0)] source3/smbd/uid.c:327(change_to_user_impersonate)
  change_to_user_impersonate: Skipping user change - already user
[2026/05/20 17:18:00.499441,  4, pid=4018094, effective(65534, 65534), real(65534, 0), class=vfs] source3/smbd/vfs.c:937(vfs_ChDir)
  vfs_ChDir to /var/samba/public
[2026/05/20 17:18:00.499482,  5, pid=4018094, effective(65534, 65534), real(65534, 0), class=vfs] source3/smbd/vfs.c:999(vfs_ChDir)
  vfs_ChDir: vfs_ChDir got /var/samba/public
[2026/05/20 17:18:00.499509,  5, pid=4018094, effective(65534, 65534), real(65534, 0)] source3/smbd/uid.c:294(print_impersonation_info)
  print_impersonation_info: Impersonated user: uid=(65534,65534), gid=(0,65534), cwd=[/var/samba/public]
[2026/05/20 17:18:00.499536,  3, pid=4018094, effective(65534, 65534), real(65534, 0)] source3/smbd/smb1_reply.c:5097(reply_close)
  reply_close: Close file fd=30 fnum 44504 (numopen=1)
[2026/05/20 17:18:00.499556,  6, pid=4018094, effective(65534, 65534), real(65534, 0)] source3/smbd/close.c:656(set_close_write_time)
  close_write_time: Thu Jan  1 09:00:01 1970
[2026/05/20 17:18:00.499593,  5, pid=4018094, effective(65534, 65534), real(65534, 0)] lib/dbwrap/dbwrap.c:172(dbwrap_lock_order_lock)
  dbwrap_lock_order_lock: check lock order 1 for /run/samba/locking.tdb
[2026/05/20 17:18:00.499612, 10, pid=4018094, effective(65534, 65534), real(65534, 0)] lib/dbwrap/dbwrap.c:157(debug_lock_order)
  lock order:  1:/run/samba/locking.tdb 2:<none> 3:<none> 4:<none>
[2026/05/20 17:18:00.499638, 10, pid=4018094, effective(65534, 65534), real(65534, 0), class=locking] source3/locking/share_mode_lock.c:322(share_mode_memcache_fetch)
  share_mode_memcache_fetch: fetched entry for file debian-13.3.0-amd64-netinst.iso epoch 6e864e78aa2945a4 key 64512:16908295:0
[2026/05/20 17:18:00.499659, 10, pid=4018094, effective(65534, 65534), real(65534, 0), class=locking] source3/locking/share_mode_lock.c:990(get_share_mode_lock_internal)
  get_share_mode_lock_internal: Returning 64512:16908295:0 (data_cached=1 key_refcount=1)
[2026/05/20 17:18:00.499681, 10, pid=4018094, effective(65534, 65534), real(65534, 0), class=locking] source3/locking/share_mode_lock.c:2388(share_mode_entry_do)
  share_mode_entry_do: num_share_modes=1
[2026/05/20 17:18:00.499699, 10, pid=4018094, effective(65534, 65534), real(65534, 0), class=locking] source3/locking/share_mode_lock.c:1941(share_mode_entry_find)
  share_mode_entry_find: left=0, right=0, middle=0, middle_ptr=0x6087dc181b38
[2026/05/20 17:18:00.499724, 10, pid=4018094, effective(65534, 65534), real(65534, 0), class=locking] source3/locking/share_mode_lock.c:2404(share_mode_entry_do)
  share_mode_entry_do: entry[0]:
[2026/05/20 17:18:00.499756,  1, pid=4018094, effective(65534, 65534), real(65534, 0), class=rpc_parse] source3/locking/share_mode_lock.c:2405(share_mode_entry_do)
       &e: struct share_mode_entry
          pid: struct server_id
              pid                      : 0x00000000003d4fae (4018094)
              task_id                  : 0x00000000 (0)
              vnn                      : 0xffffffff (4294967295)
              unique_id                : 0xec85a3fb311857e1 (-1403535409600243743)
          op_mid                   : 0x000000000000008e (142)
          op_type                  : SHARE_MODE_ENTRY_OP_TYPE_EXCLUSIVE (1)
          client_guid              : 00000000-0000-0000-0000-000000000000
          lease_key: struct smb2_lease_key
              data: ARRAY(2)
                  data                     : 0x0000000000000000 (0)
                  data                     : 0x0000000000000000 (0)
          access_mask              : 0x00000089 (137)
          share_access             : 0x00000007 (7)
          private_options          : 0x00000000 (0)
          time                     : Wed May 20 05:18:00 PM 2026 JST.186976
          share_file_id            : 0x00000000000000da (218)
          uid                      : 0x0000fffe (65534)
          flags                    : 0x0001 (1)
          name_hash                : 0x620a2ea9 (1644834473)
          stale                    : 0x00 (0)
[2026/05/20 17:18:00.499938, 10, pid=4018094, effective(65534, 65534), real(65534, 0), class=locking] source3/locking/share_mode_lock.c:2410(share_mode_entry_do)
  share_mode_entry_do: entry[0]: modified=1, e.stale=0
[2026/05/20 17:18:00.499957, 10, pid=4018094, effective(65534, 65534), real(65534, 0), class=locking] source3/locking/share_mode_lock.c:349(share_mode_entry_put)
  share_mode_entry_put: share_mode_entry:
[2026/05/20 17:18:00.499975,  1, pid=4018094, effective(65534, 65534), real(65534, 0), class=rpc_parse] source3/locking/share_mode_lock.c:350(share_mode_entry_put)
       discard_const_p(void, e): struct share_mode_entry
          pid: struct server_id
              pid                      : 0x00000000003d4fae (4018094)
              task_id                  : 0x00000000 (0)
              vnn                      : 0xffffffff (4294967295)
              unique_id                : 0xec85a3fb311857e1 (-1403535409600243743)
          op_mid                   : 0x000000000000008e (142)
          op_type                  : SHARE_MODE_ENTRY_OP_TYPE_NONE (0)
          client_guid              : 00000000-0000-0000-0000-000000000000
          lease_key: struct smb2_lease_key
              data: ARRAY(2)
                  data                     : 0x0000000000000000 (0)
                  data                     : 0x0000000000000000 (0)
          access_mask              : 0x00000089 (137)
          share_access             : 0x00000007 (7)
          private_options          : 0x00000000 (0)
          time                     : Wed May 20 05:18:00 PM 2026 JST.186976
          share_file_id            : 0x00000000000000da (218)
          uid                      : 0x0000fffe (65534)
          flags                    : 0x0001 (1)
          name_hash                : 0x620a2ea9 (1644834473)
          stale                    : 0x00 (0)
[2026/05/20 17:18:00.500117, 10, pid=4018094, effective(65534, 65534), real(65534, 0), class=locking] source3/locking/share_mode_lock.c:619(share_mode_data_ltdb_store)
  share_mode_data_ltdb_store: share_mode_data not modified
[2026/05/20 17:18:00.500137, 10, pid=4018094, effective(65534, 65534), real(65534, 0), class=locking] source3/locking/share_mode_lock.c:990(get_share_mode_lock_internal)
  get_share_mode_lock_internal: Returning 64512:16908295:0 (data_cached=1 key_refcount=2)
[2026/05/20 17:18:00.500158, 10, pid=4018094, effective(65534, 65534), real(65534, 0), class=locking] source3/locking/locking.c:1007(find_delete_on_close_token)
  find_delete_on_close_token: name_hash = 0x620a2ea9
[2026/05/20 17:18:00.500184, 10, pid=4018094, effective(65534, 65534), real(65534, 0), class=locking] source3/locking/share_mode_lock.c:2388(share_mode_entry_do)
  share_mode_entry_do: num_share_modes=1
[2026/05/20 17:18:00.500202, 10, pid=4018094, effective(65534, 65534), real(65534, 0), class=locking] source3/locking/share_mode_lock.c:1941(share_mode_entry_find)
  share_mode_entry_find: left=0, right=0, middle=0, middle_ptr=0x6087dc181eb8
[2026/05/20 17:18:00.500222, 10, pid=4018094, effective(65534, 65534), real(65534, 0), class=locking] source3/locking/share_mode_lock.c:2404(share_mode_entry_do)
  share_mode_entry_do: entry[0]:
[2026/05/20 17:18:00.500239,  1, pid=4018094, effective(65534, 65534), real(65534, 0), class=rpc_parse] source3/locking/share_mode_lock.c:2405(share_mode_entry_do)
       &e: struct share_mode_entry
          pid: struct server_id
              pid                      : 0x00000000003d4fae (4018094)
              task_id                  : 0x00000000 (0)
              vnn                      : 0xffffffff (4294967295)
              unique_id                : 0xec85a3fb311857e1 (-1403535409600243743)
          op_mid                   : 0x000000000000008e (142)
          op_type                  : SHARE_MODE_ENTRY_OP_TYPE_NONE (0)
          client_guid              : 00000000-0000-0000-0000-000000000000
          lease_key: struct smb2_lease_key
              data: ARRAY(2)
                  data                     : 0x0000000000000000 (0)
                  data                     : 0x0000000000000000 (0)
          access_mask              : 0x00000089 (137)
          share_access             : 0x00000007 (7)
          private_options          : 0x00000000 (0)
          time                     : Wed May 20 05:18:00 PM 2026 JST.186976
          share_file_id            : 0x00000000000000da (218)
          uid                      : 0x0000fffe (65534)
          flags                    : 0x0001 (1)
          name_hash                : 0x620a2ea9 (1644834473)
          stale                    : 0x00 (0)
[2026/05/20 17:18:00.500387, 10, pid=4018094, effective(65534, 65534), real(65534, 0), class=locking] source3/locking/share_mode_lock.c:2410(share_mode_entry_do)
  share_mode_entry_do: entry[0]: modified=0, e.stale=1
[2026/05/20 17:18:00.500404, 10, pid=4018094, effective(65534, 65534), real(65534, 0), class=locking] source3/locking/share_mode_lock.c:2444(share_mode_entry_do)
  share_mode_entry_do: share_mode_entry:
[2026/05/20 17:18:00.500421,  1, pid=4018094, effective(65534, 65534), real(65534, 0), class=rpc_parse] source3/locking/share_mode_lock.c:2445(share_mode_entry_do)
       &e: struct share_mode_entry
          pid: struct server_id
              pid                      : 0x00000000003d4fae (4018094)
              task_id                  : 0x00000000 (0)
              vnn                      : 0xffffffff (4294967295)
              unique_id                : 0xec85a3fb311857e1 (-1403535409600243743)
          op_mid                   : 0x000000000000008e (142)
          op_type                  : SHARE_MODE_ENTRY_OP_TYPE_NONE (0)
          client_guid              : 00000000-0000-0000-0000-000000000000
          lease_key: struct smb2_lease_key
              data: ARRAY(2)
                  data                     : 0x0000000000000000 (0)
                  data                     : 0x0000000000000000 (0)
          access_mask              : 0x00000089 (137)
          share_access             : 0x00000007 (7)
          private_options          : 0x00000000 (0)
          time                     : Wed May 20 05:18:00 PM 2026 JST.186976
          share_file_id            : 0x00000000000000da (218)
          uid                      : 0x0000fffe (65534)
          flags                    : 0x0001 (1)
          name_hash                : 0x620a2ea9 (1644834473)
          stale                    : 0x01 (1)
[2026/05/20 17:18:00.500559, 10, pid=4018094, effective(65534, 65534), real(65534, 0), class=locking] source3/locking/share_mode_lock.c:626(share_mode_data_ltdb_store)
  share_mode_data_ltdb_store: 
[2026/05/20 17:18:00.500581,  1, pid=4018094, effective(65534, 65534), real(65534, 0), class=rpc_parse] source3/locking/share_mode_lock.c:627(share_mode_data_ltdb_store)
       d: struct share_mode_data
          unique_content_epoch     : 0x6e864e78aa2945a7 (7964139271209174439)
          flags                    : 0x01cb (459)
                 1: SHARE_MODE_SHARE_DELETE  
                 1: SHARE_MODE_SHARE_WRITE   
                 1: SHARE_MODE_SHARE_READ    
                 0: SHARE_MODE_ACCESS_DELETE 
                 0: SHARE_MODE_ACCESS_WRITE  
                 1: SHARE_MODE_ACCESS_READ   
                 0: SHARE_MODE_LEASE_HANDLE  
                 1: SHARE_MODE_LEASE_WRITE   
                 1: SHARE_MODE_LEASE_READ    
          servicepath              : *
              servicepath              : '/var/samba/public'
          base_name                : *
              base_name                : 'debian-13.3.0-amd64-netinst.iso'
          stream_name              : NULL
          num_delete_tokens        : 0x00000000 (0)
          delete_tokens: ARRAY(0)
          old_write_time           : Sun Feb 22 02:05:45 AM 2026 JST
          changed_write_time       : NTTIME(0)
          not_stored               : 0x00 (0)
          modified                 : 0x01 (1)
          id: struct file_id
              devid                    : 0x000000000000fc00 (64512)
              inode                    : 0x0000000001020007 (16908295)
              extid                    : 0x0000000000000000 (0)
[2026/05/20 17:18:00.500746, 10, pid=4018094, effective(65534, 65534), real(65534, 0), class=locking] source3/locking/share_mode_lock.c:676(share_mode_data_store)
  share_mode_data_store: not modified
[2026/05/20 17:18:00.500765,  5, pid=4018094, effective(65534, 65534), real(65534, 0)] lib/dbwrap/dbwrap.c:204(dbwrap_lock_order_unlock)
  dbwrap_lock_order_unlock: release lock order 1 for /run/samba/locking.tdb
[2026/05/20 17:18:00.500783, 10, pid=4018094, effective(65534, 65534), real(65534, 0)] source3/lib/dbwrap/dbwrap_watch.c:507(dbwrap_watched_record_prepare_wakeup)
  dbwrap_watched_record_prepare_wakeup: No watchers
[2026/05/20 17:18:00.500805, 10, pid=4018094, effective(65534, 65534), real(65534, 0)] source3/lib/dbwrap/dbwrap_watch.c:487(dbwrap_watched_do_locked)
  dbwrap_watched_do_locked: dbwrap_watched_do_locked_fn returned
[2026/05/20 17:18:00.500823, 10, pid=4018094, effective(65534, 65534), real(65534, 0)] source3/lib/dbwrap/dbwrap_watch.c:550(dbwrap_watched_trigger_wakeup)
  dbwrap_watched_trigger_wakeup: No one to wakeup
[2026/05/20 17:18:00.500840, 10, pid=4018094, effective(65534, 65534), real(65534, 0)] source3/lib/g_lock.c:1275(g_lock_lock)
  g_lock_lock: status=NT_STATUS_OK, state.status=NT_STATUS_WAS_UNLOCKED
[2026/05/20 17:18:00.500884,  2, pid=4018094, effective(65534, 65534), real(65534, 0)] source3/smbd/close.c:934(close_normal_file)
  nobody closed file debian-13.3.0-amd64-netinst.iso (numopen=0) NT_STATUS_OK
[2026/05/20 17:18:00.500908,  5, pid=4018094, effective(65534, 65534), real(65534, 0)] lib/dbwrap/dbwrap.c:172(dbwrap_lock_order_lock)
  dbwrap_lock_order_lock: check lock order 1 for /run/samba/smbXsrv_open_global.tdb
[2026/05/20 17:18:00.500926, 10, pid=4018094, effective(65534, 65534), real(65534, 0)] lib/dbwrap/dbwrap.c:157(debug_lock_order)
  lock order:  1:/run/samba/smbXsrv_open_global.tdb 2:<none> 3:<none> 4:<none>
[2026/05/20 17:18:00.500950,  5, pid=4018094, effective(65534, 65534), real(65534, 0)] lib/dbwrap/dbwrap.c:204(dbwrap_lock_order_unlock)
  dbwrap_lock_order_unlock: release lock order 1 for /run/samba/smbXsrv_open_global.tdb
[2026/05/20 17:18:00.500971,  5, pid=4018094, effective(65534, 65534), real(65534, 0)] source3/smbd/files.c:1985(file_free)
  file_free: freed files structure 44504 (0 used)
[2026/05/20 17:18:00.501004,  5, pid=4018094, effective(65534, 65534), real(65534, 0)] source3/lib/util.c:150(show_msg)
  size=35
  smb_com=0x4
  smb_rcls=0
  smb_reh=0
  smb_err=0
  smb_flg=128
  smb_flg2=51203
  smb_tid=47115
  smb_pid=1778
  smb_uid=10914
  smb_mid=143
  smt_wct=0
  smb_bcc=0
[2026/05/20 17:18:30.404090, 10, pid=4018094, effective(65534, 65534), real(65534, 0)] source3/lib/util_event.c:42(smbd_idle_event_handler)
  smbd_idle_event_handler: idle_evt(deadtime) (nil) called
[2026/05/20 17:18:30.404180, 10, pid=4018094, effective(65534, 65534), real(65534, 0)] source3/lib/util_event.c:53(smbd_idle_event_handler)
  smbd_idle_event_handler: idle_evt(deadtime) (nil) rescheduled
[2026/05/20 17:18:30.404214, 10, pid=4018094, effective(65534, 65534), real(65534, 0)] source3/lib/util_event.c:42(smbd_idle_event_handler)
  smbd_idle_event_handler: idle_evt(housekeeping) (nil) called
[2026/05/20 17:18:30.404234,  5, pid=4018094, effective(65534, 65534), real(65534, 0)] source3/smbd/smb2_process.c:1582(housekeeping_fn)
  housekeeping
[2026/05/20 17:18:30.404256,  4, pid=4018094, effective(65534, 65534), real(65534, 0)] source3/smbd/sec_ctx.c:317(set_sec_ctx_internal)
  setting sec ctx (0, 0) - sec_ctx_stack_ndx = 0
[2026/05/20 17:18:30.404277,  5, pid=4018094, effective(65534, 65534), real(65534, 0)] libcli/security/security_token.c:49(security_token_debug)
  Security token: (NULL)
[2026/05/20 17:18:30.404297,  5, pid=4018094, effective(65534, 65534), real(65534, 0)] source3/auth/token_util.c:873(debug_unix_user_token)
  UNIX token of user 0
  Primary group is 0 and contains 0 supplementary groups
[2026/05/20 17:18:30.404360,  5, pid=4018094, effective(0, 0), real(0, 0)] source3/smbd/uid.c:494(smbd_change_to_root_user)
  change_to_root_user: now uid=(0,0) gid=(0,0)
[2026/05/20 17:18:30.404395, 10, pid=4018094, effective(0, 0), real(0, 0)] source3/lib/util_event.c:53(smbd_idle_event_handler)
  smbd_idle_event_handler: idle_evt(housekeeping) (nil) rescheduled
